{
  "feature_set": "74",
  "targets": "hk",
  "n_train": 8000,
  "n_val": 2000,
  "n_train_circ": 1880,
  "n_train_ecc": 6120,
  "val_mse": 0.4822980872595182,
  "per_target": {
    "log10_P": {
      "mse": 0.32610111262330105,
      "r2": 0.7114816593357853,
      "mae_physical": 183.1176823249202
    },
    "log10_K": {
      "mse": 0.05860863622144898,
      "r2": 0.7904328878336755,
      "mae_physical": 46.830286678760075
    },
    "e": {
      "mse": 0.09728022455731655,
      "r2": -0.4322379805367602,
      "mae_physical": 0.20112342312443524
    },
    "cos_omega": {
      "mse": 1.1660011724084165,
      "r2": -1.105235147626166
    },
    "sin_omega": {
      "mse": 0.7634992904871085,
      "r2": -1.3556097266007172
    },
    "omega_angular": {
      "mae_deg": 87.09105031808602
    }
  },
  "subsets": {
    "all": {
      "n": 2000,
      "excluded_n": 0,
      "per_target": {
        "log10_P": {
          "mse": 0.32610111262330105,
          "r2": 0.7114816593357853,
          "mae_physical": 183.1176823249202
        },
        "log10_K": {
          "mse": 0.05860863622144898,
          "r2": 0.7904328878336755,
          "mae_physical": 46.830286678760075
        },
        "e": {
          "mse": 0.09728022455731655,
          "r2": -0.4322379805367602,
          "mae_physical": 0.20112342312443524
        },
        "cos_omega": {
          "mse": 1.1660011724084165,
          "r2": -1.105235147626166
        },
        "sin_omega": {
          "mse": 0.7634992904871085,
          "r2": -1.3556097266007172
        },
        "omega_angular": {
          "mae_deg": 87.09105031808602
        }
      }
    },
    "has_ecc": {
      "n": 2000,
      "excluded_n": 0,
      "per_target": {
        "log10_P": {
          "mse": 0.32610111262330105,
          "r2": 0.7114816593357853,
          "mae_physical": 183.1176823249202
        },
        "log10_K": {
          "mse": 0.05860863622144898,
          "r2": 0.7904328878336755,
          "mae_physical": 46.830286678760075
        },
        "e": {
          "mse": 0.09728022455731655,
          "r2": -0.4322379805367602,
          "mae_physical": 0.20112342312443524
        },
        "cos_omega": {
          "mse": 1.1660011724084165,
          "r2": -1.105235147626166
        },
        "sin_omega": {
          "mse": 0.7634992904871085,
          "r2": -1.3556097266007172
        },
        "omega_angular": {
          "mae_deg": 87.09105031808602
        }
      }
    },
    "e_gt_0": {
      "n": 1521,
      "excluded_n": 479,
      "per_target": {
        "log10_P": {
          "mse": 0.34484962905235717,
          "r2": 0.6960127721255374,
          "mae_physical": 186.60510435728784
        },
        "log10_K": {
          "mse": 0.0643115066527517,
          "r2": 0.7732391189195988,
          "mae_physical": 47.85969115128339
        },
        "e": {
          "mse": 0.1270755274601247,
          "r2": -0.8247054813035319,
          "mae_physical": 0.2516148872342975
        },
        "cos_omega": {
          "mse": 1.0678376478660974,
          "r2": -0.9311700940465482
        },
        "sin_omega": {
          "mse": 0.8628939262798688,
          "r2": -1.0246742202162258
        },
        "omega_angular": {
          "mae_deg": 87.34091728548681
        }
      }
    },
    "e_gt_0.1": {
      "n": 1001,
      "excluded_n": 999,
      "per_target": {
        "log10_P": {
          "mse": 0.37082861411730456,
          "r2": 0.6710706976557858,
          "mae_physical": 184.8072249334746
        },
        "log10_K": {
          "mse": 0.07249550642643411,
          "r2": 0.7571521468568498,
          "mae_physical": 53.21459574851051
        },
        "e": {
          "mse": 0.19210283319010474,
          "r2": -2.132012627570881,
          "mae_physical": 0.36419373459300713
        },
        "cos_omega": {
          "mse": 0.9728398706603927,
          "r2": -0.9742616486504485
        },
        "sin_omega": {
          "mse": 0.9244387476141247,
          "r2": -0.8230735783195315
        },
        "omega_angular": {
          "mae_deg": 86.29581526205851
        }
      }
    },
    "has_t_peri": {
      "n": 2000,
      "excluded_n": 0,
      "per_target": {
        "log10_P": {
          "mse": 0.32610111262330105,
          "r2": 0.7114816593357853,
          "mae_physical": 183.1176823249202
        },
        "log10_K": {
          "mse": 0.05860863622144898,
          "r2": 0.7904328878336755,
          "mae_physical": 46.830286678760075
        },
        "e": {
          "mse": 0.09728022455731655,
          "r2": -0.4322379805367602,
          "mae_physical": 0.20112342312443524
        },
        "cos_omega": {
          "mse": 1.1660011724084165,
          "r2": -1.105235147626166
        },
        "sin_omega": {
          "mse": 0.7634992904871085,
          "r2": -1.3556097266007172
        },
        "omega_angular": {
          "mae_deg": 87.09105031808602
        }
      }
    },
    "e_gt_0.1_has_t_peri": {
      "n": 1001,
      "excluded_n": 999,
      "per_target": {
        "log10_P": {
          "mse": 0.37082861411730456,
          "r2": 0.6710706976557858,
          "mae_physical": 184.8072249334746
        },
        "log10_K": {
          "mse": 0.07249550642643411,
          "r2": 0.7571521468568498,
          "mae_physical": 53.21459574851051
        },
        "e": {
          "mse": 0.19210283319010474,
          "r2": -2.132012627570881,
          "mae_physical": 0.36419373459300713
        },
        "cos_omega": {
          "mse": 0.9728398706603927,
          "r2": -0.9742616486504485
        },
        "sin_omega": {
          "mse": 0.9244387476141247,
          "r2": -0.8230735783195315
        },
        "omega_angular": {
          "mae_deg": 86.29581526205851
        }
      }
    }
  },
  "e_report": {
    "all": {
      "n": 2000,
      "r2": -0.4322379805367602,
      "mae": 0.20112342312443524
    },
    "e_gt_0": {
      "n": 1521,
      "r2": -0.8247054813035319,
      "mae": 0.2516148872342975
    },
    "e_gt_0.1": {
      "n": 1001,
      "r2": -2.132012627570881,
      "mae": 0.36419373459300713
    },
    "correct_route": {
      "n": 1494,
      "r2": -0.8021762865548945,
      "mae": 0.2512072174044316
    },
    "frac_forced_omega0_e_gt_0.1": 0.025974025974025976
  },
  "stratified_omega": {
    "by_e_band": {
      "e_0.1_0.3": {
        "n": 488,
        "omega_mae_deg": 84.13708039998176,
        "cos_r2": -0.9122268825554603,
        "sin_r2": -0.775880278273134
      },
      "e_0.3_0.5": {
        "n": 120,
        "omega_mae_deg": 91.25503237074204,
        "cos_r2": -1.215267455028509,
        "sin_r2": -0.8623675696225019
      },
      "e_gt_0.5": {
        "n": 393,
        "omega_mae_deg": 87.46211694056089,
        "cos_r2": -0.9752633085507554,
        "sin_r2": -0.8833710428957364
      }
    },
    "by_snr_tertile": {
      "low": {
        "n": 334,
        "omega_mae_deg": 86.5220251045976,
        "snr_lo": null,
        "snr_hi": 8.32168211629542
      },
      "mid": {
        "n": 333,
        "omega_mae_deg": 86.48514955062343,
        "snr_lo": 8.32168211629542,
        "snr_hi": 29.51650302749179
      },
      "high": {
        "n": 334,
        "omega_mae_deg": 85.88083800008197,
        "snr_lo": 29.51650302749179,
        "snr_hi": null
      }
    }
  },