id,T,dt,theta_0,eps,g,l,k,time_values,theta_values
0,10.0,0.1,0.2,0.001,12.739560485559632,2.4749529788842355,0.08727381279202442,"0.0,0.1,0.2,0.30000000000000004,0.4,0.5,0.6000000000000001,0.7000000000000001,0.8,0.9,1.0,1.1,1.2000000000000002,1.3,1.4000000000000001,1.5,1.6,1.7000000000000002,1.8,1.9000000000000001,2.0,2.1,2.2,2.3000000000000003,2.4000000000000004,2.5,2.6,2.7,2.8000000000000003,2.9000000000000004,3.0,3.1,3.2,3.3000000000000003,3.4000000000000004,3.5,3.6,3.7,3.8000000000000003,3.9000000000000004,4.0,4.1000000000000005,4.2,4.3,4.4,4.5,4.6000000000000005,4.7,4.800000000000001,4.9,5.0,5.1000000000000005,5.2,5.300000000000001,5.4,5.5,5.6000000000000005,5.7,5.800000000000001,5.9,6.0,6.1000000000000005,6.2,6.300000000000001,6.4,6.5,6.6000000000000005,6.7,6.800000000000001,6.9,7.0,7.1000000000000005,7.2,7.300000000000001,7.4,7.5,7.6000000000000005,7.7,7.800000000000001,7.9,8.0,8.1,8.200000000000001,8.3,8.4,8.5,8.6,8.700000000000001,8.8,8.9,9.0,9.1,9.200000000000001,9.3,9.4,9.5,9.600000000000001,9.700000000000001,9.8,9.9,10.0","0.2157074806955688,0.20752983709920533,0.23403436821730264,0.23396306553503227,0.1569410840252604,0.11084961424929378,0.11602797309600532,0.04041285551200646,-0.055244895990556105,-0.07770588735766723,-0.16717340035541617,-0.20880280434283016,-0.23456335610150894,-0.3421862279110851,-0.36422843710909825,-0.315191070396715,-0.30208256423418256,-0.24201431756822483,-0.24760509690430477,-0.19732478013506016,-0.04524616341422505,-0.02742124702437706,0.06220399215112272,0.09227409845823142,0.20200697255791714,0.28144358108236295,0.2861293460967203,0.3626832304993541,0.3423953021812834,0.3445516976215992,0.30930217535568527,0.34485951482314153,0.22927827736132772,0.14750302700104118,0.12889687916670217,-0.019072395337986634,-0.05821816884399616,-0.21332803406654754,-0.2664749388741914,-0.27990712230144754,-0.3342678828972403,-0.3806988118340109,-0.39888794562384916,-0.3940468704625205,-0.4012655598821389,-0.32939128989250044,-0.25777454401324884,-0.13396295817960213,-0.07213401456548424,-0.05009304140873562,0.10427568209073515,0.16538511460305777,0.23059968014816973,0.33295721211725254,0.39194620848902356,0.416420337020267,0.36863433115841976,0.3737808081251933,0.36315792819162235,0.3348754546975732,0.22480729240737524,0.1577896644785075,0.04398923088825013,-0.04759977337619345,-0.07232207317706475,-0.1383351011474344,-0.25742982059628494,-0.284355976748822,-0.34959151389006793,-0.40818246954089016,-0.4166866381132214,-0.40109405423107114,-0.41273987734811013,-0.3034106683134521,-0.38928332654684006,-0.21376438974626621,-0.13135065917645183,-0.04243015281077219,0.08165257325469136,0.1264523481907444,0.2832259441922199,0.38760565096710875,0.5223330763841673,0.50208338977538,0.5545231211105908,0.6019338522838986,0.6040165988849073,0.5147369972335808,0.39198663173363474,0.308909750896114,0.1648371917420433,0.06695642547975525,-0.12421657319312746,-0.25732182144779714,-0.40383459833392754,-0.5409990099745212,-0.6064086878667139,-0.6556649744968502,-0.6801872823402151,-0.6718155710969627,-0.661465466820208"
1,10.0,0.1,0.2,0.001,11.973680290593638,0.9237980654944229,0.09780601164730804,"0.0,0.1,0.2,0.30000000000000004,0.4,0.5,0.6000000000000001,0.7000000000000001,0.8,0.9,1.0,1.1,1.2000000000000002,1.3,1.4000000000000001,1.5,1.6,1.7000000000000002,1.8,1.9000000000000001,2.0,2.1,2.2,2.3000000000000003,2.4000000000000004,2.5,2.6,2.7,2.8000000000000003,2.9000000000000004,3.0,3.1,3.2,3.3000000000000003,3.4000000000000004,3.5,3.6,3.7,3.8000000000000003,3.9000000000000004,4.0,4.1000000000000005,4.2,4.3,4.4,4.5,4.6000000000000005,4.7,4.800000000000001,4.9,5.0,5.1000000000000005,5.2,5.300000000000001,5.4,5.5,5.6000000000000005,5.7,5.800000000000001,5.9,6.0,6.1000000000000005,6.2,6.300000000000001,6.4,6.5,6.6000000000000005,6.7,6.800000000000001,6.9,7.0,7.1000000000000005,7.2,7.300000000000001,7.4,7.5,7.6000000000000005,7.7,7.800000000000001,7.9,8.0,8.1,8.200000000000001,8.3,8.4,8.5,8.6,8.700000000000001,8.8,8.9,9.0,9.1,9.200000000000001,9.3,9.4,9.5,9.600000000000001,9.700000000000001,9.8,9.9,10.0","0.20813970033646534,0.1583961699459976,0.1381677979520974,0.0905915075330797,0.07325746414100977,-0.04481279846310855,-0.08975841257892898,-0.1117092452572418,-0.1882359264628537,-0.24849278529422567,-0.24336518250633044,-0.18432051278872616,-0.18768089540144148,-0.0614993545471601,0.08332975401753065,0.1603667941806736,0.3158914859749053,0.3001674522705745,0.28599849664803734,0.24968673705315614,0.20143169957752322,0.09319489697209273,0.06237880142338572,-0.1357605873829525,-0.2317553513420233,-0.2738229631501682,-0.3349799099818258,-0.332038537383096,-0.2783378237546226,-0.16840275406914254,-0.1183509482272858,0.0823247530955121,0.17565835316007836,0.28599467049396854,0.33206379195534863,0.4172217551861261,0.27425486129534343,0.31436911248173965,0.16996522743272438,0.11002572094734044,-0.037457995205590885,-0.17187967328101597,-0.2794336826010715,-0.29660110134516365,-0.40306697626041305,-0.37003163198453665,-0.295143826136377,-0.1327775583749264,-0.06983717797474573,0.1402274675600164,0.22213244792991588,0.2907846517744491,0.3424356187499463,0.3556235501941682,0.28995935764281083,0.2664908931369292,0.15835312523124123,0.025933005741391117,-0.1594260355447156,-0.24707194102961683,-0.3409183150502659,-0.3914663563212655,-0.38609707477998695,-0.3336467010025899,-0.2888075734336444,-0.09929511386851211,0.057662331859152684,0.1733530313765419,0.3028232184210853,0.3751387074073054,0.4281035994286084,0.4212856815008406,0.3872768481424291,0.16419502046417112,0.045196432348848084,-0.13646545408000976,-0.26148275670857346,-0.37461141684006977,-0.4036064236213647,-0.4075231948649677,-0.38655022163343067,-0.3352442546626248,-0.18397781289562581,-0.06507314326368868,0.15876141969195784,0.22636791012718,0.46604931882421613,0.5079031251574473,0.5542555872689218,0.5793476216182737,0.407431944901632,0.2699882234047233,0.012814403780015842,-0.1915775689666843,-0.43384506177460525,-0.5614227623493285,-0.6345415985839964,-0.7088180548055868,-0.5716394817440662,-0.44703716723315284,-0.2445263085641702"
2,10.0,0.1,0.2,0.001,12.61139701990353,4.037289373746292,0.021530226940799133,"0.0,0.1,0.2,0.30000000000000004,0.4,0.5,0.6000000000000001,0.7000000000000001,0.8,0.9,1.0,1.1,1.2000000000000002,1.3,1.4000000000000001,1.5,1.6,1.7000000000000002,1.8,1.9000000000000001,2.0,2.1,2.2,2.3000000000000003,2.4000000000000004,2.5,2.6,2.7,2.8000000000000003,2.9000000000000004,3.0,3.1,3.2,3.3000000000000003,3.4000000000000004,3.5,3.6,3.7,3.8000000000000003,3.9000000000000004,4.0,4.1000000000000005,4.2,4.3,4.4,4.5,4.6000000000000005,4.7,4.800000000000001,4.9,5.0,5.1000000000000005,5.2,5.300000000000001,5.4,5.5,5.6000000000000005,5.7,5.800000000000001,5.9,6.0,6.1000000000000005,6.2,6.300000000000001,6.4,6.5,6.6000000000000005,6.7,6.800000000000001,6.9,7.0,7.1000000000000005,7.2,7.300000000000001,7.4,7.5,7.6000000000000005,7.7,7.800000000000001,7.9,8.0,8.1,8.200000000000001,8.3,8.4,8.5,8.6,8.700000000000001,8.8,8.9,9.0,9.1,9.200000000000001,9.3,9.4,9.5,9.600000000000001,9.700000000000001,9.8,9.9,10.0","0.1762634784822815,0.2427640884571658,0.23113408960160559,0.12967850376909407,0.11297276451758022,0.07917525178747849,0.16487431258412344,0.07536780845557262,0.03672001353495608,0.018955219394075136,-0.06610416793984988,-0.07801157800279257,-0.1433785528203627,-0.11939878866365339,-0.19463212095416538,-0.17400406583082456,-0.1669942005846747,-0.2131343968967253,-0.18572168438740594,-0.2459232778154014,-0.23470637235744102,-0.17338427605041506,-0.1647454566242866,-0.1754076501142546,-0.11473176079630988,-0.02914833110684044,-0.05292624512579522,0.007690026266810927,0.03181033959631921,0.08619208908637012,0.1245366895105869,0.164460832142169,0.18751658144787384,0.21713213995831399,0.21855936964234363,0.2189522443322166,0.19759565339122165,0.11111308185678119,0.18381384625491565,0.1530624819715635,0.13234582951669108,0.07447694720596301,0.1206362804209672,0.0024038148894865025,0.037120100287133535,-0.021763907357925626,-0.03872136347419572,-0.06098454134521028,-0.058346107904132846,-0.1080465479916905,-0.14279930908077615,-0.14994100295483778,-0.20740158347656734,-0.21290846030192512,-0.23108366620970375,-0.19982874831420813,-0.16108950185476822,-0.17775216958240478,-0.15251875000523193,-0.1432921137300511,-0.03944289605413876,-0.053250259247139456,0.0016277730939140457,0.015473341167808932,0.07394073280229115,0.037460053833864096,0.13191773106741783,0.13965844709161454,0.2242975692549314,0.22553812686103933,0.20398227694166815,0.19518865805729071,0.191356410122619,0.23050507330989528,0.17579597117081305,0.23034378090504273,0.12035304282144116,0.10120572341784591,0.05484244396443367,0.0026644678478006945,0.022647661549861725,-0.05520455364068246,-0.031916854130640264,-0.10433193368154794,-0.19884888739872772,-0.19541750508563593,-0.1974142620002416,-0.1745276984029685,-0.24156139932062942,-0.23958681158330353,-0.27534219045793534,-0.18258343547907646,-0.27576738381435845,-0.17429977560938756,-0.15431616847100035,-0.11344891888278165,-0.06608221442682659,-0.014352735897783839,-0.005144296120939492,-0.01928345187289325,0.12566308335601536"
3,10.0,0.1,0.2,0.001,9.50385937895567,2.1685911090466155,0.09340884899637417,"0.0,0.1,0.2,0.30000000000000004,0.4,0.5,0.6000000000000001,0.7000000000000001,0.8,0.9,1.0,1.1,1.2000000000000002,1.3,1.4000000000000001,1.5,1.6,1.7000000000000002,1.8,1.9000000000000001,2.0,2.1,2.2,2.3000000000000003,2.4000000000000004,2.5,2.6,2.7,2.8000000000000003,2.9000000000000004,3.0,3.1,3.2,3.3000000000000003,3.4000000000000004,3.5,3.6,3.7,3.8000000000000003,3.9000000000000004,4.0,4.1000000000000005,4.2,4.3,4.4,4.5,4.6000000000000005,4.7,4.800000000000001,4.9,5.0,5.1000000000000005,5.2,5.300000000000001,5.4,5.5,5.6000000000000005,5.7,5.800000000000001,5.9,6.0,6.1000000000000005,6.2,6.300000000000001,6.4,6.5,6.6000000000000005,6.7,6.800000000000001,6.9,7.0,7.1000000000000005,7.2,7.300000000000001,7.4,7.5,7.6000000000000005,7.7,7.800000000000001,7.9,8.0,8.1,8.200000000000001,8.3,8.4,8.5,8.6,8.700000000000001,8.8,8.9,9.0,9.1,9.200000000000001,9.3,9.4,9.5,9.600000000000001,9.700000000000001,9.8,9.9,10.0","0.20083404354974185,0.20387874924672397,0.1702780822264374,0.15547460588869688,0.10861773736731718,0.04558141465811051,0.10792010706424382,0.03497529477569037,0.026918995080681782,-0.003419048693430793,-0.08083761231426141,-0.11596722089723403,-0.2091733418187467,-0.16853673761447857,-0.2721280130946113,-0.24586226828434365,-0.2655451279418169,-0.2475092858583687,-0.23421154796455312,-0.2513402994771846,-0.2033641904093882,-0.19989351385679374,-0.12330881651945663,-0.04551011570522458,-0.04522249222769163,0.11573374486692423,0.10375621922705468,0.1922515194833664,0.2860120981344307,0.1972182449882424,0.25831568159195484,0.27572726939340086,0.25545697557292585,0.3333922205135645,0.2661322392627562,0.2746487087348056,0.16862051260106892,0.14115547572939158,0.054159042707119236,-0.010191477414600204,-0.054549265932559106,-0.10573847441145456,-0.2079263444289252,-0.25649972543749494,-0.28962245378027546,-0.30088265896450656,-0.3554453767700457,-0.32050514539044866,-0.26394173621674344,-0.31680350410537605,-0.24519551046150587,-0.1341339450666018,-0.15293578842330385,-0.10137544138545812,0.0006574877541472447,0.05699638176306402,0.14672524443297072,0.12677698363997017,0.2284520522755129,0.2905231018558313,0.337474921165025,0.3606291712731266,0.38432503675743585,0.39443586479960707,0.32227816370088835,0.27424554047998945,0.21868022967147296,0.12848423508453313,0.03730351984560587,-0.011228135010368338,-0.05298466156166099,-0.15369578448673574,-0.2484656770710896,-0.2599735153500567,-0.311799088281224,-0.33128321400541116,-0.4422990013137332,-0.3723725297188751,-0.3023200273176155,-0.2696175725126173,-0.27762886199122233,-0.25862610201669683,-0.2160141985784341,-0.11101288843261023,-0.03660905039340911,0.0668668045930784,0.13183353014924704,0.19594973360271078,0.2784022416652658,0.3365564297272278,0.36941405163488017,0.36569171966234615,0.4129799062921649,0.4302880312891387,0.4078319316694893,0.37743789611290046,0.4006363582776261,0.34629514706403436,0.19136673037395602,0.18808961831881918,0.043897441563439596"
4,10.0,0.1,0.2,0.001,11.438651200806646,4.202427259718735,0.04990727789445981,"0.0,0.1,0.2,0.30000000000000004,0.4,0.5,0.6000000000000001,0.7000000000000001,0.8,0.9,1.0,1.1,1.2000000000000002,1.3,1.4000000000000001,1.5,1.6,1.7000000000000002,1.8,1.9000000000000001,2.0,2.1,2.2,2.3000000000000003,2.4000000000000004,2.5,2.6,2.7,2.8000000000000003,2.9000000000000004,3.0,3.1,3.2,3.3000000000000003,3.4000000000000004,3.5,3.6,3.7,3.8000000000000003,3.9000000000000004,4.0,4.1000000000000005,4.2,4.3,4.4,4.5,4.6000000000000005,4.7,4.800000000000001,4.9,5.0,5.1000000000000005,5.2,5.300000000000001,5.4,5.5,5.6000000000000005,5.7,5.800000000000001,5.9,6.0,6.1000000000000005,6.2,6.300000000000001,6.4,6.5,6.6000000000000005,6.7,6.800000000000001,6.9,7.0,7.1000000000000005,7.2,7.300000000000001,7.4,7.5,7.6000000000000005,7.7,7.800000000000001,7.9,8.0,8.1,8.200000000000001,8.3,8.4,8.5,8.6,8.700000000000001,8.8,8.9,9.0,9.1,9.200000000000001,9.3,9.4,9.5,9.600000000000001,9.700000000000001,9.8,9.9,10.0","0.21849539802394757,0.24607847927919124,0.2247005494874933,0.16941279038885998,0.18851085007166754,0.15459252925364494,0.13731903119888225,0.08943317619774263,0.06913808800895285,0.06556509663708389,-0.025201274467840276,-0.03567817520908421,-0.024088107221115984,-0.12741944928445664,-0.16280611379645102,-0.16009909144702567,-0.20649538852447394,-0.22941692997905,-0.18613914678574434,-0.2845835619858702,-0.2448918666210845,-0.25940899069620615,-0.27979213979421896,-0.23571732849368654,-0.18252983271495554,-0.19814022972028492,-0.11805906460140442,-0.08358332791884647,-0.0029571801285401614,0.017412523196133824,0.047764260499095545,0.08708829132848342,0.11310370243454736,0.1463278201072725,0.19313197816146355,0.1855111621969594,0.20066800169749627,0.25897407472159417,0.2894860574149465,0.24704612522787217,0.17739199577259152,0.2614424273176407,0.22183850643476402,0.179954988765284,0.15266255059211067,0.14047185156351993,0.12119324437189447,0.028170957119962124,-0.010833581564971634,0.005143485586019514,-0.07420023799010424,-0.17470334005255386,-0.2216440333112843,-0.1415611859770404,-0.2928704488203291,-0.23588179540552368,-0.3070458273199521,-0.2833054360367807,-0.25682115894574925,-0.3413040871900412,-0.26827418271981585,-0.19655222572829298,-0.1789395886179153,-0.11816308278820144,-0.16940807860839735,-0.1097507490994429,-0.055278489427366254,0.005724393909939441,0.028207515166477102,0.07804136976603765,0.1259679668890515,0.18571925821099178,0.2262291391712347,0.23118693691461017,0.2764648934808515,0.34557999053340105,0.2576463652250714,0.3333725983927936,0.31375932172807125,0.27819847210792237,0.26378931793866883,0.21820120409436472,0.20876697737932337,0.11737474146683578,0.13214875853817395,0.07796803106251414,0.07125245853858658,-0.03882516572637905,-0.10534799551309733,-0.15449080625408793,-0.2275413612004171,-0.19214241201719237,-0.2753439053321621,-0.302862217192535,-0.30512616025673556,-0.3900888780221497,-0.38120684350015355,-0.35235035101477363,-0.3384323683313577,-0.3466740199981941,-0.2868456031934714"
5,10.0,0.1,0.2,0.001,7.272387217847768,2.9956315415712567,0.01574355304937578,"0.0,0.1,0.2,0.30000000000000004,0.4,0.5,0.6000000000000001,0.7000000000000001,0.8,0.9,1.0,1.1,1.2000000000000002,1.3,1.4000000000000001,1.5,1.6,1.7000000000000002,1.8,1.9000000000000001,2.0,2.1,2.2,2.3000000000000003,2.4000000000000004,2.5,2.6,2.7,2.8000000000000003,2.9000000000000004,3.0,3.1,3.2,3.3000000000000003,3.4000000000000004,3.5,3.6,3.7,3.8000000000000003,3.9000000000000004,4.0,4.1000000000000005,4.2,4.3,4.4,4.5,4.6000000000000005,4.7,4.800000000000001,4.9,5.0,5.1000000000000005,5.2,5.300000000000001,5.4,5.5,5.6000000000000005,5.7,5.800000000000001,5.9,6.0,6.1000000000000005,6.2,6.300000000000001,6.4,6.5,6.6000000000000005,6.7,6.800000000000001,6.9,7.0,7.1000000000000005,7.2,7.300000000000001,7.4,7.5,7.6000000000000005,7.7,7.800000000000001,7.9,8.0,8.1,8.200000000000001,8.3,8.4,8.5,8.6,8.700000000000001,8.8,8.9,9.0,9.1,9.200000000000001,9.3,9.4,9.5,9.600000000000001,9.700000000000001,9.8,9.9,10.0","0.17318358579173637,0.23888487298702948,0.21963736432692066,0.2018531617959929,0.13205583609060428,0.2046433795996759,0.09197070213938338,0.12324518206650384,0.058728383934306176,0.018505947330337617,-0.03854043179179243,0.00860756639126932,-0.08740614261070623,-0.1184427393935657,-0.10382322598666062,-0.1172593196571181,-0.14096737469251996,-0.17831492648474515,-0.2359098696738359,-0.2037738973072682,-0.2667567253669966,-0.19667201861985228,-0.18849191384804176,-0.18658230327338024,-0.20290660367231642,-0.12915526762776655,-0.12011334811298853,-0.17585354941151377,-0.1280392381034137,-0.03356745715253638,-0.025301573974892914,-0.011694052818582042,0.04533489967926323,0.05450426677163696,0.13181701748320293,0.14159886211642453,0.16710809868868975,0.14766399041697628,0.138822987266617,0.21769551923673242,0.22405984959113925,0.17772385631704257,0.2162729013223099,0.17151484593501437,0.16153432577080307,0.15869746052878028,0.20337975907775088,0.13985925141563554,0.050250460045041224,0.06895566279290966,0.026786981580041478,-0.004117962090207698,-0.04300774475183464,-0.08506783068492753,-0.17783502192714426,-0.1690775045667718,-0.1548651763016272,-0.1728762686076309,-0.18895542826710798,-0.20659821829950134,-0.2823684403970847,-0.22773077152796165,-0.17681875501499206,-0.28812468195216795,-0.17376315291011324,-0.09893475935996952,-0.1483450941162094,-0.11556108750897395,-0.06428146347835678,-0.06182181025001101,0.005925713832172979,-0.062153838351158903,0.031011054005863174,0.14783027711183913,0.17403056787586946,0.18511391667706464,0.2003445414579645,0.16297009043318245,0.20581224898989567,0.25707672197407416,0.2399498958265353,0.25698560421897604,0.2693042839199736,0.22337013590285063,0.19688806771439848,0.18017859528858957,0.17552910947041953,0.14861833718814482,0.0885359468289221,0.011095148164666876,0.04942785529844562,-0.006622816572339811,-0.05447122971045931,-0.079154424107394,-0.11579986900858819,-0.20439061707819917,-0.13247711746611793,-0.16330531324459266,-0.189261252140362,-0.1680422323503112,-0.26333047207309807"
6,10.0,0.1,0.2,0.001,13.27631171992582,3.342489796049292,0.07822789660768364,"0.0,0.1,0.2,0.30000000000000004,0.4,0.5,0.6000000000000001,0.7000000000000001,0.8,0.9,1.0,1.1,1.2000000000000002,1.3,1.4000000000000001,1.5,1.6,1.7000000000000002,1.8,1.9000000000000001,2.0,2.1,2.2,2.3000000000000003,2.4000000000000004,2.5,2.6,2.7,2.8000000000000003,2.9000000000000004,3.0,3.1,3.2,3.3000000000000003,3.4000000000000004,3.5,3.6,3.7,3.8000000000000003,3.9000000000000004,4.0,4.1000000000000005,4.2,4.3,4.4,4.5,4.6000000000000005,4.7,4.800000000000001,4.9,5.0,5.1000000000000005,5.2,5.300000000000001,5.4,5.5,5.6000000000000005,5.7,5.800000000000001,5.9,6.0,6.1000000000000005,6.2,6.300000000000001,6.4,6.5,6.6000000000000005,6.7,6.800000000000001,6.9,7.0,7.1000000000000005,7.2,7.300000000000001,7.4,7.5,7.6000000000000005,7.7,7.800000000000001,7.9,8.0,8.1,8.200000000000001,8.3,8.4,8.5,8.6,8.700000000000001,8.8,8.9,9.0,9.1,9.200000000000001,9.3,9.4,9.5,9.600000000000001,9.700000000000001,9.8,9.9,10.0","0.16857861874546637,0.1624267581432298,0.17923233733698088,0.22842726170966665,0.16203590718160382,0.16715382941513518,0.027257954561881848,0.07164655855418747,0.0608971214210126,-0.05036154238727235,-0.00854803316751615,-0.16091806502258074,-0.19263557443486126,-0.2669280607982285,-0.2357395597727117,-0.27565176288948867,-0.17386107067652495,-0.2126724696627307,-0.1661872288754815,-0.13260307825284298,-0.1939955662672948,-0.16913699853805492,-0.02504772506925377,-0.060045057736206914,0.028174792194694098,0.04818509169922168,0.11536795073676506,0.14686164777365024,0.20735373878740657,0.20164750832788858,0.2634302088658624,0.220092700320716,0.2715166826087199,0.18896911749658177,0.21267411210110754,0.16689742260301074,0.16862326287553014,0.09822361080211597,0.08701195475260076,0.024894149795804635,-0.06484734377852097,-0.10391262950884392,-0.13627687755198672,-0.1862590913835675,-0.2071501773884819,-0.22083171850906,-0.2523388410083812,-0.2296199122479314,-0.2818329355149542,-0.19920086918969587,-0.2526849633664534,-0.14303825291658134,-0.1275595918085252,-0.05830608338253685,-0.013124332505159382,0.04612498037813681,0.0029876363178240467,0.056968845555249774,0.11708752517168175,0.23341650136008146,0.311087047642133,0.2494667416485755,0.24955878573083623,0.2513947793856683,0.2720141767378232,0.2845210415806451,0.23751930813965194,0.18447701071985184,0.17228707455490194,0.1172560598268277,0.012804012504094766,-0.044395404605723734,-0.05410394077769211,-0.08621478861992221,-0.19098564122293998,-0.20802208734919933,-0.24449061434709174,-0.3122213959337674,-0.332835185503454,-0.30646710438056424,-0.3092116874266269,-0.26923139100770355,-0.30691226454950626,-0.22596175131610596,-0.1367836716491409,-0.10784546777868428,-0.04465177922092459,0.019331962808637235,0.07979860813432174,0.1412350771665131,0.21712289250405767,0.25948275652023806,0.26630282720526527,0.3585936658714812,0.3566822997587964,0.3939823100053757,0.3581122981753714,0.3282955189331792,0.33003931787244456,0.2946578508019336,0.16988294870713508"
7,10.0,0.1,0.2,0.001,8.545259681298685,4.868141109777064,0.0903809009189978,"0.0,0.1,0.2,0.30000000000000004,0.4,0.5,0.6000000000000001,0.7000000000000001,0.8,0.9,1.0,1.1,1.2000000000000002,1.3,1.4000000000000001,1.5,1.6,1.7000000000000002,1.8,1.9000000000000001,2.0,2.1,2.2,2.3000000000000003,2.4000000000000004,2.5,2.6,2.7,2.8000000000000003,2.9000000000000004,3.0,3.1,3.2,3.3000000000000003,3.4000000000000004,3.5,3.6,3.7,3.8000000000000003,3.9000000000000004,4.0,4.1000000000000005,4.2,4.3,4.4,4.5,4.6000000000000005,4.7,4.800000000000001,4.9,5.0,5.1000000000000005,5.2,5.300000000000001,5.4,5.5,5.6000000000000005,5.7,5.800000000000001,5.9,6.0,6.1000000000000005,6.2,6.300000000000001,6.4,6.5,6.6000000000000005,6.7,6.800000000000001,6.9,7.0,7.1000000000000005,7.2,7.300000000000001,7.4,7.5,7.6000000000000005,7.7,7.800000000000001,7.9,8.0,8.1,8.200000000000001,8.3,8.4,8.5,8.6,8.700000000000001,8.8,8.9,9.0,9.1,9.200000000000001,9.3,9.4,9.5,9.600000000000001,9.700000000000001,9.8,9.9,10.0","0.16701241350985446,0.19021958571476796,0.2509182347936095,0.2776900371147367,0.18052276511783075,0.23599713243629608,0.21742310854625194,0.2069928162684392,0.1880954416901203,0.21284506119284835,0.16372665648556234,0.0855598287774329,0.048896517365482235,0.04071128214619482,-0.04997477507406813,-0.09582686761713424,-0.06599232404205149,-0.10454082110756047,-0.1801388067801681,-0.19779064566385207,-0.2766252242782224,-0.34888516876979847,-0.31639960928555766,-0.33823404446125604,-0.37208129980745913,-0.39707698611927994,-0.4081958037640643,-0.4123144516417018,-0.37245982231030855,-0.36067748501582664,-0.39200613295120335,-0.26755224288522916,-0.3310157632360238,-0.18373900043158287,-0.2591739490356985,-0.14082173725123445,-0.0415434257112935,-0.015511796967196938,0.03695242749944894,0.10636595380705574,0.2062832536317079,0.24114082402949977,0.26702294335588567,0.310039570426428,0.39962923808156026,0.44540263926076096,0.48148341343647777,0.4327696144935206,0.5488874917832328,0.503667299916148,0.5355722939813601,0.5341053695627226,0.4634452006986493,0.4437973492965602,0.4332904515985932,0.37707481547208804,0.32259632346483247,0.26022673824756637,0.18657551132276629,0.13111989814887198,0.07600593445259046,0.04405705091391757,-0.036831317999501824,-0.15506843168737067,-0.18283523104083027,-0.26529834692890114,-0.3119893216068123,-0.4302113138140358,-0.39879050668538846,-0.4554632178171981,-0.4538457706108107,-0.4984908179107351,-0.5173913934074682,-0.4489978942625496,-0.6036167185022515,-0.580091416063322,-0.4845469732972997,-0.461628410043598,-0.4856383202624485,-0.47573470156427367,-0.392828399574065,-0.3041376735684859,-0.2666440862750781,-0.16233894851209502,-0.12465351429412916,-0.0180175224481603,-0.017060494058558834,0.09259654519237778,0.13279552064860395,0.3099948694482208,0.38767202321097033,0.4142172694625298,0.5349263968818815,0.6074425087536628,0.6772452753969236,0.777215104304991,0.8262433173225205,0.8980612249546284,0.838337892461009,0.9270871479220337,0.8768148192309755"
8,10.0,0.1,0.2,0.001,12.783834970737619,1.375874185333854,0.05200489033543308,"0.0,0.1,0.2,0.30000000000000004,0.4,0.5,0.6000000000000001,0.7000000000000001,0.8,0.9,1.0,1.1,1.2000000000000002,1.3,1.4000000000000001,1.5,1.6,1.7000000000000002,1.8,1.9000000000000001,2.0,2.1,2.2,2.3000000000000003,2.4000000000000004,2.5,2.6,2.7,2.8000000000000003,2.9000000000000004,3.0,3.1,3.2,3.3000000000000003,3.4000000000000004,3.5,3.6,3.7,3.8000000000000003,3.9000000000000004,4.0,4.1000000000000005,4.2,4.3,4.4,4.5,4.6000000000000005,4.7,4.800000000000001,4.9,5.0,5.1000000000000005,5.2,5.300000000000001,5.4,5.5,5.6000000000000005,5.7,5.800000000000001,5.9,6.0,6.1000000000000005,6.2,6.300000000000001,6.4,6.5,6.6000000000000005,6.7,6.800000000000001,6.9,7.0,7.1000000000000005,7.2,7.300000000000001,7.4,7.5,7.6000000000000005,7.7,7.800000000000001,7.9,8.0,8.1,8.200000000000001,8.3,8.4,8.5,8.6,8.700000000000001,8.8,8.9,9.0,9.1,9.200000000000001,9.3,9.4,9.5,9.600000000000001,9.700000000000001,9.8,9.9,10.0","0.15065733384713065,0.19971871194079513,0.16280001183824497,0.09961876575804976,0.13832178524666486,0.01470195927558641,-0.06643538499005684,-0.07556379071396083,-0.21289388952454938,-0.2641874002055276,-0.23863865310174442,-0.2134702160163811,-0.20660692739477224,-0.20489850732412085,-0.1617101686852426,-0.00339058158168197,0.132071412143205,0.13719727688297922,0.1787414139555202,0.25969160341012615,0.25428811757953107,0.2774817114600528,0.24078005785205592,0.20642124293983696,0.16459802093439527,0.09207595078084915,-0.010690234828215574,-0.032370006937112686,-0.16786275450847252,-0.2028607046492473,-0.23091825839192304,-0.2397047409694513,-0.32995238740240734,-0.23497311151084926,-0.16720142968062635,-0.11205084383808409,-0.04462698298103957,0.10084279306895857,0.12442899870461344,0.22946662508532417,0.264598417884989,0.3229179866781228,0.3276114962592329,0.22644534930589028,0.16980857987770362,0.14350249845932922,0.053079852690086124,-0.015583856002318378,-0.09533923681547934,-0.2324849792377368,-0.2811617563332922,-0.2942959323397036,-0.21766791767598925,-0.34785314508617954,-0.25184382332738736,-0.16904816240913523,-0.07345818113580066,-0.0020278340744747684,0.08689333284888667,0.1882932126312367,0.2530610200648671,0.2991853841099094,0.34221632060460616,0.2801684124576882,0.26529274196733854,0.25967199181648326,0.1536854544911173,0.047737599608473964,-0.07672262879786111,-0.15803516252448946,-0.23443204326697845,-0.30748071964386703,-0.3413403425395246,-0.34692898551135604,-0.2999419590033317,-0.29838672357047147,-0.13637599780532306,-0.0558691940326967,0.05500215605592311,0.09639160644177733,0.2890210941330851,0.2555379356186357,0.3799449979602472,0.2952005096321622,0.3868062714675658,0.3655817413751782,0.26154200214304946,0.12767572683066397,0.014439579680277185,-0.18729074166231302,-0.22897794792721665,-0.356412864883283,-0.397131607139071,-0.4210634156373472,-0.412281492386901,-0.4714477703281066,-0.38672634540601214,-0.2497511365003274,-0.08463180709601506,0.0267486242343198,0.1930032587665093"
9,10.0,0.1,0.2,0.001,5.438037657872288,1.1943027143039653,0.07147440579182092,"0.0,0.1,0.2,0.30000000000000004,0.4,0.5,0.6000000000000001,0.7000000000000001,0.8,0.9,1.0,1.1,1.2000000000000002,1.3,1.4000000000000001,1.5,1.6,1.7000000000000002,1.8,1.9000000000000001,2.0,2.1,2.2,2.3000000000000003,2.4000000000000004,2.5,2.6,2.7,2.8000000000000003,2.9000000000000004,3.0,3.1,3.2,3.3000000000000003,3.4000000000000004,3.5,3.6,3.7,3.8000000000000003,3.9000000000000004,4.0,4.1000000000000005,4.2,4.3,4.4,4.5,4.6000000000000005,4.7,4.800000000000001,4.9,5.0,5.1000000000000005,5.2,5.300000000000001,5.4,5.5,5.6000000000000005,5.7,5.800000000000001,5.9,6.0,6.1000000000000005,6.2,6.300000000000001,6.4,6.5,6.6000000000000005,6.7,6.800000000000001,6.9,7.0,7.1000000000000005,7.2,7.300000000000001,7.4,7.5,7.6000000000000005,7.7,7.800000000000001,7.9,8.0,8.1,8.200000000000001,8.3,8.4,8.5,8.6,8.700000000000001,8.8,8.9,9.0,9.1,9.200000000000001,9.3,9.4,9.5,9.600000000000001,9.700000000000001,9.8,9.9,10.0","0.19081348304711598,0.1990227789699507,0.23532347892512562,0.13019883912801475,0.15811414250548325,0.11574726596400739,0.07117561191858925,0.006820792866796557,-0.015941620158345396,0.02819796016042759,-0.11976334447212322,-0.16381800400982494,-0.22057218461815944,-0.19610427818029944,-0.26932648014140115,-0.2600811967563943,-0.28747652792096484,-0.263902872468149,-0.22545556635560074,-0.16876030384646512,-0.09491995346232475,-0.04136286616744664,0.032856085632816556,0.04988243928274194,0.14466513896987854,0.1704900548180845,0.20067765263226142,0.23279866598712942,0.20560439044934029,0.2280657217264903,0.21074560436716025,0.29414312106855783,0.24362243751824203,0.22099274293893784,0.1888919168941085,0.10251004254836597,0.05476130192059669,-0.011712288508597755,-0.04564553474274201,-0.12234158680814207,-0.1492123183342396,-0.21910086601994536,-0.24248557893859896,-0.2438537886261741,-0.25226135335645716,-0.2676014699769472,-0.28980896170008547,-0.1876441028033124,-0.22424268621962695,-0.15281693011185488,-0.1107427070508596,-0.056380107219860275,0.03145788010116517,0.09906000173756577,0.11529922811894076,0.14938438675450466,0.2034164569111187,0.24009750699463844,0.27957081630135144,0.2327015921846089,0.25285322997560317,0.23368516289993624,0.24347205133353472,0.16501100049053852,0.17200957157777144,0.1419115579834429,0.05131967834178566,0.0015625445768250555,-0.14827657578604647,-0.13564245366411704,-0.19082604772576522,-0.2692220055025601,-0.39604251988522243,-0.2980626761265867,-0.2964883707004647,-0.2233977785453194,-0.2956131805678125,-0.29696353671004366,-0.29907678147724376,-0.20100209167958352,-0.09321592740455795,-0.03471656854124795,-0.0037720940039481007,0.048215046802300154,0.18226232021751695,0.3035463801991862,0.25391737406303605,0.3492824586805786,0.38798651890718006,0.3909885706641379,0.3777716030670971,0.4058812503047523,0.3664893961302014,0.31984764615528827,0.22490384617200643,0.15486214947912255,0.10145202126408641,-0.0633253847813829,-0.064966485942411,-0.17608873947486128,-0.28866142455387983"
10,10.0,0.1,0.2,0.001,12.447621559078172,4.853793795953945,0.03932428223243368,"0.0,0.1,0.2,0.30000000000000004,0.4,0.5,0.6000000000000001,0.7000000000000001,0.8,0.9,1.0,1.1,1.2000000000000002,1.3,1.4000000000000001,1.5,1.6,1.7000000000000002,1.8,1.9000000000000001,2.0,2.1,2.2,2.3000000000000003,2.4000000000000004,2.5,2.6,2.7,2.8000000000000003,2.9000000000000004,3.0,3.1,3.2,3.3000000000000003,3.4000000000000004,3.5,3.6,3.7,3.8000000000000003,3.9000000000000004,4.0,4.1000000000000005,4.2,4.3,4.4,4.5,4.6000000000000005,4.7,4.800000000000001,4.9,5.0,5.1000000000000005,5.2,5.300000000000001,5.4,5.5,5.6000000000000005,5.7,5.800000000000001,5.9,6.0,6.1000000000000005,6.2,6.300000000000001,6.4,6.5,6.6000000000000005,6.7,6.800000000000001,6.9,7.0,7.1000000000000005,7.2,7.300000000000001,7.4,7.5,7.6000000000000005,7.7,7.800000000000001,7.9,8.0,8.1,8.200000000000001,8.3,8.4,8.5,8.6,8.700000000000001,8.8,8.9,9.0,9.1,9.200000000000001,9.3,9.4,9.5,9.600000000000001,9.700000000000001,9.8,9.9,10.0","0.21642726845771357,0.15733113886458205,0.1974769876117743,0.15940513256601715,0.16815154806436794,0.16507896917215065,0.17349673338550725,0.12494647573908696,0.05805570616441718,0.0881370944510188,-0.006054738332994776,0.01906443165505151,-0.055588765552900266,-0.08127768099388091,-0.0965047767963298,-0.16524091821760514,-0.20164506805432036,-0.2091790635015512,-0.24164194446670798,-0.2776761380806353,-0.20736776085454608,-0.18958032400134012,-0.2011059049833937,-0.22048145614907488,-0.19792931154282387,-0.1155283211301828,-0.0821822564691865,-0.09857941716930306,-0.013443284102066917,-0.0395848236514951,0.007789147785646413,0.0198661831888765,0.034873734686935484,0.1054444855281232,0.12996785050945361,0.1743880055533239,0.23567028716195304,0.22441989170290255,0.25848362195235125,0.23334279907479127,0.26227449361926714,0.2802226745590234,0.24220998743804537,0.2694121437417711,0.21897007702800259,0.15842795512527513,0.14338183950697553,0.019164646628045248,0.03133751015171536,0.06778488146849482,0.00939776488449387,-0.012745135825726991,-0.07871342912191281,-0.14745208216098715,-0.16991355583891582,-0.19946268096740913,-0.23488455339186032,-0.22721197437722634,-0.2707080264011006,-0.2571008946718052,-0.23795446736871406,-0.27585067624760234,-0.26774900059188445,-0.18656390543276555,-0.2345235347242056,-0.18320860953536178,-0.11080574639151497,-0.09654362262529503,-0.06685208279739996,-0.059364394208288186,0.0750116042964381,0.07893404102891852,0.12396512672542429,0.1791402900386628,0.2495770728111542,0.2457402601848952,0.2610695610079044,0.297769557961021,0.349039335633472,0.28800074586868285,0.3074096399350983,0.267830878132601,0.289708592314578,0.30908050051853797,0.19523645551878877,0.17779516139643697,0.1463219789236718,0.09766841381586627,0.07265799932191093,-0.03562849278096266,-0.09552382532584063,-0.14961122015747239,-0.1734236563302743,-0.23979927457401107,-0.27254410376941024,-0.3251535768080266,-0.2534476574838572,-0.35453555408904186,-0.3702714338874084,-0.2759185405944015,-0.3472639342157576"
11,10.0,0.1,0.2,0.001,8.70459706034869,2.6130011507411357,0.027052422317585714,"0.0,0.1,0.2,0.30000000000000004,0.4,0.5,0.6000000000000001,0.7000000000000001,0.8,0.9,1.0,1.1,1.2000000000000002,1.3,1.4000000000000001,1.5,1.6,1.7000000000000002,1.8,1.9000000000000001,2.0,2.1,2.2,2.3000000000000003,2.4000000000000004,2.5,2.6,2.7,2.8000000000000003,2.9000000000000004,3.0,3.1,3.2,3.3000000000000003,3.4000000000000004,3.5,3.6,3.7,3.8000000000000003,3.9000000000000004,4.0,4.1000000000000005,4.2,4.3,4.4,4.5,4.6000000000000005,4.7,4.800000000000001,4.9,5.0,5.1000000000000005,5.2,5.300000000000001,5.4,5.5,5.6000000000000005,5.7,5.800000000000001,5.9,6.0,6.1000000000000005,6.2,6.300000000000001,6.4,6.5,6.6000000000000005,6.7,6.800000000000001,6.9,7.0,7.1000000000000005,7.2,7.300000000000001,7.4,7.5,7.6000000000000005,7.7,7.800000000000001,7.9,8.0,8.1,8.200000000000001,8.3,8.4,8.5,8.6,8.700000000000001,8.8,8.9,9.0,9.1,9.200000000000001,9.3,9.4,9.5,9.600000000000001,9.700000000000001,9.8,9.9,10.0","0.2065100186945528,0.23358714477869566,0.12132904845931458,0.15582873471770772,0.18544959615731527,0.20261457478503853,0.08191152699364493,0.0882379810708337,-0.040301268015418217,-0.01888232952797806,-0.05954222486849724,-0.10198795272050856,-0.12178565598152065,-0.16367975282359035,-0.14629399637829305,-0.2586580817080837,-0.15056255765921273,-0.24394829678975938,-0.15162475415947668,-0.1418526647687191,-0.10885176457908571,-0.14606544009724118,-0.14356627372944308,-0.11358745712561123,-0.03533888225152022,-0.038515328247322955,-0.001632866098641419,0.05393565458928893,0.015637831737642854,0.040252088738566116,0.15837932214544687,0.16769389522588515,0.2068879015502754,0.2305532432620862,0.1841281047892433,0.19538767132609944,0.22868848989365623,0.15757353068954316,0.1889133239379025,0.13044269549246607,0.0895646025510449,0.05639737495291797,0.041687847763915015,-0.011623098901877975,-0.06211098426593359,-0.030724354082612204,-0.08331173078462033,-0.15566373930163785,-0.1502378265416512,-0.16025471378150755,-0.20526810992504066,-0.2284867660757038,-0.2493187427770844,-0.2010500980054497,-0.21244514713157114,-0.1617883088589124,-0.1625300411724133,-0.12423840713006738,-0.04335432017202863,-0.025101314688807937,0.015187606551528558,0.04156152336146143,0.07662561276975577,0.15621127959947478,0.1566889358770811,0.16764253269747248,0.19199708103711294,0.22654572446446114,0.2132138035726073,0.1979801069243333,0.26510217403902203,0.18989400964321743,0.20022015739339893,0.12481538876248674,0.14091775551119487,0.11978542107986617,0.07080850774196418,-0.016641102928166656,-0.005809600229834693,-0.019165528890895664,-0.06784923417433578,-0.18292379421862964,-0.13590211554765008,-0.2087506083335103,-0.1984371576671012,-0.1795796796604286,-0.21063367353552656,-0.2281321297111528,-0.24462923846339515,-0.16351107861957734,-0.15475971289787288,-0.1941859272163938,-0.09586217823298131,-0.12753661582183362,-0.10899626171903973,0.02249960061189334,0.05659094999059917,0.0755585473808599,0.0854904963204437,0.13876773943715495,0.18937637865158713"
12,10.0,0.1,0.2,0.001,6.299215053354716,2.640672168016702,0.03042184141457957,"0.0,0.1,0.2,0.30000000000000004,0.4,0.5,0.6000000000000001,0.7000000000000001,0.8,0.9,1.0,1.1,1.2000000000000002,1.3,1.4000000000000001,1.5,1.6,1.7000000000000002,1.8,1.9000000000000001,2.0,2.1,2.2,2.3000000000000003,2.4000000000000004,2.5,2.6,2.7,2.8000000000000003,2.9000000000000004,3.0,3.1,3.2,3.3000000000000003,3.4000000000000004,3.5,3.6,3.7,3.8000000000000003,3.9000000000000004,4.0,4.1000000000000005,4.2,4.3,4.4,4.5,4.6000000000000005,4.7,4.800000000000001,4.9,5.0,5.1000000000000005,5.2,5.300000000000001,5.4,5.5,5.6000000000000005,5.7,5.800000000000001,5.9,6.0,6.1000000000000005,6.2,6.300000000000001,6.4,6.5,6.6000000000000005,6.7,6.800000000000001,6.9,7.0,7.1000000000000005,7.2,7.300000000000001,7.4,7.5,7.6000000000000005,7.7,7.800000000000001,7.9,8.0,8.1,8.200000000000001,8.3,8.4,8.5,8.6,8.700000000000001,8.8,8.9,9.0,9.1,9.200000000000001,9.3,9.4,9.5,9.600000000000001,9.700000000000001,9.8,9.9,10.0","0.14142795340386763,0.16945951181656832,0.20498600866226058,0.1536336552411465,0.19939257281182005,0.1816595063902867,0.08706268340289333,0.05253203839735686,0.09654428899043506,0.02420678246009799,0.03486230460591794,-0.014599421336590004,-0.0904630200470605,-0.11192681579384899,-0.14724636259625368,-0.16620320509249265,-0.18942101952828405,-0.20837656917839506,-0.24226385856408408,-0.14772088872571693,-0.28059515154106546,-0.24406803929348964,-0.2398088069267605,-0.18758353579993997,-0.18634033373877365,-0.21148433651888449,-0.15982696671637894,-0.08258521645922343,-0.10391507344848376,-0.10664566870135295,-0.021884587240775306,-0.025954774071610166,0.03869560922653703,0.07857729957542525,0.11020258018278113,0.14375147210187747,0.1895524558273954,0.22438944873425407,0.24446821939033683,0.24924433796579556,0.2645253757835757,0.28161996857476984,0.25071479950905495,0.25564298966175203,0.21766230924119384,0.17951489665439765,0.15509447251702654,0.19436770040253956,0.13847411792913766,0.08896050122021562,0.01734457591226022,-0.019203924189658172,-0.01873699437072916,-0.05647084115002486,-0.1471363894813836,-0.20699926730827833,-0.20598043051372844,-0.18253579765595437,-0.26755324737670744,-0.1828517247672267,-0.22502702760316093,-0.2190261573173183,-0.2459168779241417,-0.25696472473143767,-0.28464378720553385,-0.21575355323732195,-0.19476775585758768,-0.16385906016679988,-0.10246508481222567,-0.12194118163116162,-0.0507004734514304,-0.015702614055991222,0.0009640380126538298,0.014330641931772102,0.1207254525250553,0.16277913898188628,0.14099168018413794,0.16795411342344713,0.20660267227599516,0.2322641196110878,0.2819754277197389,0.2711665392179298,0.2483739094542548,0.2700399386663295,0.2578141958355379,0.3037266118539492,0.24635875384757555,0.1310799826716828,0.15390512494777656,0.12062225889482549,0.05421756090227356,0.013103343061262023,0.04098964879379802,-0.009081368870419264,-0.13630776947015819,-0.09580398428630109,-0.16383222557534308,-0.21307455739224698,-0.24559735817574277,-0.27675289305536266,-0.23871328114788865"
13,10.0,0.1,0.2,0.001,11.698139946825103,2.4671836349254885,0.08494103764520537,"0.0,0.1,0.2,0.30000000000000004,0.4,0.5,0.6000000000000001,0.7000000000000001,0.8,0.9,1.0,1.1,1.2000000000000002,1.3,1.4000000000000001,1.5,1.6,1.7000000000000002,1.8,1.9000000000000001,2.0,2.1,2.2,2.3000000000000003,2.4000000000000004,2.5,2.6,2.7,2.8000000000000003,2.9000000000000004,3.0,3.1,3.2,3.3000000000000003,3.4000000000000004,3.5,3.6,3.7,3.8000000000000003,3.9000000000000004,4.0,4.1000000000000005,4.2,4.3,4.4,4.5,4.6000000000000005,4.7,4.800000000000001,4.9,5.0,5.1000000000000005,5.2,5.300000000000001,5.4,5.5,5.6000000000000005,5.7,5.800000000000001,5.9,6.0,6.1000000000000005,6.2,6.300000000000001,6.4,6.5,6.6000000000000005,6.7,6.800000000000001,6.9,7.0,7.1000000000000005,7.2,7.300000000000001,7.4,7.5,7.6000000000000005,7.7,7.800000000000001,7.9,8.0,8.1,8.200000000000001,8.3,8.4,8.5,8.6,8.700000000000001,8.8,8.9,9.0,9.1,9.200000000000001,9.3,9.4,9.5,9.600000000000001,9.700000000000001,9.8,9.9,10.0","0.1486531137007262,0.20866554755760003,0.1395781717291526,0.19709677185660152,0.17904117952895388,0.11670334741963545,0.08052751958832319,0.03943082073349127,0.003682585717371383,-0.08827818587630391,-0.07936938632443412,-0.22241298825837805,-0.18060733681190377,-0.33785084072727034,-0.2981307558835742,-0.25851019020501026,-0.2742743874538557,-0.22765660146094385,-0.19821558213491022,-0.1480488398404604,-0.1652855554479503,-0.08342176024665662,0.014673464176745213,0.1002278068101905,0.17484626108411738,0.23202848600208334,0.2933454386709826,0.38343838074252357,0.3613639785699319,0.3983651091985871,0.3596039089228202,0.315228183371326,0.293482096386866,0.24943948194700746,0.1817679255293332,0.07723699723808447,-0.05829363481023697,-0.07322297595758033,-0.22634303037002967,-0.2832877617817231,-0.3253137449587395,-0.3745324950933896,-0.3486392130973403,-0.3734321863477941,-0.3601933344128688,-0.376807406030387,-0.30875669017483826,-0.217369620222459,-0.22753690608506147,-0.12850471173637373,-0.04752188762009958,0.02248650620521423,0.14175191400222714,0.23335423377836756,0.2840414826171477,0.3318719354308261,0.41330008700887244,0.36110662956725725,0.383524631377284,0.4116396896862831,0.35916209759958695,0.2671780770404321,0.32989509426795804,0.20853214640834639,0.11628879008475758,-0.02162327895743798,-0.10609751019679933,-0.13717320801553798,-0.2432478211651154,-0.3153709979848557,-0.3659161321923683,-0.4702218315158741,-0.4190325019339273,-0.43422391535202876,-0.36312003108418034,-0.3888719249248278,-0.33842174651181084,-0.2668889317158309,-0.1502104384511919,-0.12120206505791871,0.08044327157401762,0.13100684304583476,0.24120085258722207,0.2570608379964674,0.35455099465962175,0.5388195660702458,0.5084482938296787,0.5716584020935668,0.5367459424309204,0.4765548082327167,0.44531084376072505,0.41291647722113795,0.33759785071496107,0.1522826584730106,0.04790178706351676,-0.06294979663324939,-0.27465447489925376,-0.3332526935532288,-0.4191479804133545,-0.5382414922673346,-0.6223472311719851"
14,10.0,0.1,0.2,0.001,12.00265102002249,1.9056498862191849,0.0849033821255681,"0.0,0.1,0.2,0.30000000000000004,0.4,0.5,0.6000000000000001,0.7000000000000001,0.8,0.9,1.0,1.1,1.2000000000000002,1.3,1.4000000000000001,1.5,1.6,1.7000000000000002,1.8,1.9000000000000001,2.0,2.1,2.2,2.3000000000000003,2.4000000000000004,2.5,2.6,2.7,2.8000000000000003,2.9000000000000004,3.0,3.1,3.2,3.3000000000000003,3.4000000000000004,3.5,3.6,3.7,3.8000000000000003,3.9000000000000004,4.0,4.1000000000000005,4.2,4.3,4.4,4.5,4.6000000000000005,4.7,4.800000000000001,4.9,5.0,5.1000000000000005,5.2,5.300000000000001,5.4,5.5,5.6000000000000005,5.7,5.800000000000001,5.9,6.0,6.1000000000000005,6.2,6.300000000000001,6.4,6.5,6.6000000000000005,6.7,6.800000000000001,6.9,7.0,7.1000000000000005,7.2,7.300000000000001,7.4,7.5,7.6000000000000005,7.7,7.800000000000001,7.9,8.0,8.1,8.200000000000001,8.3,8.4,8.5,8.6,8.700000000000001,8.8,8.9,9.0,9.1,9.200000000000001,9.3,9.4,9.5,9.600000000000001,9.700000000000001,9.8,9.9,10.0","0.16718684166882034,0.21251656957858292,0.21023007746989114,0.14421972707620054,0.11212970658497715,0.021922885717446078,0.018415794385504718,0.002944330617274598,-0.09904487821236557,-0.13490425207000273,-0.14409080976635144,-0.14362344400226076,-0.2556130162033782,-0.2389926886463808,-0.21189120660557434,-0.2165444160088729,-0.13772854019046593,-0.0787307542450894,-0.034917152167679294,-0.049548943746189275,0.10312696129065865,0.1662581432688559,0.20959654919853077,0.25812881614446775,0.21119819262442904,0.31340045819482626,0.2988607585926653,0.20899398877994418,0.24635720362960828,0.1445157815564238,0.06602264526911507,0.026717439542677003,-0.08490822965220014,-0.13988920260701324,-0.25313335620610705,-0.25545979658726004,-0.33996245780032663,-0.33071111386759966,-0.3546758876980061,-0.2832687706320566,-0.31916065468268595,-0.22096172435763664,-0.16115809771692374,-0.06327322769224833,0.0522309260293535,0.14504139262604654,0.18972340263226894,0.2152147400791893,0.29628807401961615,0.3483342375232923,0.28110834138288776,0.2913186366506956,0.29587084117972484,0.2504753103915694,0.16811140285759218,0.07057022067008664,0.07722090133810498,-0.054602688277754274,-0.16357520389295307,-0.21673588649617873,-0.24108089035456964,-0.34345817741890633,-0.41009735727021124,-0.38920201702861745,-0.3507625695109091,-0.3863145362153758,-0.1765363114274892,-0.1563245402992436,-0.06589302738259833,0.04817712845726106,0.18149206898933384,0.20707887932035499,0.31048021233589773,0.4062652179523398,0.4252587347342445,0.42933378999377264,0.37682452209183676,0.438845685426855,0.3766552601816901,0.2578294458361479,0.19119045969940152,0.021609475910152498,0.0076244634087284865,-0.1376446888339184,-0.2551369624146065,-0.37118663132771973,-0.4408761873441141,-0.5603170578783754,-0.5340920879520796,-0.522353301595263,-0.47718255692604455,-0.38178235600890065,-0.27689470788383674,-0.1955947443867309,-0.08144529440241008,0.08533757206880087,0.197327706393744,0.34206493278606004,0.47631857155169666,0.6153090437530182,0.7402207536186555"
15,10.0,0.1,0.2,0.001,13.047643574968019,2.2436527056357853,0.035949529353721976,"0.0,0.1,0.2,0.30000000000000004,0.4,0.5,0.6000000000000001,0.7000000000000001,0.8,0.9,1.0,1.1,1.2000000000000002,1.3,1.4000000000000001,1.5,1.6,1.7000000000000002,1.8,1.9000000000000001,2.0,2.1,2.2,2.3000000000000003,2.4000000000000004,2.5,2.6,2.7,2.8000000000000003,2.9000000000000004,3.0,3.1,3.2,3.3000000000000003,3.4000000000000004,3.5,3.6,3.7,3.8000000000000003,3.9000000000000004,4.0,4.1000000000000005,4.2,4.3,4.4,4.5,4.6000000000000005,4.7,4.800000000000001,4.9,5.0,5.1000000000000005,5.2,5.300000000000001,5.4,5.5,5.6000000000000005,5.7,5.800000000000001,5.9,6.0,6.1000000000000005,6.2,6.300000000000001,6.4,6.5,6.6000000000000005,6.7,6.800000000000001,6.9,7.0,7.1000000000000005,7.2,7.300000000000001,7.4,7.5,7.6000000000000005,7.7,7.800000000000001,7.9,8.0,8.1,8.200000000000001,8.3,8.4,8.5,8.6,8.700000000000001,8.8,8.9,9.0,9.1,9.200000000000001,9.3,9.4,9.5,9.600000000000001,9.700000000000001,9.8,9.9,10.0","0.19585576690505013,0.18787834677174017,0.13055955649602355,0.13747020968123755,0.17914642080209794,0.15635148821590344,-0.04413416675454946,0.011519690747830463,-0.00928120130339851,-0.16821454972063732,-0.1685440137258125,-0.23787321839421827,-0.2425527498926908,-0.2238110215272869,-0.24711912525463436,-0.21258117645002533,-0.19251781580039132,-0.16513865917436618,-0.1129230927321723,-0.048530243198512034,0.0744200511995291,0.05400720968025996,0.1551439699297434,0.191722777632289,0.22864844405262844,0.27521870138573307,0.2546216746671354,0.2824105788339321,0.2330008530280277,0.15174285293727785,0.09618722168190211,0.10319749094200933,0.08195171079434585,0.011458173164054359,-0.049040653635824244,-0.07889359687930622,-0.15948691965332262,-0.24886092026037537,-0.27031258807130665,-0.2956635160435467,-0.2343760137878071,-0.23452860191660224,-0.17762594646535973,-0.11630986832184355,-0.0790638359868938,-0.09084523669321143,0.008807218019399604,0.03421359811374831,0.14273163856352136,0.18046308287420518,0.2732326977062876,0.22626093371082956,0.22544029329002102,0.30641309921601,0.3009800276615671,0.24871676235952278,0.17842320902785774,0.09131297239772546,0.0005535819443002327,0.0156626790030977,-0.1143920596130652,-0.18412437355231487,-0.19025383588954095,-0.20944157627334686,-0.29546573982091406,-0.24440756288926313,-0.2752795934617248,-0.26762873604390014,-0.23882887943187675,-0.15211758548660093,-0.10926604134251787,-0.060253736617938765,0.0021964811962604525,0.1055573139509278,0.12107268650613497,0.16635572696834755,0.28786889123458315,0.2762682967633791,0.2893146915159959,0.3232515735785746,0.33538230280370696,0.2556676024963717,0.20866678686759255,0.17436499758295665,0.11780325696843429,0.07011386107953402,-0.09522637109474091,-0.15080165749652635,-0.22054334730930297,-0.23956699329249917,-0.2508176811857339,-0.3404198033361725,-0.3513063367367642,-0.40530106213679684,-0.35253758489933706,-0.24172423816525918,-0.19301978172265233,-0.11308866594750282,-0.0360328536844424,0.13408413297405397,0.19643231890552262"
16,10.0,0.1,0.2,0.001,11.824955039749755,1.128886176241894,0.02799173822275975,"0.0,0.1,0.2,0.30000000000000004,0.4,0.5,0.6000000000000001,0.7000000000000001,0.8,0.9,1.0,1.1,1.2000000000000002,1.3,1.4000000000000001,1.5,1.6,1.7000000000000002,1.8,1.9000000000000001,2.0,2.1,2.2,2.3000000000000003,2.4000000000000004,2.5,2.6,2.7,2.8000000000000003,2.9000000000000004,3.0,3.1,3.2,3.3000000000000003,3.4000000000000004,3.5,3.6,3.7,3.8000000000000003,3.9000000000000004,4.0,4.1000000000000005,4.2,4.3,4.4,4.5,4.6000000000000005,4.7,4.800000000000001,4.9,5.0,5.1000000000000005,5.2,5.300000000000001,5.4,5.5,5.6000000000000005,5.7,5.800000000000001,5.9,6.0,6.1000000000000005,6.2,6.300000000000001,6.4,6.5,6.6000000000000005,6.7,6.800000000000001,6.9,7.0,7.1000000000000005,7.2,7.300000000000001,7.4,7.5,7.6000000000000005,7.7,7.800000000000001,7.9,8.0,8.1,8.200000000000001,8.3,8.4,8.5,8.6,8.700000000000001,8.8,8.9,9.0,9.1,9.200000000000001,9.3,9.4,9.5,9.600000000000001,9.700000000000001,9.8,9.9,10.0","0.17596080332382802,0.12313688444429627,0.1388760367542224,0.12104053499585991,0.010118623863840402,0.015042109144778902,-0.10108772911042788,-0.1769020379750793,-0.19611791808660742,-0.1666472149322108,-0.212400667541381,-0.24515683756951742,-0.19524725103489848,-0.08393334003013378,-0.0905963378915918,0.055601538093535116,0.08166118852527735,0.13525745892408858,0.25258547672568177,0.2953638062418674,0.20995382277919872,0.2176714793349314,0.11582234638016908,0.10765678702871255,-0.042383811262717,-0.042136836004607936,-0.15208017690297582,-0.23671760421090302,-0.15967900067315752,-0.1904797339773628,-0.1922906523654133,-0.19571138477594321,-0.16366084936018238,-0.09047775820299153,-0.04474599378815644,0.08861023121109114,0.12483877454835525,0.22869546589823064,0.24586450504721505,0.24568593758774898,0.23615624688860035,0.19223739532504336,0.1331329454862386,0.07440685095922812,-0.02369221609497913,-0.08865250476479675,-0.13882453535877284,-0.19351763331426955,-0.18716893773573617,-0.17310396220569155,-0.20937931060005685,-0.14435355774051664,-0.09780279792970772,0.0032810990103567805,0.01336639449562944,0.1656822779099688,0.14806001549836326,0.18492361814197927,0.2604319112288765,0.2199592816409502,0.17386853045975875,0.15597599861062697,0.07341875749216478,0.02140563147419316,-0.05616041585387911,-0.10380046209273237,-0.1740025534513035,-0.16718229503002013,-0.27664652406446905,-0.18604855167543477,-0.13928643286841447,-0.18863372217814395,-0.08063274339901737,-0.03176681817172426,0.06033361708786089,0.16269633510267825,0.20096822663338626,0.2474194624436337,0.22338034619050093,0.2203317835550009,0.1661541964020392,0.15529622999791245,0.06291156637192329,-0.039831031949413905,-0.13052369039096418,-0.1775823396278718,-0.19456599544402095,-0.22711498623540516,-0.23011287164818678,-0.23593077875202229,-0.10559496005420375,-0.09062992746389785,-0.03879767489777673,0.06948947879594279,0.13224323753515702,0.21050494502766162,0.24927563610896636,0.2976675319118617,0.29027768531138315,0.26576600527130184,0.18439816685299737"
17,10.0,0.1,0.2,0.001,5.073622697510055,4.041159698759623,0.06983657709328289,"0.0,0.1,0.2,0.30000000000000004,0.4,0.5,0.6000000000000001,0.7000000000000001,0.8,0.9,1.0,1.1,1.2000000000000002,1.3,1.4000000000000001,1.5,1.6,1.7000000000000002,1.8,1.9000000000000001,2.0,2.1,2.2,2.3000000000000003,2.4000000000000004,2.5,2.6,2.7,2.8000000000000003,2.9000000000000004,3.0,3.1,3.2,3.3000000000000003,3.4000000000000004,3.5,3.6,3.7,3.8000000000000003,3.9000000000000004,4.0,4.1000000000000005,4.2,4.3,4.4,4.5,4.6000000000000005,4.7,4.800000000000001,4.9,5.0,5.1000000000000005,5.2,5.300000000000001,5.4,5.5,5.6000000000000005,5.7,5.800000000000001,5.9,6.0,6.1000000000000005,6.2,6.300000000000001,6.4,6.5,6.6000000000000005,6.7,6.800000000000001,6.9,7.0,7.1000000000000005,7.2,7.300000000000001,7.4,7.5,7.6000000000000005,7.7,7.800000000000001,7.9,8.0,8.1,8.200000000000001,8.3,8.4,8.5,8.6,8.700000000000001,8.8,8.9,9.0,9.1,9.200000000000001,9.3,9.4,9.5,9.600000000000001,9.700000000000001,9.8,9.9,10.0","0.14721262011806263,0.21656336739218685,0.2083205042987925,0.13822829455053828,0.20034772411192137,0.13188673945391102,0.1294102697831503,0.22113797887696696,0.11240041370338233,0.05943834527061326,0.10091119369279852,0.08313728546480983,0.06947209562986534,0.016840719099120258,0.01487306448614302,-0.01904379808102944,-0.04024336929336464,-0.021446840239841808,-0.0698584127556621,-0.09955769518764167,-0.1440349845383916,-0.11328699889753933,-0.21389289097057823,-0.18349902418846184,-0.1346584104414323,-0.23629831346404845,-0.21970377102707941,-0.22248449088801087,-0.17956373308699244,-0.27063556263281774,-0.2370720387474809,-0.2084626090640552,-0.3191374196779907,-0.18397939384538625,-0.2021759934535597,-0.19535766334212598,-0.24982199512642433,-0.18776792403844647,-0.08510395263094511,-0.07593834461052759,-0.10632206070620781,-0.020360456602738837,-0.054894221932983135,-0.016741523930420037,0.06376214059092106,0.02702610376247702,0.0815300115297814,0.1340833134231945,0.17109984082667057,0.20762563386034738,0.16958211980051455,0.15009414953937944,0.2231228839600132,0.25860286717731984,0.23840527990236732,0.2792017715368703,0.28576959132898494,0.26591669709541155,0.2700798898079959,0.25673008959050037,0.2773565534258997,0.21434362424101885,0.29137307766702175,0.23761366106507942,0.23593229219498404,0.15519904222756786,0.12244631686494017,0.11154617531763089,0.15158250376816435,0.0574451741571889,0.06792172043643885,0.005519214576398775,-0.025644552134150775,0.0035738303098650365,-0.06330098957128633,-0.15200519308386878,-0.09621455970032082,-0.12859482404058858,-0.19120330547270595,-0.24130128394336703,-0.21484514666044768,-0.2693303494224998,-0.28811956410578615,-0.3377240026998223,-0.28735953753383237,-0.3774802910603584,-0.27926736795446533,-0.3250505010321303,-0.31445451986050676,-0.3043823736782069,-0.33032130893831163,-0.2508594090955245,-0.30313646709437314,-0.22088139395304013,-0.16384497283531627,-0.1622418324032913,-0.09808803765632867,-0.12133170371109718,-0.08194461051907845,-0.06759230498167396,-0.05006719168802965"
18,10.0,0.1,0.2,0.001,12.051653786263351,4.013280639598856,0.0513024197984506,"0.0,0.1,0.2,0.30000000000000004,0.4,0.5,0.6000000000000001,0.7000000000000001,0.8,0.9,1.0,1.1,1.2000000000000002,1.3,1.4000000000000001,1.5,1.6,1.7000000000000002,1.8,1.9000000000000001,2.0,2.1,2.2,2.3000000000000003,2.4000000000000004,2.5,2.6,2.7,2.8000000000000003,2.9000000000000004,3.0,3.1,3.2,3.3000000000000003,3.4000000000000004,3.5,3.6,3.7,3.8000000000000003,3.9000000000000004,4.0,4.1000000000000005,4.2,4.3,4.4,4.5,4.6000000000000005,4.7,4.800000000000001,4.9,5.0,5.1000000000000005,5.2,5.300000000000001,5.4,5.5,5.6000000000000005,5.7,5.800000000000001,5.9,6.0,6.1000000000000005,6.2,6.300000000000001,6.4,6.5,6.6000000000000005,6.7,6.800000000000001,6.9,7.0,7.1000000000000005,7.2,7.300000000000001,7.4,7.5,7.6000000000000005,7.7,7.800000000000001,7.9,8.0,8.1,8.200000000000001,8.3,8.4,8.5,8.6,8.700000000000001,8.8,8.9,9.0,9.1,9.200000000000001,9.3,9.4,9.5,9.600000000000001,9.700000000000001,9.8,9.9,10.0","0.17085104180371033,0.17847604486131635,0.22496484815973933,0.14392180616484368,0.10957887910676387,0.1882997177285434,0.1405322541107516,0.09590066995854915,0.052378392240271444,-0.020038296801153002,-0.0528127595784622,-0.08412289479642104,-0.024542085453976223,-0.1329041821413745,-0.18369656297675444,-0.17896726011006478,-0.17631124232786832,-0.21580869874345712,-0.2230559390539551,-0.2485798093648023,-0.24449579455988737,-0.3176952126416293,-0.223247773601896,-0.19861502231443,-0.12067045020440745,-0.09779510677339408,-0.054396465047188265,-0.06058983946167365,0.015517470279308204,0.0803759263975174,0.1118798842316897,0.06758618923458092,0.17303892925656483,0.26579352762559516,0.26973803215666947,0.24232451909196295,0.3264932571924087,0.3097248490559526,0.2870578842427435,0.28754179414629333,0.3109134331661977,0.20908920334570935,0.21783549994435641,0.17022117040925977,0.12101322188661395,0.04688823651558273,-0.03562583998374132,-0.12151863982532479,-0.15506802150131443,-0.15943568297486374,-0.18782492888607025,-0.1993083144251901,-0.2215865324763305,-0.25838313693993054,-0.34285680515628186,-0.29411330395353436,-0.259800606591624,-0.29440516709386344,-0.3138876944166678,-0.2448339457918292,-0.14613968597609456,-0.09830372512382754,-0.04579731987957199,-0.057858153296700666,-0.026455593700616616,0.12281637890003731,0.13997742470529945,0.12797791439591444,0.18297648193259944,0.21063325519724607,0.31610293056393146,0.2852794512715916,0.3503872373783384,0.3143928751596499,0.3783926167014086,0.34682330045942805,0.3038677765822066,0.31672763060969683,0.19873498218301988,0.16380254747623957,0.1186566518828477,0.021669881070050724,0.036897845655604666,-0.05162532085888752,-0.11841751625795181,-0.16892350397314837,-0.18174071570044245,-0.2515377981053497,-0.31841853548372673,-0.3910649012055033,-0.39160392528955523,-0.3457068857029157,-0.35307039175916005,-0.32674045794835455,-0.37028745580690015,-0.342590800845475,-0.25187050881152534,-0.16000391356702498,-0.12902499720377286,-0.12210114496395513,-0.09471859113257723"
19,10.0,0.1,0.2,0.001,10.687411959528937,1.1290864915744585,0.02030770661823761,"0.0,0.1,0.2,0.30000000000000004,0.4,0.5,0.6000000000000001,0.7000000000000001,0.8,0.9,1.0,1.1,1.2000000000000002,1.3,1.4000000000000001,1.5,1.6,1.7000000000000002,1.8,1.9000000000000001,2.0,2.1,2.2,2.3000000000000003,2.4000000000000004,2.5,2.6,2.7,2.8000000000000003,2.9000000000000004,3.0,3.1,3.2,3.3000000000000003,3.4000000000000004,3.5,3.6,3.7,3.8000000000000003,3.9000000000000004,4.0,4.1000000000000005,4.2,4.3,4.4,4.5,4.6000000000000005,4.7,4.800000000000001,4.9,5.0,5.1000000000000005,5.2,5.300000000000001,5.4,5.5,5.6000000000000005,5.7,5.800000000000001,5.9,6.0,6.1000000000000005,6.2,6.300000000000001,6.4,6.5,6.6000000000000005,6.7,6.800000000000001,6.9,7.0,7.1000000000000005,7.2,7.300000000000001,7.4,7.5,7.6000000000000005,7.7,7.800000000000001,7.9,8.0,8.1,8.200000000000001,8.3,8.4,8.5,8.6,8.700000000000001,8.8,8.9,9.0,9.1,9.200000000000001,9.3,9.4,9.5,9.600000000000001,9.700000000000001,9.8,9.9,10.0","0.18635491256840378,0.2083649411715879,0.16654800005443995,0.15656517820307098,0.07662866537092594,0.030654222225620014,-0.08632068068717055,-0.15180062832691318,-0.1598903562679106,-0.2273089827926149,-0.20944598630867126,-0.16835432637995743,-0.14822560914442656,-0.14549223453744028,-0.11048691837203012,-0.02229290473348999,-0.033296903412738235,0.08143093990526132,0.20157127663109825,0.21637357275932417,0.22321597367424517,0.17965846340354705,0.18290506890089867,0.15184591232099792,0.11253390174521548,0.05795534167636138,-0.030711631265527686,-0.06844735310078076,-0.1747136365591889,-0.26168772139669255,-0.17944879279878548,-0.2992345863974204,-0.24388350428644606,-0.14773557996952857,-0.1445889252939472,-0.08613167238628634,0.00010651353117309414,0.13707166614906535,0.16044527671047734,0.16210057935255168,0.20292551344040485,0.21114661507054433,0.16223520774988442,0.18687624414980475,0.11516986213138126,0.06650371351517337,-0.010738143106769606,-0.09934253654809932,-0.11204402205589037,-0.1323734245492156,-0.2388412616316231,-0.1865705989098506,-0.2831393425602419,-0.2057701777304137,-0.15060480346363656,-0.09073346107058962,-0.056849631306666926,0.09679383824882398,0.14034846315219296,0.2006191033805995,0.13954275800984167,0.2087942017507094,0.19944172661567316,0.22741007105396738,0.1835021128552898,0.10944020352397815,-0.019799113024681108,0.0015240402377868986,-0.13042463969603005,-0.13907742219652133,-0.20756539983541236,-0.2180283436723974,-0.21494984128982408,-0.2097992814103882,-0.20523251459130604,-0.10354175710147973,-0.04182121336682161,0.056904476818056715,0.06029605330845621,0.16579430223306366,0.19333680809181697,0.2998603730191557,0.2454299056964998,0.18823705447945271,0.1917583745463787,0.1696946331341519,0.08923836257711469,-0.02765655397020496,-0.11418245778883657,-0.2003661731344865,-0.20082114862574224,-0.2329891888437563,-0.2365986740477584,-0.32561207828863575,-0.21121090451673333,-0.14587154936734986,-0.02378560772072419,0.008721430602121475,0.07368442519545954,0.163104511068466,0.22271355921218766"
20,10.0,0.1,0.2,0.001,11.684029617904717,2.619932927644096,0.060871249583307,"0.0,0.1,0.2,0.30000000000000004,0.4,0.5,0.6000000000000001,0.7000000000000001,0.8,0.9,1.0,1.1,1.2000000000000002,1.3,1.4000000000000001,1.5,1.6,1.7000000000000002,1.8,1.9000000000000001,2.0,2.1,2.2,2.3000000000000003,2.4000000000000004,2.5,2.6,2.7,2.8000000000000003,2.9000000000000004,3.0,3.1,3.2,3.3000000000000003,3.4000000000000004,3.5,3.6,3.7,3.8000000000000003,3.9000000000000004,4.0,4.1000000000000005,4.2,4.3,4.4,4.5,4.6000000000000005,4.7,4.800000000000001,4.9,5.0,5.1000000000000005,5.2,5.300000000000001,5.4,5.5,5.6000000000000005,5.7,5.800000000000001,5.9,6.0,6.1000000000000005,6.2,6.300000000000001,6.4,6.5,6.6000000000000005,6.7,6.800000000000001,6.9,7.0,7.1000000000000005,7.2,7.300000000000001,7.4,7.5,7.6000000000000005,7.7,7.800000000000001,7.9,8.0,8.1,8.200000000000001,8.3,8.4,8.5,8.6,8.700000000000001,8.8,8.9,9.0,9.1,9.200000000000001,9.3,9.4,9.5,9.600000000000001,9.700000000000001,9.8,9.9,10.0","0.1996102357974775,0.17888642781397446,0.17337929612371242,0.19680985486781796,0.09756131789109326,0.13590599662670283,0.02606701694938182,0.03880072334765755,-0.03364781013785745,-0.007733655582569936,-0.0995996624936419,-0.12590635475575493,-0.1795365154734184,-0.1947507546181987,-0.20503191220848968,-0.25422136398585843,-0.26034215723279736,-0.23693646486735426,-0.18631781329576808,-0.175239161387024,-0.1564729793428398,-0.09120042533288855,-0.08056972650435351,0.04013531374780811,0.04184585189886071,0.13371463987363802,0.1261102491437531,0.16968004692641558,0.15290503113351717,0.25655209696799697,0.2865222423199084,0.2553013216667935,0.2799706732925582,0.23973872932468962,0.13997498757473292,0.09933858418216275,0.11153802639451138,0.030953022505942895,-0.01638768111653854,-0.05847526023582809,-0.13809754316941553,-0.2526270150498559,-0.24825921977725568,-0.28980463167654624,-0.2812349723252174,-0.24244736063678252,-0.2869898286293393,-0.2556499035830681,-0.2232815207657499,-0.24010996600395837,-0.14922559377839795,-0.07285124541701074,-0.04166954061317049,0.07801330330124234,0.06727761708538188,0.12171037663304422,0.24556695622475644,0.2671994519575046,0.28647332465424524,0.2873260714154725,0.31641560075390784,0.2956331509951115,0.2590253266730431,0.25009700961068976,0.16112956496986172,0.13970491214640826,0.08594378611293291,0.0013963176235785284,-0.05565286440571059,-0.07101725935835104,-0.15573866380851473,-0.2509965916460993,-0.22662747072200456,-0.25882382064783865,-0.30064414840217646,-0.3374301589594149,-0.2946218255404179,-0.25357069541078475,-0.14365010216994234,-0.185964227838141,-0.10466588848104388,-0.06524322015614278,0.02285752776230785,0.03127024549802136,0.12946072774672784,0.19082562293795682,0.3015192093572047,0.2498864111864495,0.24470797542263734,0.2898938512162515,0.26087153138699154,0.31614284016734023,0.2814209214863087,0.1998463337531412,0.15954064879572405,0.10847728265579949,0.05520981021272517,0.032608382702595556,-0.11072378755984753,-0.16189530677936972,-0.1890292182394922"
21,10.0,0.1,0.2,0.001,12.649988574160256,3.3562324400026586,0.05982214605921963,"0.0,0.1,0.2,0.30000000000000004,0.4,0.5,0.6000000000000001,0.7000000000000001,0.8,0.9,1.0,1.1,1.2000000000000002,1.3,1.4000000000000001,1.5,1.6,1.7000000000000002,1.8,1.9000000000000001,2.0,2.1,2.2,2.3000000000000003,2.4000000000000004,2.5,2.6,2.7,2.8000000000000003,2.9000000000000004,3.0,3.1,3.2,3.3000000000000003,3.4000000000000004,3.5,3.6,3.7,3.8000000000000003,3.9000000000000004,4.0,4.1000000000000005,4.2,4.3,4.4,4.5,4.6000000000000005,4.7,4.800000000000001,4.9,5.0,5.1000000000000005,5.2,5.300000000000001,5.4,5.5,5.6000000000000005,5.7,5.800000000000001,5.9,6.0,6.1000000000000005,6.2,6.300000000000001,6.4,6.5,6.6000000000000005,6.7,6.800000000000001,6.9,7.0,7.1000000000000005,7.2,7.300000000000001,7.4,7.5,7.6000000000000005,7.7,7.800000000000001,7.9,8.0,8.1,8.200000000000001,8.3,8.4,8.5,8.6,8.700000000000001,8.8,8.9,9.0,9.1,9.200000000000001,9.3,9.4,9.5,9.600000000000001,9.700000000000001,9.8,9.9,10.0","0.13235955588402692,0.23142243738124385,0.1862943932357324,0.15807388021215743,0.16354192872356837,0.10366641184178212,0.11436160685616927,0.012228212999318235,-0.02259106365992081,-0.009227968947081984,-0.06434470477833294,-0.1333109762793967,-0.1266012074570368,-0.14664898112697566,-0.22052452153635174,-0.2099235525095077,-0.25392728925078284,-0.2494464068978133,-0.24598642515179628,-0.19919469363020942,-0.1926141943165414,-0.16610928260085042,-0.11431983456270402,-0.09897260204481964,0.009000212763603261,0.05001450060711035,0.07400670065030875,0.14527716369624144,0.17394758501871194,0.16307768361383368,0.2676954475254921,0.2334378681479528,0.2863991374740754,0.2904417272236404,0.2687179373945656,0.33426240310532473,0.32800130377669795,0.18054034981053008,0.1481023562655015,0.0666657890990265,0.051405237633337944,-0.08065887140694028,-0.07731276834216438,-0.1555953027749392,-0.1899613943828743,-0.21538683271720516,-0.2728236718554172,-0.40066952782429355,-0.28621251364021255,-0.3269652240976435,-0.32417526069015273,-0.28952814532974536,-0.1851707547968447,-0.22856797573812468,-0.11405535605917269,-0.05572460267228816,-0.037046769059241084,0.03679583313114611,0.05699294405021069,0.13517042212275238,0.21517834291506321,0.26498905261483974,0.30946621009654735,0.31623388593773805,0.3378592130389069,0.3636833378767464,0.419912519797674,0.3066886551021328,0.2636106580643086,0.26185381308830274,0.13690066159233155,0.16094242849528564,0.14438345022001042,-0.051688695607203655,-0.06817906709207117,-0.16482852712048204,-0.2095057687503858,-0.27253311803620045,-0.3503583628039617,-0.3765359119038272,-0.36012071646549776,-0.43247956739374316,-0.43250302813975267,-0.3328981618448851,-0.33446001802838027,-0.3288283206159458,-0.2600358557720476,-0.12413135327892226,-0.14709237380148785,-0.08440652225283174,0.05532904120165557,0.12194471833410425,0.2628300918640188,0.293115627988476,0.3329632623575423,0.4056720461666514,0.46405025492669827,0.462108537025746,0.40109174123437824,0.4671199897330623,0.44712763839262"
22,10.0,0.1,0.2,0.001,10.592071607454136,1.8677754412817549,0.012773605111114547,"0.0,0.1,0.2,0.30000000000000004,0.4,0.5,0.6000000000000001,0.7000000000000001,0.8,0.9,1.0,1.1,1.2000000000000002,1.3,1.4000000000000001,1.5,1.6,1.7000000000000002,1.8,1.9000000000000001,2.0,2.1,2.2,2.3000000000000003,2.4000000000000004,2.5,2.6,2.7,2.8000000000000003,2.9000000000000004,3.0,3.1,3.2,3.3000000000000003,3.4000000000000004,3.5,3.6,3.7,3.8000000000000003,3.9000000000000004,4.0,4.1000000000000005,4.2,4.3,4.4,4.5,4.6000000000000005,4.7,4.800000000000001,4.9,5.0,5.1000000000000005,5.2,5.300000000000001,5.4,5.5,5.6000000000000005,5.7,5.800000000000001,5.9,6.0,6.1000000000000005,6.2,6.300000000000001,6.4,6.5,6.6000000000000005,6.7,6.800000000000001,6.9,7.0,7.1000000000000005,7.2,7.300000000000001,7.4,7.5,7.6000000000000005,7.7,7.800000000000001,7.9,8.0,8.1,8.200000000000001,8.3,8.4,8.5,8.6,8.700000000000001,8.8,8.9,9.0,9.1,9.200000000000001,9.3,9.4,9.5,9.600000000000001,9.700000000000001,9.8,9.9,10.0","0.2347952664970317,0.1341543362293169,0.14368088722669134,0.22468557500915323,0.059421517918558514,0.06327635756908641,-0.0048721169069235945,-0.04995494322711866,-0.14002123759182683,-0.0868215728862014,-0.13612425558424926,-0.12239773842496052,-0.23497600375002625,-0.1986222881100581,-0.2029704724330374,-0.19494256826158146,-0.18219292999963885,-0.17439175163781245,-0.09183810814259859,-0.05328010798291759,-0.0061219503961084595,0.014834132637113646,0.09139522881094062,0.16428637700043516,0.1338963260364479,0.21563122449844208,0.19306913640405376,0.19357131319985255,0.20654724220399046,0.19567234454851398,0.1345578902486544,0.09612843058079447,0.007515585031721755,-0.03207890533485702,-0.108816617893882,-0.13948132287155507,-0.07937589074629148,-0.11968066274600497,-0.24086651435423428,-0.18897525761344797,-0.223134301750165,-0.21750530851000618,-0.14746152054374204,-0.12161740356101432,-0.13644750454684862,-0.05780471889000673,-0.0063547962572625145,0.08310598684876755,0.05491524477722124,0.17093257484419488,0.15675228566062296,0.18714629254975754,0.22181877962504684,0.2894453602937287,0.24325862617671493,0.18134618809482142,0.19222772454259499,0.10926701383129815,0.046858471443617884,-0.038157343348145356,-0.0044542188812671975,-0.11976259593166616,-0.07209530009116422,-0.13202338886413714,-0.18719671777843003,-0.20029232289266943,-0.23618546035129906,-0.2177395823129741,-0.25360402276620425,-0.17258125977314803,-0.18641786620196005,-0.05988181371187429,-0.03302615337469217,-0.004715655727460622,0.06950742073455783,0.15289933555291502,0.13457371284075428,0.19583561992263523,0.19285637866565083,0.22518944898781895,0.21926920150189966,0.25581258335034807,0.15983317187820975,0.17060193936983903,0.05196998137611244,0.043241156401652873,-0.06160101666366506,-0.16122397024212917,-0.12820347673174226,-0.17413874386535028,-0.22669425000361587,-0.24487931953030342,-0.1759302160492538,-0.24787605000700297,-0.19470660467688175,-0.14825083013223184,-0.10721210525576086,-0.13172541834595214,-0.09854495459189036,0.045987222899879866,0.04776923016856296"
23,10.0,0.1,0.2,0.001,9.367173892323624,1.4656310276878814,0.04676757793521726,"0.0,0.1,0.2,0.30000000000000004,0.4,0.5,0.6000000000000001,0.7000000000000001,0.8,0.9,1.0,1.1,1.2000000000000002,1.3,1.4000000000000001,1.5,1.6,1.7000000000000002,1.8,1.9000000000000001,2.0,2.1,2.2,2.3000000000000003,2.4000000000000004,2.5,2.6,2.7,2.8000000000000003,2.9000000000000004,3.0,3.1,3.2,3.3000000000000003,3.4000000000000004,3.5,3.6,3.7,3.8000000000000003,3.9000000000000004,4.0,4.1000000000000005,4.2,4.3,4.4,4.5,4.6000000000000005,4.7,4.800000000000001,4.9,5.0,5.1000000000000005,5.2,5.300000000000001,5.4,5.5,5.6000000000000005,5.7,5.800000000000001,5.9,6.0,6.1000000000000005,6.2,6.300000000000001,6.4,6.5,6.6000000000000005,6.7,6.800000000000001,6.9,7.0,7.1000000000000005,7.2,7.300000000000001,7.4,7.5,7.6000000000000005,7.7,7.800000000000001,7.9,8.0,8.1,8.200000000000001,8.3,8.4,8.5,8.6,8.700000000000001,8.8,8.9,9.0,9.1,9.200000000000001,9.3,9.4,9.5,9.600000000000001,9.700000000000001,9.8,9.9,10.0","0.1736372035373929,0.17650793304981796,0.156574910280896,0.14562127834699656,0.1596917135025228,0.10741942913142642,-0.021559406201110437,-0.024019715791897097,-0.08220586868652849,-0.18655212274767358,-0.17224049633813537,-0.2417786588506383,-0.16074128554214062,-0.2329540956788049,-0.24760877390885888,-0.1820135372115869,-0.16715796171363603,-0.1154184055806812,-0.06565614254840184,0.004549702384944837,0.02903438176935754,0.1126010641508927,0.09251484582498762,0.2633476397887359,0.28709679878681427,0.31583402176150793,0.2575852993196037,0.24711730853831138,0.20488486626585484,0.1430831372305694,0.1023397421699646,0.006448460005167113,-0.06432936963829329,-0.08597706816039694,-0.19973029311853716,-0.23215739821470913,-0.32479129677801644,-0.31370128693404004,-0.32641000742384335,-0.2865962316217852,-0.2557154954396727,-0.16533625125986265,-0.12113817473723015,-0.042124554886487475,0.014399666307867215,0.069672305405238,0.1954972466788138,0.25897142780607646,0.2704299149773154,0.3123938687985917,0.23713183433318186,0.31036975912176573,0.23642953832905822,0.1925598604357789,0.173980366941478,0.12447327678875612,-0.0005184321947237364,-0.06538567159739789,-0.12324600403329138,-0.2010695664276162,-0.27648170924827176,-0.27579612894782946,-0.30796892586118974,-0.28531905625958004,-0.28771607104896757,-0.22929666370645083,-0.2079478583146778,-0.13446673640540582,-0.015462597842944237,0.02993396969955154,0.13976688326023048,0.11654831940030888,0.18190325080007314,0.24567074130673627,0.30646941309997194,0.2920554437842012,0.32091472955949346,0.27408279314273176,0.24638117354207204,0.13525493335616934,0.11277104483853041,0.03774327773951927,-0.0780124300676332,-0.11121850908323139,-0.21227746590164606,-0.33183972268429585,-0.3633610564210834,-0.406196368691892,-0.3287181495022273,-0.32262095125156426,-0.29538920106345323,-0.289040657201682,-0.11834097186491799,-0.07813857329976169,0.04320214255685023,0.09801738415193538,0.21926730982400647,0.269789822330361,0.33198855171163905,0.4206017324909812,0.4514324513978346"
24,10.0,0.1,0.2,0.001,13.53403073268166,1.5527276863940334,0.015247246752015942,"0.0,0.1,0.2,0.30000000000000004,0.4,0.5,0.6000000000000001,0.7000000000000001,0.8,0.9,1.0,1.1,1.2000000000000002,1.3,1.4000000000000001,1.5,1.6,1.7000000000000002,1.8,1.9000000000000001,2.0,2.1,2.2,2.3000000000000003,2.4000000000000004,2.5,2.6,2.7,2.8000000000000003,2.9000000000000004,3.0,3.1,3.2,3.3000000000000003,3.4000000000000004,3.5,3.6,3.7,3.8000000000000003,3.9000000000000004,4.0,4.1000000000000005,4.2,4.3,4.4,4.5,4.6000000000000005,4.7,4.800000000000001,4.9,5.0,5.1000000000000005,5.2,5.300000000000001,5.4,5.5,5.6000000000000005,5.7,5.800000000000001,5.9,6.0,6.1000000000000005,6.2,6.300000000000001,6.4,6.5,6.6000000000000005,6.7,6.800000000000001,6.9,7.0,7.1000000000000005,7.2,7.300000000000001,7.4,7.5,7.6000000000000005,7.7,7.800000000000001,7.9,8.0,8.1,8.200000000000001,8.3,8.4,8.5,8.6,8.700000000000001,8.8,8.9,9.0,9.1,9.200000000000001,9.3,9.4,9.5,9.600000000000001,9.700000000000001,9.8,9.9,10.0","0.24476565678893913,0.1599411688233615,0.15199232132851156,0.10693101021890493,0.08985231895183932,0.07039151500092115,-0.13276288511748674,-0.05364326965299736,-0.1250562003175055,-0.17280868279436368,-0.10887911830455918,-0.17379560791424384,-0.15617497034728206,-0.11874897645678786,-0.12360416064870944,-0.06314860955710869,-0.005377506541259676,0.04296489477530249,0.11803368045337224,0.14551714223528528,0.190379870604892,0.21392774539412968,0.1823489283266258,0.17034590601847321,0.14506258316838233,0.06787877243036149,0.09051395897217038,-0.01433158612580524,-0.08217361999500936,-0.15179494653731085,-0.2245116518822203,-0.1679485923719566,-0.25886714438050057,-0.18808347021597327,-0.21145115246147533,-0.10678433968636475,-0.04215606136121161,-0.0012551035496014742,0.05194003243500794,0.0938461284906767,0.16608819034455238,0.13490784238860576,0.15906964764917522,0.22295867433428884,0.19495561443863435,0.18128975039907416,0.12268147017537555,0.09619017994348447,0.031815685328982476,-0.04463987256138499,-0.10582850318197255,-0.18640232057711026,-0.20523945961266513,-0.23957176023401963,-0.18067321785100252,-0.22449501009600648,-0.1634996785429486,-0.04884401603781386,-0.036260014342492146,0.02706083075335782,0.0917236589835755,0.20280351440257055,0.21379914455357413,0.18722514489624079,0.2086318239299905,0.2515397615948338,0.18678522932354374,0.17189977514541,0.12294178656314136,-0.018389904318422346,-0.018957562295204587,-0.048556519524465755,-0.22618283155419852,-0.18912632595135076,-0.23486058409692087,-0.23041215268268447,-0.2146676923085031,-0.09466115555718108,-0.12084107412223835,-0.01932496285402117,0.03380518443848815,0.09299356469524958,0.13731308308463303,0.13451515391992996,0.2288335636898308,0.23928181562394782,0.1721301410640903,0.20225316133249047,0.093388609175803,0.08270193801594966,0.05902568483793186,0.011202464211690244,-0.13423437032345567,-0.19957133525936893,-0.24062098900733453,-0.16743785153243498,-0.21457252745479527,-0.2561390400324926,-0.156675297280412,-0.13046197044823002,-0.07465978079772283"
25,10.0,0.1,0.2,0.001,7.813838920219966,1.8211719099500763,0.06957248632542055,"0.0,0.1,0.2,0.30000000000000004,0.4,0.5,0.6000000000000001,0.7000000000000001,0.8,0.9,1.0,1.1,1.2000000000000002,1.3,1.4000000000000001,1.5,1.6,1.7000000000000002,1.8,1.9000000000000001,2.0,2.1,2.2,2.3000000000000003,2.4000000000000004,2.5,2.6,2.7,2.8000000000000003,2.9000000000000004,3.0,3.1,3.2,3.3000000000000003,3.4000000000000004,3.5,3.6,3.7,3.8000000000000003,3.9000000000000004,4.0,4.1000000000000005,4.2,4.3,4.4,4.5,4.6000000000000005,4.7,4.800000000000001,4.9,5.0,5.1000000000000005,5.2,5.300000000000001,5.4,5.5,5.6000000000000005,5.7,5.800000000000001,5.9,6.0,6.1000000000000005,6.2,6.300000000000001,6.4,6.5,6.6000000000000005,6.7,6.800000000000001,6.9,7.0,7.1000000000000005,7.2,7.300000000000001,7.4,7.5,7.6000000000000005,7.7,7.800000000000001,7.9,8.0,8.1,8.200000000000001,8.3,8.4,8.5,8.6,8.700000000000001,8.8,8.9,9.0,9.1,9.200000000000001,9.3,9.4,9.5,9.600000000000001,9.700000000000001,9.8,9.9,10.0","0.23568700390971115,0.20029775157019175,0.1611954964037187,0.21412404408331948,0.15348918800268702,0.10368646961995849,0.10097570906654217,0.08348458961293526,-0.028298624549397054,-0.08425865191850851,-0.11382676058299443,-0.17236412065368045,-0.224147603628403,-0.2530037392447811,-0.1965980675835403,-0.303497165318655,-0.26712608304725644,-0.2656836686355283,-0.1710413007559719,-0.18259660641321102,-0.15374177320583346,-0.09491112195877686,-0.11467646064912743,-0.04800557010140456,0.02361379930127586,0.12286110628493124,0.16552616990610305,0.19180099279977045,0.24201871585521428,0.22197297578704903,0.27509322576739836,0.2889533339102751,0.23592752829544517,0.2765228419636676,0.18812998940839304,0.13912284959175972,0.14302036529141363,0.06311084332937776,-0.0114419332901523,-0.12068757067023023,-0.0733690214983937,-0.1560063118473831,-0.23748495397120958,-0.21196477835183578,-0.283652019643701,-0.21826564091790052,-0.29698876151069153,-0.28535923904873906,-0.2112142699384059,-0.22794171291431348,-0.2337155248757899,-0.12943531769293876,-0.05002423487997216,-0.0486807489415983,0.028008125531053422,0.04877991608665448,0.12791941208226978,0.17975160863697623,0.2033518456087245,0.27829739472120957,0.3358268659258115,0.28527593174964705,0.27868485415487426,0.2825778502918301,0.249203151786595,0.16095146919669748,0.15854785011277944,0.11726845802654708,0.01130574133599022,-0.04284775004844562,-0.13424248782003606,-0.14229025344860202,-0.23799334458955884,-0.22801217296035697,-0.32264892716979177,-0.3179697271193589,-0.3781984784643076,-0.31478322937614284,-0.36090586612706876,-0.2578801762094427,-0.23018904170117416,-0.19930821896359704,-0.10809003420328317,-0.028850087650860105,-0.005089489893718692,0.10115785146046166,0.133057871127994,0.25520976746606205,0.35743860716308173,0.30869685817878834,0.3717174495348762,0.37598781175463775,0.3619310736423561,0.3660938678972027,0.3253541977556912,0.31497515315630237,0.27737334227287136,0.19871157542799467,0.1195087364982696,0.028210105820703095,-0.10736491622426911"
26,10.0,0.1,0.2,0.001,10.570321523412783,4.02754194097886,0.06978821862946488,"0.0,0.1,0.2,0.30000000000000004,0.4,0.5,0.6000000000000001,0.7000000000000001,0.8,0.9,1.0,1.1,1.2000000000000002,1.3,1.4000000000000001,1.5,1.6,1.7000000000000002,1.8,1.9000000000000001,2.0,2.1,2.2,2.3000000000000003,2.4000000000000004,2.5,2.6,2.7,2.8000000000000003,2.9000000000000004,3.0,3.1,3.2,3.3000000000000003,3.4000000000000004,3.5,3.6,3.7,3.8000000000000003,3.9000000000000004,4.0,4.1000000000000005,4.2,4.3,4.4,4.5,4.6000000000000005,4.7,4.800000000000001,4.9,5.0,5.1000000000000005,5.2,5.300000000000001,5.4,5.5,5.6000000000000005,5.7,5.800000000000001,5.9,6.0,6.1000000000000005,6.2,6.300000000000001,6.4,6.5,6.6000000000000005,6.7,6.800000000000001,6.9,7.0,7.1000000000000005,7.2,7.300000000000001,7.4,7.5,7.6000000000000005,7.7,7.800000000000001,7.9,8.0,8.1,8.200000000000001,8.3,8.4,8.5,8.6,8.700000000000001,8.8,8.9,9.0,9.1,9.200000000000001,9.3,9.4,9.5,9.600000000000001,9.700000000000001,9.8,9.9,10.0","0.17013303492390452,0.20371572478989822,0.15452732376072964,0.21651036034955165,0.18430810326837288,0.15492188577987404,0.1353718507788734,0.11583531728085247,0.07677552504767647,0.06077311589973156,0.032984524629906455,-0.02245387180504911,-0.04390994222203938,-0.0523444689431341,-0.14117620837394787,-0.16999656310563135,-0.11985011331889411,-0.19056861774742326,-0.23037800964446642,-0.2311409487959156,-0.26381212679651206,-0.21721599170196915,-0.22401255447342436,-0.17779021254470498,-0.2049654136034652,-0.16963901977709545,-0.16466678543642194,-0.15094291443950347,-0.06107334285271392,-0.02034656998786443,-0.011458841860646959,0.029559282081942487,0.03153977750392816,0.07158138327594928,0.14296115423163563,0.16385033672609361,0.23140335870120413,0.2503846822073344,0.26613078173278476,0.39677050697158817,0.33890080813154516,0.3126557679453699,0.38440816294165514,0.3243244589208091,0.25319244552681863,0.24901392958105972,0.18500684830894382,0.12897815185387962,0.07224309902236219,0.010501524746934925,-0.005558354902758442,-0.06734799463905503,-0.13940399847343896,-0.1954067975395884,-0.24885008264721514,-0.32261528920498683,-0.2619927259106861,-0.32815485409468365,-0.39601444439811107,-0.3037482111985657,-0.37280941788035554,-0.3374607368712897,-0.328687823363114,-0.25583612354665086,-0.25830933529433625,-0.202439201584186,-0.1998974524755495,-0.08643666913805505,0.04587118407120431,0.03203702335663931,0.138506944727111,0.23288067326969888,0.25018322805491316,0.16761167181100667,0.2567992066587772,0.32802478167399973,0.3538879120820421,0.3903905530132417,0.45224047759019165,0.45104181961693346,0.49877323054419836,0.3896455995949012,0.3681241566384047,0.3106573173744833,0.2804910219616579,0.1861276067988201,0.1435992612399925,0.0047268100893384304,0.0018457731773382571,-0.08805759971288084,-0.16169262007322494,-0.2629916631085952,-0.30028258596498364,-0.3264707116462137,-0.48248011765631277,-0.44527727693635,-0.46769982570941904,-0.5482238545361628,-0.6013014226726527,-0.5264373632924936,-0.5676940781581723"
27,10.0,0.1,0.2,0.001,9.063868614400706,4.163091730997156,0.025027562791693353,"0.0,0.1,0.2,0.30000000000000004,0.4,0.5,0.6000000000000001,0.7000000000000001,0.8,0.9,1.0,1.1,1.2000000000000002,1.3,1.4000000000000001,1.5,1.6,1.7000000000000002,1.8,1.9000000000000001,2.0,2.1,2.2,2.3000000000000003,2.4000000000000004,2.5,2.6,2.7,2.8000000000000003,2.9000000000000004,3.0,3.1,3.2,3.3000000000000003,3.4000000000000004,3.5,3.6,3.7,3.8000000000000003,3.9000000000000004,4.0,4.1000000000000005,4.2,4.3,4.4,4.5,4.6000000000000005,4.7,4.800000000000001,4.9,5.0,5.1000000000000005,5.2,5.300000000000001,5.4,5.5,5.6000000000000005,5.7,5.800000000000001,5.9,6.0,6.1000000000000005,6.2,6.300000000000001,6.4,6.5,6.6000000000000005,6.7,6.800000000000001,6.9,7.0,7.1000000000000005,7.2,7.300000000000001,7.4,7.5,7.6000000000000005,7.7,7.800000000000001,7.9,8.0,8.1,8.200000000000001,8.3,8.4,8.5,8.6,8.700000000000001,8.8,8.9,9.0,9.1,9.200000000000001,9.3,9.4,9.5,9.600000000000001,9.700000000000001,9.8,9.9,10.0","0.22895087645464215,0.1837037523238388,0.23294341301789212,0.1711831163991115,0.1293799335791614,0.17796816984264616,0.18093100626578537,0.15051008986143669,0.1158317451612583,0.08050500006001456,0.02015293028627237,-0.021291323600696726,-0.06339634011575315,-0.030628801346251636,-0.1396363993162112,-0.12907928596474144,-0.16878871916526,-0.23609044072834845,-0.2506562949446593,-0.19734831031362687,-0.18523740921395804,-0.26154025295140515,-0.20068246646025403,-0.2539306278543157,-0.27140064842996203,-0.23193409600222825,-0.1701008881203732,-0.21925009397851725,-0.12641750419526954,-0.0919910660094896,-0.10105458193091169,0.012051401552446508,0.006090567945081565,0.0076758323769333045,0.024273916100472873,0.020223416582150655,0.10085235645086806,0.14290209667202308,0.2185007867291384,0.1886136554453517,0.2050699468265096,0.17726734917938963,0.22120896299876952,0.22496620948002558,0.22721589743569293,0.2404508087207776,0.15295069392965016,0.140382709717739,0.19294936523799056,0.15087509005474703,0.15515414855567633,0.0015559560837724445,0.053635994445529474,-0.024522137467241124,-0.043051502530918453,-0.01922884899229188,-0.10876670480911757,-0.05769455018841934,-0.09577052108697849,-0.22521835444838106,-0.20920029855499425,-0.20669428038401932,-0.16842284945951058,-0.2580020486872575,-0.23969254842753568,-0.29457319726198844,-0.29901656860182163,-0.1958512057130128,-0.2222428952879649,-0.18340207220697713,-0.1586718588628844,-0.1277623331358439,-0.04580218306809257,-0.07491169778749125,-0.0023633974487939635,0.05479266357970548,0.07219889091380974,0.042551462478220274,0.13415912717903575,0.12236689314415998,0.22186275642528658,0.2507022612488736,0.23244328386240717,0.29452035076550415,0.30638523310934956,0.2998637188326077,0.2780640419447562,0.23904408592664306,0.19972755580258067,0.2403483437903797,0.21810138740901647,0.21454557397094465,0.1526722574176602,0.1521934085938231,0.1565133915944277,0.08112668116616623,0.013552579626464093,-0.02410288262485619,-0.11690752743395846,-0.1174022942028446,-0.1549517309894725"
28,10.0,0.1,0.2,0.001,5.227120731338605,0.9052153734903878,0.07501234155368053,"0.0,0.1,0.2,0.30000000000000004,0.4,0.5,0.6000000000000001,0.7000000000000001,0.8,0.9,1.0,1.1,1.2000000000000002,1.3,1.4000000000000001,1.5,1.6,1.7000000000000002,1.8,1.9000000000000001,2.0,2.1,2.2,2.3000000000000003,2.4000000000000004,2.5,2.6,2.7,2.8000000000000003,2.9000000000000004,3.0,3.1,3.2,3.3000000000000003,3.4000000000000004,3.5,3.6,3.7,3.8000000000000003,3.9000000000000004,4.0,4.1000000000000005,4.2,4.3,4.4,4.5,4.6000000000000005,4.7,4.800000000000001,4.9,5.0,5.1000000000000005,5.2,5.300000000000001,5.4,5.5,5.6000000000000005,5.7,5.800000000000001,5.9,6.0,6.1000000000000005,6.2,6.300000000000001,6.4,6.5,6.6000000000000005,6.7,6.800000000000001,6.9,7.0,7.1000000000000005,7.2,7.300000000000001,7.4,7.5,7.6000000000000005,7.7,7.800000000000001,7.9,8.0,8.1,8.200000000000001,8.3,8.4,8.5,8.6,8.700000000000001,8.8,8.9,9.0,9.1,9.200000000000001,9.3,9.4,9.5,9.600000000000001,9.700000000000001,9.8,9.9,10.0","0.22691090093134306,0.21446368288104353,0.17895921222153566,0.17652776273014983,0.1423927993475184,0.13329548295335353,-0.04630367415311661,-0.022507789495782585,-0.11040164898277506,-0.14699112715634755,-0.231998120374445,-0.1905659222192314,-0.2563114129477837,-0.2674618113214646,-0.28521805556954705,-0.25471604638724726,-0.21849669065081892,-0.18911903473872171,-0.11728205143709114,-0.036812079238150525,-0.04025121986206496,0.03167224348682418,0.24151319214141048,0.16326119850686976,0.23226509014921284,0.2986327261144534,0.2740097866449252,0.2552988812772372,0.2783828263296819,0.25758553437821163,0.17359776383497286,0.15548234235884897,0.11033809389570087,-0.0062185024525617145,-0.08446555586100293,-0.1653102910005874,-0.20393413354089368,-0.3496802625149701,-0.31304676352574595,-0.33189873547947996,-0.3525481246738756,-0.35969475432299597,-0.2444096979505364,-0.2623630048545694,-0.18222940135022372,-0.13746920904595714,-0.0192591601904873,0.06260262440686817,0.13967189846898004,0.2629075873492323,0.33165935912059713,0.32718902461243404,0.40869255321867637,0.40342872092888127,0.41644492726014276,0.3688074633904621,0.34319834297683877,0.24061432450167716,0.15953627449171856,0.052072919862557264,-0.058329818152281124,-0.16323363701909507,-0.2707191039020802,-0.3226439168770258,-0.3762200800404314,-0.42241053595171696,-0.41691087985435826,-0.43764035772620025,-0.3806488817323458,-0.2878950870275469,-0.2816597883916724,-0.22160993475806479,-0.10193260783742354,0.0174133206251131,0.10702147516762746,0.19147330032381527,0.2988123747180661,0.385182558688283,0.45322077122191623,0.46740950827585015,0.4956444023798848,0.4892320481682932,0.3658909190382931,0.3590072465638756,0.24950569696003796,0.20304366983372893,0.09780169338360911,-0.055321140246964585,-0.11299202603125422,-0.3268709129392426,-0.4500123443694936,-0.4638440311479285,-0.5563525000195897,-0.6057305338694146,-0.738226007084143,-0.5844361552544471,-0.5882200697011882,-0.5381731921014314,-0.3625771583973656,-0.1940580802801208,0.03327677093748522"
29,10.0,0.1,0.2,0.001,9.618772302513873,1.225723005651208,0.05509402975930273,"0.0,0.1,0.2,0.30000000000000004,0.4,0.5,0.6000000000000001,0.7000000000000001,0.8,0.9,1.0,1.1,1.2000000000000002,1.3,1.4000000000000001,1.5,1.6,1.7000000000000002,1.8,1.9000000000000001,2.0,2.1,2.2,2.3000000000000003,2.4000000000000004,2.5,2.6,2.7,2.8000000000000003,2.9000000000000004,3.0,3.1,3.2,3.3000000000000003,3.4000000000000004,3.5,3.6,3.7,3.8000000000000003,3.9000000000000004,4.0,4.1000000000000005,4.2,4.3,4.4,4.5,4.6000000000000005,4.7,4.800000000000001,4.9,5.0,5.1000000000000005,5.2,5.300000000000001,5.4,5.5,5.6000000000000005,5.7,5.800000000000001,5.9,6.0,6.1000000000000005,6.2,6.300000000000001,6.4,6.5,6.6000000000000005,6.7,6.800000000000001,6.9,7.0,7.1000000000000005,7.2,7.300000000000001,7.4,7.5,7.6000000000000005,7.7,7.800000000000001,7.9,8.0,8.1,8.200000000000001,8.3,8.4,8.5,8.6,8.700000000000001,8.8,8.9,9.0,9.1,9.200000000000001,9.3,9.4,9.5,9.600000000000001,9.700000000000001,9.8,9.9,10.0","0.1863831327921135,0.16504502261071724,0.17547034393338842,0.17579965881621448,0.09387752137978478,0.06604126620759934,0.02290074958798222,-0.10818855964274451,-0.1321354199039648,-0.22000111978709688,-0.23371695710763962,-0.19232002585512079,-0.2671695620170242,-0.26327909393516485,-0.23257851824165715,-0.10549049429394167,-0.0602573282727826,0.005704598107373428,0.11787055742130426,0.09665816150121898,0.1896108534928834,0.24967364566321182,0.24601848392713094,0.28963588721771316,0.23657288372863342,0.1949763551742551,0.1608978129355092,0.0520091984770316,0.038869946275563165,-0.047812463225756344,-0.11386239364161196,-0.2489830897083967,-0.26193822433599206,-0.2712878117028263,-0.2475525714342742,-0.34190397904706615,-0.25228515717636657,-0.14924892462164085,-0.0907743384915213,-0.012147129456996829,0.043478241551402466,0.15825246686948174,0.19930999265965546,0.2302099064614353,0.33129198852012803,0.2776832563482208,0.2972464786813107,0.2664111372969685,0.23775737381773504,0.1484510913195804,0.038015679183980064,-0.03466251565622543,-0.1082312040191511,-0.162943470025756,-0.24449137310439817,-0.2728041788671295,-0.3580424535832824,-0.33509145950162134,-0.26597677117688145,-0.25556587638539413,-0.16849160054140394,-0.08154762110482701,-0.02491383025336439,0.1250108281819701,0.16545430818137888,0.28098331092564255,0.31863950765984544,0.3092040063892997,0.3493246845300915,0.32329436538049244,0.2426530426755722,0.200133431138741,0.11368739489597325,0.029867930351317788,-0.06678064590183108,-0.11652118233886793,-0.20596387108013936,-0.27023933431549957,-0.2673319221742245,-0.34061921991792304,-0.32508992128325975,-0.31985470539877864,-0.25714979182644426,-0.1727314078667149,-0.04817171315825095,0.07342950643128611,0.1522208291252956,0.23812715825044417,0.31124850873303495,0.3529187748146568,0.46109007611379815,0.43194326523494847,0.4012544211774415,0.3259113312615226,0.25930420674055094,0.14405199056689508,0.037952478117174164,-0.14969428229354015,-0.2524780479128599,-0.4219452648436688,-0.39988060543268944"
30,10.0,0.1,0.2,0.001,6.523121027131684,3.633441687849812,0.05015406480166277,"0.0,0.1,0.2,0.30000000000000004,0.4,0.5,0.6000000000000001,0.7000000000000001,0.8,0.9,1.0,1.1,1.2000000000000002,1.3,1.4000000000000001,1.5,1.6,1.7000000000000002,1.8,1.9000000000000001,2.0,2.1,2.2,2.3000000000000003,2.4000000000000004,2.5,2.6,2.7,2.8000000000000003,2.9000000000000004,3.0,3.1,3.2,3.3000000000000003,3.4000000000000004,3.5,3.6,3.7,3.8000000000000003,3.9000000000000004,4.0,4.1000000000000005,4.2,4.3,4.4,4.5,4.6000000000000005,4.7,4.800000000000001,4.9,5.0,5.1000000000000005,5.2,5.300000000000001,5.4,5.5,5.6000000000000005,5.7,5.800000000000001,5.9,6.0,6.1000000000000005,6.2,6.300000000000001,6.4,6.5,6.6000000000000005,6.7,6.800000000000001,6.9,7.0,7.1000000000000005,7.2,7.300000000000001,7.4,7.5,7.6000000000000005,7.7,7.800000000000001,7.9,8.0,8.1,8.200000000000001,8.3,8.4,8.5,8.6,8.700000000000001,8.8,8.9,9.0,9.1,9.200000000000001,9.3,9.4,9.5,9.600000000000001,9.700000000000001,9.8,9.9,10.0","0.21007329315443024,0.1767270877019254,0.13291655218273307,0.2123957541077553,0.23421393366194002,0.11285723568894154,0.1290283590463714,0.15852972872892565,0.11720863300325156,0.06701699061120253,0.08301894971663142,0.031109145823881332,-0.0431398238906439,-0.040715012744196005,-0.0011661720863198402,-0.12228906743928414,-0.06617101892690842,-0.12743666161301503,-0.1146700651812255,-0.1461316631095396,-0.24017808888486802,-0.23148949116161083,-0.24595762140353813,-0.1843964997198536,-0.2709659975476163,-0.19097880234856285,-0.17330142384831768,-0.23412258462425325,-0.22285980955175771,-0.16868658777245255,-0.14114729713852883,-0.13970155079875687,-0.13440761233691634,-0.10053646749670357,-0.013577010847865084,-0.05925132835958055,0.0024085544020550657,0.0842007203989956,0.10932968154367356,0.13031431071802382,0.1068324967396661,0.11946534548772375,0.16263215945727466,0.24280337934131685,0.20424712248656401,0.22556215376208774,0.2092326784291506,0.30292351180344435,0.2558530228283244,0.2209958772322468,0.24063050107350975,0.2509246119125837,0.2411102913605172,0.20299865328508276,0.1389104724402029,0.1437068225896591,0.15433256022934883,0.11840103539345749,0.07264009806118804,0.03738336174019432,-0.06341909995901845,-0.10374692696565714,-0.08431406461318866,-0.1847479017913248,-0.16497614769145924,-0.2140590984609324,-0.20008869642286745,-0.23073094469205704,-0.32248839338776397,-0.33318881928900107,-0.30362265350742595,-0.3029451124663707,-0.29399688613979497,-0.32750797813779126,-0.2871396222022884,-0.23312567748146296,-0.22709578886812987,-0.21039177951613014,-0.15610077883558945,-0.13111381284881732,-0.10086926077188435,-0.042249873146280925,-0.06286001239594438,0.01945304853185397,0.001244956912241857,0.08897822425074199,0.18294333046232664,0.18351592298148178,0.25584415467698013,0.24648811810038443,0.22875614297339808,0.37288844639785845,0.31826672176912807,0.3869551946890824,0.30515394680532365,0.32526703367124454,0.39781849891844767,0.3691537449117608,0.31536342302362874,0.33668301404341483,0.31338920400767006"
31,10.0,0.1,0.2,0.001,8.810212260964825,1.8568044011654443,0.06672543338069997,"0.0,0.1,0.2,0.30000000000000004,0.4,0.5,0.6000000000000001,0.7000000000000001,0.8,0.9,1.0,1.1,1.2000000000000002,1.3,1.4000000000000001,1.5,1.6,1.7000000000000002,1.8,1.9000000000000001,2.0,2.1,2.2,2.3000000000000003,2.4000000000000004,2.5,2.6,2.7,2.8000000000000003,2.9000000000000004,3.0,3.1,3.2,3.3000000000000003,3.4000000000000004,3.5,3.6,3.7,3.8000000000000003,3.9000000000000004,4.0,4.1000000000000005,4.2,4.3,4.4,4.5,4.6000000000000005,4.7,4.800000000000001,4.9,5.0,5.1000000000000005,5.2,5.300000000000001,5.4,5.5,5.6000000000000005,5.7,5.800000000000001,5.9,6.0,6.1000000000000005,6.2,6.300000000000001,6.4,6.5,6.6000000000000005,6.7,6.800000000000001,6.9,7.0,7.1000000000000005,7.2,7.300000000000001,7.4,7.5,7.6000000000000005,7.7,7.800000000000001,7.9,8.0,8.1,8.200000000000001,8.3,8.4,8.5,8.6,8.700000000000001,8.8,8.9,9.0,9.1,9.200000000000001,9.3,9.4,9.5,9.600000000000001,9.700000000000001,9.8,9.9,10.0","0.21824043026250983,0.2757135471676539,0.28423041466925447,0.20397392997767297,0.11387780648885126,0.11795504125123371,0.09278638419118057,-0.015692748463103964,-0.041616462130543694,-0.03777650545106244,-0.07355787059972532,-0.2186491661939286,-0.19261180898801403,-0.23536555109463012,-0.23412405877247522,-0.2832115779437162,-0.2205918113150145,-0.2464548451300445,-0.218294076271611,-0.20870302997434403,-0.14182808795765656,-0.08518389301336898,-0.04172642137603601,0.014519548994569611,0.11726366784289696,0.19027141156455746,0.21011979001035844,0.23355612538364792,0.3269296748907994,0.35343906535892206,0.29186433163929915,0.29408857079669587,0.19141039690841855,0.28565420813292053,0.18974119837632483,0.12399966282582886,0.10188387449388839,0.02673958637530891,-0.04920046403087949,-0.1647383396632559,-0.23656469558730797,-0.2626463665355561,-0.2920490232080813,-0.38711571046304705,-0.2896856666304577,-0.4012556403106032,-0.3418453441636494,-0.3258433873438231,-0.2342777012031876,-0.1804940630943346,-0.09714450612389565,-0.0029130893024377977,0.029331899759866158,0.13445836509058764,0.19502431654635052,0.2052444008292461,0.3104368643574958,0.37239111457730756,0.387121008498926,0.33960802859433187,0.39193582722083253,0.3083017612831676,0.263428967422277,0.23898798261031134,0.14571028227014549,0.12356584928028766,0.004843276278854506,-0.05005342046946669,-0.15866917190634947,-0.22144435894640221,-0.26916629227536376,-0.39781847914302215,-0.39998278508718005,-0.4654149010738651,-0.4558628893493231,-0.38477053004226414,-0.33583506013750297,-0.2937567121468605,-0.2507206993047296,-0.1694551193537745,-0.032441891263643365,0.002204083985577046,0.13359352362550697,0.2153830619187491,0.39802070100231196,0.4302097471187231,0.47636389431407594,0.5648977447608186,0.5094394200836326,0.5221216002162045,0.45617033649625244,0.43549330515877316,0.33276802056239313,0.3268380369572516,0.13334895086979207,0.022020237320490875,-0.10553199309165986,-0.24528857797044376,-0.3572197796967396,-0.44673050084689936,-0.5660542932975327"
32,10.0,0.1,0.2,0.001,8.618126105533904,0.8944246369224544,0.020620531190846378,"0.0,0.1,0.2,0.30000000000000004,0.4,0.5,0.6000000000000001,0.7000000000000001,0.8,0.9,1.0,1.1,1.2000000000000002,1.3,1.4000000000000001,1.5,1.6,1.7000000000000002,1.8,1.9000000000000001,2.0,2.1,2.2,2.3000000000000003,2.4000000000000004,2.5,2.6,2.7,2.8000000000000003,2.9000000000000004,3.0,3.1,3.2,3.3000000000000003,3.4000000000000004,3.5,3.6,3.7,3.8000000000000003,3.9000000000000004,4.0,4.1000000000000005,4.2,4.3,4.4,4.5,4.6000000000000005,4.7,4.800000000000001,4.9,5.0,5.1000000000000005,5.2,5.300000000000001,5.4,5.5,5.6000000000000005,5.7,5.800000000000001,5.9,6.0,6.1000000000000005,6.2,6.300000000000001,6.4,6.5,6.6000000000000005,6.7,6.800000000000001,6.9,7.0,7.1000000000000005,7.2,7.300000000000001,7.4,7.5,7.6000000000000005,7.7,7.800000000000001,7.9,8.0,8.1,8.200000000000001,8.3,8.4,8.5,8.6,8.700000000000001,8.8,8.9,9.0,9.1,9.200000000000001,9.3,9.4,9.5,9.600000000000001,9.700000000000001,9.8,9.9,10.0","0.2192375736473232,0.1702953411830733,0.1496897661833174,0.14616985700654675,0.09000562483071106,-0.013596096631095553,-0.026481228862656195,-0.07320127868340028,-0.18065990426728887,-0.18336089862251478,-0.20759664357968896,-0.16251726766340926,-0.18322849574399197,-0.12486956220182455,-0.03383568155209568,-0.02216804704951136,0.054178092369257205,0.0989257139395524,0.18430692381971275,0.21572103927394076,0.178760044832725,0.15711937238204066,0.1708723487039796,0.10360269029709845,0.052683968740937316,0.026919346256747127,0.0032899330373489383,-0.10515219794601618,-0.06721001447629878,-0.2337744917532294,-0.16019874975693388,-0.18686754337972875,-0.22489880512417768,-0.15342858510243898,-0.11399227323531978,-0.04947733490394897,0.06202025903288445,0.1354157332809574,0.17241682202264624,0.19932909921410047,0.24773401838062636,0.18851348169633406,0.187081082846428,0.08294266698067751,0.13890441231885908,0.0627507242154444,-0.0396525163144915,-0.07444730658957449,-0.1751129284199286,-0.19222166441098262,-0.24048974853065938,-0.2119810526233651,-0.21348584675584545,-0.17662251728691597,-0.08430723100631712,-0.04596327382169172,0.08179733443761938,0.12843300343803843,0.13740253338455688,0.17049014485224154,0.17956650688272235,0.2642458962315014,0.19791999687978443,0.17295245406745738,0.11716305447135836,0.06885648524483597,-0.04907796933966466,-0.08803239299768854,-0.1290218954475981,-0.23708863870058883,-0.2202905134846936,-0.18555357267187142,-0.20635615152637418,-0.1904619121193269,-0.1014845641442881,-0.06135934094260886,0.016414595657631804,0.08317238590511859,0.20289984943760417,0.16637418152639333,0.22710677028581058,0.2936110938042498,0.2223546636563529,0.22695889384371595,0.12713846897656317,0.010087972626761116,-0.014191827927229922,-0.07944593732460488,-0.08950746874509542,-0.17265718760066145,-0.18611572121626085,-0.2822278304605137,-0.24915307121738484,-0.23702099245395938,-0.12022819826730913,-0.0662186908771738,-0.01844649272070369,0.048424653540159526,0.17421757707495883,0.2147578640553817,0.2676215169071663"
33,10.0,0.1,0.2,0.001,14.618976645495145,4.588613108184232,0.07297364204296747,"0.0,0.1,0.2,0.30000000000000004,0.4,0.5,0.6000000000000001,0.7000000000000001,0.8,0.9,1.0,1.1,1.2000000000000002,1.3,1.4000000000000001,1.5,1.6,1.7000000000000002,1.8,1.9000000000000001,2.0,2.1,2.2,2.3000000000000003,2.4000000000000004,2.5,2.6,2.7,2.8000000000000003,2.9000000000000004,3.0,3.1,3.2,3.3000000000000003,3.4000000000000004,3.5,3.6,3.7,3.8000000000000003,3.9000000000000004,4.0,4.1000000000000005,4.2,4.3,4.4,4.5,4.6000000000000005,4.7,4.800000000000001,4.9,5.0,5.1000000000000005,5.2,5.300000000000001,5.4,5.5,5.6000000000000005,5.7,5.800000000000001,5.9,6.0,6.1000000000000005,6.2,6.300000000000001,6.4,6.5,6.6000000000000005,6.7,6.800000000000001,6.9,7.0,7.1000000000000005,7.2,7.300000000000001,7.4,7.5,7.6000000000000005,7.7,7.800000000000001,7.9,8.0,8.1,8.200000000000001,8.3,8.4,8.5,8.6,8.700000000000001,8.8,8.9,9.0,9.1,9.200000000000001,9.3,9.4,9.5,9.600000000000001,9.700000000000001,9.8,9.9,10.0","0.17756357251885654,0.20039896980532915,0.21666443620091705,0.24680258957766166,0.17794807359557188,0.09904103794181962,0.1344453703964015,0.08244660541668115,0.0988280597816388,0.052914900170674836,-0.018021006582196422,-0.04979019035571307,-0.12774120207111908,-0.16445790727535714,-0.14945429063535226,-0.2185609615030372,-0.23402777001169023,-0.2518734926829051,-0.22132245161211336,-0.20862272913511884,-0.2274844600926035,-0.28132036777943725,-0.20246742471055118,-0.14877927920808748,-0.15593876028262396,-0.08555620177552982,-0.05902629393759597,0.012905350945736034,-0.0009297528275731687,0.07728010995903596,0.14140617344700712,0.22669340736476723,0.2776125946233856,0.2521987484637343,0.2587662125569862,0.277859219963724,0.34257226139142144,0.3197253563549941,0.3217657551967584,0.2416422417152225,0.21081337785730375,0.1889411035310218,0.12462936582474504,0.12280868050287264,0.04398259178458552,0.02128526348111313,-0.120930459602868,-0.2189624337882119,-0.24959628539057183,-0.23503563030144292,-0.2500411495491715,-0.2573487884125024,-0.2937066546979574,-0.3170985670638641,-0.27603196650978706,-0.3008849326155081,-0.31119539135587726,-0.21065594566182133,-0.15410080158115963,-0.15177095991466197,-0.13667132960814926,-0.05667392404945822,-0.05282054440414323,0.032859607031566,0.15113300730247953,0.16272527953758031,0.1397302041655588,0.19544175640622682,0.2630114614825598,0.35589241154948126,0.3132941693591104,0.42864774931866045,0.29611923782671723,0.38377315224064046,0.31722860098103894,0.32945933135975125,0.23390257014395516,0.14551608529028465,0.14524282361895047,0.03899847282971282,0.0005974866252432473,-0.04504587199686891,-0.1403965561633119,-0.16844334630094532,-0.1874814275898774,-0.27623538239174633,-0.34326039506526623,-0.42139141362168253,-0.41688815065353707,-0.527594447311433,-0.5251860744479937,-0.5649179119761807,-0.5028814996440307,-0.3973544555572815,-0.30405484897616925,-0.27588141757492357,-0.19147822801660602,-0.10802664592124736,0.004266969257860133,0.1363430244883916,0.18543013081383058"
34,10.0,0.1,0.2,0.001,7.6586996145951955,4.861293698064758,0.08008758135692151,"0.0,0.1,0.2,0.30000000000000004,0.4,0.5,0.6000000000000001,0.7000000000000001,0.8,0.9,1.0,1.1,1.2000000000000002,1.3,1.4000000000000001,1.5,1.6,1.7000000000000002,1.8,1.9000000000000001,2.0,2.1,2.2,2.3000000000000003,2.4000000000000004,2.5,2.6,2.7,2.8000000000000003,2.9000000000000004,3.0,3.1,3.2,3.3000000000000003,3.4000000000000004,3.5,3.6,3.7,3.8000000000000003,3.9000000000000004,4.0,4.1000000000000005,4.2,4.3,4.4,4.5,4.6000000000000005,4.7,4.800000000000001,4.9,5.0,5.1000000000000005,5.2,5.300000000000001,5.4,5.5,5.6000000000000005,5.7,5.800000000000001,5.9,6.0,6.1000000000000005,6.2,6.300000000000001,6.4,6.5,6.6000000000000005,6.7,6.800000000000001,6.9,7.0,7.1000000000000005,7.2,7.300000000000001,7.4,7.5,7.6000000000000005,7.7,7.800000000000001,7.9,8.0,8.1,8.200000000000001,8.3,8.4,8.5,8.6,8.700000000000001,8.8,8.9,9.0,9.1,9.200000000000001,9.3,9.4,9.5,9.600000000000001,9.700000000000001,9.8,9.9,10.0","0.22973493828713393,0.18080121410594724,0.17602848875142257,0.20003889643267003,0.22725990334241838,0.20308939761239947,0.20109437889616738,0.19082346806587186,0.12163217654084535,0.1915097595951503,0.12631466568398314,0.08297156070639386,0.06903016274360503,0.025597330617333595,0.005628966661783537,0.009271979304502069,-0.07667076329336478,-0.05992286209722158,-0.12971026892727613,-0.14614792644011013,-0.1860973326719695,-0.20778993310844554,-0.23854842309930693,-0.2238768921177223,-0.247961246604394,-0.2793348793338536,-0.2904365123646999,-0.23779954819276966,-0.31032185033384724,-0.35299411634489447,-0.33510448152517625,-0.3199716710115463,-0.24765347688377812,-0.2671570113880792,-0.3221085151760502,-0.227549562754692,-0.22274268975867434,-0.17801882481287762,-0.1004842353356961,0.0006339381470550284,-0.03646727621256064,0.014213655729983773,0.1399087874772909,0.17955080392349976,0.2542108956336965,0.24830521758888965,0.2873568302564327,0.3132880611872892,0.37968836289908303,0.3528474336834713,0.3892491630609686,0.38834006655039766,0.3929942957358269,0.37599544980124794,0.40226206589150904,0.37180422295980653,0.3797017422941962,0.3275087009531853,0.35611016685497837,0.3081531039629573,0.2785512586890942,0.22935421499189224,0.15229962497965432,0.1443855324810429,0.0833413830904062,0.022561409739416383,-0.003509753152482987,-0.0882002487788791,-0.10649598993356849,-0.12092153711607301,-0.23974855685890029,-0.2995830944029668,-0.35853432721825285,-0.35116853685176613,-0.4246425728579408,-0.4320794893761281,-0.4400473426852281,-0.4900648937228037,-0.4731924784195514,-0.4963628296032957,-0.5551068575838141,-0.5404549266816209,-0.5093444910375436,-0.4548984796671335,-0.4288806235079545,-0.4020105697098055,-0.3629783291029969,-0.2833596771904183,-0.2353544640436817,-0.16543238862207335,-0.02018001356588938,-0.03886477879719119,0.10156724666473224,0.17293196883061723,0.20300755411078839,0.23358930684355905,0.39417023094524317,0.4152713320504633,0.5442609700458592,0.604892242408505,0.550453563475319"
35,10.0,0.1,0.2,0.001,12.168901891589956,2.522126759647049,0.034501740566064316,"0.0,0.1,0.2,0.30000000000000004,0.4,0.5,0.6000000000000001,0.7000000000000001,0.8,0.9,1.0,1.1,1.2000000000000002,1.3,1.4000000000000001,1.5,1.6,1.7000000000000002,1.8,1.9000000000000001,2.0,2.1,2.2,2.3000000000000003,2.4000000000000004,2.5,2.6,2.7,2.8000000000000003,2.9000000000000004,3.0,3.1,3.2,3.3000000000000003,3.4000000000000004,3.5,3.6,3.7,3.8000000000000003,3.9000000000000004,4.0,4.1000000000000005,4.2,4.3,4.4,4.5,4.6000000000000005,4.7,4.800000000000001,4.9,5.0,5.1000000000000005,5.2,5.300000000000001,5.4,5.5,5.6000000000000005,5.7,5.800000000000001,5.9,6.0,6.1000000000000005,6.2,6.300000000000001,6.4,6.5,6.6000000000000005,6.7,6.800000000000001,6.9,7.0,7.1000000000000005,7.2,7.300000000000001,7.4,7.5,7.6000000000000005,7.7,7.800000000000001,7.9,8.0,8.1,8.200000000000001,8.3,8.4,8.5,8.6,8.700000000000001,8.8,8.9,9.0,9.1,9.200000000000001,9.3,9.4,9.5,9.600000000000001,9.700000000000001,9.8,9.9,10.0","0.20709756941658328,0.22286402182240916,0.17578066839048373,0.1829055297423579,0.15821893808883372,0.04654767649731872,0.07670499913597757,-0.029880409922204507,0.021216708663394895,-0.09895088257064656,-0.11290352068517259,-0.12792060153916585,-0.22791298885431005,-0.24629324125376126,-0.24598005883800425,-0.17926012029726085,-0.2696953653789063,-0.21210340155602692,-0.1826246188739804,-0.14376520007911148,-0.09386268015628699,-0.06288331469160424,-0.01935508840353628,0.05414066166618963,0.04984488967772241,0.2183735125323473,0.18111056942493048,0.21626711954251618,0.22424119065780398,0.271360730138965,0.22401030467407654,0.19198832770365593,0.22166129603509405,0.16496710390639382,0.08685129074534989,0.09502992114932807,0.006839404970227097,-0.049759684648197945,-0.144483999358593,-0.20200440942897638,-0.21668833414492028,-0.2749785793110795,-0.2685964362646503,-0.2540333452070547,-0.24136868628063993,-0.2537870927759816,-0.22535133023653395,-0.17850591500324378,-0.13165924509544674,-0.11289251488371357,-0.07352774937698278,0.06866627768418071,0.0842301077943719,0.13057428629549073,0.20991910514573614,0.25878752134181693,0.2918705688255652,0.2658915790955813,0.2255871054010643,0.2937029068999307,0.20038586805206254,0.19874709285595962,0.13237393556049842,0.11620000504339803,0.13102232205436082,0.032364300468746034,-0.06329974523817185,-0.14221992801450167,-0.1629791050890149,-0.2247656923968717,-0.26084780246677874,-0.22726554201317456,-0.28873546402158756,-0.23005922304060014,-0.23921031567207013,-0.21389956606505006,-0.17085844947502132,-0.11394488116239264,-0.05620643477751934,-0.02846365547654705,0.08028981861015183,0.1660713075359015,0.2063182430455955,0.22487935470570547,0.29460116726023217,0.25865703122200967,0.26742304517667487,0.25336773948010005,0.23385208814750214,0.20441116717127134,0.18841348846693454,0.13082692870672372,0.06763190070558,0.03756064165212616,-0.052571006150692885,-0.07402245850835726,-0.11348275632336566,-0.23423347987625323,-0.1959016818541412,-0.29693148020544463,-0.30452223546925655"
36,10.0,0.1,0.2,0.001,5.963909621534993,4.561710784447287,0.051019866085025005,"0.0,0.1,0.2,0.30000000000000004,0.4,0.5,0.6000000000000001,0.7000000000000001,0.8,0.9,1.0,1.1,1.2000000000000002,1.3,1.4000000000000001,1.5,1.6,1.7000000000000002,1.8,1.9000000000000001,2.0,2.1,2.2,2.3000000000000003,2.4000000000000004,2.5,2.6,2.7,2.8000000000000003,2.9000000000000004,3.0,3.1,3.2,3.3000000000000003,3.4000000000000004,3.5,3.6,3.7,3.8000000000000003,3.9000000000000004,4.0,4.1000000000000005,4.2,4.3,4.4,4.5,4.6000000000000005,4.7,4.800000000000001,4.9,5.0,5.1000000000000005,5.2,5.300000000000001,5.4,5.5,5.6000000000000005,5.7,5.800000000000001,5.9,6.0,6.1000000000000005,6.2,6.300000000000001,6.4,6.5,6.6000000000000005,6.7,6.800000000000001,6.9,7.0,7.1000000000000005,7.2,7.300000000000001,7.4,7.5,7.6000000000000005,7.7,7.800000000000001,7.9,8.0,8.1,8.200000000000001,8.3,8.4,8.5,8.6,8.700000000000001,8.8,8.9,9.0,9.1,9.200000000000001,9.3,9.4,9.5,9.600000000000001,9.700000000000001,9.8,9.9,10.0","0.20385943773255263,0.19920394537967018,0.23362957040436438,0.23752435780542897,0.20755987138623852,0.2128901736696457,0.17540025132271608,0.19547436300695126,0.15356093122175699,0.11163653955948999,0.12844352959582483,0.09052408111561379,0.033732002171485864,0.06063776723343843,0.07490060006257422,-0.011597077748611812,-0.02521930164355933,-0.08845810778997074,-0.09707090722903096,-0.0948498551005455,-0.18274437732853607,-0.18049383377345496,-0.23361289729734414,-0.25238220103800346,-0.2183670711347733,-0.27709298142236216,-0.20405841791543242,-0.2290762354111152,-0.2714714660137322,-0.25016675884513456,-0.2749751958371739,-0.23955047604670887,-0.2789879436012211,-0.2576669748363281,-0.18546718689326383,-0.15860573586719584,-0.1679007640444531,-0.13749675839862524,-0.0837581489008904,-0.03962277519659563,0.0043163680984644945,0.0039262652558534495,0.048061934874611745,0.04690768408764918,0.09220159362341282,0.05574663969935971,0.1289242586235107,0.13074665858773024,0.18790845999190364,0.23548967428842354,0.26050856019607055,0.2785710686436371,0.3285740856431695,0.2970760222504093,0.27116425774511954,0.2469325169089193,0.2620580512973524,0.30574635098937486,0.2291288585821528,0.2843711930146354,0.25519822013474114,0.22174884469796308,0.20863009953602182,0.20831389380399457,0.22990661725405853,0.14832032819125834,0.10315100376906154,0.08738665159844054,0.07115060973013462,0.07415184554137583,-0.03369755485719897,-0.0377944033071609,-0.16638412452051543,-0.15563522085277018,-0.19070851356341667,-0.16683956297024596,-0.2293564157259339,-0.2674451292614175,-0.23661784773326094,-0.34329045850266954,-0.26948798752525305,-0.2782421762777817,-0.2628789195485701,-0.28319000454471777,-0.3285325700627273,-0.29423757035770554,-0.21375949235173797,-0.270618745211885,-0.28542016870072495,-0.2441137831108087,-0.18780081179252703,-0.1576444713490455,-0.17356193984114826,-0.1318471670219431,-0.08215987766508914,-0.06054509713345622,-0.07441303116794745,0.01028202465464166,0.02345170326091043,0.043197210833622754,0.16554163750402706"
37,10.0,0.1,0.2,0.001,7.023633647952304,1.8768048086779363,0.062129761204770644,"0.0,0.1,0.2,0.30000000000000004,0.4,0.5,0.6000000000000001,0.7000000000000001,0.8,0.9,1.0,1.1,1.2000000000000002,1.3,1.4000000000000001,1.5,1.6,1.7000000000000002,1.8,1.9000000000000001,2.0,2.1,2.2,2.3000000000000003,2.4000000000000004,2.5,2.6,2.7,2.8000000000000003,2.9000000000000004,3.0,3.1,3.2,3.3000000000000003,3.4000000000000004,3.5,3.6,3.7,3.8000000000000003,3.9000000000000004,4.0,4.1000000000000005,4.2,4.3,4.4,4.5,4.6000000000000005,4.7,4.800000000000001,4.9,5.0,5.1000000000000005,5.2,5.300000000000001,5.4,5.5,5.6000000000000005,5.7,5.800000000000001,5.9,6.0,6.1000000000000005,6.2,6.300000000000001,6.4,6.5,6.6000000000000005,6.7,6.800000000000001,6.9,7.0,7.1000000000000005,7.2,7.300000000000001,7.4,7.5,7.6000000000000005,7.7,7.800000000000001,7.9,8.0,8.1,8.200000000000001,8.3,8.4,8.5,8.6,8.700000000000001,8.8,8.9,9.0,9.1,9.200000000000001,9.3,9.4,9.5,9.600000000000001,9.700000000000001,9.8,9.9,10.0","0.09512752587976415,0.21067518311620292,0.15914318917851974,0.18986888328108464,0.15791547934206016,0.17279476032675256,0.1233526429058209,0.07891637217335988,0.044062152383315394,-0.010285821613975902,-0.07295430353243115,-0.07181216271129946,-0.13304749081967582,-0.09741630579524395,-0.24921563987227727,-0.25620776672702267,-0.29825466615683127,-0.2985420210401376,-0.28796092813342067,-0.30973473407301916,-0.2422693180309602,-0.1913167758236552,-0.1206632824243252,-0.06245778141521756,-0.02656161051794343,0.0036418340862099767,0.06353332359807255,0.1778141076174996,0.1625166537338538,0.2666121368642616,0.2890721594901933,0.35286622706839266,0.2833487979874602,0.351970040728582,0.278852330957595,0.3541057628447091,0.2507478962555105,0.2061959288371738,0.1908794371614591,0.10155761420334633,0.019317494672093812,0.0065259245574703605,-0.12939692318838655,-0.10154731095288032,-0.19507531742100148,-0.2722233542471119,-0.27820412140627104,-0.30038147659663395,-0.3374201454099152,-0.314817177257088,-0.35233549017257804,-0.3094753177313752,-0.2633978736845847,-0.2184580485898928,-0.18662417111761512,-0.10724992536648452,-0.032945333727285246,0.03724994318263622,0.054457401118152546,0.13585187188980244,0.13931858865287147,0.27543483946574127,0.2949474990023128,0.4501839021438899,0.42801227727639946,0.439742769012738,0.39038655053163107,0.4279086728653366,0.4208736621762347,0.30226652639713186,0.28396611342529066,0.1445809638569045,0.13086853881043492,0.0612217807802969,-0.03249632563975652,-0.1351771953664938,-0.2687477098322973,-0.3012259810483416,-0.38432414023822614,-0.42579923139387915,-0.5072346040176577,-0.45750861084245253,-0.4689128567564791,-0.4269103397319779,-0.4560551264598129,-0.3852662636291561,-0.3621329143413734,-0.2598813570886329,-0.1390635838700935,-0.1437932926712593,0.04615577556352691,0.14459327819484824,0.26278289632871077,0.3437310735040383,0.4557349136677567,0.47818721897347477,0.534210701784824,0.5797197515575929,0.6365825483264508,0.791980961245234,0.6919827752379574"
38,10.0,0.1,0.2,0.001,6.767727829392317,4.35476427841569,0.07826675768516891,"0.0,0.1,0.2,0.30000000000000004,0.4,0.5,0.6000000000000001,0.7000000000000001,0.8,0.9,1.0,1.1,1.2000000000000002,1.3,1.4000000000000001,1.5,1.6,1.7000000000000002,1.8,1.9000000000000001,2.0,2.1,2.2,2.3000000000000003,2.4000000000000004,2.5,2.6,2.7,2.8000000000000003,2.9000000000000004,3.0,3.1,3.2,3.3000000000000003,3.4000000000000004,3.5,3.6,3.7,3.8000000000000003,3.9000000000000004,4.0,4.1000000000000005,4.2,4.3,4.4,4.5,4.6000000000000005,4.7,4.800000000000001,4.9,5.0,5.1000000000000005,5.2,5.300000000000001,5.4,5.5,5.6000000000000005,5.7,5.800000000000001,5.9,6.0,6.1000000000000005,6.2,6.300000000000001,6.4,6.5,6.6000000000000005,6.7,6.800000000000001,6.9,7.0,7.1000000000000005,7.2,7.300000000000001,7.4,7.5,7.6000000000000005,7.7,7.800000000000001,7.9,8.0,8.1,8.200000000000001,8.3,8.4,8.5,8.6,8.700000000000001,8.8,8.9,9.0,9.1,9.200000000000001,9.3,9.4,9.5,9.600000000000001,9.700000000000001,9.8,9.9,10.0","0.26007862497586465,0.20505917169697951,0.23757193562474305,0.1639705854817658,0.19889657843320774,0.19531044008348378,0.13860633540830455,0.10732464196977122,0.11147967259652544,0.09512370933280356,0.09057704827070938,-0.0019242891934660306,0.019618242043738517,0.018379042553158295,-0.03863399122153209,-0.01430159607781848,-0.11665711305464616,-0.07201947433829774,-0.16090047802694435,-0.2123897004574412,-0.16622400613919547,-0.20518615785832048,-0.20175372172154193,-0.1602170600308265,-0.21580886644640065,-0.2767683411837876,-0.2518341905812565,-0.21140834956009394,-0.2741912086721672,-0.28147368473949724,-0.253164731961555,-0.28525667113136643,-0.20030222980438958,-0.19439529409263392,-0.19680853980413315,-0.12537471768557526,-0.14085741355398712,-0.04224133181303218,-0.035679457631900814,0.04222549495395124,0.07964910681906393,0.12723278656055476,0.13469711563592549,0.18260385036426047,0.22959514865794095,0.29050282162685115,0.23679935980548159,0.2962449070316135,0.27408682767841186,0.3651367700829766,0.35210295980200895,0.33567170856529166,0.35818347435502834,0.31982739205116195,0.34995077530721086,0.30381801553172516,0.23416811903911372,0.249222748008187,0.25166461210100616,0.1429955773386402,0.1976432130526078,0.1165015005445891,0.12924262060517672,0.03155397188953838,0.009067518679202274,-0.02034549053987344,-0.1042589432547883,-0.11833027242870627,-0.12375950741956354,-0.15857053987332498,-0.2272395207165409,-0.24041439708004816,-0.26215975162177674,-0.35882614213411873,-0.37744142100960165,-0.3604376718982006,-0.4068864089645001,-0.40596485564469603,-0.40838936284580724,-0.3689588357354054,-0.39677654515240196,-0.39076761498040785,-0.2693982254594685,-0.34115821407821806,-0.2821070522598673,-0.23265320420891553,-0.19063486521119727,-0.2017913341175539,-0.13655416441389054,-0.08439441205810375,0.03165249228518638,0.003678636010242889,0.08085144417868145,0.12663112445443025,0.19821116080816625,0.24643475768367848,0.36306002330230663,0.4429461156716963,0.4971332869685454,0.49860077651890056,0.6456214807196027"
39,10.0,0.1,0.2,0.001,12.194629559509368,2.444418678987967,0.0664577956632199,"0.0,0.1,0.2,0.30000000000000004,0.4,0.5,0.6000000000000001,0.7000000000000001,0.8,0.9,1.0,1.1,1.2000000000000002,1.3,1.4000000000000001,1.5,1.6,1.7000000000000002,1.8,1.9000000000000001,2.0,2.1,2.2,2.3000000000000003,2.4000000000000004,2.5,2.6,2.7,2.8000000000000003,2.9000000000000004,3.0,3.1,3.2,3.3000000000000003,3.4000000000000004,3.5,3.6,3.7,3.8000000000000003,3.9000000000000004,4.0,4.1000000000000005,4.2,4.3,4.4,4.5,4.6000000000000005,4.7,4.800000000000001,4.9,5.0,5.1000000000000005,5.2,5.300000000000001,5.4,5.5,5.6000000000000005,5.7,5.800000000000001,5.9,6.0,6.1000000000000005,6.2,6.300000000000001,6.4,6.5,6.6000000000000005,6.7,6.800000000000001,6.9,7.0,7.1000000000000005,7.2,7.300000000000001,7.4,7.5,7.6000000000000005,7.7,7.800000000000001,7.9,8.0,8.1,8.200000000000001,8.3,8.4,8.5,8.6,8.700000000000001,8.8,8.9,9.0,9.1,9.200000000000001,9.3,9.4,9.5,9.600000000000001,9.700000000000001,9.8,9.9,10.0","0.15699617527746512,0.16894466368509192,0.19432402006144717,0.1149812470462137,0.1346232196266471,0.09270773127876084,0.01734850079260515,-0.05545820889505122,-0.024932903695442037,-0.035791225125023536,-0.1164987399622173,-0.2121283509260803,-0.19482187924235833,-0.2566490904659844,-0.17153172084098336,-0.23326814319471723,-0.20526553946087883,-0.1691841500764426,-0.12080269669457162,-0.11381316673986636,-0.046913844816058425,-0.0035442583792481526,0.0023133175203361167,0.06399542644189107,0.14701655531314886,0.13987579246918314,0.1839692027063726,0.20393705102906037,0.25393132582540157,0.22626468853605514,0.22636313736579233,0.1477162383012758,0.14808615169220685,0.07815911878038757,0.03284614834714587,-0.003929937057848861,-0.06431583239157385,-0.07907284859523521,-0.15267645520259532,-0.1970660521576888,-0.19642333533983206,-0.22400530014081596,-0.24730797245253883,-0.23845423040325348,-0.2556731047249135,-0.16066546655449196,-0.20858520914346879,-0.13236538718669974,-0.10202185538986276,-0.04825475020706347,0.09684898041396461,0.09280954774904086,0.08045563470582358,0.2298571965422223,0.23091676235541997,0.23875100819498823,0.28098890984693825,0.26133872299980654,0.23401542877164122,0.1998865593310842,0.18605705466887137,0.1323672841230548,0.07215926806349317,0.00807892627977132,-0.04632278108869773,-0.1094661515880273,-0.12481857898229366,-0.15157282028341246,-0.2021497494871906,-0.2542925168170509,-0.285146645984868,-0.29983081463409417,-0.26241639310580617,-0.21016616511656422,-0.13466760422584806,-0.151074825251336,-0.048332817119679926,0.04762708151906871,-0.03095113176827407,0.061329517465415165,0.14370336182555482,0.1832971729675335,0.24459664040114476,0.3598186561195452,0.28183844614501585,0.32809573879439646,0.27209911169264644,0.28094638958361257,0.19660710975072226,0.16503866308544876,0.07427057250534146,-0.015210072222002973,-0.06077562282461752,-0.16107455715275823,-0.17814528767330806,-0.18292035687293057,-0.3092341695052336,-0.3127657118424975,-0.3710378235741748,-0.31605241538195283,-0.33684863144339444"
40,10.0,0.1,0.2,0.001,10.840979689127355,3.42430970699669,0.01759998890259002,"0.0,0.1,0.2,0.30000000000000004,0.4,0.5,0.6000000000000001,0.7000000000000001,0.8,0.9,1.0,1.1,1.2000000000000002,1.3,1.4000000000000001,1.5,1.6,1.7000000000000002,1.8,1.9000000000000001,2.0,2.1,2.2,2.3000000000000003,2.4000000000000004,2.5,2.6,2.7,2.8000000000000003,2.9000000000000004,3.0,3.1,3.2,3.3000000000000003,3.4000000000000004,3.5,3.6,3.7,3.8000000000000003,3.9000000000000004,4.0,4.1000000000000005,4.2,4.3,4.4,4.5,4.6000000000000005,4.7,4.800000000000001,4.9,5.0,5.1000000000000005,5.2,5.300000000000001,5.4,5.5,5.6000000000000005,5.7,5.800000000000001,5.9,6.0,6.1000000000000005,6.2,6.300000000000001,6.4,6.5,6.6000000000000005,6.7,6.800000000000001,6.9,7.0,7.1000000000000005,7.2,7.300000000000001,7.4,7.5,7.6000000000000005,7.7,7.800000000000001,7.9,8.0,8.1,8.200000000000001,8.3,8.4,8.5,8.6,8.700000000000001,8.8,8.9,9.0,9.1,9.200000000000001,9.3,9.4,9.5,9.600000000000001,9.700000000000001,9.8,9.9,10.0","0.22658369988646954,0.15740382327436314,0.23151808272629776,0.19345285293330047,0.17261620307922387,0.1302010256870873,0.08893752551384151,0.059724970132308715,0.07908829638345799,0.05286086749335041,-0.004655512212753177,-0.09118782472822394,-0.09359018892622449,-0.07410462554985248,-0.15744882683554645,-0.15314627158796634,-0.20630033952506402,-0.226280891440305,-0.2326145372526708,-0.2096760471771958,-0.19843569887913748,-0.17614225514736018,-0.11739029755085015,-0.13842547483280473,-0.1025596476910701,-0.03579331616159885,-0.040147971388433394,0.0044418540288121994,0.02749226074784266,0.11025592243855842,0.13088468228385905,0.1780416638473192,0.17573961392957194,0.18917532673012416,0.2250872330635798,0.16136198539897684,0.19936928365964193,0.24296976204662768,0.1759740306597353,0.1634023013480189,0.1863358087797667,0.08928313888736111,0.11022178768847894,0.029384721513549476,0.02824560928948775,-0.02663768229680942,-0.09866254183950704,-0.14162230597002784,-0.16411529144306258,-0.20287069617141057,-0.1860225798032371,-0.18463572535839395,-0.2562651785021207,-0.2024237672715774,-0.2387287127453864,-0.1788663098345384,-0.22684967676896106,-0.19350148864066263,-0.18310811431427731,-0.12480804565745905,-0.08360197358362279,-0.009685395697025617,0.04640473394358695,0.03397408209898821,0.09532524665446401,0.12443221168199028,0.17232875122436878,0.1897425453074827,0.21751287045075632,0.25599872664583034,0.23941004483875128,0.2446304948841593,0.15863372113519036,0.2621046869606797,0.17157581605386443,0.1310207837651323,0.14543685101154039,0.08869863096022265,0.031081761602104956,-0.0066177169156924134,-0.02733827518162521,-0.09190691645127405,-0.10962112528614053,-0.09287285890747472,-0.11852089836092441,-0.1846552711003238,-0.21164139184226427,-0.2255582828945662,-0.1768886460299226,-0.22841947549857508,-0.17297545603492256,-0.22888338687484322,-0.18097271053000813,-0.16484268751660044,-0.10644549819458342,-0.11818244081738197,-0.1199227704344349,-0.04232439240738012,0.043067290498138136,0.03613933809598388,0.11696125774103301"
41,10.0,0.1,0.2,0.001,9.158074021706096,0.6872637823785162,0.05445917373200671,"0.0,0.1,0.2,0.30000000000000004,0.4,0.5,0.6000000000000001,0.7000000000000001,0.8,0.9,1.0,1.1,1.2000000000000002,1.3,1.4000000000000001,1.5,1.6,1.7000000000000002,1.8,1.9000000000000001,2.0,2.1,2.2,2.3000000000000003,2.4000000000000004,2.5,2.6,2.7,2.8000000000000003,2.9000000000000004,3.0,3.1,3.2,3.3000000000000003,3.4000000000000004,3.5,3.6,3.7,3.8000000000000003,3.9000000000000004,4.0,4.1000000000000005,4.2,4.3,4.4,4.5,4.6000000000000005,4.7,4.800000000000001,4.9,5.0,5.1000000000000005,5.2,5.300000000000001,5.4,5.5,5.6000000000000005,5.7,5.800000000000001,5.9,6.0,6.1000000000000005,6.2,6.300000000000001,6.4,6.5,6.6000000000000005,6.7,6.800000000000001,6.9,7.0,7.1000000000000005,7.2,7.300000000000001,7.4,7.5,7.6000000000000005,7.7,7.800000000000001,7.9,8.0,8.1,8.200000000000001,8.3,8.4,8.5,8.6,8.700000000000001,8.8,8.9,9.0,9.1,9.200000000000001,9.3,9.4,9.5,9.600000000000001,9.700000000000001,9.8,9.9,10.0","0.22685763166007933,0.15125886075196554,0.19443719962619443,0.12803854572114295,0.017588287981744846,-0.011203378701241398,-0.0724211687946791,-0.19590144492540554,-0.2400310150243533,-0.24817866512473133,-0.211521954422051,-0.15243053963381947,-0.0590153474451199,-0.029000655101196017,0.032584298335616435,0.14455689056217189,0.238684180723528,0.21968924855610725,0.2623416807864786,0.2016694313243461,0.17395286413372416,0.03909624205516708,-0.005353521416588345,-0.15995775448597227,-0.21913814958228844,-0.2197676349254631,-0.2795212493404905,-0.19644337978040352,-0.22583439119020848,-0.15089999705723794,-0.012712765038797494,0.042680656695951405,0.1882548091012534,0.2657926644424055,0.25215876091361467,0.2511456294336282,0.24722672692401107,0.17805590677029745,0.1335091955264881,-0.004050950160909341,-0.14763668740418776,-0.17242682789356975,-0.2554656421525563,-0.2395374106512641,-0.27711863169641227,-0.20784034665473014,-0.13908610559632478,-0.10667271113177418,0.04164368115474073,0.06743727216754733,0.2010597192068919,0.2386379949466674,0.2891964897455488,0.27607293294121366,0.19896380397826144,0.14648942130877274,-0.040717739543941325,-0.08960332610193163,-0.18479660402643597,-0.218468731328329,-0.2785021829502717,-0.23025183287190726,-0.26563427792789013,-0.15843458548969017,-0.054427286137652894,0.03460962850757684,0.1203019422843733,0.2142653650671453,0.2767221663517891,0.25962789827008476,0.31594525158159403,0.25312781040539284,0.12693007807615445,0.037097433037592734,-0.03316568766017953,-0.16414942682826886,-0.24484837430895362,-0.2891405535066748,-0.3207037873761207,-0.26324369366441647,-0.2475534327787064,-0.15833136307335113,0.0562029723237077,0.09956226458935705,0.2392187822352791,0.322632138946206,0.38210105154275986,0.2933690016115267,0.25662649418004846,0.1954167331013538,0.13712266986745403,-0.07637796722380634,-0.2048978951783389,-0.2886669273304711,-0.36829529292813457,-0.35271292021514555,-0.39729299718636435,-0.2421217692732242,-0.17706914443158336,-0.02302236905051977,0.1314913686856303"
42,10.0,0.1,0.2,0.001,8.298612123327853,1.150358849897211,0.01930626709502965,"0.0,0.1,0.2,0.30000000000000004,0.4,0.5,0.6000000000000001,0.7000000000000001,0.8,0.9,1.0,1.1,1.2000000000000002,1.3,1.4000000000000001,1.5,1.6,1.7000000000000002,1.8,1.9000000000000001,2.0,2.1,2.2,2.3000000000000003,2.4000000000000004,2.5,2.6,2.7,2.8000000000000003,2.9000000000000004,3.0,3.1,3.2,3.3000000000000003,3.4000000000000004,3.5,3.6,3.7,3.8000000000000003,3.9000000000000004,4.0,4.1000000000000005,4.2,4.3,4.4,4.5,4.6000000000000005,4.7,4.800000000000001,4.9,5.0,5.1000000000000005,5.2,5.300000000000001,5.4,5.5,5.6000000000000005,5.7,5.800000000000001,5.9,6.0,6.1000000000000005,6.2,6.300000000000001,6.4,6.5,6.6000000000000005,6.7,6.800000000000001,6.9,7.0,7.1000000000000005,7.2,7.300000000000001,7.4,7.5,7.6000000000000005,7.7,7.800000000000001,7.9,8.0,8.1,8.200000000000001,8.3,8.4,8.5,8.6,8.700000000000001,8.8,8.9,9.0,9.1,9.200000000000001,9.3,9.4,9.5,9.600000000000001,9.700000000000001,9.8,9.9,10.0","0.19583805673887025,0.17827344879286952,0.19639911899046675,0.10294052073632264,0.08357137318633974,0.026045013119825013,-0.037599780526334295,-0.06698084487765948,-0.11150271546115388,-0.21163360436887424,-0.16860816426364703,-0.13604542129640154,-0.24702185892238931,-0.18569270330328191,-0.1409307728552386,-0.14865083291434322,-0.1252337973114031,-0.015189713692959295,-0.029730355885679863,0.09005371915601111,0.09226110609407628,0.13064806404925836,0.20628221680997968,0.2008677826717597,0.20916975135931526,0.15343834541631687,0.13296247576422865,0.105406547396631,0.0864631509658805,-0.010426133115382801,-0.0734452248472659,-0.09154915430595036,-0.20739016917003195,-0.21614332196686786,-0.20096707199867184,-0.233746183277087,-0.29180155206997616,-0.19987792381834543,-0.08910077352097151,-0.1681156341934028,-0.060130282528169016,0.006442864462739105,0.07474675054828273,0.1473253400723037,0.1969431224079934,0.19420747162542265,0.17642380181578576,0.19979188266895745,0.1814298066189979,0.11894383621733812,0.1442301471941732,0.05241339509377979,-0.013986439302056203,-0.023939771648068008,-0.10586705992810952,-0.1540054853763609,-0.1598596423550358,-0.1598678424486548,-0.2078363004954283,-0.24665778236770947,-0.23552250408324768,-0.0805614176261093,-0.10286821147061669,-0.006108987281227177,0.032462132779226376,0.02008088266688001,0.055814568666959115,0.10337802572338078,0.1659325337857062,0.24023967570925214,0.2269053207697908,0.22417257267682958,0.2245830096536251,0.15890977828579844,0.10294474516775048,0.0640211591610039,0.026483878818412982,-0.10123027956548747,-0.06576841171284989,-0.20545416055835908,-0.22023000043106078,-0.21490176394242091,-0.2118024827391198,-0.21760776635271237,-0.25043752436222033,-0.19900679363536775,-0.09144089555535531,-0.11326546886866332,-0.04089513426971102,0.14732331103772922,0.13786614416240645,0.13266177993817108,0.1959822424624408,0.21740819158826694,0.19963222272566783,0.23735146986190175,0.2079542872451768,0.09245798694393997,0.14074348371189654,0.08010273199001593,-0.040094616678296044"
43,10.0,0.1,0.2,0.001,10.87644572177712,1.2676683584159876,0.09326081065391176,"0.0,0.1,0.2,0.30000000000000004,0.4,0.5,0.6000000000000001,0.7000000000000001,0.8,0.9,1.0,1.1,1.2000000000000002,1.3,1.4000000000000001,1.5,1.6,1.7000000000000002,1.8,1.9000000000000001,2.0,2.1,2.2,2.3000000000000003,2.4000000000000004,2.5,2.6,2.7,2.8000000000000003,2.9000000000000004,3.0,3.1,3.2,3.3000000000000003,3.4000000000000004,3.5,3.6,3.7,3.8000000000000003,3.9000000000000004,4.0,4.1000000000000005,4.2,4.3,4.4,4.5,4.6000000000000005,4.7,4.800000000000001,4.9,5.0,5.1000000000000005,5.2,5.300000000000001,5.4,5.5,5.6000000000000005,5.7,5.800000000000001,5.9,6.0,6.1000000000000005,6.2,6.300000000000001,6.4,6.5,6.6000000000000005,6.7,6.800000000000001,6.9,7.0,7.1000000000000005,7.2,7.300000000000001,7.4,7.5,7.6000000000000005,7.7,7.800000000000001,7.9,8.0,8.1,8.200000000000001,8.3,8.4,8.5,8.6,8.700000000000001,8.8,8.9,9.0,9.1,9.200000000000001,9.3,9.4,9.5,9.600000000000001,9.700000000000001,9.8,9.9,10.0","0.20559251084452357,0.2666683898112884,0.21531538821271737,0.11743826532184054,0.10899461065483287,-0.007706591392448406,-0.06219769048415362,-0.1285381026305732,-0.1263753100531891,-0.15850559021097485,-0.19982028654256365,-0.2475701066893285,-0.27188232565527404,-0.2401124212436821,-0.20069920367430102,-0.17663177739388558,0.00820654557029589,0.007431515525613625,0.09836022376334251,0.21197235744529258,0.23810838601532705,0.348768343592101,0.2634460675776092,0.2667851946054852,0.22467497465785682,0.17989468082243287,0.1451911773595203,0.0405904477910441,-0.04464339825173219,-0.18664446998904127,-0.16010010943004388,-0.3090750871360526,-0.3222793266287898,-0.33501366932573845,-0.2929566351213481,-0.24257498385829715,-0.13476597734705495,-0.08783789510191758,-0.04745381539612407,0.07199398373729171,0.1178902879140078,0.26234742544785444,0.3116128864714369,0.3428920319760139,0.31770923259985684,0.2819037026968624,0.22684461529668765,0.17960557352350864,0.02778139722313213,-0.01515705983977247,-0.15611512431661637,-0.19426139489692726,-0.30673590917474913,-0.3242492058405195,-0.31440521105568753,-0.25969976835863345,-0.3164688204366649,-0.2367857611578435,-0.17697881837431267,-0.04528278862190393,0.0024575664596326596,0.2020750691896022,0.29327561105176936,0.31758257394528605,0.3485046284440619,0.34493376500360545,0.3553467937007781,0.2710785489267868,0.20997624016716215,0.10162199254073419,0.00956299650392974,-0.04265792624421172,-0.14803041869642625,-0.20979561806234637,-0.2962028529198022,-0.4047565427285136,-0.31311488193660764,-0.3760828912866092,-0.32594032792080635,-0.22540759435888114,-0.10918855647287065,-0.0060400709134720565,0.1183508329225976,0.2729347782519281,0.26139874720131645,0.36909542971024867,0.4725561448591964,0.37690403607557466,0.3841774202829889,0.3715997054162468,0.2725891381036238,0.1364469786691537,-0.0680445589709334,-0.1705667874180967,-0.3581109288546115,-0.4997966312044257,-0.5230868077074634,-0.5837132618879499,-0.6340284192801271,-0.49230099860214926,-0.507561351690232"
44,10.0,0.1,0.2,0.001,10.81061139700395,2.0609141204067667,0.06318239423332751,"0.0,0.1,0.2,0.30000000000000004,0.4,0.5,0.6000000000000001,0.7000000000000001,0.8,0.9,1.0,1.1,1.2000000000000002,1.3,1.4000000000000001,1.5,1.6,1.7000000000000002,1.8,1.9000000000000001,2.0,2.1,2.2,2.3000000000000003,2.4000000000000004,2.5,2.6,2.7,2.8000000000000003,2.9000000000000004,3.0,3.1,3.2,3.3000000000000003,3.4000000000000004,3.5,3.6,3.7,3.8000000000000003,3.9000000000000004,4.0,4.1000000000000005,4.2,4.3,4.4,4.5,4.6000000000000005,4.7,4.800000000000001,4.9,5.0,5.1000000000000005,5.2,5.300000000000001,5.4,5.5,5.6000000000000005,5.7,5.800000000000001,5.9,6.0,6.1000000000000005,6.2,6.300000000000001,6.4,6.5,6.6000000000000005,6.7,6.800000000000001,6.9,7.0,7.1000000000000005,7.2,7.300000000000001,7.4,7.5,7.6000000000000005,7.7,7.800000000000001,7.9,8.0,8.1,8.200000000000001,8.3,8.4,8.5,8.6,8.700000000000001,8.8,8.9,9.0,9.1,9.200000000000001,9.3,9.4,9.5,9.600000000000001,9.700000000000001,9.8,9.9,10.0","0.18114378991832258,0.17564434744334462,0.20586099335458394,0.15783175875910074,0.17516448749335886,0.07326933684920445,0.017138670301220536,0.0711831681004849,-0.04088597825541113,-0.05680245004802182,-0.11949047949220024,-0.20341064321250368,-0.1980446915813437,-0.21406048238413378,-0.2703381122438989,-0.26679376503541874,-0.20070634244681923,-0.21873549455281202,-0.14959517839650258,-0.1646442761500628,-0.08170651884575812,0.017825500069904313,0.14250336048940582,0.13923746910464904,0.18989843539015938,0.19683554960922686,0.23568447905584314,0.27764757208798924,0.3215674707392789,0.23479447472293735,0.23733075925759947,0.20449342769268802,0.1125657509403797,0.09625375253011718,0.02933029758790802,0.00971711359545043,-0.022531384363051882,-0.11940706877781143,-0.18655696071390107,-0.20794937144333958,-0.2759093366100559,-0.24853029370963295,-0.3013150282621495,-0.33576328703767777,-0.23321203663433787,-0.19410765780716574,-0.20608573184406065,-0.07151835384650398,0.0006184166483901368,-0.009486037979263267,0.07497199970343704,0.12977670497924546,0.1617611630131968,0.2881841727594041,0.32039655777905374,0.2854456599750422,0.2955610445462579,0.3225823691108567,0.226605248869784,0.17525131298304977,0.12609490576251592,0.12054826464574483,0.004081485448313868,-0.09879952034810191,-0.11850678017717153,-0.20544979629887244,-0.2922818373729967,-0.24543185426338945,-0.31817067385271575,-0.24497542554600216,-0.32184320111770237,-0.34115072093903925,-0.29025424961569235,-0.18150603625686124,-0.1978798324195131,-0.09764512409081816,-0.012134207132633308,0.09543685766769602,0.17361636379509945,0.21813582553904237,0.2829727372244356,0.3522281768316464,0.38107696619464587,0.36858617896379253,0.41310716048020335,0.3986137616535796,0.40765053612926083,0.3214726130154947,0.2829530712461804,0.108092696276225,0.03724414469286573,-0.03734000379901865,-0.1528941065817184,-0.23761860737759166,-0.3385618189348963,-0.3522165332306696,-0.43904046122675394,-0.5022251362110018,-0.5390282627279349,-0.5165417931654743,-0.4333832754188175"
45,10.0,0.1,0.2,0.001,5.228038710296975,4.813516459586504,0.05340730932486103,"0.0,0.1,0.2,0.30000000000000004,0.4,0.5,0.6000000000000001,0.7000000000000001,0.8,0.9,1.0,1.1,1.2000000000000002,1.3,1.4000000000000001,1.5,1.6,1.7000000000000002,1.8,1.9000000000000001,2.0,2.1,2.2,2.3000000000000003,2.4000000000000004,2.5,2.6,2.7,2.8000000000000003,2.9000000000000004,3.0,3.1,3.2,3.3000000000000003,3.4000000000000004,3.5,3.6,3.7,3.8000000000000003,3.9000000000000004,4.0,4.1000000000000005,4.2,4.3,4.4,4.5,4.6000000000000005,4.7,4.800000000000001,4.9,5.0,5.1000000000000005,5.2,5.300000000000001,5.4,5.5,5.6000000000000005,5.7,5.800000000000001,5.9,6.0,6.1000000000000005,6.2,6.300000000000001,6.4,6.5,6.6000000000000005,6.7,6.800000000000001,6.9,7.0,7.1000000000000005,7.2,7.300000000000001,7.4,7.5,7.6000000000000005,7.7,7.800000000000001,7.9,8.0,8.1,8.200000000000001,8.3,8.4,8.5,8.6,8.700000000000001,8.8,8.9,9.0,9.1,9.200000000000001,9.3,9.4,9.5,9.600000000000001,9.700000000000001,9.8,9.9,10.0","0.2117755479078745,0.20296615469352028,0.2229351881735327,0.19998979773293243,0.2592216480351182,0.21663781498441814,0.1982566476451141,0.19946933335908068,0.12292186604909161,0.18248664596878855,0.10868180286624644,0.06776271550839388,0.12608666972735297,0.045382804760843186,0.009803677972620693,-0.01431034367965191,-0.06748961794488424,-0.06518683091757453,-0.09785993882516678,-0.11780414201522907,-0.13268631103798104,-0.1048729677383391,-0.15743320837931532,-0.1632423096489605,-0.16340005791669873,-0.20035228886145853,-0.21609774394994627,-0.17986625059565936,-0.279640167984757,-0.28102789525876815,-0.24257832391087314,-0.2881670284850712,-0.21979095671980292,-0.22056721892682607,-0.2322185485695945,-0.2190094913323698,-0.2556475091085423,-0.18755303332887527,-0.17958974691351343,-0.15802728637273694,-0.1507526627507137,-0.07796665042787218,-0.14117505959547072,-0.08513972042399097,-0.07759407273647845,-0.04517503134447207,0.000466367722889471,0.021218080589062955,0.0657449355789168,0.07460374696622878,0.18176800117546138,0.09739597657388148,0.15711143570163655,0.26554221064619987,0.22287195016155795,0.18680619058069545,0.2591811369916764,0.1968732583146276,0.2906226146674916,0.23053842424440152,0.2780094136530048,0.24998570950969384,0.26850195079485006,0.270002224265991,0.24460562702573665,0.24951679071483704,0.2338713663455364,0.26021054575626956,0.2106190812111946,0.1888260392620734,0.15666101445238484,0.15386028350268757,0.11162130032040633,0.1169757204967012,0.05483714276422641,0.01926666893067836,-0.005815194838370435,-0.006787384785247048,-0.07506368841979105,-0.055716642960864524,-0.06395214656477662,-0.23088619009691325,-0.15044476028580395,-0.16111621742551935,-0.2478974599801713,-0.2888089418812111,-0.26264897775879725,-0.21095820254395373,-0.3100444958624149,-0.30603184217985385,-0.32594267559642,-0.3676683189148996,-0.3082106954311654,-0.3416316912186934,-0.3545005970945883,-0.3235715992511442,-0.28062941934454777,-0.34449205184667536,-0.3169857036403305,-0.2908403168545157,-0.2555436647826303"
46,10.0,0.1,0.2,0.001,12.827352272502862,0.8722849996509736,0.05379924977543444,"0.0,0.1,0.2,0.30000000000000004,0.4,0.5,0.6000000000000001,0.7000000000000001,0.8,0.9,1.0,1.1,1.2000000000000002,1.3,1.4000000000000001,1.5,1.6,1.7000000000000002,1.8,1.9000000000000001,2.0,2.1,2.2,2.3000000000000003,2.4000000000000004,2.5,2.6,2.7,2.8000000000000003,2.9000000000000004,3.0,3.1,3.2,3.3000000000000003,3.4000000000000004,3.5,3.6,3.7,3.8000000000000003,3.9000000000000004,4.0,4.1000000000000005,4.2,4.3,4.4,4.5,4.6000000000000005,4.7,4.800000000000001,4.9,5.0,5.1000000000000005,5.2,5.300000000000001,5.4,5.5,5.6000000000000005,5.7,5.800000000000001,5.9,6.0,6.1000000000000005,6.2,6.300000000000001,6.4,6.5,6.6000000000000005,6.7,6.800000000000001,6.9,7.0,7.1000000000000005,7.2,7.300000000000001,7.4,7.5,7.6000000000000005,7.7,7.800000000000001,7.9,8.0,8.1,8.200000000000001,8.3,8.4,8.5,8.6,8.700000000000001,8.8,8.9,9.0,9.1,9.200000000000001,9.3,9.4,9.5,9.600000000000001,9.700000000000001,9.8,9.9,10.0","0.20337997847241773,0.25514638302498704,0.173927030374272,0.08307082061878314,0.04004161532439518,-0.03778871936945552,-0.16762513275022273,-0.1668225815034547,-0.22137504961277735,-0.25180860130648713,-0.1407007465985746,-0.11060197410238368,-0.04753472356877842,0.025049603050571495,0.12636949409167844,0.2221269807235489,0.22000541269003468,0.26979125880293653,0.18524700724702486,0.12638511825392804,0.033311340372351755,-0.09000520658107428,-0.13053190982132612,-0.19599059470358426,-0.26375216028026865,-0.29337585238684094,-0.18336641605737494,-0.06901851397968874,-0.10303418465841865,0.03510113389380436,0.1386184302472199,0.22666705428610695,0.21775376225694473,0.25425659021664654,0.2503673254335978,0.19756868232758476,0.12234016760325543,-0.04662818913647358,-0.14938477655965773,-0.22933585522691677,-0.26518163439570164,-0.27457249979081694,-0.26963930447458945,-0.141640317337013,-0.1419510124165062,-0.05043699305498565,0.0957344844294173,0.19294691859108962,0.25708722965480146,0.2369608680144508,0.2034854957820107,0.2038416067909141,0.07064876491574827,0.017224757859316882,-0.07434261051514396,-0.1989154483085403,-0.22293271604771897,-0.26144084791823635,-0.26304884436681947,-0.18009057019351488,-0.1267108188236096,-0.0056422770155677635,0.07295092013982905,0.18173758880418864,0.22658187715081898,0.2444814586509448,0.321681804010493,0.2037488604621131,0.1254457849153098,0.07145417386880847,-0.04973698161223402,-0.18234930867952154,-0.27051055230636467,-0.346754556064674,-0.30214113962449324,-0.27339835549383773,-0.21699514316703952,-0.08163558518128512,0.0072669325417687,0.14016694417703413,0.26458939389760583,0.3148295051790484,0.31845824481712737,0.32023290688300116,0.23877660349913832,0.13237828572396268,-0.008585281567184515,-0.15277133363873796,-0.2711461489712985,-0.3249561741775272,-0.35231033815579704,-0.32635432859347185,-0.2620850445009546,-0.14466274524831482,-0.005421524041857376,0.09700550112851049,0.2537753866610587,0.3919544041403249,0.41343903544677063,0.44347442844701485,0.36696699308398384"
47,10.0,0.1,0.2,0.001,9.90706994354521,4.720219047387423,0.06145552471384679,"0.0,0.1,0.2,0.30000000000000004,0.4,0.5,0.6000000000000001,0.7000000000000001,0.8,0.9,1.0,1.1,1.2000000000000002,1.3,1.4000000000000001,1.5,1.6,1.7000000000000002,1.8,1.9000000000000001,2.0,2.1,2.2,2.3000000000000003,2.4000000000000004,2.5,2.6,2.7,2.8000000000000003,2.9000000000000004,3.0,3.1,3.2,3.3000000000000003,3.4000000000000004,3.5,3.6,3.7,3.8000000000000003,3.9000000000000004,4.0,4.1000000000000005,4.2,4.3,4.4,4.5,4.6000000000000005,4.7,4.800000000000001,4.9,5.0,5.1000000000000005,5.2,5.300000000000001,5.4,5.5,5.6000000000000005,5.7,5.800000000000001,5.9,6.0,6.1000000000000005,6.2,6.300000000000001,6.4,6.5,6.6000000000000005,6.7,6.800000000000001,6.9,7.0,7.1000000000000005,7.2,7.300000000000001,7.4,7.5,7.6000000000000005,7.7,7.800000000000001,7.9,8.0,8.1,8.200000000000001,8.3,8.4,8.5,8.6,8.700000000000001,8.8,8.9,9.0,9.1,9.200000000000001,9.3,9.4,9.5,9.600000000000001,9.700000000000001,9.8,9.9,10.0","0.14643955374693718,0.19784802389897846,0.19027342090726643,0.18507532630756107,0.16887578820369514,0.16148767991646032,0.1460993234564836,0.08535280613715487,0.09012504076732321,0.044431604641021034,0.03349461834709501,0.03057785008921057,-0.011946791806421483,-0.07426662268760285,-0.09483103866667028,-0.14984398617722472,-0.17578920698500144,-0.16759297724476838,-0.22025656896123658,-0.2098742186588776,-0.19966185268809503,-0.23044201859083382,-0.26252427445228427,-0.2234220454049754,-0.23148006860804687,-0.29789996101661975,-0.21230604090160468,-0.1882759432577988,-0.22225630311922118,-0.18423243285165375,-0.130254223010947,-0.15858257072103588,-0.09313327996953909,-0.08414189768265856,-0.04258482736119125,0.08010481607812628,0.1534545534126744,0.09644958400538944,0.18640418054952335,0.26203571315977625,0.23627758053273484,0.26501651906644064,0.29303942818202217,0.2460421288522746,0.3776344976138242,0.3439640952958798,0.2990025565316894,0.3066713537573016,0.3102140206838827,0.26672778794402346,0.24772086128816334,0.19139946980530823,0.12749195701226956,0.08224289072067652,0.08941209206256762,0.04508997309940287,0.016559650563157675,-0.0978933728837314,-0.14253246704980488,-0.21776553869772478,-0.22576718510499644,-0.20744894150853757,-0.22674011422070384,-0.25426780399846594,-0.28780238454014173,-0.3271307982281464,-0.28963245511770563,-0.35637652174904805,-0.36044319175138456,-0.3865184081728854,-0.3884132855093435,-0.286989365167337,-0.2814377774336268,-0.27764208496604736,-0.238555060906603,-0.1631664669582283,-0.18028734342838598,-0.09528797376051967,-0.07693470271583934,0.005254155110760106,0.10925141351792063,0.16178019630484886,0.2177144531225027,0.26052148429045896,0.3822332601941895,0.459331662390868,0.4296221107065868,0.49257073464871987,0.4745563563171759,0.44672898456512605,0.46177252427066096,0.5167249094839766,0.527633514509834,0.46406259063756705,0.49126000387662205,0.4340731170497062,0.34341699948680077,0.3335830865971999,0.2803298874387178,0.1645223759009372,0.09718819872435218"
48,10.0,0.1,0.2,0.001,9.734894010569537,1.7013904839135212,0.0398412097608297,"0.0,0.1,0.2,0.30000000000000004,0.4,0.5,0.6000000000000001,0.7000000000000001,0.8,0.9,1.0,1.1,1.2000000000000002,1.3,1.4000000000000001,1.5,1.6,1.7000000000000002,1.8,1.9000000000000001,2.0,2.1,2.2,2.3000000000000003,2.4000000000000004,2.5,2.6,2.7,2.8000000000000003,2.9000000000000004,3.0,3.1,3.2,3.3000000000000003,3.4000000000000004,3.5,3.6,3.7,3.8000000000000003,3.9000000000000004,4.0,4.1000000000000005,4.2,4.3,4.4,4.5,4.6000000000000005,4.7,4.800000000000001,4.9,5.0,5.1000000000000005,5.2,5.300000000000001,5.4,5.5,5.6000000000000005,5.7,5.800000000000001,5.9,6.0,6.1000000000000005,6.2,6.300000000000001,6.4,6.5,6.6000000000000005,6.7,6.800000000000001,6.9,7.0,7.1000000000000005,7.2,7.300000000000001,7.4,7.5,7.6000000000000005,7.7,7.800000000000001,7.9,8.0,8.1,8.200000000000001,8.3,8.4,8.5,8.6,8.700000000000001,8.8,8.9,9.0,9.1,9.200000000000001,9.3,9.4,9.5,9.600000000000001,9.700000000000001,9.8,9.9,10.0","0.19290110824147638,0.19486640987820028,0.17379482283621883,0.13866125223176565,0.16367020660026899,0.037750501707644823,0.05402443368404736,-0.062196585721839344,-0.01190154753243601,-0.07749032544277377,-0.19938662841983706,-0.21674858707925254,-0.21295792612424833,-0.2787903085415756,-0.2376149393499333,-0.17609913596454155,-0.15882700424906787,-0.12420893182593176,-0.1361947618461252,0.007359439167112736,0.0319068710642431,0.08158481087168112,0.1645807688624249,0.22852899855279885,0.2775079639110953,0.2779314164720593,0.2548014289025495,0.2934987481570941,0.2539079115407527,0.2049313848879892,0.16265694254260013,0.05537399895561845,0.06597477874436482,0.028077431692284202,-0.10856754582487105,-0.07383420614138714,-0.2046849018203967,-0.19115488597665758,-0.2683992744625684,-0.21953815339275862,-0.24505963735660202,-0.20174529091585605,-0.15120748191394678,-0.21503568207495094,-0.09999963186448536,-0.05865919897144279,0.0048852271328385325,0.06510910306072085,0.12112963683541816,0.15765943535142948,0.1947498604315187,0.2549033003340519,0.2569534798578305,0.2702798767113168,0.2741909655790665,0.23258318826026267,0.18220088308406845,0.09418938030130031,0.006762083551425324,0.003894651490954741,-0.04865128547995465,-0.13443588810317159,-0.20893051393034295,-0.1814824361392955,-0.23857253261617514,-0.29220470335556764,-0.27590588580823755,-0.2664602131295836,-0.2244351181102721,-0.2321847761643568,-0.14133690359530265,-0.0906352622023809,-0.032465858429544,0.05833478115784994,0.09718963648940966,0.1156019806613803,0.2208760129215852,0.21511762703915754,0.25969753646535704,0.3047505332087035,0.3083427678594626,0.24706481803415614,0.2325970132364009,0.1677307692893119,0.11111416783250556,0.06431887769948619,-0.06325468029776884,-0.06889307166876779,-0.219053232217868,-0.2619240617179362,-0.2128506206808299,-0.28914559603694345,-0.29721833344840626,-0.32012987411371235,-0.2762012233394752,-0.2771584096956504,-0.23131607417936495,-0.14749965506667986,-0.07608804191018503,-0.0474365588196305,0.07850774487901574"
49,10.0,0.1,0.2,0.001,10.206724024715378,2.47510157137271,0.01194508718922974,"0.0,0.1,0.2,0.30000000000000004,0.4,0.5,0.6000000000000001,0.7000000000000001,0.8,0.9,1.0,1.1,1.2000000000000002,1.3,1.4000000000000001,1.5,1.6,1.7000000000000002,1.8,1.9000000000000001,2.0,2.1,2.2,2.3000000000000003,2.4000000000000004,2.5,2.6,2.7,2.8000000000000003,2.9000000000000004,3.0,3.1,3.2,3.3000000000000003,3.4000000000000004,3.5,3.6,3.7,3.8000000000000003,3.9000000000000004,4.0,4.1000000000000005,4.2,4.3,4.4,4.5,4.6000000000000005,4.7,4.800000000000001,4.9,5.0,5.1000000000000005,5.2,5.300000000000001,5.4,5.5,5.6000000000000005,5.7,5.800000000000001,5.9,6.0,6.1000000000000005,6.2,6.300000000000001,6.4,6.5,6.6000000000000005,6.7,6.800000000000001,6.9,7.0,7.1000000000000005,7.2,7.300000000000001,7.4,7.5,7.6000000000000005,7.7,7.800000000000001,7.9,8.0,8.1,8.200000000000001,8.3,8.4,8.5,8.6,8.700000000000001,8.8,8.9,9.0,9.1,9.200000000000001,9.3,9.4,9.5,9.600000000000001,9.700000000000001,9.8,9.9,10.0","0.18083277046258842,0.16472619149445625,0.16855655115947185,0.15736876885949674,0.1780287911421401,0.07829394666114353,0.07354450117568014,0.1004409356633934,-0.004901891092024965,-0.03391536518449381,-0.130419606243233,-0.15780040491881384,-0.13956774734637864,-0.17034872144467697,-0.13769438024814087,-0.17714613243610325,-0.20508430059280244,-0.2007335628907044,-0.20126784127891378,-0.16279189722585777,-0.14798742181685945,-0.07303556446300118,0.013960105829377414,-0.02550789450040565,0.009593232856879696,0.08669808225740776,0.17212903382534173,0.15639504164674758,0.24894390261824623,0.26983099917955794,0.15470047399974973,0.20523888308570287,0.25989303085141724,0.19014051462713855,0.21698562977831334,0.12425252850137085,0.08488262591700933,0.10235374436449446,-0.0012479537374552978,0.0035556496085405384,-0.09372131485389862,-0.06314831252091299,-0.18490911855239642,-0.1603983082011337,-0.22276492134798792,-0.19998199441948786,-0.23002944887787735,-0.137495165801991,-0.2061658883196333,-0.1700003226534798,-0.1709807230503728,-0.10289362000957294,-0.07789268771441828,-0.023452118725563555,-0.008629022764469156,0.0626744082521967,0.1452001468783189,0.13623088787356782,0.12756653873905704,0.15826227927157122,0.23846315007221114,0.20659817018320384,0.25259043762992045,0.1955139262097874,0.24553147948215714,0.09996695090933967,0.10401823826565484,0.1282743402224043,0.05426574508034808,0.03087021529890864,-0.026413710606312247,-0.08727281268856019,-0.10357737047209309,-0.12123111753586441,-0.2053679304313505,-0.2281086204368921,-0.17207380264117506,-0.2471241959444437,-0.2252076632496799,-0.2008908258139137,-0.19761470870632672,-0.178719653018881,-0.12023093225907383,-0.08273649427018262,-0.059200561733658424,0.040226104457041896,0.05887273037068394,0.012107816049574935,0.12397854953006861,0.1932460645421825,0.16924872457005694,0.19218967267350823,0.2938073524027006,0.18457798123530544,0.20262925831407094,0.220832325955777,0.1823147888881361,0.16450808926683053,0.11899965784901849,0.05596111449507388,0.011049495123852133"
50,10.0,0.1,0.2,0.001,13.262919241943578,4.53272347327895,0.02262241800987497,"0.0,0.1,0.2,0.30000000000000004,0.4,0.5,0.6000000000000001,0.7000000000000001,0.8,0.9,1.0,1.1,1.2000000000000002,1.3,1.4000000000000001,1.5,1.6,1.7000000000000002,1.8,1.9000000000000001,2.0,2.1,2.2,2.3000000000000003,2.4000000000000004,2.5,2.6,2.7,2.8000000000000003,2.9000000000000004,3.0,3.1,3.2,3.3000000000000003,3.4000000000000004,3.5,3.6,3.7,3.8000000000000003,3.9000000000000004,4.0,4.1000000000000005,4.2,4.3,4.4,4.5,4.6000000000000005,4.7,4.800000000000001,4.9,5.0,5.1000000000000005,5.2,5.300000000000001,5.4,5.5,5.6000000000000005,5.7,5.800000000000001,5.9,6.0,6.1000000000000005,6.2,6.300000000000001,6.4,6.5,6.6000000000000005,6.7,6.800000000000001,6.9,7.0,7.1000000000000005,7.2,7.300000000000001,7.4,7.5,7.6000000000000005,7.7,7.800000000000001,7.9,8.0,8.1,8.200000000000001,8.3,8.4,8.5,8.6,8.700000000000001,8.8,8.9,9.0,9.1,9.200000000000001,9.3,9.4,9.5,9.600000000000001,9.700000000000001,9.8,9.9,10.0","0.20728270147441877,0.21129122593318395,0.173933500487699,0.09964403275293778,0.16042973878321157,0.07594298308906494,0.1383385380775764,0.0835346697894001,0.0759493066252665,0.030461691022261747,0.00411121157040896,-0.0751351442117699,-0.15093357679867397,-0.14076610188738797,-0.11682473976443657,-0.19810656372711657,-0.1889478555177797,-0.19208043970087063,-0.2079093280228135,-0.21057441863790663,-0.2210459604835427,-0.24030262842624667,-0.21292605059872816,-0.1764400601422732,-0.17312062761202818,-0.1210937967085676,-0.08420671538018083,-0.02271357809978606,0.021450175665307783,0.10937886160470744,0.16038045875659301,0.1374293063162946,0.14373621593031236,0.18507716561913826,0.12953692647604337,0.15633974943232215,0.21407187350207238,0.2717306961882435,0.21309504610526173,0.21682717522691033,0.2285260636665567,0.1702148305063572,0.1077551840413219,0.11935306345452186,0.10656299435115064,0.07236427881457587,-0.03668535024710309,-0.02629904362421188,-0.052056943586280754,-0.12251155407774679,-0.15968158036097696,-0.13902687416604764,-0.17939864064016622,-0.20130086690716822,-0.18585114084411966,-0.22115576761892355,-0.2943761006465654,-0.29306853094188334,-0.2562700146249237,-0.19748457302584066,-0.16555373695710932,-0.1148660901068122,-0.12041351542482631,-0.09045326448054748,-0.0481584217093176,0.09857421168553834,0.04687763969335694,0.10708920060748103,0.12995311550157668,0.16251229936233916,0.1847429063335249,0.24159231733250683,0.24020416618805313,0.2433645964645892,0.27106543958862533,0.1933490503301598,0.20997104920354737,0.17263339485188928,0.1870572091124237,0.14663458672780316,0.12148495971365851,0.13205156511036636,-0.011342048461324396,0.009174234241211115,-0.039155670306606105,-0.10488385291380159,-0.11596435872144216,-0.1337931161856322,-0.2127930364893682,-0.23372365009137805,-0.251196481032308,-0.2345338172300769,-0.2947838797419221,-0.22089739451527962,-0.24354497337084066,-0.2616941015302002,-0.1974269497596584,-0.1771918260678084,-0.12995561605978712,-0.0662805747629647,-0.09683588846997652"
51,10.0,0.1,0.2,0.001,10.540361435390494,0.988590835109496,0.07050160837358306,"0.0,0.1,0.2,0.30000000000000004,0.4,0.5,0.6000000000000001,0.7000000000000001,0.8,0.9,1.0,1.1,1.2000000000000002,1.3,1.4000000000000001,1.5,1.6,1.7000000000000002,1.8,1.9000000000000001,2.0,2.1,2.2,2.3000000000000003,2.4000000000000004,2.5,2.6,2.7,2.8000000000000003,2.9000000000000004,3.0,3.1,3.2,3.3000000000000003,3.4000000000000004,3.5,3.6,3.7,3.8000000000000003,3.9000000000000004,4.0,4.1000000000000005,4.2,4.3,4.4,4.5,4.6000000000000005,4.7,4.800000000000001,4.9,5.0,5.1000000000000005,5.2,5.300000000000001,5.4,5.5,5.6000000000000005,5.7,5.800000000000001,5.9,6.0,6.1000000000000005,6.2,6.300000000000001,6.4,6.5,6.6000000000000005,6.7,6.800000000000001,6.9,7.0,7.1000000000000005,7.2,7.300000000000001,7.4,7.5,7.6000000000000005,7.7,7.800000000000001,7.9,8.0,8.1,8.200000000000001,8.3,8.4,8.5,8.6,8.700000000000001,8.8,8.9,9.0,9.1,9.200000000000001,9.3,9.4,9.5,9.600000000000001,9.700000000000001,9.8,9.9,10.0","0.25155138971120533,0.2242172572649484,0.23661244774409274,0.14797352329186605,0.12118960963148308,0.010048020553785831,-0.0849502639667557,-0.1812636464093829,-0.1949418500445348,-0.18065552306484567,-0.17735341836133833,-0.22811812366364018,-0.1355417628061535,-0.06609984567656146,-0.1069482642401465,0.07727598526898757,0.12749446498094905,0.19123719536032757,0.210026715971667,0.2415368621861099,0.2285333230539264,0.15023174914061588,0.2232368225412966,0.07944608609878516,0.0030788646164773455,-0.09774079489257595,-0.16107114532042582,-0.22702569035273223,-0.1926027368224371,-0.23584870603279245,-0.232122135611635,-0.17385966839234346,-0.12603794095919446,-0.07965510109629577,-0.0010529058710673006,0.07923535120964018,0.17770658090240368,0.21057949010609206,0.2563208108892007,0.2472217793068758,0.2686533574952004,0.22901257951219706,0.11430756107774996,0.0591892322629933,-0.08525550900558801,-0.1342783780541185,-0.2316371570055079,-0.2318210128146963,-0.3039744479646576,-0.2968738737218999,-0.1675699604172196,-0.18587856435374633,-0.08789277554553454,-0.03288065811364191,0.08900473728608371,0.13651020341192993,0.23776124231928536,0.24552940604173928,0.271642173526162,0.31177985735228503,0.1907362260971397,0.12335808824724309,0.014444900726147347,0.035084597794476625,-0.10289301330820234,-0.17364321701880128,-0.2698523837892362,-0.21689255265221608,-0.29154200746729997,-0.2981472835978134,-0.25789178342281327,-0.12091282714849529,0.02109741245582157,0.010968430896667554,0.127420512300359,0.20582439135385502,0.2954400231182954,0.3306117104894483,0.33630861058767636,0.25048707352453026,0.200507427480023,0.13675413905176978,-0.005742526317625556,-0.09822110667412143,-0.20857630218446077,-0.29610662548743777,-0.37956960829670333,-0.32858168646925195,-0.3771645617108916,-0.3137217796680216,-0.2590539064851772,-0.11157012127235177,-0.029838697339081753,0.15487620178806605,0.25778357341326946,0.38830756013587997,0.46609792277922607,0.45575518291461925,0.43981602131899816,0.3959384301309642,0.2669759939960232"
52,10.0,0.1,0.2,0.001,7.812337838390083,3.467401856113558,0.07542951528581944,"0.0,0.1,0.2,0.30000000000000004,0.4,0.5,0.6000000000000001,0.7000000000000001,0.8,0.9,1.0,1.1,1.2000000000000002,1.3,1.4000000000000001,1.5,1.6,1.7000000000000002,1.8,1.9000000000000001,2.0,2.1,2.2,2.3000000000000003,2.4000000000000004,2.5,2.6,2.7,2.8000000000000003,2.9000000000000004,3.0,3.1,3.2,3.3000000000000003,3.4000000000000004,3.5,3.6,3.7,3.8000000000000003,3.9000000000000004,4.0,4.1000000000000005,4.2,4.3,4.4,4.5,4.6000000000000005,4.7,4.800000000000001,4.9,5.0,5.1000000000000005,5.2,5.300000000000001,5.4,5.5,5.6000000000000005,5.7,5.800000000000001,5.9,6.0,6.1000000000000005,6.2,6.300000000000001,6.4,6.5,6.6000000000000005,6.7,6.800000000000001,6.9,7.0,7.1000000000000005,7.2,7.300000000000001,7.4,7.5,7.6000000000000005,7.7,7.800000000000001,7.9,8.0,8.1,8.200000000000001,8.3,8.4,8.5,8.6,8.700000000000001,8.8,8.9,9.0,9.1,9.200000000000001,9.3,9.4,9.5,9.600000000000001,9.700000000000001,9.8,9.9,10.0","0.22351005494798232,0.24586595092738822,0.18349686294427067,0.26519889249231454,0.12442807511453825,0.14123058231241584,0.11641361574799242,0.13255249290133433,0.10049735659153418,0.08950494321176855,0.042680826287811474,0.016503333136943847,-0.04886512051445274,-0.030063863880970425,-0.06563473863321051,-0.15312004082542724,-0.1578428986648796,-0.18485360401436574,-0.2051170006387919,-0.23771881669803666,-0.26826250991445827,-0.2250143779576605,-0.2539815972044479,-0.2916228531415121,-0.27369996907314703,-0.24435835957702592,-0.2102280259320961,-0.22497493913387212,-0.1717913256799667,-0.10319830170712149,-0.12667484997514303,-0.04488264787262985,-0.06858661141094315,0.01675229995715372,0.07823379314913309,0.09357292852629306,0.15254174908008108,0.17411704696133062,0.20238405784850955,0.2556992956009982,0.3183618951230177,0.25771356298862536,0.3142208739715375,0.2925754774759076,0.30681822380327434,0.28294641730271963,0.26661914981984053,0.25709890914761474,0.1899186427314787,0.203055267193159,0.08481136160768646,0.029074883510503358,0.11973229441742295,-0.01597388442423632,-0.03910905852582845,-0.06173282592402081,-0.08085190743924872,-0.10010756061702306,-0.15977039792788172,-0.1589410469680966,-0.2837711263573729,-0.26174302811397343,-0.20583568630741,-0.2982285071783327,-0.3584383847390675,-0.35286016857447694,-0.31953514413118916,-0.24390635007580377,-0.21429869113198063,-0.22142535370571825,-0.1840714792796902,-0.13722680770769238,-0.1214362701530187,-0.13044568788637417,-0.028626302670191506,0.016009768834544927,0.05392840614603535,0.08515940426074578,0.20307114090993614,0.17513252744282057,0.2544299985545923,0.2998597580431865,0.2694640717970962,0.2934554896564986,0.337529942100025,0.37122133960885695,0.35752817083019095,0.3444838759984636,0.332749348488901,0.28691879082241084,0.2408838228998471,0.21164835473299676,0.17698716731529124,0.19729529697091502,0.08882292986334289,0.008137277962233156,-0.027595650223093543,-0.05429338003574227,-0.1527575782251527,-0.17006437795707485,-0.2793895383752702"
53,10.0,0.1,0.2,0.001,12.68647491917657,0.9848342568015345,0.09244106606238471,"0.0,0.1,0.2,0.30000000000000004,0.4,0.5,0.6000000000000001,0.7000000000000001,0.8,0.9,1.0,1.1,1.2000000000000002,1.3,1.4000000000000001,1.5,1.6,1.7000000000000002,1.8,1.9000000000000001,2.0,2.1,2.2,2.3000000000000003,2.4000000000000004,2.5,2.6,2.7,2.8000000000000003,2.9000000000000004,3.0,3.1,3.2,3.3000000000000003,3.4000000000000004,3.5,3.6,3.7,3.8000000000000003,3.9000000000000004,4.0,4.1000000000000005,4.2,4.3,4.4,4.5,4.6000000000000005,4.7,4.800000000000001,4.9,5.0,5.1000000000000005,5.2,5.300000000000001,5.4,5.5,5.6000000000000005,5.7,5.800000000000001,5.9,6.0,6.1000000000000005,6.2,6.300000000000001,6.4,6.5,6.6000000000000005,6.7,6.800000000000001,6.9,7.0,7.1000000000000005,7.2,7.300000000000001,7.4,7.5,7.6000000000000005,7.7,7.800000000000001,7.9,8.0,8.1,8.200000000000001,8.3,8.4,8.5,8.6,8.700000000000001,8.8,8.9,9.0,9.1,9.200000000000001,9.3,9.4,9.5,9.600000000000001,9.700000000000001,9.8,9.9,10.0","0.17899334053047378,0.18610918258771972,0.17514119216557714,0.1363797356887424,0.08474857837837232,-0.026686110724594612,-0.11516443198926708,-0.12099754074583041,-0.21805183499200917,-0.24902418930444623,-0.14262740522838796,-0.2358001941800612,-0.1151195185819907,-0.03996358314833051,0.0393339303087482,0.10791446141396523,0.2278917364830286,0.31641959873706665,0.29099693839206336,0.2041750108650489,0.20187848928939833,0.11500662281771777,0.04165643699391218,-0.11799686280567454,-0.22125099267270434,-0.28825753143310734,-0.29639066463891217,-0.3042492600996874,-0.24153681110907718,-0.19951277424636615,-0.1388500516738022,-0.02557137755644712,0.11809666557265346,0.2141511167797487,0.27581721422906513,0.32674950563521427,0.29320327057357976,0.25284848076436534,0.1804294167815864,0.08428026102774687,-0.05795745106632842,-0.22203650068911795,-0.23631259976174313,-0.31753855263131486,-0.3105061064941724,-0.3405026675204632,-0.2821924166311805,-0.17267905569910857,-0.06009836422084025,0.0848981948362931,0.17915888070151287,0.2890585302788766,0.3786445535929326,0.36831744739502764,0.3261799695740225,0.2636706101091186,0.07096924332003088,0.02337417959872526,-0.12292740223718751,-0.29148101431810913,-0.2907492247718949,-0.34950457648963246,-0.3504274179830871,-0.3511349861940365,-0.1619364117018004,-0.09359164094747066,0.008525606572395846,0.11565544101580905,0.253014510477698,0.36511831958424745,0.4042442767970919,0.3888167303535982,0.384650150757988,0.30471009375042407,0.14580466792474173,-0.0514918082198203,-0.187496802529644,-0.36686689369399333,-0.4688875004174109,-0.493271151454986,-0.44845775754098627,-0.4418237282483577,-0.3114120277592765,-0.1625861693891605,0.061245440697871266,0.258944772062897,0.4227129578752651,0.5490610410528575,0.6475023344521442,0.6573182748715556,0.49957686083929326,0.3775614136629423,0.24808529410789945,-0.029100935632402153,-0.35033747381882013,-0.5380992388590633,-0.7297851080845861,-0.8262462314436531,-0.9183581938788115,-0.8740482392446058,-0.6354770907828303"
54,10.0,0.1,0.2,0.001,7.302139908948808,0.668356502792809,0.05993672224523351,"0.0,0.1,0.2,0.30000000000000004,0.4,0.5,0.6000000000000001,0.7000000000000001,0.8,0.9,1.0,1.1,1.2000000000000002,1.3,1.4000000000000001,1.5,1.6,1.7000000000000002,1.8,1.9000000000000001,2.0,2.1,2.2,2.3000000000000003,2.4000000000000004,2.5,2.6,2.7,2.8000000000000003,2.9000000000000004,3.0,3.1,3.2,3.3000000000000003,3.4000000000000004,3.5,3.6,3.7,3.8000000000000003,3.9000000000000004,4.0,4.1000000000000005,4.2,4.3,4.4,4.5,4.6000000000000005,4.7,4.800000000000001,4.9,5.0,5.1000000000000005,5.2,5.300000000000001,5.4,5.5,5.6000000000000005,5.7,5.800000000000001,5.9,6.0,6.1000000000000005,6.2,6.300000000000001,6.4,6.5,6.6000000000000005,6.7,6.800000000000001,6.9,7.0,7.1000000000000005,7.2,7.300000000000001,7.4,7.5,7.6000000000000005,7.7,7.800000000000001,7.9,8.0,8.1,8.200000000000001,8.3,8.4,8.5,8.6,8.700000000000001,8.8,8.9,9.0,9.1,9.200000000000001,9.3,9.4,9.5,9.600000000000001,9.700000000000001,9.8,9.9,10.0","0.20220878057754987,0.18760824835875944,0.1368890395325596,0.12943953006222764,0.060368086767591915,-0.036166872843175206,-0.0924683713819872,-0.13248899776583142,-0.22501813516320168,-0.2526904792538471,-0.28120039213249504,-0.20449426423213263,-0.1965648290707661,-0.1275765800723551,-0.036471317418327376,0.036479536716243904,0.15177826021806376,0.2096960418412201,0.24657199032108587,0.25810569691281854,0.30029605226071826,0.2438108231213996,0.18221919870183065,0.07796204328450583,0.06703394200200838,-0.14387035770980428,-0.18980319692990053,-0.2839707144360793,-0.25115331265095303,-0.23422492125216643,-0.2755398821491683,-0.17683431959787285,-0.16687132032064295,-0.04199061180508718,0.06246196717097444,0.1360709984785503,0.18170690298616524,0.24043212632381641,0.3132493948564633,0.3089523212784363,0.2319985453299135,0.1742635365735233,0.0776174049985848,0.019477008921091735,-0.08859829131406767,-0.1959449709084348,-0.27973671301618935,-0.31068706824528475,-0.3215547725605669,-0.28005466400628054,-0.16995273616459816,-0.15971439175964125,-0.08024905653002448,0.07769493496557398,0.10939946382824253,0.20276626173036025,0.28724688031727164,0.2715400497674742,0.32649480396078423,0.2204970466888929,0.19595782223009584,0.07799423448244226,-0.01901198519545713,-0.06781567659782282,-0.16216141562984282,-0.2685685781962498,-0.28890782758642003,-0.3183676569104407,-0.2583639245458769,-0.15754623040804736,-0.16419656993457699,-0.07011326467440146,0.042513644892858346,0.14311907952493133,0.19359355641544257,0.2379618239113228,0.3243160871621658,0.28245964140882135,0.33469772245071927,0.25737373640640143,0.114086975534982,-0.016145923352298832,-0.14503403737708054,-0.22111300543946377,-0.3055217716175793,-0.3412163253240365,-0.33670035438978624,-0.3566969667843767,-0.3245625594246138,-0.1990368298062587,-0.0679563150209502,0.07155487251142392,0.15273642551376365,0.2455317878789801,0.3803035672750066,0.3635743468043887,0.30988462027323993,0.2931695098002432,0.21072913394932052,0.11321420217507176,-0.04232066653277536"
55,10.0,0.1,0.2,0.001,8.709222838624388,4.234053844095859,0.08274263248578717,"0.0,0.1,0.2,0.30000000000000004,0.4,0.5,0.6000000000000001,0.7000000000000001,0.8,0.9,1.0,1.1,1.2000000000000002,1.3,1.4000000000000001,1.5,1.6,1.7000000000000002,1.8,1.9000000000000001,2.0,2.1,2.2,2.3000000000000003,2.4000000000000004,2.5,2.6,2.7,2.8000000000000003,2.9000000000000004,3.0,3.1,3.2,3.3000000000000003,3.4000000000000004,3.5,3.6,3.7,3.8000000000000003,3.9000000000000004,4.0,4.1000000000000005,4.2,4.3,4.4,4.5,4.6000000000000005,4.7,4.800000000000001,4.9,5.0,5.1000000000000005,5.2,5.300000000000001,5.4,5.5,5.6000000000000005,5.7,5.800000000000001,5.9,6.0,6.1000000000000005,6.2,6.300000000000001,6.4,6.5,6.6000000000000005,6.7,6.800000000000001,6.9,7.0,7.1000000000000005,7.2,7.300000000000001,7.4,7.5,7.6000000000000005,7.7,7.800000000000001,7.9,8.0,8.1,8.200000000000001,8.3,8.4,8.5,8.6,8.700000000000001,8.8,8.9,9.0,9.1,9.200000000000001,9.3,9.4,9.5,9.600000000000001,9.700000000000001,9.8,9.9,10.0","0.14462258095328806,0.18437164615676135,0.16826525668695408,0.21369643418109344,0.16432832713717754,0.1447359527660571,0.13735056137212545,0.10335587691394399,0.1280723536259501,0.07763847391074394,0.05214560279408853,0.02253879603725277,-0.05342557466305137,-0.05649383585710048,-0.057277759069581886,-0.11741029421890917,-0.07881946396224804,-0.11181679987789009,-0.14237183411696527,-0.17385968815414737,-0.27020421865398686,-0.2540844640017528,-0.284934396804814,-0.2999499497691752,-0.2467599617965623,-0.2478272722424313,-0.24975538485608198,-0.22364535848143144,-0.19729558168113057,-0.1604060699486593,-0.16620113630561775,-0.1188485403815081,-0.05227502623418601,-0.059247538819453084,0.007152551567300337,-0.0011217698303893422,0.0325564990058213,0.11231540215911155,0.14374839725028749,0.19546468364060535,0.22987493831272085,0.25114416683549706,0.28186810408671337,0.26457616390368877,0.28447306165581315,0.2660002619579287,0.2924812599523679,0.3044293992959571,0.22685989231939066,0.2765113549722086,0.22943204360477817,0.13521371785534333,0.13122425453369224,0.11416317417514128,0.13610168124959074,0.05045544745404395,0.0062168295887468856,-0.06068673295078056,-0.025892693341224085,-0.15737559180637245,-0.1710743737228619,-0.20156097865065364,-0.2081352381720542,-0.3133428746370739,-0.25343042064664284,-0.2971964913565672,-0.2674065942645527,-0.29020526050106793,-0.3364960164359801,-0.29624311990689317,-0.29093291284093703,-0.32193771209024974,-0.34285183891607274,-0.26945007917439817,-0.24219616790014398,-0.22636434028698388,-0.13377787684528974,-0.0318098340506863,-0.06798827428527568,0.06576564090949094,0.025491398075483396,0.16209996141703759,0.2161116672403603,0.19815829391288653,0.29085156753662994,0.3326414467117085,0.33233592911130133,0.3225237572982363,0.4211314130790813,0.457676806990079,0.5149957406590846,0.39538800142260994,0.44485000434989436,0.45833545299360934,0.48202647416606526,0.41950218507352144,0.31611017047395135,0.3197484348708096,0.19475459426896075,0.19039423818753376,0.07385004670848906"
56,10.0,0.1,0.2,0.001,8.171388928227152,4.7880472778138525,0.036182605432610676,"0.0,0.1,0.2,0.30000000000000004,0.4,0.5,0.6000000000000001,0.7000000000000001,0.8,0.9,1.0,1.1,1.2000000000000002,1.3,1.4000000000000001,1.5,1.6,1.7000000000000002,1.8,1.9000000000000001,2.0,2.1,2.2,2.3000000000000003,2.4000000000000004,2.5,2.6,2.7,2.8000000000000003,2.9000000000000004,3.0,3.1,3.2,3.3000000000000003,3.4000000000000004,3.5,3.6,3.7,3.8000000000000003,3.9000000000000004,4.0,4.1000000000000005,4.2,4.3,4.4,4.5,4.6000000000000005,4.7,4.800000000000001,4.9,5.0,5.1000000000000005,5.2,5.300000000000001,5.4,5.5,5.6000000000000005,5.7,5.800000000000001,5.9,6.0,6.1000000000000005,6.2,6.300000000000001,6.4,6.5,6.6000000000000005,6.7,6.800000000000001,6.9,7.0,7.1000000000000005,7.2,7.300000000000001,7.4,7.5,7.6000000000000005,7.7,7.800000000000001,7.9,8.0,8.1,8.200000000000001,8.3,8.4,8.5,8.6,8.700000000000001,8.8,8.9,9.0,9.1,9.200000000000001,9.3,9.4,9.5,9.600000000000001,9.700000000000001,9.8,9.9,10.0","0.21498024943326824,0.25726634689923616,0.23181955148682765,0.16924021658046773,0.14677030941702182,0.17105903995135993,0.11225609568651863,0.0888702005030278,0.09627106570201902,0.08321397756402797,0.026754195573085622,-0.01887838274921197,0.0029371916661746723,-0.008684482332423766,0.004643395761389252,-0.1007566589156129,-0.1059380114306735,-0.11063161481084781,-0.18566325978251966,-0.13607789671200587,-0.1686827064849091,-0.20934945416159842,-0.20387893867899554,-0.19315076403400883,-0.2265746042273695,-0.18980383640086834,-0.14863080648715263,-0.20102763053144362,-0.20759105851968196,-0.2274966998035116,-0.12307807665179013,-0.14255401091644554,-0.14831792631772966,-0.10272213298102004,-0.10878557347916878,-0.0473248901241332,0.0017879873178610999,0.056694135356689296,-0.014463217279641762,0.07936041799755021,0.08416301176606632,0.11809519391258319,0.15318190357777006,0.15904526900606356,0.18236535265719814,0.17814200058931423,0.1528093142425721,0.23502680928966999,0.22571827017286364,0.30637301539323536,0.1823913071543372,0.2111475422504029,0.18085440939848677,0.15277252576129896,0.13306942633943308,0.12223822060213373,0.1386329729938161,0.06287192555321286,0.05006358616456014,0.05563317186129684,-0.007510455790223107,-0.006012387298160761,-0.02466463298028172,-0.05375782899880406,-0.18449431257591878,-0.1083741180508968,-0.18949483707800416,-0.20191907272822127,-0.23841768447378028,-0.25856334965415984,-0.21632576554716376,-0.2461259391028409,-0.2716875259094301,-0.2676182468204282,-0.3083324983785057,-0.2048781084989187,-0.2770713842308986,-0.19589918366511605,-0.21517572229894452,-0.16915531857295746,-0.20145807966707766,-0.08379977210091247,-0.08846015308402606,-0.03230469144092096,-0.037740076430837426,-0.04773157537643059,0.06427760557860866,0.08668589073981536,0.16797578462526846,0.10532077483349431,0.2538215840701037,0.2200759024806825,0.21870106309016463,0.291961057335907,0.2989370111510824,0.30091301192579417,0.30726769622390426,0.3198158738683465,0.2707800377085918,0.3222260946861156,0.2583815345492438"
57,10.0,0.1,0.2,0.001,10.150571292317146,1.6518429075542125,0.0942439213044067,"0.0,0.1,0.2,0.30000000000000004,0.4,0.5,0.6000000000000001,0.7000000000000001,0.8,0.9,1.0,1.1,1.2000000000000002,1.3,1.4000000000000001,1.5,1.6,1.7000000000000002,1.8,1.9000000000000001,2.0,2.1,2.2,2.3000000000000003,2.4000000000000004,2.5,2.6,2.7,2.8000000000000003,2.9000000000000004,3.0,3.1,3.2,3.3000000000000003,3.4000000000000004,3.5,3.6,3.7,3.8000000000000003,3.9000000000000004,4.0,4.1000000000000005,4.2,4.3,4.4,4.5,4.6000000000000005,4.7,4.800000000000001,4.9,5.0,5.1000000000000005,5.2,5.300000000000001,5.4,5.5,5.6000000000000005,5.7,5.800000000000001,5.9,6.0,6.1000000000000005,6.2,6.300000000000001,6.4,6.5,6.6000000000000005,6.7,6.800000000000001,6.9,7.0,7.1000000000000005,7.2,7.300000000000001,7.4,7.5,7.6000000000000005,7.7,7.800000000000001,7.9,8.0,8.1,8.200000000000001,8.3,8.4,8.5,8.6,8.700000000000001,8.8,8.9,9.0,9.1,9.200000000000001,9.3,9.4,9.5,9.600000000000001,9.700000000000001,9.8,9.9,10.0","0.19549821811996207,0.25895095026832926,0.2026325177245456,0.20540586845143952,0.11814899498141401,0.07299901012120562,0.04659067289448667,-0.0029740577950409172,-0.08746201590251329,-0.21334132797334188,-0.18193635112264525,-0.18237065330811458,-0.23689361926034405,-0.2231066167257234,-0.21441592168471332,-0.240197049754666,-0.14466145155147464,-0.13977003778380595,-0.08978639738939286,0.001491469820758571,0.024421222920046136,0.12201061345436287,0.141390966876046,0.22233686650928616,0.2673590080557675,0.2770178216670696,0.26059712844211946,0.2624179482032737,0.22908460843725403,0.20220737042707887,0.09188525741143555,0.0420547355148277,0.03806531950556815,-0.08951971417452867,-0.1505681642093126,-0.2059085860087339,-0.31389822870922157,-0.2923110058196284,-0.385635963913862,-0.27807637198553387,-0.22041586827889492,-0.24313675737814683,-0.10908594271425856,-0.14373897649103995,-0.06720496605282777,0.06853743578389848,0.10268996876416875,0.18234901751194985,0.28987362848330755,0.2666403707488564,0.3124678642873571,0.32219946157892226,0.322718855078929,0.2999545846785737,0.22278475733749997,0.12363957773512313,0.11908828868664809,0.09832872081188361,-0.04618260160350096,-0.13018953425398797,-0.2400516634862766,-0.2885600352970915,-0.38559550832425105,-0.33616243779936794,-0.3526114494811455,-0.27924973148069543,-0.3051001215074124,-0.16496687102471883,-0.1410195975781636,-0.06560997650409463,0.026214431202731342,0.10746123075897258,0.13814137793697098,0.2893989478067089,0.3423267448804928,0.3877281770826896,0.3781392924145424,0.3637129649556821,0.25635818293594265,0.2629825580141462,0.15348067375401475,0.11835549931345157,0.08357442920929836,-0.04976431773937719,-0.22050772821120676,-0.2481580409868362,-0.299861151541036,-0.3631729815823205,-0.38510261212621444,-0.388715418447092,-0.36511983478712107,-0.33567324396934833,-0.28390116637684343,-0.22600884826026071,-0.12156501366666045,-0.010203662955688548,0.12003806950927426,0.18670280115837368,0.30474928676564844,0.418875837016931,0.42573149486668005"
58,10.0,0.1,0.2,0.001,6.646078175820182,0.7020977872654804,0.04915873540027342,"0.0,0.1,0.2,0.30000000000000004,0.4,0.5,0.6000000000000001,0.7000000000000001,0.8,0.9,1.0,1.1,1.2000000000000002,1.3,1.4000000000000001,1.5,1.6,1.7000000000000002,1.8,1.9000000000000001,2.0,2.1,2.2,2.3000000000000003,2.4000000000000004,2.5,2.6,2.7,2.8000000000000003,2.9000000000000004,3.0,3.1,3.2,3.3000000000000003,3.4000000000000004,3.5,3.6,3.7,3.8000000000000003,3.9000000000000004,4.0,4.1000000000000005,4.2,4.3,4.4,4.5,4.6000000000000005,4.7,4.800000000000001,4.9,5.0,5.1000000000000005,5.2,5.300000000000001,5.4,5.5,5.6000000000000005,5.7,5.800000000000001,5.9,6.0,6.1000000000000005,6.2,6.300000000000001,6.4,6.5,6.6000000000000005,6.7,6.800000000000001,6.9,7.0,7.1000000000000005,7.2,7.300000000000001,7.4,7.5,7.6000000000000005,7.7,7.800000000000001,7.9,8.0,8.1,8.200000000000001,8.3,8.4,8.5,8.6,8.700000000000001,8.8,8.9,9.0,9.1,9.200000000000001,9.3,9.4,9.5,9.600000000000001,9.700000000000001,9.8,9.9,10.0","0.14466755734025175,0.20143345737921317,0.20865764643415202,0.12829256805057174,0.11644748511205277,0.036041785629652504,-0.03980551307967131,-0.14595394142781543,-0.17578595451218856,-0.19790000456729598,-0.23725918485728353,-0.2049113033394549,-0.21248954032381379,-0.13440952900495504,-0.08053097829639874,-0.037049639735718363,0.019121426566666353,0.1364141986390544,0.15297733920820922,0.17362484738091027,0.2827033600068413,0.29191174502145695,0.21267984510135957,0.1611169231052102,0.13218866490031866,0.08265452897009129,-0.002211304035797116,-0.05822307355198452,-0.17797676344774227,-0.2164840169102215,-0.2413006999816217,-0.30079460785380774,-0.2620046047593864,-0.17287363603210973,-0.11688181597126927,-0.08368540994309431,0.04624952018736497,0.03224888347393086,0.11179481156303706,0.17010747155183337,0.2266086158118213,0.2345881097409088,0.24389777810174015,0.1893945929598395,0.1953703342167819,0.030409403592434464,-0.022990977558248894,-0.05846839576260551,-0.19207796877700678,-0.15251462711070543,-0.2758462261850605,-0.27257482365057545,-0.27793464673403057,-0.2441518362617196,-0.16382015218394128,-0.08473735520198941,-0.0520695116070832,0.09304809405401174,0.1242933932346872,0.159977860223238,0.20382938832285225,0.254165988632799,0.2592129370495942,0.23846728075959192,0.13797258959960412,0.09047662743904397,0.065027696729791,-0.013252137147452155,-0.08277612382527977,-0.22837183057189347,-0.291903289750184,-0.2617405203565129,-0.28640793060409875,-0.2745218421539503,-0.1415282110134204,-0.15707438732856024,-0.03654171451936221,-0.016515704869191516,0.12707591795179582,0.1461992875143211,0.2583097546810496,0.3024798221167527,0.23763343414489793,0.29540013573955387,0.24606156951182245,0.179218982814172,0.08686717301357913,-0.005821802006446643,-0.1145250827571257,-0.21456151433817672,-0.2943558221027035,-0.2699736456693019,-0.25045139797434307,-0.3216993105827303,-0.20775016148372275,-0.20909666582754566,-0.12238856046234274,-0.019321204535185328,0.07708179979808259,0.09881922161065383,0.20970823572737862"
59,10.0,0.1,0.2,0.001,14.92375564055837,4.512547698147113,0.07737472175112543,"0.0,0.1,0.2,0.30000000000000004,0.4,0.5,0.6000000000000001,0.7000000000000001,0.8,0.9,1.0,1.1,1.2000000000000002,1.3,1.4000000000000001,1.5,1.6,1.7000000000000002,1.8,1.9000000000000001,2.0,2.1,2.2,2.3000000000000003,2.4000000000000004,2.5,2.6,2.7,2.8000000000000003,2.9000000000000004,3.0,3.1,3.2,3.3000000000000003,3.4000000000000004,3.5,3.6,3.7,3.8000000000000003,3.9000000000000004,4.0,4.1000000000000005,4.2,4.3,4.4,4.5,4.6000000000000005,4.7,4.800000000000001,4.9,5.0,5.1000000000000005,5.2,5.300000000000001,5.4,5.5,5.6000000000000005,5.7,5.800000000000001,5.9,6.0,6.1000000000000005,6.2,6.300000000000001,6.4,6.5,6.6000000000000005,6.7,6.800000000000001,6.9,7.0,7.1000000000000005,7.2,7.300000000000001,7.4,7.5,7.6000000000000005,7.7,7.800000000000001,7.9,8.0,8.1,8.200000000000001,8.3,8.4,8.5,8.6,8.700000000000001,8.8,8.9,9.0,9.1,9.200000000000001,9.3,9.4,9.5,9.600000000000001,9.700000000000001,9.8,9.9,10.0","0.28559810776564787,0.2318026928065616,0.2462936498672268,0.23218133912760808,0.2115755744898923,0.16388413978313446,0.10965742707938375,0.11363290363901626,-0.007285175869008356,0.03282558804888965,-0.020565284609569676,-0.10211842871635023,-0.12732604672393869,-0.1962358753114981,-0.23502681687303098,-0.20184176531401432,-0.2625984980337912,-0.21591485262584423,-0.19684594114252185,-0.24928879289349404,-0.24413145527098287,-0.19395781299612752,-0.2675519904817684,-0.22558834060500105,-0.14579219979719799,-0.07710801767651654,-0.02915446606778859,0.02756565958317986,0.1027181239954523,0.13825167713481834,0.20445941133560452,0.2369388878051872,0.2456227900376037,0.2637798757110546,0.27469392683013344,0.3268413721014021,0.304668186745625,0.3553111892841603,0.2798934842703017,0.30379720578530983,0.169659688185338,0.16109971718313507,0.06763787442656292,0.04887918363402671,0.0249824336734758,-0.06849694325712208,-0.11852622935719903,-0.14708314413136617,-0.14407708645171047,-0.2691383793197745,-0.3031698216939653,-0.31056629129060975,-0.3055283423481644,-0.3258109751955978,-0.28334215961202247,-0.24916183607702047,-0.303657056202642,-0.17753150023280917,-0.22661014869683432,-0.11949553787065835,-0.07006239378575328,0.042881239470667847,0.025082035314493295,0.10305929376795185,0.17294135182867937,0.23476942094902034,0.24505047627921245,0.3620592838742974,0.29477097784089734,0.3432092991333264,0.3755694097805554,0.3375141767760878,0.323800877120775,0.38146583798806294,0.34666771412142167,0.19405686329689176,0.23010149600080326,0.16683252527815,0.022186782092791797,0.024707727308202653,-0.137784994144038,-0.17919001653941982,-0.23550707841701796,-0.2742551600168484,-0.3270118891334538,-0.3970692575501112,-0.45650152344759626,-0.39230995371243393,-0.41749662374930546,-0.4390398246162074,-0.4099050562609161,-0.3345588760694867,-0.303341771766235,-0.2863164742972097,-0.21531412486417834,-0.08907234458323446,-0.09860296364092225,0.02017032280082354,0.1590349737814609,0.18841795583947943,0.3507718900871894"
60,10.0,0.1,0.2,0.001,13.90792490878525,4.520509878640384,0.056697252434780424,"0.0,0.1,0.2,0.30000000000000004,0.4,0.5,0.6000000000000001,0.7000000000000001,0.8,0.9,1.0,1.1,1.2000000000000002,1.3,1.4000000000000001,1.5,1.6,1.7000000000000002,1.8,1.9000000000000001,2.0,2.1,2.2,2.3000000000000003,2.4000000000000004,2.5,2.6,2.7,2.8000000000000003,2.9000000000000004,3.0,3.1,3.2,3.3000000000000003,3.4000000000000004,3.5,3.6,3.7,3.8000000000000003,3.9000000000000004,4.0,4.1000000000000005,4.2,4.3,4.4,4.5,4.6000000000000005,4.7,4.800000000000001,4.9,5.0,5.1000000000000005,5.2,5.300000000000001,5.4,5.5,5.6000000000000005,5.7,5.800000000000001,5.9,6.0,6.1000000000000005,6.2,6.300000000000001,6.4,6.5,6.6000000000000005,6.7,6.800000000000001,6.9,7.0,7.1000000000000005,7.2,7.300000000000001,7.4,7.5,7.6000000000000005,7.7,7.800000000000001,7.9,8.0,8.1,8.200000000000001,8.3,8.4,8.5,8.6,8.700000000000001,8.8,8.9,9.0,9.1,9.200000000000001,9.3,9.4,9.5,9.600000000000001,9.700000000000001,9.8,9.9,10.0","0.2527489510595734,0.22622216375936663,0.22132434591602504,0.14394153850224045,0.20368975174226894,0.14781249721515055,0.09175617565165978,0.04654711463910291,0.040105275380023384,-0.06306853409713518,0.002169969060264492,-0.06524007144202579,-0.11369882640607074,-0.16980106867435918,-0.18657104774486793,-0.1572932009382152,-0.27057051633342116,-0.2208934685553457,-0.2543657559459887,-0.23247568458044598,-0.17557387742940397,-0.19548390694591564,-0.21192378889187583,-0.17589944092331122,-0.09136656651489708,-0.08043165445946385,-0.12158324970830862,0.014998125786640252,0.06943624531689097,0.09026921745727759,0.12035518544907711,0.17573433288764012,0.23774593057507803,0.33934955734633654,0.2303079835545383,0.25225262746346966,0.20189769532177276,0.3008846284023001,0.2545239486743104,0.19908669759179987,0.23042221651708927,0.11017670252457806,0.14683290197486817,0.06126779448880638,0.08392237184564799,0.011348414692915478,-0.02402200645031611,-0.10341882970392252,-0.17383443239544225,-0.13918718717213757,-0.16458915454027293,-0.2568003930669263,-0.2895711620330965,-0.2552312711004389,-0.2756960499492207,-0.2597524185204209,-0.2831457179257513,-0.19467948886361622,-0.23902504166437158,-0.11671963181225095,-0.12986582664371427,-0.0868858301077701,-0.043067638558599394,-0.057676063456482324,0.00896943221483923,0.06469494814276451,0.13139489785757008,0.1869933255838369,0.20497599651173348,0.2348646230586567,0.28411237260041217,0.30826287864426616,0.280742551296351,0.23628974719835838,0.23305053625055375,0.26677358448152927,0.14982461076514667,0.12673629939221062,0.12961299169239265,0.09711438505044417,0.022692975023616824,-0.01729645327991007,-0.051168339257469886,-0.13652562531051576,-0.1889799023376583,-0.15852035704251,-0.2028058149860586,-0.23512935524114514,-0.3247691737477053,-0.3182060494415931,-0.299800857862383,-0.3217846527532023,-0.2802472809283395,-0.20565923422599194,-0.2675270712688312,-0.2082477581216683,-0.1509613377892622,-0.11100094814978959,-0.032565803791905164,0.00680557552424939,0.08691993274002513"
61,10.0,0.1,0.2,0.001,8.15929051830793,3.974055944499446,0.0695495136850985,"0.0,0.1,0.2,0.30000000000000004,0.4,0.5,0.6000000000000001,0.7000000000000001,0.8,0.9,1.0,1.1,1.2000000000000002,1.3,1.4000000000000001,1.5,1.6,1.7000000000000002,1.8,1.9000000000000001,2.0,2.1,2.2,2.3000000000000003,2.4000000000000004,2.5,2.6,2.7,2.8000000000000003,2.9000000000000004,3.0,3.1,3.2,3.3000000000000003,3.4000000000000004,3.5,3.6,3.7,3.8000000000000003,3.9000000000000004,4.0,4.1000000000000005,4.2,4.3,4.4,4.5,4.6000000000000005,4.7,4.800000000000001,4.9,5.0,5.1000000000000005,5.2,5.300000000000001,5.4,5.5,5.6000000000000005,5.7,5.800000000000001,5.9,6.0,6.1000000000000005,6.2,6.300000000000001,6.4,6.5,6.6000000000000005,6.7,6.800000000000001,6.9,7.0,7.1000000000000005,7.2,7.300000000000001,7.4,7.5,7.6000000000000005,7.7,7.800000000000001,7.9,8.0,8.1,8.200000000000001,8.3,8.4,8.5,8.6,8.700000000000001,8.8,8.9,9.0,9.1,9.200000000000001,9.3,9.4,9.5,9.600000000000001,9.700000000000001,9.8,9.9,10.0","0.1604943498120074,0.18972811879034052,0.21764941598921822,0.18291784642396774,0.1464061180881704,0.24868022342652066,0.16693039561174886,0.15261806081375942,0.0800897956200819,0.06860027970917745,0.07480740937091518,0.019403844598447482,0.02062867719336891,0.0066421249041706265,-0.11436903718893307,-0.1561415185731456,-0.10791416762330118,-0.168232204134506,-0.1678261768894651,-0.16577744504042363,-0.1814583768170256,-0.28735892998903706,-0.21732962725938,-0.20528846673029066,-0.2543112871767232,-0.2637882673191251,-0.26924199009645833,-0.22878570450302102,-0.22975928816997743,-0.2008027260781547,-0.2000877279035862,-0.1163147680231416,-0.11640663274483243,-0.10361746645361924,0.022349815280157104,0.01503704834515918,0.06633494261548074,0.1213005677562456,0.1490880326379536,0.19630740970274377,0.24217879435293466,0.3004006728527001,0.30063992306875015,0.2917375219299502,0.26585273917082614,0.29865278937329265,0.30087826985614624,0.33888000400421553,0.2585648704759676,0.18450326835849057,0.207077183199511,0.1804071860024458,0.09350061802050111,0.11394914068215148,0.07813340934838553,0.055027865193509995,-0.010104237744359739,-0.02273868099186928,-0.1112561746079371,-0.11305230601005417,-0.13703608729781508,-0.19967951714866106,-0.24939414848845634,-0.26817185569840113,-0.2346651980876796,-0.23372825841561032,-0.29449531540834467,-0.26088772386888853,-0.3107090922515744,-0.2750511020977935,-0.2889363137677061,-0.25176139027456634,-0.24176807465059932,-0.23687299611630674,-0.20611458647520373,-0.10305514794555529,-0.09544518686658934,-0.12176317624821664,-0.04725309204060933,0.012566950043585328,0.054243224529127776,0.13312635028960274,0.14236111741574356,0.2119848630906249,0.2673196685927664,0.3290984031924706,0.2828021076264551,0.3602414991130069,0.34639355894806345,0.42413222432430625,0.41016253913697015,0.3878549928289841,0.40982871912968466,0.3092722430620257,0.34086699050833497,0.2659702914587465,0.28857046815698,0.20859950075660638,0.21342973180717706,0.16221790680582526,0.02963665681899707"
62,10.0,0.1,0.2,0.001,8.7365772887371,0.9251000062768187,0.07721106502141234,"0.0,0.1,0.2,0.30000000000000004,0.4,0.5,0.6000000000000001,0.7000000000000001,0.8,0.9,1.0,1.1,1.2000000000000002,1.3,1.4000000000000001,1.5,1.6,1.7000000000000002,1.8,1.9000000000000001,2.0,2.1,2.2,2.3000000000000003,2.4000000000000004,2.5,2.6,2.7,2.8000000000000003,2.9000000000000004,3.0,3.1,3.2,3.3000000000000003,3.4000000000000004,3.5,3.6,3.7,3.8000000000000003,3.9000000000000004,4.0,4.1000000000000005,4.2,4.3,4.4,4.5,4.6000000000000005,4.7,4.800000000000001,4.9,5.0,5.1000000000000005,5.2,5.300000000000001,5.4,5.5,5.6000000000000005,5.7,5.800000000000001,5.9,6.0,6.1000000000000005,6.2,6.300000000000001,6.4,6.5,6.6000000000000005,6.7,6.800000000000001,6.9,7.0,7.1000000000000005,7.2,7.300000000000001,7.4,7.5,7.6000000000000005,7.7,7.800000000000001,7.9,8.0,8.1,8.200000000000001,8.3,8.4,8.5,8.6,8.700000000000001,8.8,8.9,9.0,9.1,9.200000000000001,9.3,9.4,9.5,9.600000000000001,9.700000000000001,9.8,9.9,10.0","0.18677493641430434,0.18821017988759975,0.1567723634088709,0.1594416534689928,0.08975491020280524,-0.013500634503087772,0.010142017312921955,-0.12505511211661152,-0.18626368302813062,-0.20603679142306522,-0.18903325621392308,-0.22914249405806306,-0.23258979025455015,-0.16300970740157858,-0.06925055834783633,-0.026965438855186204,0.06454748572668259,0.09824677489857375,0.19409963400202793,0.19521815099263226,0.269435643720503,0.2730427940596303,0.1542652446665971,0.1589419860764334,0.10339512183440983,0.03682267464823951,-0.05462526713169789,-0.10148606546826111,-0.13375026292247888,-0.17465373480266935,-0.2629607923603668,-0.25634174613130634,-0.19957183765008052,-0.17205981525047848,-0.16551468335015124,-0.09337393649218781,0.02039185531171689,0.0929081499580903,0.12170583227433815,0.19167772664197874,0.3021929056100474,0.2636196467248052,0.251698216986722,0.2327232369600577,0.16715503716627697,0.07266751341378526,-0.0036385268840879934,-0.07978863671867939,-0.17527358086658568,-0.20603417947448913,-0.33545060525936476,-0.26782983232179614,-0.2508029662116867,-0.2298610850058888,-0.2622873168245649,-0.14109950496339382,-0.03355050862981195,0.08281542594303778,0.140995507537358,0.20289978938387607,0.23890280231847807,0.28870794790772464,0.29280822243206417,0.21525135749300456,0.1924482212980443,0.18437425666387916,0.02937470272841867,-0.0026901965867357353,-0.07225387445229522,-0.16752158932817654,-0.26333183496888407,-0.27161835444934485,-0.3089819645181664,-0.28889020767402496,-0.26961555349009936,-0.20538490010019309,-0.07509900699497042,0.006969946027787224,0.11690424370044906,0.19432208354089808,0.2792767383504469,0.30029545204194535,0.39542542287756277,0.3087798455361726,0.29792946126391623,0.19696665988631382,0.08590199635461772,-0.017921769120839724,-0.10839853258093891,-0.24157123287138108,-0.3165213368636989,-0.3116529706764817,-0.3668585409456899,-0.35289367206135686,-0.3792526960826554,-0.28096585306358074,-0.14272880561762488,-0.06631154996268837,0.10215761011092328,0.19274456649412744,0.24904529085222218"
63,10.0,0.1,0.2,0.001,7.624605159228647,4.7156591774020065,0.03168735175051163,"0.0,0.1,0.2,0.30000000000000004,0.4,0.5,0.6000000000000001,0.7000000000000001,0.8,0.9,1.0,1.1,1.2000000000000002,1.3,1.4000000000000001,1.5,1.6,1.7000000000000002,1.8,1.9000000000000001,2.0,2.1,2.2,2.3000000000000003,2.4000000000000004,2.5,2.6,2.7,2.8000000000000003,2.9000000000000004,3.0,3.1,3.2,3.3000000000000003,3.4000000000000004,3.5,3.6,3.7,3.8000000000000003,3.9000000000000004,4.0,4.1000000000000005,4.2,4.3,4.4,4.5,4.6000000000000005,4.7,4.800000000000001,4.9,5.0,5.1000000000000005,5.2,5.300000000000001,5.4,5.5,5.6000000000000005,5.7,5.800000000000001,5.9,6.0,6.1000000000000005,6.2,6.300000000000001,6.4,6.5,6.6000000000000005,6.7,6.800000000000001,6.9,7.0,7.1000000000000005,7.2,7.300000000000001,7.4,7.5,7.6000000000000005,7.7,7.800000000000001,7.9,8.0,8.1,8.200000000000001,8.3,8.4,8.5,8.6,8.700000000000001,8.8,8.9,9.0,9.1,9.200000000000001,9.3,9.4,9.5,9.600000000000001,9.700000000000001,9.8,9.9,10.0","0.1922421212365857,0.17899798874734807,0.176855372490212,0.19994497217287532,0.2248093486364728,0.1805902985155272,0.12448553521851549,0.1675980064820395,0.1124109939008107,0.09866085552740499,0.13581485754694195,0.13541437652567315,0.04283666373469447,0.026163258690954656,-0.07745008197259917,-0.017691697583817813,-0.13084962942930323,-0.11175105491808787,-0.11865026803402887,-0.1763919256160292,-0.24111878448820948,-0.19809848993271975,-0.19192117554955512,-0.2841880367042542,-0.23796236487665404,-0.19851224154008196,-0.19173238617793714,-0.19448816874901328,-0.21392502337191507,-0.1986839590133608,-0.19776052767046448,-0.11551261956345174,-0.19874248251815474,-0.12743088528436392,-0.08794438188560177,-0.06931315423661827,-0.08896906815992639,-0.009897046140199307,0.022270365633474683,0.022604378012698496,0.06969512047755076,0.12096264375041509,0.117132652852589,0.17279664915144316,0.24908330959114244,0.173642282860907,0.21977177250102417,0.2870147746914283,0.2171150439891652,0.22633122267827152,0.26167329290895186,0.2396851744539088,0.2896087978356507,0.2380227592986928,0.24948829418432059,0.15421478133927052,0.10594980050533935,0.19464474771093063,0.11070486910736474,0.06037542983902222,0.07959374563138456,0.013703179401060375,-0.05800873870024496,-0.07911958216013538,-0.067654619840721,-0.14835033742623346,-0.16175102027254482,-0.062067641957808395,-0.17030231751154226,-0.17242735191707703,-0.18450026233094044,-0.2820416694521717,-0.3091713335974395,-0.24964390031860254,-0.3226370868396166,-0.19339951697620428,-0.19661444626754915,-0.27228423685433484,-0.2916084533355303,-0.23641319191046967,-0.16040397610040988,-0.14058671448751986,-0.11646861395395085,-0.11962151283062863,-0.11485749892706898,-0.07910522660930173,-0.0686787531201919,-0.0019021612008689433,-0.018582263726516016,0.030970951230804206,0.07776412942396442,0.16031895116979747,0.16795773862773325,0.18837041529164836,0.18504025655707657,0.22821430307441531,0.2421167198920568,0.2572833323491862,0.2730813650432612,0.34779137207711885,0.3153898163159938"
64,10.0,0.1,0.2,0.001,6.22757932411486,4.240007024562077,0.023795588496204466,"0.0,0.1,0.2,0.30000000000000004,0.4,0.5,0.6000000000000001,0.7000000000000001,0.8,0.9,1.0,1.1,1.2000000000000002,1.3,1.4000000000000001,1.5,1.6,1.7000000000000002,1.8,1.9000000000000001,2.0,2.1,2.2,2.3000000000000003,2.4000000000000004,2.5,2.6,2.7,2.8000000000000003,2.9000000000000004,3.0,3.1,3.2,3.3000000000000003,3.4000000000000004,3.5,3.6,3.7,3.8000000000000003,3.9000000000000004,4.0,4.1000000000000005,4.2,4.3,4.4,4.5,4.6000000000000005,4.7,4.800000000000001,4.9,5.0,5.1000000000000005,5.2,5.300000000000001,5.4,5.5,5.6000000000000005,5.7,5.800000000000001,5.9,6.0,6.1000000000000005,6.2,6.300000000000001,6.4,6.5,6.6000000000000005,6.7,6.800000000000001,6.9,7.0,7.1000000000000005,7.2,7.300000000000001,7.4,7.5,7.6000000000000005,7.7,7.800000000000001,7.9,8.0,8.1,8.200000000000001,8.3,8.4,8.5,8.6,8.700000000000001,8.8,8.9,9.0,9.1,9.200000000000001,9.3,9.4,9.5,9.600000000000001,9.700000000000001,9.8,9.9,10.0","0.26846125388390957,0.16721384692580474,0.21314534697331436,0.21262071500190538,0.14890817510115933,0.1541451996425229,0.16996115597181438,0.15362027141571866,0.18151300546796245,0.11466030933979418,0.0452737472015322,0.06437731441676536,0.09006701772240637,-0.04702471579338085,-0.0018374872754175885,-0.11542728081648146,-0.027364533022585506,-0.07894508775359345,-0.13714884502514862,-0.16648359787483866,-0.22179084840890598,-0.2041744477945845,-0.2027129192882528,-0.2211215235585324,-0.19701716923975493,-0.23932118192802657,-0.2268570648635728,-0.19990734665130389,-0.21767578020276568,-0.2254053457502629,-0.22189887691469484,-0.16555889192178894,-0.2220582757872313,-0.15817080845715809,-0.13008497277863978,-0.18950250187946743,-0.05557035285908039,-0.05843918079992177,-0.0390005207662487,-0.027232204641173867,0.06322872343554245,0.04658136600372071,0.11999664795524821,0.020111548908986324,0.13029131515301534,0.0946942969455575,0.1824460130012252,0.14839096380415184,0.1859862509592766,0.1650871176231368,0.14912750070514216,0.2619911761360808,0.18604614719641582,0.24623858423164996,0.21834543664270908,0.18780655942707714,0.2202344703139624,0.19179042613112932,0.15723427640521867,0.1493741593137834,0.16676985513310502,0.1541401642484858,0.07638972489485012,0.05397273735223097,0.03164535743941801,-0.0026683077173071494,0.0012287662752289447,-0.055020034715693694,-0.08114118763153268,-0.14638251575398578,-0.08159231908235297,-0.1381108018122282,-0.15403003425611841,-0.1984883394630526,-0.16019273463535183,-0.2480972845946318,-0.22373346167603986,-0.2335964864378383,-0.23239406304296845,-0.24684788176368336,-0.29308227332466985,-0.2882387509295362,-0.19827097904939184,-0.1813344837557974,-0.21031686140300648,-0.17938246436995187,-0.18346829341656828,-0.18912333399313472,-0.1078866335210634,-0.07755808665031912,-0.020275706742873077,-0.03813282299213697,0.04592004447104911,0.07321326678004914,0.05318937126029098,0.14103803658957778,0.13040218366888207,0.16192988091812133,0.17759889119415045,0.18925190965426633,0.26383225194499954"
65,10.0,0.1,0.2,0.001,6.79268308157739,3.197222561843796,0.08871058367537181,"0.0,0.1,0.2,0.30000000000000004,0.4,0.5,0.6000000000000001,0.7000000000000001,0.8,0.9,1.0,1.1,1.2000000000000002,1.3,1.4000000000000001,1.5,1.6,1.7000000000000002,1.8,1.9000000000000001,2.0,2.1,2.2,2.3000000000000003,2.4000000000000004,2.5,2.6,2.7,2.8000000000000003,2.9000000000000004,3.0,3.1,3.2,3.3000000000000003,3.4000000000000004,3.5,3.6,3.7,3.8000000000000003,3.9000000000000004,4.0,4.1000000000000005,4.2,4.3,4.4,4.5,4.6000000000000005,4.7,4.800000000000001,4.9,5.0,5.1000000000000005,5.2,5.300000000000001,5.4,5.5,5.6000000000000005,5.7,5.800000000000001,5.9,6.0,6.1000000000000005,6.2,6.300000000000001,6.4,6.5,6.6000000000000005,6.7,6.800000000000001,6.9,7.0,7.1000000000000005,7.2,7.300000000000001,7.4,7.5,7.6000000000000005,7.7,7.800000000000001,7.9,8.0,8.1,8.200000000000001,8.3,8.4,8.5,8.6,8.700000000000001,8.8,8.9,9.0,9.1,9.200000000000001,9.3,9.4,9.5,9.600000000000001,9.700000000000001,9.8,9.9,10.0","0.21562139672081798,0.1772089849226733,0.14495937711813478,0.19203308091097107,0.15317807522221927,0.16725642448871067,0.14781134718984726,0.12947422111482434,0.12299662879700371,0.028184430834322205,0.014460213344106493,0.029028428522879117,-0.07006567148456785,-0.056915994435327424,-0.07463718435779029,-0.11395237117698548,-0.16527717058142619,-0.21894274523987298,-0.21301246878866026,-0.269796040197398,-0.26024886973686806,-0.33281298543815435,-0.3310128955910969,-0.2758548761189469,-0.23123060700821602,-0.2650863997096509,-0.20644828944822924,-0.2260160156511467,-0.1183519796841533,-0.1326914355914504,-0.07528476238437054,-0.10452746833163544,0.034738796384705256,0.03556696646242913,0.08362874006403213,0.10312194003477304,0.17082652849514857,0.18703240085840908,0.2754904980068051,0.28956080922436467,0.2888141329031777,0.2843446692763804,0.2855775676703024,0.307569285617181,0.35989260920987876,0.299048819086905,0.24331163989172877,0.2815130490642521,0.2069168824141142,0.16778873202317982,0.16780574838680726,0.10958923058217292,0.09769559358348454,0.03240029168902572,-0.027212626786413258,-0.024316885559626057,-0.10528678363914268,-0.134913748636081,-0.12498530527730763,-0.20430118243395146,-0.22978910646606762,-0.30404251366840346,-0.29196815393876613,-0.3128926362003973,-0.31534003794458715,-0.3818336077616061,-0.3348725780933618,-0.40490731677069025,-0.3429797710548198,-0.31931768339254374,-0.24094069818756256,-0.2668023067645086,-0.17497345097771505,-0.09820800733921792,-0.1296127700217092,-0.07858953125114207,0.0710134195299487,0.05896726379755804,0.12179908648301432,0.1546200183747718,0.21118656663104293,0.2868765028019147,0.28035889884685866,0.33563561324774804,0.3269170082563602,0.49259358329875547,0.4633923454835552,0.3863203348337581,0.34543615814302847,0.40597123086404396,0.374900460222774,0.30891065212268903,0.28225717087174207,0.24920530296172522,0.18986194466565562,0.1691609722900777,0.10271699805897684,-0.029755000451188382,-0.05709984549375276,-0.07156872144038313,-0.20996056258838564"
66,10.0,0.1,0.2,0.001,6.964346657145732,1.8964565280504264,0.07996643544170598,"0.0,0.1,0.2,0.30000000000000004,0.4,0.5,0.6000000000000001,0.7000000000000001,0.8,0.9,1.0,1.1,1.2000000000000002,1.3,1.4000000000000001,1.5,1.6,1.7000000000000002,1.8,1.9000000000000001,2.0,2.1,2.2,2.3000000000000003,2.4000000000000004,2.5,2.6,2.7,2.8000000000000003,2.9000000000000004,3.0,3.1,3.2,3.3000000000000003,3.4000000000000004,3.5,3.6,3.7,3.8000000000000003,3.9000000000000004,4.0,4.1000000000000005,4.2,4.3,4.4,4.5,4.6000000000000005,4.7,4.800000000000001,4.9,5.0,5.1000000000000005,5.2,5.300000000000001,5.4,5.5,5.6000000000000005,5.7,5.800000000000001,5.9,6.0,6.1000000000000005,6.2,6.300000000000001,6.4,6.5,6.6000000000000005,6.7,6.800000000000001,6.9,7.0,7.1000000000000005,7.2,7.300000000000001,7.4,7.5,7.6000000000000005,7.7,7.800000000000001,7.9,8.0,8.1,8.200000000000001,8.3,8.4,8.5,8.6,8.700000000000001,8.8,8.9,9.0,9.1,9.200000000000001,9.3,9.4,9.5,9.600000000000001,9.700000000000001,9.8,9.9,10.0","0.16752642803211634,0.21907043047738453,0.252793528614137,0.2504625623078297,0.18430289725343274,0.17109736409147266,0.11019972050700617,0.01759555056449324,0.03268945002147497,0.01022957095492277,-0.026518846480036974,-0.09098968626443309,-0.1755156406045077,-0.20468591756271137,-0.2539503076351512,-0.2526854016265643,-0.33446782727790175,-0.3052324220819321,-0.2652218296963132,-0.27443011893459696,-0.27187463319937705,-0.17736369868238946,-0.17004411325022534,-0.128103253028279,-0.04610824023190558,0.002772838148414586,0.07072741629167671,0.17465645591367276,0.22388151059667988,0.2480936308679828,0.33329372767597804,0.3738039841269013,0.2978979820136941,0.3507173684876697,0.3140088959280556,0.35191140250969,0.33905053191924833,0.3225435800498926,0.2289394024651354,0.17079191438522762,0.10602557323612388,0.08382352583775235,0.00871497153820023,-0.13693705468298556,-0.13739582263771405,-0.20519875764860698,-0.2456714301223647,-0.3292227252909665,-0.3378111849927754,-0.35292927589527573,-0.40686983998356535,-0.3977100846039194,-0.3705600925709229,-0.36077288785637696,-0.29828950617055766,-0.1826413787716627,-0.11637864572415953,-0.14411084068140675,-0.03797104779233811,0.054129632595635094,0.14657587348818432,0.23073343605695168,0.2753961541854475,0.3119260954458757,0.3776902387779863,0.45106301122722137,0.4222555114129006,0.37477670409076974,0.422798682133646,0.4107292222157113,0.39609111351993487,0.3266667536887249,0.26622699634186076,0.18346252312128367,0.07215866056835119,-0.006041525525997217,-0.08100788410070434,-0.20907306135190407,-0.2498040657056043,-0.30050111269126206,-0.41330171155924844,-0.42413625224342766,-0.5135942593283379,-0.5200123338329269,-0.45460947678585,-0.5043230041040941,-0.5191600356150731,-0.45616768337301694,-0.38014397622798946,-0.2862666522816203,-0.2570886777044348,-0.04897956108095812,-0.004767712112954283,0.15261704159677997,0.19951824109359892,0.3246880260525888,0.4445033199284607,0.578887818076111,0.5723732052057542,0.6746438115227744,0.6573803462748231"
67,10.0,0.1,0.2,0.001,14.718264260609674,2.7533353379105403,0.02295077522961257,"0.0,0.1,0.2,0.30000000000000004,0.4,0.5,0.6000000000000001,0.7000000000000001,0.8,0.9,1.0,1.1,1.2000000000000002,1.3,1.4000000000000001,1.5,1.6,1.7000000000000002,1.8,1.9000000000000001,2.0,2.1,2.2,2.3000000000000003,2.4000000000000004,2.5,2.6,2.7,2.8000000000000003,2.9000000000000004,3.0,3.1,3.2,3.3000000000000003,3.4000000000000004,3.5,3.6,3.7,3.8000000000000003,3.9000000000000004,4.0,4.1000000000000005,4.2,4.3,4.4,4.5,4.6000000000000005,4.7,4.800000000000001,4.9,5.0,5.1000000000000005,5.2,5.300000000000001,5.4,5.5,5.6000000000000005,5.7,5.800000000000001,5.9,6.0,6.1000000000000005,6.2,6.300000000000001,6.4,6.5,6.6000000000000005,6.7,6.800000000000001,6.9,7.0,7.1000000000000005,7.2,7.300000000000001,7.4,7.5,7.6000000000000005,7.7,7.800000000000001,7.9,8.0,8.1,8.200000000000001,8.3,8.4,8.5,8.6,8.700000000000001,8.8,8.9,9.0,9.1,9.200000000000001,9.3,9.4,9.5,9.600000000000001,9.700000000000001,9.8,9.9,10.0","0.19406329997674834,0.2763396359229578,0.15785067323678886,0.18511513193944992,0.1539378891652465,0.11944995329407132,0.05015383961131214,-0.009353512251472483,-0.06138030723460961,-0.12789483083461164,-0.14651412778272682,-0.18820040977419566,-0.1746412270008904,-0.21595130584077668,-0.20290645608023483,-0.2638963810175343,-0.19834816443696732,-0.1604246227755042,-0.12329639508514521,-0.06600985169026932,0.032753575727366036,0.0718839976986426,0.06369954825308351,0.1516600891803539,0.17312178641236622,0.21119408334785475,0.26988266253970167,0.2338588650215055,0.24813230186631388,0.184647866835033,0.16478376322711688,0.18936274179552165,0.1427019290210348,0.041454834163064,0.015022993152299024,-0.07978093959613991,-0.10735748640006527,-0.13233349365595432,-0.17974927653682135,-0.2089989727083108,-0.24824852227670133,-0.22279706997923798,-0.22328154333926833,-0.1984364358396987,-0.17667437057040936,-0.1751511959358622,-0.09469127233367867,-0.03675444582280191,0.0023842084532317113,0.06431422711673827,0.16626815815077725,0.111189685581145,0.21587729214025314,0.26261605313842673,0.2654418186307177,0.22596106770481247,0.2149059070775717,0.21209191361591218,0.15168940920792115,0.1300744440691125,0.08950051660732286,0.03945839699492528,0.003971247192540273,-0.10028141698588672,-0.13594963437246907,-0.18151824304197298,-0.2410957430623885,-0.22582702558078702,-0.22701267150066518,-0.2224473063444332,-0.2550532859127809,-0.18854464849364663,-0.16784507777199045,-0.11511638932018828,-0.014943931445184314,0.011192725881322904,0.07211500175484754,0.1603388587570956,0.16171315423824928,0.25363060145320687,0.16495016732589904,0.23148146813074372,0.21116913509858928,0.26222495007615715,0.24253334175455454,0.16537383777164408,0.1788320269257914,0.04228078626904836,0.015695843642833246,-0.03998360886857184,-0.12626610209037947,-0.16140473032605068,-0.2365033791352833,-0.20706270373859492,-0.23679463817831967,-0.27052469834622933,-0.2530008166466467,-0.196227987175695,-0.15490117024578903,-0.13997517516179794,-0.10596535387563057"
68,10.0,0.1,0.2,0.001,5.139362877082015,1.5334521349948487,0.021863999600786894,"0.0,0.1,0.2,0.30000000000000004,0.4,0.5,0.6000000000000001,0.7000000000000001,0.8,0.9,1.0,1.1,1.2000000000000002,1.3,1.4000000000000001,1.5,1.6,1.7000000000000002,1.8,1.9000000000000001,2.0,2.1,2.2,2.3000000000000003,2.4000000000000004,2.5,2.6,2.7,2.8000000000000003,2.9000000000000004,3.0,3.1,3.2,3.3000000000000003,3.4000000000000004,3.5,3.6,3.7,3.8000000000000003,3.9000000000000004,4.0,4.1000000000000005,4.2,4.3,4.4,4.5,4.6000000000000005,4.7,4.800000000000001,4.9,5.0,5.1000000000000005,5.2,5.300000000000001,5.4,5.5,5.6000000000000005,5.7,5.800000000000001,5.9,6.0,6.1000000000000005,6.2,6.300000000000001,6.4,6.5,6.6000000000000005,6.7,6.800000000000001,6.9,7.0,7.1000000000000005,7.2,7.300000000000001,7.4,7.5,7.6000000000000005,7.7,7.800000000000001,7.9,8.0,8.1,8.200000000000001,8.3,8.4,8.5,8.6,8.700000000000001,8.8,8.9,9.0,9.1,9.200000000000001,9.3,9.4,9.5,9.600000000000001,9.700000000000001,9.8,9.9,10.0","0.2103911527302511,0.17149279112172303,0.23116326185040995,0.12174486724460198,0.18946082178284365,0.16190955137537644,0.10128146372897115,0.07636360466457487,-0.0012847737988700182,-0.009828599016306222,-0.09601940498110126,-0.10924664439943657,-0.1249924672332068,-0.23235477347390487,-0.1745504282894301,-0.2057017172334463,-0.2143949528511906,-0.24156628522293563,-0.18113630380893794,-0.2325989110725126,-0.23852518424831518,-0.11173304071562505,-0.19173351478580075,-0.1071409093834249,-0.06015026554757914,0.020322343202382118,0.06067905472888164,0.012180823368034166,0.10713409978639532,0.1010025317950796,0.1623089262554791,0.16976767162960701,0.18433565035007693,0.19363469176064835,0.2731451019130641,0.19864303382015602,0.219666648919196,0.2018106133629543,0.1525098873192276,0.1672441634049143,0.10219113150443138,0.10196219534597602,0.03743310022185038,0.028177905025396528,-0.015281737692906774,-0.08445207595116051,-0.09905906986981289,-0.11700630484928473,-0.1456440320415751,-0.21369732529042088,-0.23954193783884692,-0.2305481892582212,-0.2601614497229259,-0.20488868197257323,-0.2137731642337444,-0.1694617201284832,-0.15184502067502803,-0.14851575177608262,-0.0822297505666215,0.01491576447180494,-0.00236260325675759,0.030188995205834766,0.10077744456436988,0.1385566261192853,0.07648264764565911,0.16355004162990452,0.185005595407795,0.14248322500272484,0.24242700689859212,0.21874831606545195,0.17643709335073368,0.22685940294026274,0.18774662696858097,0.15984554797152592,0.09901819958447475,0.07663422461047137,0.09727464806028974,0.002140381256846539,-0.024892448154894033,-0.11804708719979087,-0.07649467664236495,-0.11899964720789274,-0.12557898215104546,-0.21067720416554891,-0.20364894631305608,-0.2721421644457811,-0.21013323434242795,-0.1999363612814158,-0.20127559863294137,-0.17544819906951126,-0.17625496975532365,-0.16546101657260912,-0.16988979474349913,-0.0686663331987188,-0.0602651411300878,0.08324388176914144,0.0875504160406686,0.07311219705226188,0.10366236846799359,0.16651430439036408,0.20486277882020398"
69,10.0,0.1,0.2,0.001,11.776586736128575,1.0482462708283902,0.05556969384585698,"0.0,0.1,0.2,0.30000000000000004,0.4,0.5,0.6000000000000001,0.7000000000000001,0.8,0.9,1.0,1.1,1.2000000000000002,1.3,1.4000000000000001,1.5,1.6,1.7000000000000002,1.8,1.9000000000000001,2.0,2.1,2.2,2.3000000000000003,2.4000000000000004,2.5,2.6,2.7,2.8000000000000003,2.9000000000000004,3.0,3.1,3.2,3.3000000000000003,3.4000000000000004,3.5,3.6,3.7,3.8000000000000003,3.9000000000000004,4.0,4.1000000000000005,4.2,4.3,4.4,4.5,4.6000000000000005,4.7,4.800000000000001,4.9,5.0,5.1000000000000005,5.2,5.300000000000001,5.4,5.5,5.6000000000000005,5.7,5.800000000000001,5.9,6.0,6.1000000000000005,6.2,6.300000000000001,6.4,6.5,6.6000000000000005,6.7,6.800000000000001,6.9,7.0,7.1000000000000005,7.2,7.300000000000001,7.4,7.5,7.6000000000000005,7.7,7.800000000000001,7.9,8.0,8.1,8.200000000000001,8.3,8.4,8.5,8.6,8.700000000000001,8.8,8.9,9.0,9.1,9.200000000000001,9.3,9.4,9.5,9.600000000000001,9.700000000000001,9.8,9.9,10.0","0.16414488365172025,0.21149621028345356,0.21264990811327378,0.11025770232783441,0.029960018209594996,-0.032457219958886036,-0.09057798951118996,-0.16073251391649956,-0.22472892468034072,-0.26005529023754875,-0.22309756958162047,-0.21928893441413388,-0.2043180015424338,-0.071847513788067,-0.04674664408459872,0.06655767789412301,0.16451564134084234,0.22137733798597375,0.2952397033716046,0.27151864406840787,0.22643417536380464,0.20094545953362247,0.10077086643370567,0.04739012123515739,-0.02405365117592858,-0.10140871014009498,-0.25680185349884466,-0.23964249332805881,-0.30068781557502966,-0.2047214167914478,-0.18988603226609238,-0.1912682655602895,-0.11299702020716823,-0.03936903262754044,0.11985074128131397,0.1928949724470069,0.27438127797394174,0.2891136375275667,0.23439954000644445,0.24719262186671148,0.16783850092830938,0.1389534756167382,0.020455665557261443,-0.08442350440206758,-0.1826445611844042,-0.18820299905274152,-0.2778513867462432,-0.2815092322563044,-0.23374925349158507,-0.2890457254847412,-0.152587597118001,-0.07323311450048774,0.1161471741273287,0.13419637011100005,0.19293132084568698,0.301895652030344,0.3134377714564943,0.3461650402961694,0.2659042600767528,0.18370918125845953,0.10799422905776022,-0.047148741009232144,-0.09989115978548596,-0.1988548344603633,-0.25918335047549534,-0.31340218434985345,-0.32812626433980857,-0.32273963257793054,-0.2922208580977508,-0.13354196060427376,-0.03663728319332778,0.0991147613607134,0.18035558842230692,0.23186502064810433,0.3067700472953326,0.3272492415550948,0.35466635950205416,0.3163771401310094,0.23751626877950893,0.10955361481065898,0.0069698452830337255,-0.0886520787881534,-0.20609088376164356,-0.3073667156542572,-0.3274890367171986,-0.40162029449743664,-0.34655705357532246,-0.2799070255601733,-0.2159781383761927,-0.11218103279124413,0.033536402891365155,0.24954151809420905,0.22127075533017304,0.3940599699249904,0.42233720495322996,0.5060715682507714,0.36518144975506656,0.2852010763176375,0.11311611747508721,-0.01644980592621194,-0.15435484779085207"
70,10.0,0.1,0.2,0.001,11.942624356428865,3.115024741494061,0.02797980864940519,"0.0,0.1,0.2,0.30000000000000004,0.4,0.5,0.6000000000000001,0.7000000000000001,0.8,0.9,1.0,1.1,1.2000000000000002,1.3,1.4000000000000001,1.5,1.6,1.7000000000000002,1.8,1.9000000000000001,2.0,2.1,2.2,2.3000000000000003,2.4000000000000004,2.5,2.6,2.7,2.8000000000000003,2.9000000000000004,3.0,3.1,3.2,3.3000000000000003,3.4000000000000004,3.5,3.6,3.7,3.8000000000000003,3.9000000000000004,4.0,4.1000000000000005,4.2,4.3,4.4,4.5,4.6000000000000005,4.7,4.800000000000001,4.9,5.0,5.1000000000000005,5.2,5.300000000000001,5.4,5.5,5.6000000000000005,5.7,5.800000000000001,5.9,6.0,6.1000000000000005,6.2,6.300000000000001,6.4,6.5,6.6000000000000005,6.7,6.800000000000001,6.9,7.0,7.1000000000000005,7.2,7.300000000000001,7.4,7.5,7.6000000000000005,7.7,7.800000000000001,7.9,8.0,8.1,8.200000000000001,8.3,8.4,8.5,8.6,8.700000000000001,8.8,8.9,9.0,9.1,9.200000000000001,9.3,9.4,9.5,9.600000000000001,9.700000000000001,9.8,9.9,10.0","0.2467299512847342,0.15457807339058083,0.2033619860102402,0.18701218163966463,0.15747887112137826,0.13884291501678775,0.06605107595211995,0.043350069830633456,-0.003445361885853853,0.004522202521581666,-0.029294579478272326,-0.12421301653749053,-0.1374025367737696,-0.19529677226369455,-0.20594419908191247,-0.2300058171960454,-0.22029560045331786,-0.22505661873088373,-0.18212499778328395,-0.17121941099894264,-0.19021158477733408,-0.11216079128954123,-0.09936937578022971,-0.055180494756414004,0.0341164470061936,0.026909575117623416,0.10425991233118644,0.13907746825599682,0.1656174543087519,0.15018643028786277,0.20216284986244065,0.18968969156401327,0.17209153686882664,0.20487837299091285,0.27826648169523793,0.2357861004807058,0.13447842840873894,0.14613576976888165,0.0780505045609928,0.07257536485093669,0.02031304259509116,-0.055482462180791406,-0.059727543205637675,-0.10820509898715783,-0.15186508778539654,-0.1694064711127504,-0.2078295309939547,-0.20537684051256894,-0.18847671444005867,-0.2059184889864357,-0.21636118071505375,-0.24827359834732288,-0.18377030028133604,-0.1461183842338966,-0.12463173077633093,-0.08373730125220716,-0.06544922764483593,0.005124846704034439,0.015113781183533286,0.10137761504508089,0.14046193994677791,0.14645617554574245,0.20512883117228176,0.2018879647320563,0.21627986682464412,0.2818060849851746,0.2130993446307635,0.19499822447830095,0.15443358358725934,0.12483742152127786,0.09299425657113104,0.05203318060188249,-0.00336448414319011,-0.0034437327038248124,-0.00104953912054144,-0.11421186026518759,-0.16024993594484618,-0.21957597860414935,-0.22758921333512647,-0.2512081619649832,-0.20059242614615314,-0.27684111888848406,-0.2367167075744648,-0.1881509610835546,-0.18283978880914437,-0.13584725511345896,-0.14967370968531074,-0.058759536423461434,-0.073914011623399,0.020746195715221696,0.0753327033462245,0.0988518580634269,0.16890516879588044,0.17443967314425626,0.18574963640851294,0.2381349657921092,0.26763890063414775,0.23753367837451564,0.25397278274975355,0.223513678601363,0.1838618238609626"
71,10.0,0.1,0.2,0.001,13.041245261822628,3.7193320832711074,0.07650856035239877,"0.0,0.1,0.2,0.30000000000000004,0.4,0.5,0.6000000000000001,0.7000000000000001,0.8,0.9,1.0,1.1,1.2000000000000002,1.3,1.4000000000000001,1.5,1.6,1.7000000000000002,1.8,1.9000000000000001,2.0,2.1,2.2,2.3000000000000003,2.4000000000000004,2.5,2.6,2.7,2.8000000000000003,2.9000000000000004,3.0,3.1,3.2,3.3000000000000003,3.4000000000000004,3.5,3.6,3.7,3.8000000000000003,3.9000000000000004,4.0,4.1000000000000005,4.2,4.3,4.4,4.5,4.6000000000000005,4.7,4.800000000000001,4.9,5.0,5.1000000000000005,5.2,5.300000000000001,5.4,5.5,5.6000000000000005,5.7,5.800000000000001,5.9,6.0,6.1000000000000005,6.2,6.300000000000001,6.4,6.5,6.6000000000000005,6.7,6.800000000000001,6.9,7.0,7.1000000000000005,7.2,7.300000000000001,7.4,7.5,7.6000000000000005,7.7,7.800000000000001,7.9,8.0,8.1,8.200000000000001,8.3,8.4,8.5,8.6,8.700000000000001,8.8,8.9,9.0,9.1,9.200000000000001,9.3,9.4,9.5,9.600000000000001,9.700000000000001,9.8,9.9,10.0","0.1952569063291779,0.22601317757728112,0.1928031525242787,0.15089779560097866,0.1527422632077463,0.18049876911576052,0.15351794703821164,0.11698959228916993,0.07073202585131909,0.019038087109470532,-0.03482139396143366,-0.0837453775139654,-0.12667538482017854,-0.17198193402771983,-0.20922062039763914,-0.1899802291075255,-0.22312812797143033,-0.1930215576685816,-0.25936654833020506,-0.2180084454391874,-0.1935419802609905,-0.15696538764577445,-0.16057215826477705,-0.13749968698744452,-0.16606090909786952,-0.08280315069743249,-0.00888280579112954,0.055276751860515734,0.03804769774184939,0.1493954898398074,0.1121100307247967,0.20201457874405077,0.158585958360816,0.24564926334403586,0.21169197848455368,0.2689672331746823,0.21613729985130334,0.20111099346137973,0.21739595410787035,0.21065209872315882,0.15955349604616081,0.10355004200836995,0.07440310608969537,0.02080233603355592,-0.05294002504977143,-0.08902405163984072,-0.17204860356775603,-0.1823696172621357,-0.2178071047145303,-0.30544040382259796,-0.2391691887737696,-0.29906550106135554,-0.2503904177004732,-0.23621028367263158,-0.26260220081686847,-0.22021664899689816,-0.17080598852762816,-0.16654740128497647,-0.09298726961792739,-0.056893256956908285,0.036706294238748965,0.08981688244171532,0.1205648918679158,0.15702878049824354,0.17727702474219154,0.2513657157243191,0.23358819673659584,0.3203043499931466,0.2459252994526273,0.31060771834469764,0.2496601975774495,0.2753923727804581,0.21509886974510017,0.19158647146493923,0.10208714063605129,0.11227993122957297,0.09126363542235212,0.025138913234156346,-0.01979350539753782,-0.06720973442182898,-0.17408433964408956,-0.18202599495695254,-0.24203449452513176,-0.2609256783842003,-0.3371772367641495,-0.2663713678359364,-0.2726848248177938,-0.3099445806125242,-0.32478874927997686,-0.30536535530109243,-0.23575708638166754,-0.15378639921536816,-0.17509502628048063,-0.1204301708833875,-0.0743131215174852,-0.004021942153800823,0.1155555910352471,0.09970213928983655,0.23254936425777034,0.3646580911827781,0.34129438717151717"
72,10.0,0.1,0.2,0.001,6.310577515573133,1.0568921164265508,0.09348062959058569,"0.0,0.1,0.2,0.30000000000000004,0.4,0.5,0.6000000000000001,0.7000000000000001,0.8,0.9,1.0,1.1,1.2000000000000002,1.3,1.4000000000000001,1.5,1.6,1.7000000000000002,1.8,1.9000000000000001,2.0,2.1,2.2,2.3000000000000003,2.4000000000000004,2.5,2.6,2.7,2.8000000000000003,2.9000000000000004,3.0,3.1,3.2,3.3000000000000003,3.4000000000000004,3.5,3.6,3.7,3.8000000000000003,3.9000000000000004,4.0,4.1000000000000005,4.2,4.3,4.4,4.5,4.6000000000000005,4.7,4.800000000000001,4.9,5.0,5.1000000000000005,5.2,5.300000000000001,5.4,5.5,5.6000000000000005,5.7,5.800000000000001,5.9,6.0,6.1000000000000005,6.2,6.300000000000001,6.4,6.5,6.6000000000000005,6.7,6.800000000000001,6.9,7.0,7.1000000000000005,7.2,7.300000000000001,7.4,7.5,7.6000000000000005,7.7,7.800000000000001,7.9,8.0,8.1,8.200000000000001,8.3,8.4,8.5,8.6,8.700000000000001,8.8,8.9,9.0,9.1,9.200000000000001,9.3,9.4,9.5,9.600000000000001,9.700000000000001,9.8,9.9,10.0","0.19931182348478124,0.21936337304412565,0.17331721481874468,0.2225478245779819,0.14357090677361714,0.05717548091012625,0.01755532048617172,0.013703721256213434,-0.1072093981971553,-0.16497882999690944,-0.1931078807163425,-0.2009981118497118,-0.22250020574204354,-0.259047288888147,-0.27937076730635985,-0.22701879452968424,-0.21141081536089726,-0.15263902584751604,-0.10690770796522522,-0.05188212668689025,0.008145846944328294,0.11703423460606671,0.12999067962456132,0.20471743706148532,0.2303070590021653,0.2985444773835027,0.2134511996795523,0.2318321773292418,0.2911875495537593,0.18537360162910504,0.16660568436098278,0.11285184642117176,0.01917227243295917,-0.04774605783458132,-0.07270810548304354,-0.17426609596196233,-0.1784867723037972,-0.28666844555239074,-0.28600262481508815,-0.24076877740281588,-0.28089219093678947,-0.19390024349530738,-0.14810865880328344,-0.13845530524863908,-0.14977696785849742,-0.012978731256372883,0.11541579836860492,0.11695922832790491,0.23843181281414344,0.15457284077608607,0.24138301227765524,0.2716209766253203,0.2309208040000176,0.2513484751545561,0.1992581609123619,0.26543653953892565,0.12400613348096742,0.07227205792294532,-0.03754393312595131,-0.10946129392239073,-0.19030547784632218,-0.22110083294207464,-0.22365938459230342,-0.24866491337772467,-0.30422284237028874,-0.2821948732398977,-0.29020786705077856,-0.19487011136813503,-0.19461212808065556,-0.10042840811357148,-0.006335655624894888,-0.009379236913606322,0.08936075043231244,0.09132998518640462,0.17413643050332905,0.27062730974779076,0.24983776410826083,0.28210616199447475,0.2823945489591261,0.29183454960315053,0.3033108192360445,0.3007957272180074,0.20603619632047443,0.11788845365605745,-0.03171425751144905,-0.13720327300374047,-0.13892790944868594,-0.254513514594675,-0.3056865298976556,-0.3907119196784322,-0.4350007490205098,-0.43088120116955264,-0.5087556973390203,-0.47517351845286937,-0.40172946307675866,-0.30658948212513043,-0.13526490150079837,0.030548489943852588,0.18091087853880697,0.29260142863517496,0.42153954642200775"
73,10.0,0.1,0.2,0.001,8.975781938249407,1.8542691130142288,0.05397256408163801,"0.0,0.1,0.2,0.30000000000000004,0.4,0.5,0.6000000000000001,0.7000000000000001,0.8,0.9,1.0,1.1,1.2000000000000002,1.3,1.4000000000000001,1.5,1.6,1.7000000000000002,1.8,1.9000000000000001,2.0,2.1,2.2,2.3000000000000003,2.4000000000000004,2.5,2.6,2.7,2.8000000000000003,2.9000000000000004,3.0,3.1,3.2,3.3000000000000003,3.4000000000000004,3.5,3.6,3.7,3.8000000000000003,3.9000000000000004,4.0,4.1000000000000005,4.2,4.3,4.4,4.5,4.6000000000000005,4.7,4.800000000000001,4.9,5.0,5.1000000000000005,5.2,5.300000000000001,5.4,5.5,5.6000000000000005,5.7,5.800000000000001,5.9,6.0,6.1000000000000005,6.2,6.300000000000001,6.4,6.5,6.6000000000000005,6.7,6.800000000000001,6.9,7.0,7.1000000000000005,7.2,7.300000000000001,7.4,7.5,7.6000000000000005,7.7,7.800000000000001,7.9,8.0,8.1,8.200000000000001,8.3,8.4,8.5,8.6,8.700000000000001,8.8,8.9,9.0,9.1,9.200000000000001,9.3,9.4,9.5,9.600000000000001,9.700000000000001,9.8,9.9,10.0","0.21966261665015113,0.17626104468764758,0.25250781017211826,0.1301449706431843,0.12702580431720933,0.13082363883446105,0.12547256546702715,0.05690853972576304,0.01315487372998652,-0.07652856991290385,-0.20048789036142806,-0.13604898598349233,-0.19199478805481007,-0.2344555805009311,-0.24421372289828702,-0.24633796784972956,-0.21013531255637025,-0.1912412489646469,-0.1717306312413434,-0.19863812114888235,-0.0715061604490405,-0.02978553945073662,-0.012337260435212416,0.08929748542723756,0.10395392902882192,0.1570316625637416,0.19285394563342417,0.17548165839073016,0.24162156347337785,0.23854929213160866,0.20124245526958986,0.278135795795124,0.18471302457681738,0.1669018779075391,0.15863647906254494,0.0908374246669704,0.022467700872698206,-0.07035740756204696,-0.13536604441545058,-0.20763078310565364,-0.18488556403406164,-0.23690552387259628,-0.28457913916190214,-0.2609848147446324,-0.26323193161240555,-0.26457374291274344,-0.25119291075650163,-0.20158148564130499,-0.17112824912153835,-0.05149430915658432,-0.010865728507316529,0.029105112892763883,0.0372162904853828,0.19480473678734728,0.23906569634008804,0.24364697888239734,0.2999042930781834,0.2092443361321843,0.29900666951186605,0.24051783315156802,0.27016958202105945,0.24188463460430087,0.1524849562502626,0.1380785002900767,0.05667160750226778,0.02685720473774894,-0.08373756616785984,-0.16440245103049178,-0.18189424026479134,-0.23419611388000394,-0.32268194274246065,-0.2956916950170854,-0.23109325089672553,-0.2722823482403749,-0.27577795939049127,-0.20360390300060088,-0.1836416683379133,-0.14165247033965384,-0.022160364647902678,0.05240230132035954,0.012943299458932196,0.16417531669717556,0.18048069821664373,0.3064910624856937,0.22025843159714092,0.31308330196153,0.2755631676947671,0.31013481672938914,0.2302579409962797,0.29007217902454235,0.1972052693524521,0.13877044338397856,0.08253949347428007,0.01872780257968523,-0.0009295209602322441,-0.1437418273842451,-0.22949241731481962,-0.18900233734321745,-0.30050546909019277,-0.3262460997613683,-0.3861054121883062"
74,10.0,0.1,0.2,0.001,11.628642127635825,4.800304656711365,0.035780160419384956,"0.0,0.1,0.2,0.30000000000000004,0.4,0.5,0.6000000000000001,0.7000000000000001,0.8,0.9,1.0,1.1,1.2000000000000002,1.3,1.4000000000000001,1.5,1.6,1.7000000000000002,1.8,1.9000000000000001,2.0,2.1,2.2,2.3000000000000003,2.4000000000000004,2.5,2.6,2.7,2.8000000000000003,2.9000000000000004,3.0,3.1,3.2,3.3000000000000003,3.4000000000000004,3.5,3.6,3.7,3.8000000000000003,3.9000000000000004,4.0,4.1000000000000005,4.2,4.3,4.4,4.5,4.6000000000000005,4.7,4.800000000000001,4.9,5.0,5.1000000000000005,5.2,5.300000000000001,5.4,5.5,5.6000000000000005,5.7,5.800000000000001,5.9,6.0,6.1000000000000005,6.2,6.300000000000001,6.4,6.5,6.6000000000000005,6.7,6.800000000000001,6.9,7.0,7.1000000000000005,7.2,7.300000000000001,7.4,7.5,7.6000000000000005,7.7,7.800000000000001,7.9,8.0,8.1,8.200000000000001,8.3,8.4,8.5,8.6,8.700000000000001,8.8,8.9,9.0,9.1,9.200000000000001,9.3,9.4,9.5,9.600000000000001,9.700000000000001,9.8,9.9,10.0","0.15280935184303537,0.15865668095634117,0.19652771653029974,0.16688761991336104,0.17787507720112278,0.1592503824108452,0.18391635613017482,0.10558464704871452,0.08408006341671669,0.04549754590439456,0.019267044993723427,-0.02118953630846895,-0.033712336413869406,-0.04185769689141996,-0.12828034486940687,-0.12758734823992376,-0.19301987459935976,-0.21363783297001174,-0.22805966756656765,-0.23777448470278564,-0.28301255436688555,-0.21895800361308598,-0.2541526299160145,-0.19333925690889686,-0.2082843872733694,-0.18809464211038915,-0.182999104797962,-0.15719388245447038,-0.17260137727678398,-0.05549823187298051,-0.059446238184148986,0.026241330308055626,0.020251623964665028,0.05934225578025498,0.07457379779467717,0.15556992837961145,0.2345469963077632,0.24914667847895647,0.2840634523411107,0.251511854316023,0.22780308354675655,0.3038454336301084,0.26180733512770477,0.29238871447572384,0.21947698760744275,0.20817115373866046,0.23934952237980095,0.1298750888269498,0.17118459398080224,0.06638134168704321,0.010359484030834379,-0.010374227092575662,-0.06578124659896366,-0.03351939738141966,-0.14270081667363266,-0.12677654150230533,-0.14870299530731743,-0.20205835440090156,-0.16630769590823838,-0.27470104811308554,-0.2633759590904216,-0.26311899100575,-0.2037805928890923,-0.17995646763120166,-0.2239992772247614,-0.26579891227912766,-0.2087900433493542,-0.14668029867998494,-0.11387479413291844,-0.05971072091335172,-0.04341753222398633,0.023217847699660184,-0.009655195680851162,0.022281381221442388,0.10578906867541524,0.15441881425555162,0.17563792691483507,0.21450406551224813,0.19463537930870953,0.2508911977884012,0.29047797309119056,0.26045073961555953,0.3073907147628207,0.2896486996555692,0.17613496446117452,0.21438134953376056,0.2664770030260149,0.15246276487298738,0.163791799537457,0.12865906934311652,0.11729251308260191,0.00705093918669129,-0.022740628945095504,-0.06829315292605644,-0.07695624314774209,-0.11328275806807753,-0.18058931877807177,-0.16934848360941104,-0.20802031601689872,-0.308783287955401,-0.3173085816620802"
75,10.0,0.1,0.2,0.001,14.248084293120272,0.6118677112381534,0.05996782380941423,"0.0,0.1,0.2,0.30000000000000004,0.4,0.5,0.6000000000000001,0.7000000000000001,0.8,0.9,1.0,1.1,1.2000000000000002,1.3,1.4000000000000001,1.5,1.6,1.7000000000000002,1.8,1.9000000000000001,2.0,2.1,2.2,2.3000000000000003,2.4000000000000004,2.5,2.6,2.7,2.8000000000000003,2.9000000000000004,3.0,3.1,3.2,3.3000000000000003,3.4000000000000004,3.5,3.6,3.7,3.8000000000000003,3.9000000000000004,4.0,4.1000000000000005,4.2,4.3,4.4,4.5,4.6000000000000005,4.7,4.800000000000001,4.9,5.0,5.1000000000000005,5.2,5.300000000000001,5.4,5.5,5.6000000000000005,5.7,5.800000000000001,5.9,6.0,6.1000000000000005,6.2,6.300000000000001,6.4,6.5,6.6000000000000005,6.7,6.800000000000001,6.9,7.0,7.1000000000000005,7.2,7.300000000000001,7.4,7.5,7.6000000000000005,7.7,7.800000000000001,7.9,8.0,8.1,8.200000000000001,8.3,8.4,8.5,8.6,8.700000000000001,8.8,8.9,9.0,9.1,9.200000000000001,9.3,9.4,9.5,9.600000000000001,9.700000000000001,9.8,9.9,10.0","0.1421903503772384,0.1628708605919317,0.12567876888579252,0.013443111929916431,-0.0698401691111903,-0.1503904389293807,-0.1675596497318812,-0.16371537754422513,-0.13205288826422715,-0.0884319368878963,0.04593534938197885,0.0649897923235114,0.18075852458558472,0.19804512593488224,0.21564194627937727,0.1463973965535242,0.02332771777569913,-0.07379304632358709,-0.17236480998373543,-0.19958456244013423,-0.16918121147467868,-0.16612950140824367,-0.10885886604687585,0.07001463385839138,0.13676240006708032,0.20963270700322498,0.2769965577926226,0.2501554007752867,0.1477229706414904,0.0157112802356566,-0.061621867787915244,-0.1821306377195585,-0.28318440357057006,-0.2619913676661782,-0.20804730933045962,-0.03476136918161634,0.0682311214382382,0.19547464004263015,0.2652365410235381,0.24295802213993217,0.22344374296549452,0.17542416218179585,-0.037871342201839714,-0.05487817221853161,-0.20979899891492648,-0.3006488382327837,-0.25446791365618443,-0.18555063298237184,-0.08817764566200668,0.10574368386432738,0.167964147311984,0.3108709272745207,0.342241228392567,0.28167485526368585,0.1394136406771905,0.03649980070687855,-0.12312901409900383,-0.19808457204066843,-0.3006152378422489,-0.2804099572155761,-0.20978040036353426,-0.07818064160278232,0.05170619804364296,0.16851184373635536,0.2987770632579454,0.3115293144036782,0.2757610880796838,0.23061063405638674,0.06825295141119815,-0.10904077091391745,-0.15613099539221487,-0.33420771875987865,-0.2144773229350467,-0.23094483503671576,-0.08548786275621097,0.04890790863282211,0.2056162371396891,0.27538898454405203,0.30739787687135534,0.2616019462333279,0.1534579315158576,0.001091971968830839,-0.13433548414614546,-0.3403928032933165,-0.3177690752216349,-0.36412097545720534,-0.3018749650519327,-0.12562882846743342,-0.03328427419590106,0.14206203892738403,0.3207950181864518,0.37644010982442994,0.31666067971077655,0.1961057667045235,0.05726191425678894,-0.15487666702634445,-0.30170732951247325,-0.37619922279590334,-0.33375819566266474,-0.25521839396611307,-0.1294804482661645"
76,10.0,0.1,0.2,0.001,11.339751116810852,0.9765383168783899,0.02263056373575214,"0.0,0.1,0.2,0.30000000000000004,0.4,0.5,0.6000000000000001,0.7000000000000001,0.8,0.9,1.0,1.1,1.2000000000000002,1.3,1.4000000000000001,1.5,1.6,1.7000000000000002,1.8,1.9000000000000001,2.0,2.1,2.2,2.3000000000000003,2.4000000000000004,2.5,2.6,2.7,2.8000000000000003,2.9000000000000004,3.0,3.1,3.2,3.3000000000000003,3.4000000000000004,3.5,3.6,3.7,3.8000000000000003,3.9000000000000004,4.0,4.1000000000000005,4.2,4.3,4.4,4.5,4.6000000000000005,4.7,4.800000000000001,4.9,5.0,5.1000000000000005,5.2,5.300000000000001,5.4,5.5,5.6000000000000005,5.7,5.800000000000001,5.9,6.0,6.1000000000000005,6.2,6.300000000000001,6.4,6.5,6.6000000000000005,6.7,6.800000000000001,6.9,7.0,7.1000000000000005,7.2,7.300000000000001,7.4,7.5,7.6000000000000005,7.7,7.800000000000001,7.9,8.0,8.1,8.200000000000001,8.3,8.4,8.5,8.6,8.700000000000001,8.8,8.9,9.0,9.1,9.200000000000001,9.3,9.4,9.5,9.600000000000001,9.700000000000001,9.8,9.9,10.0","0.20362548023292693,0.2087439053338959,0.17254675008176493,0.10954959415042238,0.04710591158730044,-0.05961352830827267,-0.02304704916494464,-0.13513250284688827,-0.1750609328749179,-0.17178939604669927,-0.17469928501898674,-0.1639142731877439,-0.13123647302942906,-0.03374473187959777,0.05264269945825099,0.11556842830469435,0.0665368762976031,0.18280136643719963,0.19038835303517365,0.24894374049628068,0.1845692722474016,0.17776349976090536,0.09834762175811781,-0.06689324721758423,-0.09143312211947717,-0.06660762300727391,-0.20340711947272094,-0.22849416909598633,-0.234504016121282,-0.15837751272235756,-0.18690729418270985,-0.07590902262460186,-0.0765418032973527,0.0383887566785253,0.09664734739474318,0.17688110872879495,0.2094124452284285,0.22195534753907117,0.23552693879535408,0.14974975418567799,0.14137624685304268,0.09235655433955528,-0.06945843881648348,-0.095565439925355,-0.1661947985462452,-0.22421446418379845,-0.17885182786937506,-0.24560868530758045,-0.2135663674697843,-0.04200055440302444,-0.008345402443935467,0.0354190894559135,0.036628990177512796,0.2126395484698888,0.20558470597910525,0.22544736436482107,0.222110117273262,0.20739801748094389,0.1472416858921799,0.01565402947303452,-0.029961459006324083,-0.09463608584039092,-0.19899537150662247,-0.2167250167757988,-0.24169670186117415,-0.27029840979862585,-0.19347500737643672,-0.21257636453435477,-0.07093088981482609,0.002881433091008601,0.10195535999986688,0.20006157119676618,0.23014679356576875,0.30440506260861544,0.2521137693319952,0.22551974022348278,0.21382222624117425,0.13122235075329028,0.0010069408849755941,-0.0753765879320524,-0.136506819782552,-0.26871746433213034,-0.2025616101809207,-0.24649307177581536,-0.23472206494091363,-0.15414317768924218,-0.07501576149689876,-0.0574511223481097,0.049666154213764135,0.18632200161250537,0.21308623668331275,0.23425485222126535,0.27540842597635057,0.2926776589357512,0.20707303522117546,0.11467275119185855,0.083402627264403,-0.005023508366794202,-0.11131962888124168,-0.20154084619547052,-0.2125888929890468"
77,10.0,0.1,0.2,0.001,9.191143193163038,4.848043604644317,0.06364382979109356,"0.0,0.1,0.2,0.30000000000000004,0.4,0.5,0.6000000000000001,0.7000000000000001,0.8,0.9,1.0,1.1,1.2000000000000002,1.3,1.4000000000000001,1.5,1.6,1.7000000000000002,1.8,1.9000000000000001,2.0,2.1,2.2,2.3000000000000003,2.4000000000000004,2.5,2.6,2.7,2.8000000000000003,2.9000000000000004,3.0,3.1,3.2,3.3000000000000003,3.4000000000000004,3.5,3.6,3.7,3.8000000000000003,3.9000000000000004,4.0,4.1000000000000005,4.2,4.3,4.4,4.5,4.6000000000000005,4.7,4.800000000000001,4.9,5.0,5.1000000000000005,5.2,5.300000000000001,5.4,5.5,5.6000000000000005,5.7,5.800000000000001,5.9,6.0,6.1000000000000005,6.2,6.300000000000001,6.4,6.5,6.6000000000000005,6.7,6.800000000000001,6.9,7.0,7.1000000000000005,7.2,7.300000000000001,7.4,7.5,7.6000000000000005,7.7,7.800000000000001,7.9,8.0,8.1,8.200000000000001,8.3,8.4,8.5,8.6,8.700000000000001,8.8,8.9,9.0,9.1,9.200000000000001,9.3,9.4,9.5,9.600000000000001,9.700000000000001,9.8,9.9,10.0","0.19976247482961407,0.24882316606710939,0.22532923172096606,0.17080862273314562,0.1766797177851339,0.1937286141279368,0.16478973049865306,0.1372581339573875,0.13060075942205154,0.07268633105914879,0.065078258826268,0.08767914554621362,0.007281425746368192,-0.020395188097351802,-0.03393776013740765,-0.14814841105914428,-0.060575316601680904,-0.13896079007224008,-0.11504289652404887,-0.16046479938023053,-0.20752850569537104,-0.22545416231264256,-0.2665430833044063,-0.22729542251388735,-0.2876310948735078,-0.24335534827564886,-0.25960400164685427,-0.2268313505493026,-0.2312694377313959,-0.1641212204204948,-0.17041240572666932,-0.16496752655066,-0.0859865758485239,-0.10974069504666972,-0.051227672880533655,-0.04168479615647894,0.07187150430730005,0.03571469747694548,0.04884888624175143,0.1616080844335496,0.11434722313704651,0.15657208121445482,0.27475022006794936,0.24417517751611062,0.23029022219098694,0.24427734992528868,0.22837944564339538,0.26283468913587005,0.2832156264753893,0.22553601342601964,0.2056744797333916,0.22329061281465787,0.20706815896524414,0.147765316882119,0.09650367795856873,0.14143778839368742,0.09160476164359148,0.05378873801576203,0.06921319330928596,-0.020395152425450445,-0.06702953892530761,-0.10070177126333305,-0.15088815323010893,-0.14277895592574505,-0.1279022743827286,-0.28327173687302576,-0.28776050124492203,-0.2911597289805084,-0.2881347757265318,-0.2599894185675423,-0.2751661138901638,-0.2951471722116502,-0.26498821845757736,-0.2678126841686788,-0.2891810275980975,-0.18586722673993378,-0.16504440885391514,-0.2204315268701167,-0.19821087201315396,-0.0871092552765832,-0.05621398857002772,-0.024520273228346556,-0.04330268285311424,0.08914297602868194,0.17833312999695466,0.18451247469189017,0.1646758587718804,0.23324581128292546,0.31152815514322124,0.30666403939425135,0.34248112373964384,0.3069314131021873,0.4432154624963688,0.4338132276987436,0.4236499362156106,0.39186713187393624,0.39993901451451624,0.3835729124393354,0.29831515544009635,0.28545540504746403,0.21736648073009168"
78,10.0,0.1,0.2,0.001,14.330232216002113,4.1196241202583685,0.052064344139976244,"0.0,0.1,0.2,0.30000000000000004,0.4,0.5,0.6000000000000001,0.7000000000000001,0.8,0.9,1.0,1.1,1.2000000000000002,1.3,1.4000000000000001,1.5,1.6,1.7000000000000002,1.8,1.9000000000000001,2.0,2.1,2.2,2.3000000000000003,2.4000000000000004,2.5,2.6,2.7,2.8000000000000003,2.9000000000000004,3.0,3.1,3.2,3.3000000000000003,3.4000000000000004,3.5,3.6,3.7,3.8000000000000003,3.9000000000000004,4.0,4.1000000000000005,4.2,4.3,4.4,4.5,4.6000000000000005,4.7,4.800000000000001,4.9,5.0,5.1000000000000005,5.2,5.300000000000001,5.4,5.5,5.6000000000000005,5.7,5.800000000000001,5.9,6.0,6.1000000000000005,6.2,6.300000000000001,6.4,6.5,6.6000000000000005,6.7,6.800000000000001,6.9,7.0,7.1000000000000005,7.2,7.300000000000001,7.4,7.5,7.6000000000000005,7.7,7.800000000000001,7.9,8.0,8.1,8.200000000000001,8.3,8.4,8.5,8.6,8.700000000000001,8.8,8.9,9.0,9.1,9.200000000000001,9.3,9.4,9.5,9.600000000000001,9.700000000000001,9.8,9.9,10.0","0.20466277117656936,0.27081124894633835,0.193089410169522,0.26155361149305445,0.19341133994192244,0.14987479544146465,0.07369603002817977,0.08804344304647005,0.026553397129107422,-0.013078887759975991,-0.011978804828215874,-0.07027517535162933,-0.12357070683339674,-0.1816459739929731,-0.22891142529022535,-0.23276472950596466,-0.25816737034680115,-0.26407638746807366,-0.14389329039487797,-0.22839383012760348,-0.2714060557148236,-0.18616461985481206,-0.11559531262301681,-0.09693603904483747,-0.09072809545563656,-0.023085903507098583,-0.01579568221549443,0.07466260563813353,0.12528824857294835,0.13354068395750146,0.19689705182920803,0.21342997409900533,0.23109496727435763,0.24421712112472316,0.2710154312011438,0.3131777503834842,0.2812223009907641,0.25457713311644276,0.21108697987881966,0.15086921472298406,0.16198345733802993,0.07303071395296279,0.0710914093931573,-0.0550699069233233,-0.04234155404262723,-0.1442482030176734,-0.12728513523027035,-0.18338227223886094,-0.27132483275506614,-0.2845522980473454,-0.3223654877885181,-0.2247454146387563,-0.3137209605270245,-0.3019470012018196,-0.23790855815885356,-0.18295631357440792,-0.2011846270969305,-0.1406906262559653,-0.06199431078638033,-0.08028873468748857,0.046431090474167505,0.09428123316086467,0.09720097569580455,0.196667922587727,0.21823645481153642,0.23485796084522287,0.29951325062282497,0.26631531516277135,0.35530464213720414,0.28398320227060575,0.24794236600389857,0.2581084499533439,0.2599558334044285,0.2292503587634652,0.16815688670371076,0.06813422606210788,0.049908664659966365,-0.027026475832062358,-0.07929650416260751,-0.16984276985189325,-0.19148517069469181,-0.23363406665611985,-0.3238645942071626,-0.3202701831897163,-0.34488763381681903,-0.32404148937794025,-0.3648490838536096,-0.2815592003201233,-0.3087526506600685,-0.2458740889952903,-0.19707542442095358,-0.08584235470709553,-0.02317713381171429,-0.003538696411356009,0.03399473253923384,0.16017820163007546,0.19353832882195335,0.25747921170396704,0.24625050410237348,0.3816874432050828,0.32200582923672366"
79,10.0,0.1,0.2,0.001,12.847634492521873,0.5802655278964448,0.019822959708916146,"0.0,0.1,0.2,0.30000000000000004,0.4,0.5,0.6000000000000001,0.7000000000000001,0.8,0.9,1.0,1.1,1.2000000000000002,1.3,1.4000000000000001,1.5,1.6,1.7000000000000002,1.8,1.9000000000000001,2.0,2.1,2.2,2.3000000000000003,2.4000000000000004,2.5,2.6,2.7,2.8000000000000003,2.9000000000000004,3.0,3.1,3.2,3.3000000000000003,3.4000000000000004,3.5,3.6,3.7,3.8000000000000003,3.9000000000000004,4.0,4.1000000000000005,4.2,4.3,4.4,4.5,4.6000000000000005,4.7,4.800000000000001,4.9,5.0,5.1000000000000005,5.2,5.300000000000001,5.4,5.5,5.6000000000000005,5.7,5.800000000000001,5.9,6.0,6.1000000000000005,6.2,6.300000000000001,6.4,6.5,6.6000000000000005,6.7,6.800000000000001,6.9,7.0,7.1000000000000005,7.2,7.300000000000001,7.4,7.5,7.6000000000000005,7.7,7.800000000000001,7.9,8.0,8.1,8.200000000000001,8.3,8.4,8.5,8.6,8.700000000000001,8.8,8.9,9.0,9.1,9.200000000000001,9.3,9.4,9.5,9.600000000000001,9.700000000000001,9.8,9.9,10.0","0.19329492257584435,0.1689961022955697,0.09865994989328349,0.015882542290408183,-0.07370744141617731,-0.1066190881524072,-0.14071238419094362,-0.18572622111011367,-0.159910469466845,-0.06934140398873721,0.056344698523436494,0.05315602414233774,0.18126935221115748,0.1969194437317103,0.24073286317781709,0.08370246281840155,0.03449123022431769,-0.06227257095638863,-0.12743927871398716,-0.2083972991349249,-0.19662294901028274,-0.16663397545759095,-0.08132214241511862,-0.00047869515996922657,-0.024280036287900986,0.19380896560470498,0.2430396252886216,0.22697152913970528,0.12886152968128578,0.028428814416768394,0.002663426501265529,-0.09772752263005514,-0.18996030286885987,-0.21201067643754823,-0.1463159408825895,-0.10894491249871043,-0.12899445608960963,0.04626513530391527,0.10986173342315908,0.12151987182884706,0.2530473296077002,0.19379401890369977,0.13610889852918645,0.015059011407568913,-0.13087202350642269,-0.154310937477739,-0.2052444728101904,-0.20390534477544922,-0.1935904409198581,-0.10744159895621753,0.05097142472930661,0.15103051710791654,0.2140059605014784,0.2398969649505225,0.1993205352965061,0.18044254823692804,0.06316286787614453,-0.026715921768104042,-0.1518423785539042,-0.22926586860391185,-0.2627260069340282,-0.2250855380769288,-0.08158664395795148,0.01832011921920232,0.07588991015869773,0.20485336805518173,0.19008662400379112,0.15420994823438805,0.13864404126203259,0.04571029189680714,-0.006761119724319916,-0.1585975637100831,-0.20267564186165124,-0.22368463349486178,-0.20679645015035536,-0.20929713298798763,-0.034094701853164266,0.07215364556505759,0.2264054132818808,0.2024802310531178,0.2583512340344421,0.2398785464468442,0.08558534250778851,0.014230512837020511,-0.10467949921915548,-0.20572739422885503,-0.22679287641109733,-0.20552645148891874,-0.12930322141295458,-0.02320479826899776,-0.003912015967078249,0.16494928523567753,0.2678805929683671,0.2784136867691363,0.16995261287620675,0.1611660258706706,0.025726484048589952,-0.05123145823539139,-0.22591894966081366,-0.2351730683675035,-0.27907556331523065"
80,10.0,0.1,0.2,0.001,13.294286148827364,4.085676897463228,0.030937666776979032,"0.0,0.1,0.2,0.30000000000000004,0.4,0.5,0.6000000000000001,0.7000000000000001,0.8,0.9,1.0,1.1,1.2000000000000002,1.3,1.4000000000000001,1.5,1.6,1.7000000000000002,1.8,1.9000000000000001,2.0,2.1,2.2,2.3000000000000003,2.4000000000000004,2.5,2.6,2.7,2.8000000000000003,2.9000000000000004,3.0,3.1,3.2,3.3000000000000003,3.4000000000000004,3.5,3.6,3.7,3.8000000000000003,3.9000000000000004,4.0,4.1000000000000005,4.2,4.3,4.4,4.5,4.6000000000000005,4.7,4.800000000000001,4.9,5.0,5.1000000000000005,5.2,5.300000000000001,5.4,5.5,5.6000000000000005,5.7,5.800000000000001,5.9,6.0,6.1000000000000005,6.2,6.300000000000001,6.4,6.5,6.6000000000000005,6.7,6.800000000000001,6.9,7.0,7.1000000000000005,7.2,7.300000000000001,7.4,7.5,7.6000000000000005,7.7,7.800000000000001,7.9,8.0,8.1,8.200000000000001,8.3,8.4,8.5,8.6,8.700000000000001,8.8,8.9,9.0,9.1,9.200000000000001,9.3,9.4,9.5,9.600000000000001,9.700000000000001,9.8,9.9,10.0","0.21532693181368479,0.17076875424842242,0.18251595778915747,0.12462671193145003,0.21531800711068205,0.08916164245531971,0.06294932663975272,0.08461449446593082,0.05567797543577645,-0.030522030670804272,-0.08752561912218368,-0.1699277038633059,-0.1225079882625031,-0.17270408252745648,-0.21817519405039307,-0.18581786551788956,-0.17796936545667497,-0.22086132851508264,-0.23447361399312383,-0.18214958363248035,-0.18733848789134397,-0.17497618214580812,-0.19380076358098564,-0.14627780032951956,-0.07230803257250887,-0.06764146468603949,0.012016114678741157,0.012965469274441224,0.0741921562637104,0.11265304731438942,0.13864823659023273,0.1837958536518744,0.2642784268334948,0.18128360203797997,0.24822215661685293,0.2349724766069541,0.2734663397505916,0.20910266004650735,0.15945323633447622,0.17768300729414,0.14696815728750956,0.10656112867561734,0.08241256650926312,-0.016133848233416535,-0.018008892587471743,-0.043972644740200434,-0.11302840060302605,-0.18664094083216592,-0.18089745620244652,-0.23223518333554682,-0.2753992878337868,-0.24161703066346266,-0.2629413236951958,-0.21812751253232734,-0.21512693508585365,-0.2098531785559154,-0.24679538623750813,-0.18993593387641217,-0.17492358433482139,-0.14820920055164766,-0.08554129317839446,-0.04680011330930487,0.1328602406306392,0.09477691337533908,0.16116412019788046,0.13173800255707568,0.17450459707091753,0.22000794060984452,0.2726705524426969,0.2807937470694574,0.22945324231618516,0.2433539954128347,0.2343391914329147,0.22227445176193875,0.18427267720870116,0.16019578245815974,0.13926653903611602,0.09157118265272407,-0.013435691009684433,-0.07462508043203522,-0.09857952199451686,-0.12046268460381254,-0.17351802483768028,-0.1637828454162153,-0.2620417279429301,-0.2090740914609298,-0.2114086134653211,-0.2746659644030003,-0.331203424745221,-0.25162717384181904,-0.2249212345958692,-0.2419079429223131,-0.19707456808319582,-0.15402855819505304,-0.06789396852785369,-0.05727428984023507,-0.03925374394868661,-0.001979690186380268,0.06700922064919365,0.153065007860456,0.16783215587577216"
81,10.0,0.1,0.2,0.001,10.307695905990535,3.2270711931500493,0.08809650583984101,"0.0,0.1,0.2,0.30000000000000004,0.4,0.5,0.6000000000000001,0.7000000000000001,0.8,0.9,1.0,1.1,1.2000000000000002,1.3,1.4000000000000001,1.5,1.6,1.7000000000000002,1.8,1.9000000000000001,2.0,2.1,2.2,2.3000000000000003,2.4000000000000004,2.5,2.6,2.7,2.8000000000000003,2.9000000000000004,3.0,3.1,3.2,3.3000000000000003,3.4000000000000004,3.5,3.6,3.7,3.8000000000000003,3.9000000000000004,4.0,4.1000000000000005,4.2,4.3,4.4,4.5,4.6000000000000005,4.7,4.800000000000001,4.9,5.0,5.1000000000000005,5.2,5.300000000000001,5.4,5.5,5.6000000000000005,5.7,5.800000000000001,5.9,6.0,6.1000000000000005,6.2,6.300000000000001,6.4,6.5,6.6000000000000005,6.7,6.800000000000001,6.9,7.0,7.1000000000000005,7.2,7.300000000000001,7.4,7.5,7.6000000000000005,7.7,7.800000000000001,7.9,8.0,8.1,8.200000000000001,8.3,8.4,8.5,8.6,8.700000000000001,8.8,8.9,9.0,9.1,9.200000000000001,9.3,9.4,9.5,9.600000000000001,9.700000000000001,9.8,9.9,10.0","0.16566934595987517,0.22836595051946107,0.1963563965733209,0.14065557831365008,0.14838412494552636,0.19199695451882276,0.04379747269456549,0.08203044425351466,0.0970167857769539,-0.010853029823947698,-0.04587000206207277,-0.06969018271726789,-0.05754836326914472,-0.15959064500604545,-0.18366548057823417,-0.2082075588049638,-0.16025286534275962,-0.171982034641334,-0.21287936739152646,-0.22817799293888874,-0.22607785668937624,-0.18219838543602807,-0.25150629309249695,-0.15006864693460184,-0.1862956373403336,-0.13425245153906928,-0.03628533205996201,-0.058961121106515565,0.0334168243665605,0.06101499124224156,0.1277868904200144,0.09064879987387206,0.1762478236883987,0.24012246810798113,0.3132883098863234,0.2912247322451473,0.3002227368790472,0.3158700605045459,0.25100766281821973,0.2637136531567264,0.1971510100808082,0.1288074376567006,0.12607546754549404,0.10717005349820638,0.047479945614087075,-0.017027500812662553,0.0061055440365015146,-0.10716490433745281,-0.13611581022813443,-0.13782215354210975,-0.2844386342367797,-0.30358145286314614,-0.23426479314757487,-0.3242009974562465,-0.2981759017797758,-0.2560380707608867,-0.24329525404193303,-0.18901179107623337,-0.16252177690012493,-0.13466025663155987,-0.14621587040239137,-0.05662642969775255,-0.018468423376106425,-0.016083933059453687,0.1241122426413258,0.15572733941380407,0.18968743214044498,0.22147886214319432,0.22431110927129985,0.2935895316711067,0.31811826984808167,0.3098208827797719,0.3684010812703007,0.2820968258949894,0.22484917362141923,0.31619733454565824,0.22724143783126852,0.18509785576716822,0.10568127859324189,0.03171339662963013,0.05824953145065944,-0.06615555139986479,-0.054992560060070216,-0.14170444378685487,-0.24608877048911681,-0.31717068055460157,-0.3683118122747521,-0.4100871750411865,-0.320735611360788,-0.38448071569478864,-0.3441186895670413,-0.4325432187647267,-0.35297933721673275,-0.27648168607168594,-0.2967108611083463,-0.18924492928948194,-0.18485516973397687,-0.13064491524624872,0.0035553454764107924,0.058190629338936414,0.17369653367591747"
82,10.0,0.1,0.2,0.001,11.031071573387257,2.3565720617315615,0.04367656390664645,"0.0,0.1,0.2,0.30000000000000004,0.4,0.5,0.6000000000000001,0.7000000000000001,0.8,0.9,1.0,1.1,1.2000000000000002,1.3,1.4000000000000001,1.5,1.6,1.7000000000000002,1.8,1.9000000000000001,2.0,2.1,2.2,2.3000000000000003,2.4000000000000004,2.5,2.6,2.7,2.8000000000000003,2.9000000000000004,3.0,3.1,3.2,3.3000000000000003,3.4000000000000004,3.5,3.6,3.7,3.8000000000000003,3.9000000000000004,4.0,4.1000000000000005,4.2,4.3,4.4,4.5,4.6000000000000005,4.7,4.800000000000001,4.9,5.0,5.1000000000000005,5.2,5.300000000000001,5.4,5.5,5.6000000000000005,5.7,5.800000000000001,5.9,6.0,6.1000000000000005,6.2,6.300000000000001,6.4,6.5,6.6000000000000005,6.7,6.800000000000001,6.9,7.0,7.1000000000000005,7.2,7.300000000000001,7.4,7.5,7.6000000000000005,7.7,7.800000000000001,7.9,8.0,8.1,8.200000000000001,8.3,8.4,8.5,8.6,8.700000000000001,8.8,8.9,9.0,9.1,9.200000000000001,9.3,9.4,9.5,9.600000000000001,9.700000000000001,9.8,9.9,10.0","0.20912250889809036,0.1892453874947745,0.15594708034574253,0.24777740279921082,0.10367193242289316,0.08735029676830385,0.03460539695161991,0.07397336258134302,0.0029681323706244704,-0.09621677357104708,-0.15090929683586532,-0.15562898004758938,-0.18427417569287113,-0.21761995523641972,-0.26260095583230675,-0.24042034517161953,-0.21134717627008417,-0.20793970954720203,-0.2279314859503797,-0.12866996676537734,-0.17107750692770973,-0.012365201962685007,0.008334706041512867,0.021126424456321055,0.13035666155086986,0.1561008342464654,0.18524639380767854,0.21915294233354907,0.2712773097087827,0.22063620633540695,0.2673858971134788,0.22308003195102274,0.21805442438230363,0.10823199751703104,0.15697799080121302,0.0962925749877113,0.04118264747095734,-0.018271373069060598,-0.04733420563508746,-0.19633213247057987,-0.14859448723139085,-0.17366375196611833,-0.21103330368484555,-0.2172852895729789,-0.25326604014367193,-0.26401784602158573,-0.173691615272786,-0.23045656324706953,-0.18076669230664363,-0.1601885159219649,-0.05139671819681799,0.010581663172927584,0.09046477992290725,0.09445435587325528,0.11998735156838655,0.20078853723571663,0.18483506726306692,0.27135670054538924,0.2809017151478815,0.24546380960428238,0.25937502063246143,0.20993318752362689,0.20495379474027295,0.1637778039531695,0.12087539744394243,0.03991656051405784,-0.0043686714984134244,-0.04876596412406704,-0.1574799114684255,-0.13994585437472168,-0.1842735770678489,-0.24477533626497402,-0.28828557038461117,-0.2929251213311364,-0.3530073721163291,-0.23991176294143954,-0.24920203507398056,-0.19734190501702356,-0.1544925833360414,-0.1344758960355681,-0.039099143225832966,0.023178115021343558,0.15966504651081334,0.09592860147258271,0.2522093669650464,0.28100999370475416,0.343044447560335,0.3476223922625827,0.36730278195008126,0.30390539809007144,0.3246244101115563,0.2716821630686202,0.2787726090710282,0.22753749339957838,0.1322921143525887,0.00041996765154652185,-0.05441108174263251,-0.12669861943422153,-0.1477628559417889,-0.2504011296481324,-0.3502854353757791"
83,10.0,0.1,0.2,0.001,9.2588208637351,3.4336896151098837,0.08807415685770924,"0.0,0.1,0.2,0.30000000000000004,0.4,0.5,0.6000000000000001,0.7000000000000001,0.8,0.9,1.0,1.1,1.2000000000000002,1.3,1.4000000000000001,1.5,1.6,1.7000000000000002,1.8,1.9000000000000001,2.0,2.1,2.2,2.3000000000000003,2.4000000000000004,2.5,2.6,2.7,2.8000000000000003,2.9000000000000004,3.0,3.1,3.2,3.3000000000000003,3.4000000000000004,3.5,3.6,3.7,3.8000000000000003,3.9000000000000004,4.0,4.1000000000000005,4.2,4.3,4.4,4.5,4.6000000000000005,4.7,4.800000000000001,4.9,5.0,5.1000000000000005,5.2,5.300000000000001,5.4,5.5,5.6000000000000005,5.7,5.800000000000001,5.9,6.0,6.1000000000000005,6.2,6.300000000000001,6.4,6.5,6.6000000000000005,6.7,6.800000000000001,6.9,7.0,7.1000000000000005,7.2,7.300000000000001,7.4,7.5,7.6000000000000005,7.7,7.800000000000001,7.9,8.0,8.1,8.200000000000001,8.3,8.4,8.5,8.6,8.700000000000001,8.8,8.9,9.0,9.1,9.200000000000001,9.3,9.4,9.5,9.600000000000001,9.700000000000001,9.8,9.9,10.0","0.17790083544784516,0.21503991166877373,0.17610807511753732,0.20227077477523758,0.18252380201349708,0.15087395093526007,0.06602001576106595,0.12293863984907961,0.06779470378809563,0.12759555583593102,-0.024523519176934423,-0.048330281873032635,-0.07376827139929004,-0.07539099477380945,-0.11914752028649576,-0.1797196932330309,-0.22448726705423183,-0.25346788867306186,-0.2652032912446753,-0.25054661287233976,-0.3601169280439914,-0.28725646933364524,-0.2684361287443381,-0.22811489307679236,-0.23795064618663064,-0.19109889566991844,-0.15381878048177366,-0.12160101027677732,-0.0809300389117936,0.07442097539537648,0.039441844528757285,0.05808159365759053,0.1668293492888163,0.14199074234386702,0.19756794402709912,0.24294078649111983,0.265885024786105,0.3236788167187364,0.34764967895340726,0.35513735594783097,0.3540259109925982,0.3914317615199983,0.31120896961787187,0.3200903565027265,0.2338086995790967,0.1785047737371461,0.13049265669981716,0.04816443419936064,-0.008809839965326648,-0.03590578956852706,-0.09659057867638715,-0.1537821365669183,-0.2152279483277415,-0.23429461577270935,-0.3159315279421819,-0.39616237832256784,-0.44405713869239427,-0.4530272279660438,-0.38111161851674125,-0.3972598855427157,-0.3891303599666211,-0.41650900387046297,-0.329496445797959,-0.2345049385357501,-0.1663338239020256,-0.15948756445213544,-0.08863727556921962,0.022475541474397388,-0.0010135923125263457,0.13757965229557623,0.1797095910171612,0.2383337099675053,0.3756056032226069,0.3261510065250887,0.416265323870659,0.3827270724167249,0.37879784244420345,0.3925757638904669,0.4459295231593938,0.45685543450789756,0.3878516494051051,0.36425282497665856,0.3700172998112334,0.30235759521456274,0.17681837405789247,0.0933703475732868,0.05896937715601688,0.037236952641609686,-0.07833430777228888,-0.17539702043343583,-0.20599743457831773,-0.32480783976499955,-0.3286522121540835,-0.4577381747587637,-0.4931126925914299,-0.5030115654290905,-0.5949149134714061,-0.546770242493781,-0.4962744755447443,-0.45980023316952445,-0.49666435411892773"
84,10.0,0.1,0.2,0.001,9.538968820762998,1.6152780332811116,0.031299612669782303,"0.0,0.1,0.2,0.30000000000000004,0.4,0.5,0.6000000000000001,0.7000000000000001,0.8,0.9,1.0,1.1,1.2000000000000002,1.3,1.4000000000000001,1.5,1.6,1.7000000000000002,1.8,1.9000000000000001,2.0,2.1,2.2,2.3000000000000003,2.4000000000000004,2.5,2.6,2.7,2.8000000000000003,2.9000000000000004,3.0,3.1,3.2,3.3000000000000003,3.4000000000000004,3.5,3.6,3.7,3.8000000000000003,3.9000000000000004,4.0,4.1000000000000005,4.2,4.3,4.4,4.5,4.6000000000000005,4.7,4.800000000000001,4.9,5.0,5.1000000000000005,5.2,5.300000000000001,5.4,5.5,5.6000000000000005,5.7,5.800000000000001,5.9,6.0,6.1000000000000005,6.2,6.300000000000001,6.4,6.5,6.6000000000000005,6.7,6.800000000000001,6.9,7.0,7.1000000000000005,7.2,7.300000000000001,7.4,7.5,7.6000000000000005,7.7,7.800000000000001,7.9,8.0,8.1,8.200000000000001,8.3,8.4,8.5,8.6,8.700000000000001,8.8,8.9,9.0,9.1,9.200000000000001,9.3,9.4,9.5,9.600000000000001,9.700000000000001,9.8,9.9,10.0","0.1790560640902553,0.24457527099677806,0.1698487936954371,0.1685146017037791,0.1338369765693392,-0.000817412371694845,0.05275189207696249,-0.0019551948740855543,-0.0649332949208602,-0.12246951476443604,-0.11971695002324693,-0.2648262964046159,-0.17515913511882028,-0.2307779057473437,-0.2474330107384879,-0.1560974741999895,-0.14297968109846176,-0.11149869911782206,-0.12292546270690322,-0.0221755245363248,0.06710494835459384,0.10253750302271136,0.08779528893665849,0.17483598397341954,0.20657909948672898,0.26091006205571177,0.22792881696939424,0.2565253645420204,0.1933990061325545,0.17711118963609587,0.170785207882986,0.06544330616043027,0.08241745711426413,-0.09313447151856244,-0.09474023166545908,-0.1898572631543757,-0.23660297916219622,-0.20377207613001194,-0.23412779855090096,-0.30168349260170546,-0.23279084708180797,-0.1570232084820003,-0.2677719861292052,-0.174618320050194,-0.13550947887287804,0.03006187353823876,0.040844479688650195,0.07389048601166409,0.13920425426777083,0.15513529540745546,0.23506611968461635,0.2721490832550555,0.23089664881147942,0.27845015038800064,0.2733415106602929,0.15784681612438078,0.13924811098886453,0.07393827833295755,0.09949451721819072,-0.02556306317044666,-0.14242556637890896,-0.19492688597903005,-0.22300703196939764,-0.299893264102426,-0.26916450102281914,-0.22562736569992964,-0.31263832520595497,-0.22534391014366925,-0.20917299299851022,-0.14518316162745296,-0.11829668230535301,-0.011615329627246226,-0.00304776290140385,0.10387448863427803,0.1459253088601601,0.23685703362474655,0.2217191316240519,0.20799828406703366,0.25882853349199325,0.2256091872894267,0.2879510012869981,0.22494517346475093,0.13660023839003024,0.15100542884214793,0.04715841364828363,-0.04626823112009869,-0.19703768588057186,-0.110041611693034,-0.18965128994609726,-0.26506357922195506,-0.26575729503279405,-0.30269326511314004,-0.2898725153453626,-0.24923669458914557,-0.16428197428951535,-0.13312761516140617,-0.1086394104650457,-0.051733959462064716,0.030826030327044597,0.1235933770056278,0.17175003048278872"
85,10.0,0.1,0.2,0.001,12.460142802434465,4.1745594354075966,0.019475027186871247,"0.0,0.1,0.2,0.30000000000000004,0.4,0.5,0.6000000000000001,0.7000000000000001,0.8,0.9,1.0,1.1,1.2000000000000002,1.3,1.4000000000000001,1.5,1.6,1.7000000000000002,1.8,1.9000000000000001,2.0,2.1,2.2,2.3000000000000003,2.4000000000000004,2.5,2.6,2.7,2.8000000000000003,2.9000000000000004,3.0,3.1,3.2,3.3000000000000003,3.4000000000000004,3.5,3.6,3.7,3.8000000000000003,3.9000000000000004,4.0,4.1000000000000005,4.2,4.3,4.4,4.5,4.6000000000000005,4.7,4.800000000000001,4.9,5.0,5.1000000000000005,5.2,5.300000000000001,5.4,5.5,5.6000000000000005,5.7,5.800000000000001,5.9,6.0,6.1000000000000005,6.2,6.300000000000001,6.4,6.5,6.6000000000000005,6.7,6.800000000000001,6.9,7.0,7.1000000000000005,7.2,7.300000000000001,7.4,7.5,7.6000000000000005,7.7,7.800000000000001,7.9,8.0,8.1,8.200000000000001,8.3,8.4,8.5,8.6,8.700000000000001,8.8,8.9,9.0,9.1,9.200000000000001,9.3,9.4,9.5,9.600000000000001,9.700000000000001,9.8,9.9,10.0","0.18191779647113795,0.19797187032932878,0.20979891775954101,0.16065223427720157,0.13440606957389747,0.13973040210916193,0.16492187214276682,0.06519902885825365,0.036799588118083607,0.07544512933139229,-0.043839459857858795,-0.05438965704209451,-0.06752894529486832,-0.12947244279553363,-0.148424861059402,-0.20555474065579366,-0.18687146969714138,-0.21642259212706852,-0.2521887629402464,-0.19767639640233797,-0.2595316103505505,-0.20223506227910112,-0.20131672256871314,-0.12425653621731027,-0.1259867423070568,-0.07865667270329194,-0.007076180240968358,-0.060055241998592905,0.0122044687429845,0.06726868466039933,0.04977156690937097,0.18910587137802679,0.1477138275044181,0.17511018748932686,0.19518832535123046,0.22546479523916688,0.26661888336896145,0.22472155209906058,0.18136233434948767,0.1948508734625199,0.20870354656468543,0.14492359903212915,0.09951903045071578,0.1089335145817614,0.124445866606229,0.009933866558795964,0.04562259092232649,-0.04955408915303317,-0.1223127192934005,-0.17060334634254976,-0.12554915372138184,-0.21805603177075955,-0.22535665056178963,-0.2446937328283417,-0.24542549098654964,-0.2492952618096211,-0.2880292614683886,-0.2189401234908066,-0.22520879924666798,-0.21632028062654307,-0.08414980359036384,-0.11319999907570519,-0.1119788594273679,-0.07803469343940929,-0.0086298255997292,0.04474868620601355,0.07337587371055009,0.1758884743130867,0.15530840367062948,0.2527072329786112,0.19576680851758543,0.18580806533840147,0.289968032042499,0.21025123146143546,0.26330828143681123,0.25423918113585586,0.18007159141347526,0.2288149683988542,0.15083214652957744,0.11393229514100388,0.08047437452936965,0.032296285677059354,0.002078857488163964,-0.020494449552936462,-0.06249425822176858,-0.1650202081566219,-0.19571304581124171,-0.16026613865366243,-0.17051854941751118,-0.2112730067457681,-0.25312782814331314,-0.25344498989343545,-0.31414149464339314,-0.2266296868683981,-0.23584805909500575,-0.19638402362528798,-0.21867436268726567,-0.10284073390817086,-0.11978084519137608,-0.09036100279479431,-0.006923570356210305"
86,10.0,0.1,0.2,0.001,5.665588569551781,3.174951486904033,0.02315559197734285,"0.0,0.1,0.2,0.30000000000000004,0.4,0.5,0.6000000000000001,0.7000000000000001,0.8,0.9,1.0,1.1,1.2000000000000002,1.3,1.4000000000000001,1.5,1.6,1.7000000000000002,1.8,1.9000000000000001,2.0,2.1,2.2,2.3000000000000003,2.4000000000000004,2.5,2.6,2.7,2.8000000000000003,2.9000000000000004,3.0,3.1,3.2,3.3000000000000003,3.4000000000000004,3.5,3.6,3.7,3.8000000000000003,3.9000000000000004,4.0,4.1000000000000005,4.2,4.3,4.4,4.5,4.6000000000000005,4.7,4.800000000000001,4.9,5.0,5.1000000000000005,5.2,5.300000000000001,5.4,5.5,5.6000000000000005,5.7,5.800000000000001,5.9,6.0,6.1000000000000005,6.2,6.300000000000001,6.4,6.5,6.6000000000000005,6.7,6.800000000000001,6.9,7.0,7.1000000000000005,7.2,7.300000000000001,7.4,7.5,7.6000000000000005,7.7,7.800000000000001,7.9,8.0,8.1,8.200000000000001,8.3,8.4,8.5,8.6,8.700000000000001,8.8,8.9,9.0,9.1,9.200000000000001,9.3,9.4,9.5,9.600000000000001,9.700000000000001,9.8,9.9,10.0","0.1873509210075406,0.22239803655644688,0.2194940844135641,0.1488709058239478,0.19077070624151776,0.2024634821733406,0.11761522440226352,0.11423879778428365,0.08080170919204611,0.06683384859080259,0.004939278428968012,0.0439763817598417,0.0031755542000618,-0.08967731077455748,-0.04577381887574139,-0.07721294054035002,-0.09942527240866138,-0.15269270892370854,-0.15322259486617085,-0.1626037416235927,-0.13821406854282156,-0.17902833387315636,-0.210442102767199,-0.20874923305516566,-0.208824906162759,-0.18791564177648928,-0.23644086374799161,-0.16255313447936492,-0.16980004128470463,-0.19155094391229865,-0.1344340517598343,-0.12100894309289258,-0.14132863153199404,-0.08563517378225789,-0.022199834966793595,-0.023375434370083305,-0.0119218157543544,0.06846394910709443,0.10221705390796942,0.1187978739915,0.15698229326287874,0.17901840501059385,0.14929755477077924,0.1644982459392916,0.16191668664985331,0.2272851681202601,0.20833494831322416,0.17579514423672854,0.26722795561540214,0.22573622650579184,0.2657033886155006,0.1962527343392592,0.17756571866752693,0.15248440268558053,0.11670474257756164,0.12451346147237183,0.0865432188478717,0.10010306797026068,0.030515903696082994,-0.024495301527041304,-0.040943181451402605,-0.10513884612234631,-0.1049987133420816,-0.10162012046661842,-0.12849809439162346,-0.14150254052074318,-0.1772021545599431,-0.1632763049388942,-0.18227756566313594,-0.196233187072825,-0.12240844986113564,-0.20002592759857368,-0.27440156309780883,-0.18923042413159635,-0.20616338465440714,-0.09946974074691273,-0.19537497519781347,-0.15184715719355532,-0.13772250898181176,-0.11398371309815976,-0.09426922049872204,-0.09421767463786868,-0.016076192012130647,0.007040433143725874,0.08040587435203533,0.0732125917661624,0.11385426126231299,0.16678562162806684,0.1945211305638549,0.1640274052957217,0.18962039005127598,0.24662135594900553,0.19854384879650558,0.1843604854656647,0.2015605210830398,0.2903048997409503,0.23117008454268326,0.23553011020268907,0.17501134924194703,0.2428315092575038,0.2467010533299237"
87,10.0,0.1,0.2,0.001,13.246641904563413,1.896506032658335,0.022948473967402842,"0.0,0.1,0.2,0.30000000000000004,0.4,0.5,0.6000000000000001,0.7000000000000001,0.8,0.9,1.0,1.1,1.2000000000000002,1.3,1.4000000000000001,1.5,1.6,1.7000000000000002,1.8,1.9000000000000001,2.0,2.1,2.2,2.3000000000000003,2.4000000000000004,2.5,2.6,2.7,2.8000000000000003,2.9000000000000004,3.0,3.1,3.2,3.3000000000000003,3.4000000000000004,3.5,3.6,3.7,3.8000000000000003,3.9000000000000004,4.0,4.1000000000000005,4.2,4.3,4.4,4.5,4.6000000000000005,4.7,4.800000000000001,4.9,5.0,5.1000000000000005,5.2,5.300000000000001,5.4,5.5,5.6000000000000005,5.7,5.800000000000001,5.9,6.0,6.1000000000000005,6.2,6.300000000000001,6.4,6.5,6.6000000000000005,6.7,6.800000000000001,6.9,7.0,7.1000000000000005,7.2,7.300000000000001,7.4,7.5,7.6000000000000005,7.7,7.800000000000001,7.9,8.0,8.1,8.200000000000001,8.3,8.4,8.5,8.6,8.700000000000001,8.8,8.9,9.0,9.1,9.200000000000001,9.3,9.4,9.5,9.600000000000001,9.700000000000001,9.8,9.9,10.0","0.14849246166919572,0.21317103468603407,0.15257326955680728,0.15364959783569593,0.10782029596486037,0.07085779051627367,-0.0058830296651745904,-0.09015353675453906,-0.124306914583079,-0.1654254427860742,-0.197763919921988,-0.1801119260336666,-0.2186943849489665,-0.16118784743208692,-0.1399551985089028,-0.19089776950809104,-0.144327547631148,-0.058787952429311764,0.051302673221768826,0.06066792525534334,0.10665612851339908,0.14342826312259477,0.2359036344011389,0.20313584996891534,0.21357137156560374,0.18140345936086966,0.19192893643561776,0.16752856960138673,0.07148889677944639,0.06660047106671403,-0.03957113761749675,-0.08461042035054174,-0.14387752885259278,-0.19060102335032816,-0.23206448014594,-0.20355164213599228,-0.2190411324020141,-0.23095151973224404,-0.1966428564614751,-0.2053906307706202,-0.09834408524461635,-0.08828488396738703,0.013038998778880652,0.08754906356420969,0.12134340253111409,0.1752110909585263,0.17518691996948238,0.1678616318790616,0.20252983030013205,0.16688962573912314,0.19740151719608073,0.13238494206367524,0.09446035565004275,0.015018247404630865,-0.03801859350931735,-0.05579507839497895,-0.14443523864686847,-0.1328502411517276,-0.18048302063894112,-0.23621704425285295,-0.18641066200600337,-0.25732262358482993,-0.16138963600958606,-0.17268745994679435,-0.1403899129443341,-0.023403818617959274,0.03174374408421392,0.05116695339957948,0.11132200045037557,0.16730447449535513,0.19316568571792114,0.23717988772414708,0.13435670943136574,0.22690340246471968,0.20383247881235098,0.09940904532965994,0.06905206883606262,0.028185960193802345,-0.042491311712830666,-0.10287863751309034,-0.10889114759937621,-0.1395824081468734,-0.22310531863722996,-0.27178578151875216,-0.22161788753632294,-0.20777615189182233,-0.21293218067301375,-0.15992829248619175,-0.06352307472089629,0.02544647885036739,0.027015333413449694,0.04050156302839475,0.14831004487579633,0.17773536512069926,0.2654487432695998,0.22371350359577688,0.23923016352622284,0.2390725126582606,0.21384647258011666,0.11429446402034671,0.05125688643238073"
88,10.0,0.1,0.2,0.001,14.209704724874502,1.2448927523087518,0.035624807410414204,"0.0,0.1,0.2,0.30000000000000004,0.4,0.5,0.6000000000000001,0.7000000000000001,0.8,0.9,1.0,1.1,1.2000000000000002,1.3,1.4000000000000001,1.5,1.6,1.7000000000000002,1.8,1.9000000000000001,2.0,2.1,2.2,2.3000000000000003,2.4000000000000004,2.5,2.6,2.7,2.8000000000000003,2.9000000000000004,3.0,3.1,3.2,3.3000000000000003,3.4000000000000004,3.5,3.6,3.7,3.8000000000000003,3.9000000000000004,4.0,4.1000000000000005,4.2,4.3,4.4,4.5,4.6000000000000005,4.7,4.800000000000001,4.9,5.0,5.1000000000000005,5.2,5.300000000000001,5.4,5.5,5.6000000000000005,5.7,5.800000000000001,5.9,6.0,6.1000000000000005,6.2,6.300000000000001,6.4,6.5,6.6000000000000005,6.7,6.800000000000001,6.9,7.0,7.1000000000000005,7.2,7.300000000000001,7.4,7.5,7.6000000000000005,7.7,7.800000000000001,7.9,8.0,8.1,8.200000000000001,8.3,8.4,8.5,8.6,8.700000000000001,8.8,8.9,9.0,9.1,9.200000000000001,9.3,9.4,9.5,9.600000000000001,9.700000000000001,9.8,9.9,10.0","0.18647933916665743,0.16295047609617938,0.1291921673968342,0.1155407538223877,0.07644068772723582,-0.01857403833883729,-0.11659680527574118,-0.15761715543572888,-0.2484022582120033,-0.18911731366099693,-0.19560320645216894,-0.21815563611756172,-0.14548255663316867,-0.0718476816807879,-0.0030881753280335177,0.10226939295551317,0.19853875769199797,0.24477498639373646,0.27687062801035744,0.2436725628505725,0.23789088553470927,0.19095111155886263,0.09376898849115178,0.03914889952064651,-0.10664132504790294,-0.14219590251751632,-0.204731420545942,-0.24290434791100282,-0.2381507109122647,-0.2200209356699846,-0.21292630745524357,-0.12711414278744948,-0.058994427391077096,0.061262437472709735,0.1077504416455881,0.1998310535987523,0.21034249004346015,0.30363116704213744,0.21452784328837204,0.21947306058402402,0.12764237157853983,0.08174736448388906,0.01629200683027429,-0.07597401479133262,-0.20586697498685885,-0.22981493010577625,-0.279479317481173,-0.2692182300967223,-0.2550847488215503,-0.15373264064097752,-0.04440952285569865,0.06704227238449746,0.05039110048742279,0.1886649932572366,0.22494673477330332,0.2807645423554237,0.34343970913442057,0.289369483622414,0.2078891084375817,0.13774393851165323,0.04654295777373405,-0.037978875027211964,-0.15664458127101796,-0.19243377600882153,-0.28733716697614986,-0.30266701338656016,-0.31093685469250015,-0.22288116950175846,-0.10487886084163986,-0.10437681356819614,0.010150466339922216,0.19978227678349708,0.21689845911612665,0.2655782101585501,0.31669322042753245,0.2692191855315658,0.22335316479242678,0.26405408453382034,0.08238893282924736,0.01244138069079093,-0.16634256298252226,-0.23996406079656313,-0.3103877119332454,-0.2148217282263128,-0.3199939811430233,-0.25264959009562765,-0.2106726739227678,-0.09259412359177091,-0.005373629703716977,0.1386654134887512,0.15808225277410407,0.31762470564844036,0.26085633664258073,0.34848633643636945,0.31706300183166614,0.24712583833284388,0.10476405440217562,0.112316933004995,-0.020979147261048353,-0.17712411815953993,-0.2549405321954696"
89,10.0,0.1,0.2,0.001,6.536133951920586,1.0197052864940974,0.011903321470279603,"0.0,0.1,0.2,0.30000000000000004,0.4,0.5,0.6000000000000001,0.7000000000000001,0.8,0.9,1.0,1.1,1.2000000000000002,1.3,1.4000000000000001,1.5,1.6,1.7000000000000002,1.8,1.9000000000000001,2.0,2.1,2.2,2.3000000000000003,2.4000000000000004,2.5,2.6,2.7,2.8000000000000003,2.9000000000000004,3.0,3.1,3.2,3.3000000000000003,3.4000000000000004,3.5,3.6,3.7,3.8000000000000003,3.9000000000000004,4.0,4.1000000000000005,4.2,4.3,4.4,4.5,4.6000000000000005,4.7,4.800000000000001,4.9,5.0,5.1000000000000005,5.2,5.300000000000001,5.4,5.5,5.6000000000000005,5.7,5.800000000000001,5.9,6.0,6.1000000000000005,6.2,6.300000000000001,6.4,6.5,6.6000000000000005,6.7,6.800000000000001,6.9,7.0,7.1000000000000005,7.2,7.300000000000001,7.4,7.5,7.6000000000000005,7.7,7.800000000000001,7.9,8.0,8.1,8.200000000000001,8.3,8.4,8.5,8.6,8.700000000000001,8.8,8.9,9.0,9.1,9.200000000000001,9.3,9.4,9.5,9.600000000000001,9.700000000000001,9.8,9.9,10.0","0.21423730802483704,0.1984034951691911,0.2249950034170387,0.10741794026849295,0.08411967936235748,0.07487324232995225,-0.011813588165585929,-0.06446039098824885,-0.049245681179100644,-0.13790163438134145,-0.18624142966636276,-0.14474885469840282,-0.24586569799095342,-0.2105241826410428,-0.2146693742383943,-0.15814445302480548,-0.11501295276230261,-0.13102002837527757,-0.035476041125061364,0.08262695023102504,0.04201365018114378,0.10145748534694486,0.10393560578542482,0.19191301931915525,0.1645386934189532,0.22139953957923023,0.2078788852973468,0.20955475643384847,0.11666833449797928,0.13713030272110444,0.04623081716539029,0.0167168072312942,0.0061607107523461435,-0.13767966577443844,-0.1782119146688173,-0.1842321475841984,-0.12494691798163453,-0.1979373152850214,-0.17049307071487732,-0.18395743572604725,-0.17436100512447836,-0.10459392549546093,-0.05733887299490853,-0.0016291674942299425,-0.024295535253651725,0.13916468783527908,0.08910060775105219,0.1881227308750853,0.21912558461957765,0.2067059402929381,0.24644053760737716,0.1542697205172108,0.15946524265427559,0.120327418470833,0.10301791121802344,0.08693364500942591,0.06463263665304382,-0.06031411534930892,-0.0891629077197438,-0.19177213295498058,-0.18614190721349097,-0.25135699340181283,-0.19724048329351063,-0.23196890841498544,-0.14034998812299265,-0.19686919976517514,-0.14735281258921512,-0.04531770827578568,-0.10462909694810352,0.027262634631642153,0.05372846649618151,0.11736244766953893,0.16102634719219344,0.23579057232793965,0.1922818807682245,0.2660000660810594,0.20373850406562002,0.10024503524362045,0.15795672669182848,0.1072155589280284,0.04235748332389311,-0.008576806048809279,-0.07150550947501891,-0.10097531781727392,-0.11211045764149,-0.17676523315485942,-0.2372704320132862,-0.18679896052116005,-0.22321330094309638,-0.17536600190971094,-0.13118073009894168,-0.14546070750362872,-0.060873392610926544,0.002855982389452689,0.004375960129374426,0.055805181312324925,0.17130080273102927,0.18827215707555475,0.17638858851610095,0.2625976078630517,0.1946008986989618"
90,10.0,0.1,0.2,0.001,5.553954091642601,1.2858866192113372,0.014804373936445785,"0.0,0.1,0.2,0.30000000000000004,0.4,0.5,0.6000000000000001,0.7000000000000001,0.8,0.9,1.0,1.1,1.2000000000000002,1.3,1.4000000000000001,1.5,1.6,1.7000000000000002,1.8,1.9000000000000001,2.0,2.1,2.2,2.3000000000000003,2.4000000000000004,2.5,2.6,2.7,2.8000000000000003,2.9000000000000004,3.0,3.1,3.2,3.3000000000000003,3.4000000000000004,3.5,3.6,3.7,3.8000000000000003,3.9000000000000004,4.0,4.1000000000000005,4.2,4.3,4.4,4.5,4.6000000000000005,4.7,4.800000000000001,4.9,5.0,5.1000000000000005,5.2,5.300000000000001,5.4,5.5,5.6000000000000005,5.7,5.800000000000001,5.9,6.0,6.1000000000000005,6.2,6.300000000000001,6.4,6.5,6.6000000000000005,6.7,6.800000000000001,6.9,7.0,7.1000000000000005,7.2,7.300000000000001,7.4,7.5,7.6000000000000005,7.7,7.800000000000001,7.9,8.0,8.1,8.200000000000001,8.3,8.4,8.5,8.6,8.700000000000001,8.8,8.9,9.0,9.1,9.200000000000001,9.3,9.4,9.5,9.600000000000001,9.700000000000001,9.8,9.9,10.0","0.18267383282462432,0.23955659551759548,0.20136497382951787,0.18311971558305531,0.12209837654874625,0.14165826885121174,0.06341582814594975,0.036294484075176825,-0.04235234488149009,-0.05537137186737436,-0.10091614776479972,-0.1185022436008806,-0.1752040585083081,-0.25000135483007546,-0.21228355933068171,-0.17900533917155595,-0.2237168462162134,-0.21076256251140946,-0.19801386937549306,-0.1705363134836404,-0.14048331475264259,-0.11134596820541307,-0.06027867756801584,0.01161076711141393,0.05675213922297774,0.10973746526355126,0.09835150032849432,0.18470953340880802,0.14092922587907822,0.2083593203276427,0.19192855125968553,0.20501256066418397,0.26801554370033037,0.19020451594581475,0.16696705170116335,0.09732006983221908,0.0822756921145817,0.04140552314096563,-0.02745454081743619,-0.03952665994404169,-0.07560317504560268,-0.1567727371952596,-0.13802642693686884,-0.20623025828913932,-0.1683706561784407,-0.22522795884570354,-0.20030550310409256,-0.22368751649691976,-0.19510369929771232,-0.18708821942317805,-0.13152793831209936,-0.09528780765170078,-0.0588547009152041,-0.006972560404549173,0.043928827722853225,0.09634585715499012,0.1403818060428089,0.16930383853965142,0.16798054731882373,0.23247378708218827,0.20770498353838074,0.23783878324576296,0.2067485242992876,0.21575537021124452,0.12371532016603552,0.14516471239501016,0.08532606689504757,0.07754619458969125,-0.07065860139469637,0.029830301302228537,-0.1408512889614586,-0.11538405570475495,-0.14366857421923523,-0.14511550316594088,-0.212581805428476,-0.24445203169425977,-0.2140233419348201,-0.23794242612378566,-0.23358544455238567,-0.1918870524260078,-0.11277817182606907,-0.13482243640007577,-0.08154354680051677,-0.010402657186059863,0.029372154319136767,0.11594023811942031,0.055773723934499295,0.16894180351098503,0.1885161269405636,0.1870496511764094,0.2603496041365053,0.2061488194747534,0.23393254779606631,0.26158545089232516,0.18436500200041103,0.188472780900916,0.07445932298580477,0.13183275167186964,0.01750313316959653,0.002706840588312706,-0.08322217509006949"
91,10.0,0.1,0.2,0.001,10.911438161109713,3.5632153705977787,0.04542674111488255,"0.0,0.1,0.2,0.30000000000000004,0.4,0.5,0.6000000000000001,0.7000000000000001,0.8,0.9,1.0,1.1,1.2000000000000002,1.3,1.4000000000000001,1.5,1.6,1.7000000000000002,1.8,1.9000000000000001,2.0,2.1,2.2,2.3000000000000003,2.4000000000000004,2.5,2.6,2.7,2.8000000000000003,2.9000000000000004,3.0,3.1,3.2,3.3000000000000003,3.4000000000000004,3.5,3.6,3.7,3.8000000000000003,3.9000000000000004,4.0,4.1000000000000005,4.2,4.3,4.4,4.5,4.6000000000000005,4.7,4.800000000000001,4.9,5.0,5.1000000000000005,5.2,5.300000000000001,5.4,5.5,5.6000000000000005,5.7,5.800000000000001,5.9,6.0,6.1000000000000005,6.2,6.300000000000001,6.4,6.5,6.6000000000000005,6.7,6.800000000000001,6.9,7.0,7.1000000000000005,7.2,7.300000000000001,7.4,7.5,7.6000000000000005,7.7,7.800000000000001,7.9,8.0,8.1,8.200000000000001,8.3,8.4,8.5,8.6,8.700000000000001,8.8,8.9,9.0,9.1,9.200000000000001,9.3,9.4,9.5,9.600000000000001,9.700000000000001,9.8,9.9,10.0","0.1674662953390304,0.18988708918690217,0.24841536156395025,0.17719301485337502,0.14924517654418573,0.11146844134772196,0.14836100976180722,0.09416070803288534,0.07069060417074008,0.008630383309276207,0.009264724310429694,-0.08727527782341024,-0.08986601005021799,-0.13519205311631882,-0.1755966196948941,-0.22636065257804694,-0.28130821912859094,-0.29958870215051414,-0.13278541910361152,-0.2560538688075629,-0.2674884696648218,-0.22831890450072415,-0.19695347109470254,-0.17218923670651884,-0.108155299291073,-0.0889348994053705,-0.050591712538352915,-0.05172551806356008,0.06892381539711603,0.04560191416474679,0.12202861444412759,0.19465560632544138,0.15116578362053623,0.23201669454509632,0.29141457839023155,0.2340847940889636,0.21125356913692678,0.2305687393394077,0.265055857371215,0.16138625847979815,0.23973952654209757,0.190064972694649,0.07996858975124203,0.08689143366737065,0.062137138318702816,-0.01922182448821104,-0.027023270662172257,-0.07149879561305521,-0.15403302796544366,-0.17663925105845743,-0.24164957027998127,-0.2004962780600734,-0.23311231088779918,-0.22824290998639735,-0.30220504333902404,-0.2752308596354763,-0.3021775685079033,-0.27873103094889123,-0.22909379634238164,-0.22563313727291517,-0.153457463675159,-0.13105390540849557,-0.05760597779944636,-0.007553245113740493,-0.0002891784315488949,0.07787199850291414,0.10834898129621702,0.17810716212665834,0.2503252336664657,0.27629731327379375,0.2472709573594563,0.32506874950712217,0.3151665831060203,0.35783503319740523,0.27947585600833746,0.30878937788245536,0.26672794132910693,0.15973595615509217,0.1807738064925618,0.2006998530577878,0.12042233703682284,0.001774166480285947,-0.018303905970867465,-0.07743891080727781,-0.14131567620356228,-0.2277734982444111,-0.22117647480902755,-0.24896334288657462,-0.30309589790132235,-0.36859382820435205,-0.36438431890267586,-0.3264210142179489,-0.3715861286767943,-0.3216280574544869,-0.25295696776061305,-0.30020981373629263,-0.25205541032705425,-0.16195830138562262,-0.12786480441665793,-0.07130044267863941,0.0146147421703463"
92,10.0,0.1,0.2,0.001,8.179910969520494,2.770368066600035,0.08875044480111477,"0.0,0.1,0.2,0.30000000000000004,0.4,0.5,0.6000000000000001,0.7000000000000001,0.8,0.9,1.0,1.1,1.2000000000000002,1.3,1.4000000000000001,1.5,1.6,1.7000000000000002,1.8,1.9000000000000001,2.0,2.1,2.2,2.3000000000000003,2.4000000000000004,2.5,2.6,2.7,2.8000000000000003,2.9000000000000004,3.0,3.1,3.2,3.3000000000000003,3.4000000000000004,3.5,3.6,3.7,3.8000000000000003,3.9000000000000004,4.0,4.1000000000000005,4.2,4.3,4.4,4.5,4.6000000000000005,4.7,4.800000000000001,4.9,5.0,5.1000000000000005,5.2,5.300000000000001,5.4,5.5,5.6000000000000005,5.7,5.800000000000001,5.9,6.0,6.1000000000000005,6.2,6.300000000000001,6.4,6.5,6.6000000000000005,6.7,6.800000000000001,6.9,7.0,7.1000000000000005,7.2,7.300000000000001,7.4,7.5,7.6000000000000005,7.7,7.800000000000001,7.9,8.0,8.1,8.200000000000001,8.3,8.4,8.5,8.6,8.700000000000001,8.8,8.9,9.0,9.1,9.200000000000001,9.3,9.4,9.5,9.600000000000001,9.700000000000001,9.8,9.9,10.0","0.1929065224593402,0.23935479055853678,0.2334928023098496,0.19992896331548798,0.19469162143940125,0.1699214852526209,0.1734243129576068,0.15962991045133146,0.06037378157118786,0.013983214322490445,0.02801970840686778,-0.06308307377335805,-0.09865907071781217,-0.17233433530975756,-0.14626352731567663,-0.1767741222956416,-0.24154125615311123,-0.20786058563529083,-0.27681342944708004,-0.3022088267484242,-0.2582082571376597,-0.20636941938234843,-0.2086517986802656,-0.17491406151054942,-0.13999591726327626,-0.13607965090819155,-0.09724139487038934,-0.09358631191475594,-0.04594125056804299,0.03308240090857163,0.0672838006582361,0.1156635920026446,0.1406084628554796,0.16047879377811639,0.2516432627601651,0.2566192513189077,0.2548560879598646,0.33166668210392053,0.2760574093456706,0.24659870749806645,0.26794393096017893,0.20348629767181706,0.14878695878761228,0.16286739920136345,0.1625445541741655,0.08088416423514642,0.0008693393162347157,-0.017534969578139565,-0.06364994425225981,-0.10630216709409912,-0.13466771613813935,-0.13547764843240945,-0.23312939247531533,-0.22128285229015257,-0.2601303928528598,-0.2677578416966482,-0.242911508124235,-0.32070451175371756,-0.2828875945572616,-0.2884466679632087,-0.2113016546499849,-0.17980070749426463,-0.17002930032504573,-0.15215899792358872,-0.0897789898360688,0.030293603067084604,0.004097634149160312,0.07106703025033029,0.12686506338331419,0.1412219828786379,0.27571829714106955,0.21153342195558594,0.2756806935668665,0.27968227444353855,0.2841003710483842,0.2414416312565383,0.275997876389928,0.2935981734913967,0.23857464832856878,0.3096710885185866,0.19861096446003249,0.07501024642657021,0.08939544124376847,0.049872406062286864,0.008586692030425724,-0.09211750818901975,-0.1499184580866662,-0.15758009465173886,-0.20207952367842574,-0.2554089259036093,-0.3185970226065499,-0.3232079797969021,-0.37266793522376984,-0.3821494347374343,-0.2960322949402734,-0.3499793535182133,-0.31111031733668226,-0.35508572858085535,-0.23470289380750264,-0.26676773084288374,-0.17530181818811844"
93,10.0,0.1,0.2,0.001,13.51131626822206,0.6956377790575637,0.026334856863687167,"0.0,0.1,0.2,0.30000000000000004,0.4,0.5,0.6000000000000001,0.7000000000000001,0.8,0.9,1.0,1.1,1.2000000000000002,1.3,1.4000000000000001,1.5,1.6,1.7000000000000002,1.8,1.9000000000000001,2.0,2.1,2.2,2.3000000000000003,2.4000000000000004,2.5,2.6,2.7,2.8000000000000003,2.9000000000000004,3.0,3.1,3.2,3.3000000000000003,3.4000000000000004,3.5,3.6,3.7,3.8000000000000003,3.9000000000000004,4.0,4.1000000000000005,4.2,4.3,4.4,4.5,4.6000000000000005,4.7,4.800000000000001,4.9,5.0,5.1000000000000005,5.2,5.300000000000001,5.4,5.5,5.6000000000000005,5.7,5.800000000000001,5.9,6.0,6.1000000000000005,6.2,6.300000000000001,6.4,6.5,6.6000000000000005,6.7,6.800000000000001,6.9,7.0,7.1000000000000005,7.2,7.300000000000001,7.4,7.5,7.6000000000000005,7.7,7.800000000000001,7.9,8.0,8.1,8.200000000000001,8.3,8.4,8.5,8.6,8.700000000000001,8.8,8.9,9.0,9.1,9.200000000000001,9.3,9.4,9.5,9.600000000000001,9.700000000000001,9.8,9.9,10.0","0.16000174178238058,0.2181565592139472,0.13773245370774898,0.041386840224533594,-0.05495366617967179,-0.10658745326768458,-0.16137179036385163,-0.2055908646784533,-0.21900390868707983,-0.15086479572363215,-0.09532371771022588,0.01792276458796612,0.12188735753677114,0.1708064970780387,0.19222117993846538,0.1909051198379275,0.169718129095795,0.06556647328119583,0.032439304394529946,-0.06769966656166915,-0.16448357191845256,-0.22590452480303724,-0.22171934237895335,-0.18059271788635584,-0.07887515455134915,0.03943183407894426,0.11564748516034326,0.19319979248418054,0.24441585414011915,0.2631811101664164,0.13893557490645952,0.03693227826705004,-0.026395277677224417,-0.10641162202867752,-0.18490056816423667,-0.2435567855860673,-0.19675178156718107,-0.21913559415079883,-0.10943196636747606,0.069818485601817,0.1198955778940148,0.1952743101054149,0.26920586286896103,0.24137722057826627,0.1377014017186377,0.09952180259482332,0.014747086084953287,-0.07323146299667087,-0.16989293815377468,-0.19363526130245262,-0.2500183794958277,-0.18780996163085892,-0.09940393987542344,-0.019278052288807558,0.11115012912520532,0.16987729842654636,0.175448459524476,0.26094451854694384,0.160098243176626,0.13709394988139817,0.0015404281142471984,-0.059801085629440115,-0.1406112471574863,-0.1987603038992869,-0.2095930177931545,-0.19750612791054833,-0.15040416438662849,-0.0038986625161749333,0.045480428068254405,0.15242440966754595,0.20436553488907777,0.1901070258191305,0.24373167240777016,0.11394864731753193,0.08819247025778927,0.00960486086736645,-0.13421625887272776,-0.2317311255863937,-0.22161795558142316,-0.2687015763339742,-0.20165418217417563,-0.04158899137963439,0.012177963795278288,0.13198410465865504,0.2748335950835816,0.2602435662882766,0.2364315942268044,0.13626233314503533,0.11593000674640315,-0.02130360218075411,-0.16704186134987212,-0.2319195343624968,-0.272281496722835,-0.27244177354421717,-0.1706092793057901,-0.11517720041898391,0.0031311326067930134,0.16136350071109745,0.193034197520406,0.28799697428620014,0.24241514920385637"
94,10.0,0.1,0.2,0.001,7.36744871104396,1.6222440912449532,0.06141093865684955,"0.0,0.1,0.2,0.30000000000000004,0.4,0.5,0.6000000000000001,0.7000000000000001,0.8,0.9,1.0,1.1,1.2000000000000002,1.3,1.4000000000000001,1.5,1.6,1.7000000000000002,1.8,1.9000000000000001,2.0,2.1,2.2,2.3000000000000003,2.4000000000000004,2.5,2.6,2.7,2.8000000000000003,2.9000000000000004,3.0,3.1,3.2,3.3000000000000003,3.4000000000000004,3.5,3.6,3.7,3.8000000000000003,3.9000000000000004,4.0,4.1000000000000005,4.2,4.3,4.4,4.5,4.6000000000000005,4.7,4.800000000000001,4.9,5.0,5.1000000000000005,5.2,5.300000000000001,5.4,5.5,5.6000000000000005,5.7,5.800000000000001,5.9,6.0,6.1000000000000005,6.2,6.300000000000001,6.4,6.5,6.6000000000000005,6.7,6.800000000000001,6.9,7.0,7.1000000000000005,7.2,7.300000000000001,7.4,7.5,7.6000000000000005,7.7,7.800000000000001,7.9,8.0,8.1,8.200000000000001,8.3,8.4,8.5,8.6,8.700000000000001,8.8,8.9,9.0,9.1,9.200000000000001,9.3,9.4,9.5,9.600000000000001,9.700000000000001,9.8,9.9,10.0","0.19505465791312857,0.1906143135022717,0.17813078406959254,0.17019055316916962,0.12982278566679403,0.08376935628718656,0.06896823449596491,-0.03901545346138152,-0.035140144146994234,-0.052561970714862405,-0.11310394384160966,-0.1794009854660165,-0.1553788027596568,-0.2407365403827886,-0.2636292132358551,-0.23613137251159813,-0.2576120741995559,-0.22482252139360906,-0.24340208703836014,-0.16133446975152235,-0.1801082263642653,-0.07543163528075401,-0.019293463879120513,0.030712094931949728,0.10835474954862999,0.1329914767390297,0.2247264905664705,0.2795759331053382,0.24921888489350905,0.30561934325841156,0.2582196007941068,0.3240527976966855,0.24558549598510057,0.2077478555598419,0.17563905803017157,0.11173774159374746,0.07011170107185868,-0.057343137633446714,-0.07338605209711184,-0.0668251993450994,-0.20644683515468926,-0.22697325205673083,-0.22062434091767838,-0.2853957996196692,-0.22480273617198884,-0.3001166561165949,-0.2694495295793469,-0.23177290193975805,-0.2589870742361145,-0.1538125396153067,-0.13185410749173504,-0.048767600876582405,0.020217180841563792,0.09473026284702943,0.16074347889811305,0.14265010737653758,0.2936061536526602,0.27527254004137314,0.20535507808317158,0.2259185174276715,0.22354651838400216,0.23990442737228573,0.23401011867495672,0.22136608583344375,0.14375338970053392,0.043270104995654056,0.11050580409002879,-0.07303557475286233,-0.07224680330956658,-0.13494033721641083,-0.1789639506815917,-0.20398786868319302,-0.23101026799852545,-0.289279269938367,-0.33845682905251007,-0.2548584598397013,-0.23808048882897587,-0.23657160874538377,-0.20224783353877143,-0.1908705836575946,-0.09414591825727296,-0.05080122285245742,0.07781957231734338,0.10307932564861136,0.1809666233174368,0.20158386880931453,0.2762063405049786,0.32810695159450776,0.3314669968261569,0.3337781990584016,0.30425010336901837,0.2948201603204834,0.26904994591504416,0.25919280260569394,0.24458117753862593,0.12144823425446762,0.10612600688142373,-0.06070946418092331,-0.10657579178212616,-0.18938696054631818,-0.26079948930695634"
95,10.0,0.1,0.2,0.001,9.162624257031922,0.7216435396741729,0.04362527246136145,"0.0,0.1,0.2,0.30000000000000004,0.4,0.5,0.6000000000000001,0.7000000000000001,0.8,0.9,1.0,1.1,1.2000000000000002,1.3,1.4000000000000001,1.5,1.6,1.7000000000000002,1.8,1.9000000000000001,2.0,2.1,2.2,2.3000000000000003,2.4000000000000004,2.5,2.6,2.7,2.8000000000000003,2.9000000000000004,3.0,3.1,3.2,3.3000000000000003,3.4000000000000004,3.5,3.6,3.7,3.8000000000000003,3.9000000000000004,4.0,4.1000000000000005,4.2,4.3,4.4,4.5,4.6000000000000005,4.7,4.800000000000001,4.9,5.0,5.1000000000000005,5.2,5.300000000000001,5.4,5.5,5.6000000000000005,5.7,5.800000000000001,5.9,6.0,6.1000000000000005,6.2,6.300000000000001,6.4,6.5,6.6000000000000005,6.7,6.800000000000001,6.9,7.0,7.1000000000000005,7.2,7.300000000000001,7.4,7.5,7.6000000000000005,7.7,7.800000000000001,7.9,8.0,8.1,8.200000000000001,8.3,8.4,8.5,8.6,8.700000000000001,8.8,8.9,9.0,9.1,9.200000000000001,9.3,9.4,9.5,9.600000000000001,9.700000000000001,9.8,9.9,10.0","0.23449334955663187,0.2292668912850626,0.30054239101536895,0.08530525163325328,0.0218291548724399,-0.010171129793270513,-0.08688799189919871,-0.1409633563881394,-0.2138999690262095,-0.19471366583700622,-0.19860020640040235,-0.1843988596374713,-0.09239011322650167,0.01762335314008479,0.10925026067323565,0.14306077285340904,0.1509912931999882,0.2398155294148646,0.24987591957727107,0.2698617740768857,0.19556273231801236,0.03817567429267897,0.0015531403077789652,-0.08095518369099791,-0.11646451898107335,-0.20818820885356007,-0.308135517951685,-0.22354331299009111,-0.2469916826164027,-0.16154703272238147,-0.08604524060976916,0.02450770129179288,0.10646381917000484,0.18666398626992964,0.2827150275961769,0.29838180498861616,0.22238912770713742,0.21849974951945586,0.1743900398183122,0.03801255587011179,-0.10339594185641993,-0.12222129362928136,-0.2507566895368369,-0.25687437446268985,-0.21294971592226491,-0.20175446701028077,-0.2030778436263774,-0.1699008927948984,-0.0015255075927039924,0.10607460773606828,0.14060292576273808,0.2693632486636235,0.2672988139876112,0.22799049078889677,0.255682581288938,0.13699888972953772,0.13290151138267164,-0.038924830379041264,-0.08971409915754769,-0.2006554578885929,-0.24485949081131003,-0.242170616976706,-0.30198656797101575,-0.23954913918180856,-0.17933437884122225,-0.02398049122298347,0.06592400969894993,0.09435853434035793,0.1899088113845632,0.2774695549467412,0.2925354188707995,0.2796219851329029,0.2419461998105357,0.14984613293123208,0.10623345497191315,-0.029258524194188257,-0.12915319055505733,-0.24412353517697163,-0.28726325278230125,-0.3412081830290058,-0.32370494460888555,-0.2535408892820517,-0.12859874783469583,-0.05418715083659911,0.0392804368316396,0.15335307971515966,0.24625974016284694,0.3634149884052784,0.33485342242988025,0.3459734576221267,0.2732559808929386,0.16052370584937273,0.060418570107441075,-0.08823331507822958,-0.2124699802549611,-0.3532785964618812,-0.36298254287653503,-0.3357663826383518,-0.3573939525467276,-0.32498313829664066,-0.15011908338391042"
96,10.0,0.1,0.2,0.001,10.237529487176372,0.9575235630667218,0.08501126984097038,"0.0,0.1,0.2,0.30000000000000004,0.4,0.5,0.6000000000000001,0.7000000000000001,0.8,0.9,1.0,1.1,1.2000000000000002,1.3,1.4000000000000001,1.5,1.6,1.7000000000000002,1.8,1.9000000000000001,2.0,2.1,2.2,2.3000000000000003,2.4000000000000004,2.5,2.6,2.7,2.8000000000000003,2.9000000000000004,3.0,3.1,3.2,3.3000000000000003,3.4000000000000004,3.5,3.6,3.7,3.8000000000000003,3.9000000000000004,4.0,4.1000000000000005,4.2,4.3,4.4,4.5,4.6000000000000005,4.7,4.800000000000001,4.9,5.0,5.1000000000000005,5.2,5.300000000000001,5.4,5.5,5.6000000000000005,5.7,5.800000000000001,5.9,6.0,6.1000000000000005,6.2,6.300000000000001,6.4,6.5,6.6000000000000005,6.7,6.800000000000001,6.9,7.0,7.1000000000000005,7.2,7.300000000000001,7.4,7.5,7.6000000000000005,7.7,7.800000000000001,7.9,8.0,8.1,8.200000000000001,8.3,8.4,8.5,8.6,8.700000000000001,8.8,8.9,9.0,9.1,9.200000000000001,9.3,9.4,9.5,9.600000000000001,9.700000000000001,9.8,9.9,10.0","0.22657400875537012,0.22166528656952172,0.1688245310574092,0.11980331013030827,0.023539478318614485,-0.020619932943693742,-0.07193391663087026,-0.11347813508101419,-0.20158116412622787,-0.21346754066040943,-0.23475061581090517,-0.22010926042898574,-0.1366320584342815,-0.0902251978799715,-0.047115691978963446,0.01682311618752503,0.08666487408176067,0.14025843507441974,0.21984398961497226,0.23041351257495246,0.23875117011041122,0.17581981372411415,0.0720150674827096,0.058533286935387785,0.06439789594373281,-0.04795859977090847,-0.1539473605420002,-0.23570424097553774,-0.22928085972813594,-0.16252034247682035,-0.25579951170183163,-0.22251435920104357,-0.1252771358178212,-0.07256670328703407,-0.03507458884371513,0.08583459003742756,0.21770688358430595,0.20762983572685312,0.294013850320958,0.2687961101692399,0.24064790199774935,0.1821513609338453,0.10230225039173774,0.08186569617047337,-0.04425776865331346,-0.12830348470078637,-0.2674793933679473,-0.2952700605811537,-0.23794114377279948,-0.2946876004695673,-0.1813071203171485,-0.17579756045292055,-0.049362785734691245,0.02489946290505539,0.11299876106058641,0.12780396655163356,0.2791923675516937,0.2946459155370637,0.2758493027171864,0.21257420767230756,0.24193019868984583,0.0814838950076266,0.0895845449326238,-0.09299676638449689,-0.1766351887225701,-0.19204359825918255,-0.20255982880632947,-0.22421095060456547,-0.30559275043028555,-0.27336975457127444,-0.16865164711358277,-0.11169346783668385,-0.08143124114754714,0.053256813012105435,0.2027128772395082,0.24559790292132883,0.2730108234693918,0.31230951014557956,0.27521643820386776,0.28179248028694065,0.16790319320152045,0.04775061805246743,-0.02994640997661848,-0.16018449976867263,-0.3301921152300128,-0.3247238947304702,-0.38387929192968734,-0.35791370158331115,-0.3666467185697412,-0.31080550957753966,-0.11404395416515276,-0.003964421733030167,0.10431238476229836,0.19841108264685256,0.26646466931237495,0.3910180038616867,0.4366924731428132,0.4652611397302771,0.4296621794052606,0.31922103797793,0.24053284987078702"
97,10.0,0.1,0.2,0.001,5.519618664651043,4.66178841058128,0.018920182742188797,"0.0,0.1,0.2,0.30000000000000004,0.4,0.5,0.6000000000000001,0.7000000000000001,0.8,0.9,1.0,1.1,1.2000000000000002,1.3,1.4000000000000001,1.5,1.6,1.7000000000000002,1.8,1.9000000000000001,2.0,2.1,2.2,2.3000000000000003,2.4000000000000004,2.5,2.6,2.7,2.8000000000000003,2.9000000000000004,3.0,3.1,3.2,3.3000000000000003,3.4000000000000004,3.5,3.6,3.7,3.8000000000000003,3.9000000000000004,4.0,4.1000000000000005,4.2,4.3,4.4,4.5,4.6000000000000005,4.7,4.800000000000001,4.9,5.0,5.1000000000000005,5.2,5.300000000000001,5.4,5.5,5.6000000000000005,5.7,5.800000000000001,5.9,6.0,6.1000000000000005,6.2,6.300000000000001,6.4,6.5,6.6000000000000005,6.7,6.800000000000001,6.9,7.0,7.1000000000000005,7.2,7.300000000000001,7.4,7.5,7.6000000000000005,7.7,7.800000000000001,7.9,8.0,8.1,8.200000000000001,8.3,8.4,8.5,8.6,8.700000000000001,8.8,8.9,9.0,9.1,9.200000000000001,9.3,9.4,9.5,9.600000000000001,9.700000000000001,9.8,9.9,10.0","0.2521056810569411,0.19696435594827388,0.1859167947148261,0.17988464497151505,0.15316635567388698,0.14820708121812187,0.15697217444610373,0.1447755710823691,0.13039793985032314,0.09643653003094349,0.0597657335318819,0.08748703065291866,0.006231987494855679,0.09205984430423239,0.015336455518052017,-0.004560775376132221,-0.11884726952178806,-0.037082664520464936,-0.032884252246591764,-0.09102985403640257,-0.13950662850366738,-0.1365047821718379,-0.18676751431020464,-0.15629084946118527,-0.15905891057521176,-0.2489192523644037,-0.17907609770954194,-0.1950572396779652,-0.20781731373384588,-0.19115465986216607,-0.16270635832120162,-0.23452929895065083,-0.22861754989678523,-0.17926848888995478,-0.14868570891437274,-0.17982769792795608,-0.16666896485993304,-0.16009818968692804,-0.16651893880498989,-0.027510420717687084,-0.04834646945627895,-0.06801148423971519,-0.03941596220007186,-0.0012747825660208555,0.01974698588257586,0.018472677157491568,0.0028128026665998826,0.04017664034967758,0.07920346028898628,0.14788250622264604,0.13688182419029032,0.13611182886820444,0.1803037804758821,0.17983906736074068,0.20394593489055404,0.21389657380129118,0.1695944386689774,0.22151517438556187,0.20797285102451496,0.182217389358606,0.23540931390431727,0.24297246532365208,0.22042306979301904,0.24031358763095156,0.20220781794683612,0.18662592870426656,0.15140169137364656,0.15367224027932536,0.14838589297033727,0.1275906425417916,0.09909565532338586,0.09596980002131436,0.03240071052012205,-0.0018052140829351157,-0.02574710799162187,-0.055960426331272003,-0.07610925012440814,-0.0971603369139838,-0.08393184345730367,-0.20987174848219153,-0.13066412745415582,-0.17105335155814647,-0.17482616589910488,-0.2035616637106905,-0.18744020422505364,-0.22105332014827925,-0.19626773788460616,-0.2817149981793091,-0.21397896189779478,-0.2593204094673066,-0.2687991879005552,-0.23496747189410924,-0.22694968668891569,-0.22144734819637818,-0.14284785906874392,-0.14898310602613146,-0.07074759103668404,-0.11207692097878938,-0.12800465754048415,-0.08355700771723087,-0.07919057451529843"
98,10.0,0.1,0.2,0.001,13.435749515977527,4.561939147674277,0.09816136125279334,"0.0,0.1,0.2,0.30000000000000004,0.4,0.5,0.6000000000000001,0.7000000000000001,0.8,0.9,1.0,1.1,1.2000000000000002,1.3,1.4000000000000001,1.5,1.6,1.7000000000000002,1.8,1.9000000000000001,2.0,2.1,2.2,2.3000000000000003,2.4000000000000004,2.5,2.6,2.7,2.8000000000000003,2.9000000000000004,3.0,3.1,3.2,3.3000000000000003,3.4000000000000004,3.5,3.6,3.7,3.8000000000000003,3.9000000000000004,4.0,4.1000000000000005,4.2,4.3,4.4,4.5,4.6000000000000005,4.7,4.800000000000001,4.9,5.0,5.1000000000000005,5.2,5.300000000000001,5.4,5.5,5.6000000000000005,5.7,5.800000000000001,5.9,6.0,6.1000000000000005,6.2,6.300000000000001,6.4,6.5,6.6000000000000005,6.7,6.800000000000001,6.9,7.0,7.1000000000000005,7.2,7.300000000000001,7.4,7.5,7.6000000000000005,7.7,7.800000000000001,7.9,8.0,8.1,8.200000000000001,8.3,8.4,8.5,8.6,8.700000000000001,8.8,8.9,9.0,9.1,9.200000000000001,9.3,9.4,9.5,9.600000000000001,9.700000000000001,9.8,9.9,10.0","0.1852268563526496,0.22578412543875517,0.21275653521216015,0.1851383066472384,0.18826297356210345,0.2116618841384185,0.14765177514925953,0.1325545114068584,0.09070614554132596,0.11878234709345001,0.09144244346086226,-0.011254251075428602,-0.07199519117888654,-0.10300299459844053,-0.12564850052963553,-0.1944026575617615,-0.26941981047953883,-0.31428600060395084,-0.39865721049804964,-0.37658149105839483,-0.3691529254606558,-0.3556688099750374,-0.2745849914905274,-0.28879765140256175,-0.30520219377416147,-0.1508766619281642,-0.18598131339947352,-0.13826982480302769,-0.022012377730534226,-0.016544060023512684,0.12489307788766327,0.15582984768209696,0.22693876567586652,0.2762531420328082,0.32482917509279285,0.3383463864515514,0.3853999939138026,0.3687268994993262,0.46553625273549654,0.4182165868130894,0.4138942656242087,0.3349904120035514,0.3166990483816293,0.310081437030701,0.19530089099871462,0.13267312482855598,0.11856098411248119,0.03531183008156012,-0.06499104164291772,-0.10680562419410938,-0.18531599348370528,-0.32744296125539996,-0.31760765858987744,-0.32560720163622475,-0.41357411343952233,-0.4351986824774148,-0.3847346477830315,-0.4613880749155658,-0.34778711287753383,-0.40584327140572424,-0.381062483256446,-0.29539112125060757,-0.2567193151905361,-0.13937070890789732,-0.04910664151702225,-0.014066066600606747,-0.01110142968921609,0.0732117349844689,0.19760707009695172,0.18437265694907554,0.2796321615128486,0.30980020988396756,0.3347749887290635,0.41454251964855854,0.46085791562064893,0.4424098575535568,0.43093946036431513,0.4088206825440216,0.37286326814423104,0.3664382149328451,0.3667851824575386,0.30221211946518983,0.21075918088441745,0.11682256272416643,0.14600308536637935,0.033295471517340795,-0.05729896263278914,-0.1244109596685875,-0.22516438214534096,-0.3378040051334893,-0.3988316657061061,-0.5197007578571068,-0.5338217303512607,-0.5234358327245383,-0.6045714407861263,-0.5637408941031514,-0.5677707486730852,-0.5314186510129864,-0.5854372219522551,-0.45129517359119087,-0.43006646343185473"
99,10.0,0.1,0.2,0.001,13.020258802735935,4.00764893347098,0.06782349483959929,"0.0,0.1,0.2,0.30000000000000004,0.4,0.5,0.6000000000000001,0.7000000000000001,0.8,0.9,1.0,1.1,1.2000000000000002,1.3,1.4000000000000001,1.5,1.6,1.7000000000000002,1.8,1.9000000000000001,2.0,2.1,2.2,2.3000000000000003,2.4000000000000004,2.5,2.6,2.7,2.8000000000000003,2.9000000000000004,3.0,3.1,3.2,3.3000000000000003,3.4000000000000004,3.5,3.6,3.7,3.8000000000000003,3.9000000000000004,4.0,4.1000000000000005,4.2,4.3,4.4,4.5,4.6000000000000005,4.7,4.800000000000001,4.9,5.0,5.1000000000000005,5.2,5.300000000000001,5.4,5.5,5.6000000000000005,5.7,5.800000000000001,5.9,6.0,6.1000000000000005,6.2,6.300000000000001,6.4,6.5,6.6000000000000005,6.7,6.800000000000001,6.9,7.0,7.1000000000000005,7.2,7.300000000000001,7.4,7.5,7.6000000000000005,7.7,7.800000000000001,7.9,8.0,8.1,8.200000000000001,8.3,8.4,8.5,8.6,8.700000000000001,8.8,8.9,9.0,9.1,9.200000000000001,9.3,9.4,9.5,9.600000000000001,9.700000000000001,9.8,9.9,10.0","0.20143429550993988,0.22350448326631256,0.19738267138356247,0.1669544053967634,0.14970528367504413,0.17290062821454807,0.12791671584939623,0.08736278158965606,0.05934076656171101,0.020551471186605996,-0.02271543362957972,-0.07949952689212934,-0.13305407237812558,-0.13032121930569743,-0.2509580160552034,-0.2178325903176051,-0.24843085968174863,-0.17842423050299258,-0.292478538240609,-0.21958991359611754,-0.22958812051876967,-0.24123910240848026,-0.20618459567442743,-0.13387276882892832,-0.13504118081467334,-0.10187106615658531,-0.07412893670980451,0.0026918625095069502,0.026915289677047597,0.06174498148921803,0.08590145488908604,0.18981580171291917,0.15500978868083637,0.26789200400115565,0.2769780635907184,0.22445637574430902,0.27864178539414686,0.2102638801750037,0.2989982831951434,0.29580459262001635,0.23590536802312245,0.2643650407414029,0.06652133327962634,0.04359207658262838,0.04574828925191502,-0.04260681322609901,-0.07782247159053711,-0.0803338290983,-0.17509017777157318,-0.18650884988982247,-0.2606571959651052,-0.32231272515848225,-0.23500410143236247,-0.2580708845514269,-0.30333090261042833,-0.26130475280683735,-0.29557461910861926,-0.2886871910017726,-0.2015039503956915,-0.17380933739850665,-0.19593090153613077,-0.0691383521700157,-0.024503374447400843,0.012702411704855279,0.06660973291947582,0.13548252498915103,0.25273496653204736,0.2316217672198436,0.2528538412741737,0.3691691998018066,0.30473928647051307,0.30860349784376456,0.29745201041720676,0.29730006509509743,0.3164699422722035,0.31308730198527857,0.26909985269811393,0.18836946750394162,0.05007097142164861,0.09956543278133134,0.03472536128719871,-0.06906147221076972,-0.12909537199078078,-0.18138201898745185,-0.2448638635261392,-0.2998733835572094,-0.2524374183431656,-0.46797914996403905,-0.38585109719732014,-0.39173543297082275,-0.33463124116606646,-0.29534286003041715,-0.3236764059245052,-0.2633121172293662,-0.20208418788901472,-0.1578944682717723,-0.06521595653467895,-0.08806623591959839,0.022973860010989347,0.09744703833631399,0.11271928278685413"
