id,g,l,target_theta,feature_0,feature_1,feature_2,feature_3,feature_4,feature_5,feature_6,feature_7,feature_8,feature_9,feature_10,feature_11,feature_12,feature_13,feature_14,feature_15,feature_16,feature_17,feature_18,feature_19,feature_20,feature_21,feature_22,feature_23,feature_24,feature_25,feature_26,feature_27,feature_28,feature_29,feature_30,feature_31,feature_32,feature_33,feature_34,feature_35,feature_36,feature_37,feature_38,feature_39,feature_40,feature_41,feature_42,feature_43,feature_44,feature_45,feature_46,feature_47
0,9.81,3.5705833846166457,2.7474501904268642,-0.5225683398006962,-1.6983794500333242,-3.5099075929210954,5.677021482998549,1.5597249949996954,-0.34959134842167083,0.4991205499567237,-0.1713547743628136,1.3231901469468288,0.9649143921727098,0.4846164322878327,0.9312717190145801,0.05690253097042744,-0.33138971968788755,0.14112042887163606,-0.10868222258640867,-0.2899794183783134,0.6007589871121626,-0.11886054331708418,0.8683075779749876,0.0,1.3733887011530992,4.48605160277054,-12.230680671213568,-2.9537848232231045,-2.4305032412724525,-1.193884330858567,-1.2508396832463817,-0.5542276518321422,-2.1015548775064055,-0.10525741355278484,-0.4848199594727235,-0.7940125086967879,-0.38649332976025585,-0.42447124821305937,-0.33415943429473494,-0.554201608460348,-0.8999376703398863,0.6764049042796276,-0.22140777419072794,-0.005173943958422733,0.053992410196420766,-0.005199072791179173,0.014599406400079548,0.42286750653201477,-0.4404617551168671,0.32790055806118223,-0.4297891729236315
1,9.81,0.742194584610002,13.217558041271376,-0.0611653540802074,-1.1022836087064722,0.03991517418022261,-1.2913920688522564,-2.3894636251924215,-2.5869589901615315,12.508651969667797,0.7419389890292745,0.41251475262971204,0.9607124428565003,0.3638822547278916,0.6285064809967389,-0.5657888638108883,0.013291868424618658,0.7755277039170589,-0.03105113880629956,0.2673556156440835,-0.027785202058484948,-0.34581945922463747,-0.39431015228506155,0.0,0.5020832364494336,-0.06891802076678993,0.42606577813314045,0.8847284848644078,0.8207067074851032,-6.9524798420359915,-0.6868079818229669,-0.5976933728551275,-0.06732599425494362,-0.10971943160436043,-0.05938444616272409,0.5492262893374897,-0.1541756548137309,0.5520532789192854,-0.04895650818625294,0.9445385576752539,-0.04159908768370754,-0.3092297630101773,0.6235848524686495,-0.0006055975651505604,0.046307011287298805,-0.0007858441769938168,0.010877908461920625,0.43832147410670175,-0.37995507667878575,0.29833827174042726,-0.23910340783283615
2,9.81,1.4916194274767511,6.576744590002266,-0.2554671786134377,0.3887236116157078,0.8306975163244297,1.1777657458958175,14.997837785416536,-0.8929136250953942,0.0942936379538355,-0.5534813262653487,-0.2750631153029386,-0.14912326156995248,-0.5394197452680581,0.16412630409832718,-0.49723305128694284,-0.8769707575721106,-0.25619321647558074,-0.5683353654399865,-0.1294415593416749,-0.5713507557873914,-0.41085012698128076,-0.022457483888173924,0.0,1.0352261072400775,0.487035607598788,0.44203026526553457,5.090678407801714,0.28978328130753955,-0.3056101806462771,0.07043860982963851,0.19707536403813308,-0.6701879182746242,0.021270474184180543,0.27456763918735383,-0.18345787000405986,-0.04421550789620188,-0.22120111642642815,0.27063429592431637,-0.27200585283513584,-0.2016537498604583,-0.23883713791676298,-0.27755759207141384,-0.0025293780060736347,0.05307441050585195,0.00040246314195372225,0.01029979491571258,0.45404189559802627,-0.43595193165938617,0.24242748093132,-0.2803113330847249
3,9.81,1.3296731481440136,7.377752956576591,1.3028360067749172,1.1103161557562071,0.44085406824365486,2.9024138481681945,5.3847168057020545,-1.8037196337887118,-1.1859342408115898,-0.9086710840947936,-0.6812003709700563,0.7013898549645003,0.16211459596550187,-0.9392631856984728,0.11206425619513208,0.22273875447321467,0.5594574829989964,0.8382368223757215,0.14106299710432055,0.2177373334573069,0.43890773530196414,0.31270903522268123,0.0,1.717720883011467,1.7669871690151981,2.1287325344989334,10.214619327120937,-6.879463478457905,-3.189043083660973,-1.1371417807133442,-1.271552364076658,-1.0583336787001447,-1.7274322299261478,-1.0071373235276644,-0.9950173866945106,-1.1455583605478235,-0.8436163331183151,-0.7913741123835943,-0.5855181482709956,-0.7359674525570361,-1.2891061520236216,-0.13631068652387554,0.012899366403712047,0.04851150832903879,-0.00420767950527483,0.010950693985680507,0.39224261890461276,-0.3916750637801364,0.24228975926285207,-0.3519471233294583
4,9.81,1.2915765548826366,7.595368592682003,1.8400250111764522,0.7537245537818822,0.5358805655935672,1.1479922692031437,3.22604982507744,-1.1889855169638428,-0.40556157008000976,-0.6532099260754198,-0.4495509051370548,0.1564117498293384,0.028006974480571975,-0.07752220266662856,-0.6972936125464742,0.12333194257886537,-0.3475186558306335,0.9236471455815144,0.4540052050430955,0.09925934111471535,0.28771796061649535,0.5517477201230817,0.0,0.8229228767092422,1.5457579952838623,2.6917937888157226,10.643633401231746,-8.388965363561692,-3.144277149326122,-1.1799651852453747,-1.2341763166056205,-1.5560936745996472,-0.15601774038103566,-1.7915987766608206,-0.7127836883573007,-0.696294307997756,-0.6401251073190769,-0.9351702444837818,-0.25517310544698746,-0.6623738948664128,-0.7668472139397872,-0.6303221583315379,0.018218069417588634,0.04824907011451403,-0.004224160213641776,0.01048260156933185,0.4501473091565966,-0.3447415028041267,0.26872451706093,-0.2550895981295962
5,9.81,4.154425279950981,2.361337450776284,0.46647405075298265,1.4435261103887156,2.112124203125005,-1.3433033287320184,0.6260906508239253,0.4176667366396969,-1.0103426807141842,-0.029591605119120373,0.20147522375731036,-0.13610401234030375,0.3190151383029232,-0.49521672127956934,0.29420986522984227,-0.41668237142462494,0.8036398789545652,-0.39202154579299214,-1.1599227858213175,0.4245700755370499,0.8585268581821388,0.752174545664478,0.0,1.5836168479068422,9.62587164492822,-9.588122624319444,-4.523766708807744,-2.506968367366114,-1.8307756095809342,-1.1497635934132964,-0.8642098053841925,-0.7167517411299885,-0.5217731791750212,-0.7552981100050289,-0.6428229674391704,-1.0419709084592212,-0.40513966433524945,-0.2489211166941666,-0.0036981290483121265,-0.8252345005634325,-0.4617841663366157,-0.5915104070012509,0.004618554957950325,0.048648020318015704,-0.005920771709742902,0.0053280598629756705,0.3963152166235049,-0.41560467573669774,0.1977049050502838,-0.14789673469296208
6,9.81,4.6550524911217535,2.107387622096616,1.724088596196878,2.7187623676362778,7.5557438640586865,-3.2398732065089093,-0.8642945003307627,-0.44668818929494875,-0.8744278325879336,0.10020797761529143,-0.13610728381631199,-0.19279963925392368,0.36311842263929384,0.02241371788409749,-0.2333000801761025,0.7427057254383622,0.7132659599295175,0.6352998251026438,0.040919489108610985,0.3324750052755525,0.0547262182383329,0.24577442649843145,0.0,1.5807061094319608,10.305981815432672,-5.630346325881816,-2.2981009336918428,-1.5802153151875635,-0.8782123190427003,-0.3803466221040911,-0.714595033952351,-1.258033552144585,-0.4267717847115757,-0.2861025870271698,-1.4745064263257577,-0.7003485655196552,-0.821763034318842,0.1509624828510155,-0.549409706128245,0.07505308725976638,0.21890764936653676,0.06285523067001952,0.017070184120761157,0.04780347610586757,-0.003897865604994435,0.005867191607260101,0.34995716471178884,-0.373825162124205,0.18440764080699132,-0.17306366727215775
7,9.81,1.7445847900869782,5.623114483023157,-0.9440014562416923,-1.2079004375624505,-1.1665157927062473,-3.0576606044170918,11.44493725599136,1.6242647693925727,0.9788152314087176,-0.031849889157204325,0.6801958904345303,0.025379605346079748,0.22385560727497233,0.6609238110044247,0.1993802305342875,0.17226235909995413,-0.1792698780925926,-0.06591737684254995,-0.2972491575622545,0.39652794999740104,0.7226853561189055,0.5185169728169843,0.0,0.2148878152831924,0.3326796657283938,1.9967999976625357,-7.867224696130955,-1.5743339264106027,-1.778048615905064,-1.4404479783760222,-0.36102943496582196,-0.8799939155605258,-0.8929499966371273,-0.8526730016457217,-0.8761310415487509,-0.60403144785621,-0.8315311882602936,-0.19152508704705662,-0.45744014643490444,-0.6080055861560126,-0.7812887325229176,-0.35127178442444124,-0.00934654907169992,0.04743173316643452,-0.00475234115020542,0.008674099174068061,0.4513576401730738,-0.362314584247421,0.29718373257710823,-0.20861220618688484
8,9.81,4.188895527168509,2.341906103022599,1.6948506998123198,0.6226270430595993,2.2094949724887103,-1.1103976841336638,-0.33524350946061177,0.10243007774774548,-0.6690714899054049,0.30169774258015314,-0.046061309805951134,-0.8443042841763122,1.2092275543328488,-0.18051015581112428,-0.04402171590036641,0.21886350465793517,1.4736270971382197,0.489088490088654,0.4236087274365663,0.4653362953159863,0.14454061447958094,-0.5477691938654449,0.0,1.1326434914725654,9.430389921207237,-9.76642085699282,-3.794301197376961,-2.678341552588765,-1.8739564479984843,-0.8839155299209169,-2.2861618370361088,-2.3426644273588475,-1.1729114576430455,-0.6927692696217819,-0.3106415038861222,-0.6126585229871725,-0.7405969580977066,-1.1727189234409425,-0.8765289294438451,-0.2729074260907647,-0.40376014759474577,-0.3081161779711328,0.016780699998141777,0.0501519673968698,-0.0058133368216595005,0.007757000837632831,0.46346515049690845,-0.37658179150200727,0.2776016996156867,-0.28104861816976584
9,9.81,4.504517119000337,2.177813901210588,1.313937665935916,1.588910268488538,5.860370817836863,-2.1069572710684636,-0.7970756664582943,-0.20513276556041016,0.4547367167249819,-0.349900856950248,0.1632067679234852,-0.33382577322627327,1.0591366796501713,0.43944611495419905,-0.0966320731573212,0.7906041282378266,0.2884979322675238,0.12572990520236804,-0.1671457061858704,0.7523210072472699,-0.03220482457633103,0.21996966792357264,0.0,1.6075151970415487,10.290865417905865,-6.676195681328226,-2.6509004069781303,-2.442399034585782,-1.2475573868716672,-0.5310878128405337,-1.4522015378858577,-0.6210401447963341,-0.23078555882965024,-0.140226526727673,-0.8755407898411087,-0.17438980345399868,-0.35753796517241754,-0.20818382079979803,-0.3402261503557708,-0.218168104462985,0.06190428106897887,-0.6654626275862131,0.013009283821147678,0.04485962114704726,-0.0037357408718055323,0.006579511935626443,0.4050618167046251,-0.35897851149916316,0.21748637629654127,-0.19549637440887657
10,9.81,2.8083670485328933,3.493133137680418,-1.0957354368393881,0.14263016698389785,-0.5589642725540489,15.305190444164873,0.3346327087744927,-0.31985750200375884,-0.5111646713300053,-0.5819755703990648,0.2790736272348622,0.10438019538545162,0.4202343419014031,-0.6241722882747719,-0.5187355772013815,0.31443591686299754,0.3050550008161455,1.2835139861107707,-0.6608239060358403,-0.1713015887008259,-0.12469771051279482,-0.2072718042266214,0.0,0.48115229712800095,0.32643081815668745,-0.748964822141056,-0.599259461913958,-0.4247517327996831,0.30981150229718224,0.9011676681573544,0.9328394899605443,-0.4510886767707894,-1.0816619818228819,-0.40639914222788454,0.49781799105025565,-0.05146538084396585,-0.018358496340291228,0.2350435832524972,-0.1296315506997981,0.09051042687275272,0.21488057487251294,0.6801582365620329,-0.010848865711281065,0.049801894909508836,0.0017137841826395871,0.008071288077152133,0.3868286010735328,-0.604679171359368,0.36040799902600024,-0.24510727448296
11,9.81,1.6023407048095841,6.122293448924012,-0.28671076241861426,-0.9428043877103582,-0.3315073412114744,-0.2204709606336699,15.176215728875167,0.7921902937927374,1.0466317782190169,-0.4252342259492392,-0.24558290429536855,0.41858492412385817,0.19017244942110534,-0.02379203416740605,1.0805592199768301,-0.47665294908765216,0.5468978317545681,-0.34608372066263066,0.5460989177553206,-0.631792586345902,-0.7434961914488891,0.08126534779017525,0.0,1.4494013450672276,-0.7862827987969201,0.08790507652783906,-1.1931580755035613,0.2621231046919995,-0.13253820712981118,0.3330750568412937,-0.02324302046064132,-0.6484931398034123,-0.3874454883787719,-0.9548454314909123,0.36521524290683527,-0.4100018123362754,0.4752043449881803,1.0349801755886001,-0.9022937568744822,-0.04470081874075858,0.4559516863022065,-0.6331441765655047,-0.002838720419986283,0.05000698091020735,-0.0006476535622134927,0.009294311672508581,0.39113202642211115,-0.43675831087458494,0.2811918193469992,-0.23077417615833007
12,9.81,4.209087182438351,2.3306716099705507,1.7570009512644975,0.817689129742751,2.6604965422384055,-0.5614878171167653,-0.4249045874305811,0.7255575816265174,-0.22946536778434423,-0.042722505030069635,-0.029758891474181648,0.04438226533739342,0.3590244034286421,-0.04082226191509708,1.4928602858594495,-0.10144632307568621,-0.19217315480413688,0.06612396604551006,0.6579230488149503,0.10079554247321318,-0.1666866407394118,-0.09752663937870597,0.0,1.8009615000797865,9.383431358996136,-9.367218431943607,-3.747700126463851,-2.9392922218596134,-1.7553619787336925,-0.6819493349999298,-1.5319656714195276,-1.3640483835610553,-0.22736930019666268,-0.8012258014653285,-1.0444832957049406,-0.5258750511153771,0.25276025158147863,-1.5570272576686424,-0.5231046985934282,-0.41970353316329273,-0.5094681536758616,-0.265006778663095,0.017396049022420767,0.04746514958680866,-0.005270700091219049,0.009312684423147565,0.4444004655974672,-0.48380251517451434,0.28803680729547765,-0.2605261585028973
13,9.81,1.4619333351879296,6.710292298478123,0.8692876749158345,1.5850089201777262,1.1998799090341006,2.2377908715141155,13.588773046438371,-2.0307079129436545,-0.6711833030071874,-0.7773912907758078,-1.0670340737369866,0.3004320564248063,-0.07472803420197538,0.7417202124597123,0.052986346739091195,-0.31298208545562756,-0.4756824566299658,-0.25157757560996125,0.006566920448746877,0.04322902478852189,-0.9707829055901368,-0.6809587081958346,0.0,1.1241906769223138,0.36506793060234943,0.003041233783899505,6.49560672163852,-1.678634306756567,-0.1712785176354491,0.43583872960775966,-0.3347123981148222,-0.4619345506862868,-0.8375077607569579,0.7031746804185112,-0.3807534918817391,-0.6276765159789996,0.3714122649600943,-0.44759798301005993,-0.1204484456551301,-0.1843789910316426,-0.4612760992661183,0.02413919799149014,0.008606808662533025,0.05157098541625173,-0.0009733315374086213,0.010513487369381253,0.41388046767592973,-0.4098234696175489,0.24338093277972894,-0.2242974323673499
14,9.81,3.8366017350561936,2.5569503110951173,0.01479537135930005,-0.707328357709873,-1.3806314947641278,2.0767661020931993,1.2790006303790877,-0.12407971348562019,-0.03330987912527003,-0.017199827151764074,0.08517399005318749,0.2620636525718595,0.2006864363616823,0.27568440060946675,-0.007782803103171823,0.5107851385518404,-0.16811374877615493,0.4829024376278841,0.8009940715780524,0.03458815579880598,0.07121746565318157,0.41646760871767824,0.0,2.328789794792428,8.1695250712063,-10.902678151039831,-3.745727909563138,-2.279496397775805,-1.0961384040679936,-0.45032138957488704,-1.3758629850922766,-0.9200701507416196,-1.4909931035878323,-0.8593968679150272,-1.4481491189455378,-0.9104458042810397,-0.8188800180451328,-1.1060952470195002,-0.7702663068625919,0.25749317906519625,-0.26105625265244337,-0.44794865406704354,0.00014648882533960486,0.048350977074796395,-0.005791660922634737,0.007269535399105866,0.3856715530284388,-0.39068784800670137,0.19783533416935567,-0.24045304591920597
15,9.81,3.3347309206535636,2.9417665872955556,-1.510995358193539,-2.4504217862275217,-3.7935115553413548,9.193621573287489,1.7106458025402773,0.34273457059034695,1.0051207110572076,0.5538454389286182,0.30258683171500866,-0.5527725723063658,0.5413034563638809,0.9213649886445899,-0.28921467601182244,0.22973367637831554,-0.535436142165585,0.5090234965719603,0.46998725367751487,0.6572432243589792,0.2480272109607431,-0.06542642411386947,0.0,0.7124952999389148,2.796917830157771,-10.467556535123654,-2.9912771113657644,-1.4163478778786636,-0.9271118625171837,-0.19962696507832933,-0.5144904470063819,-0.5453384370632457,0.29033435261484414,-0.5930606603797344,-0.4032959275496462,-0.39273777315328684,-0.7054433896805796,0.1642543595067149,0.21153895878867685,0.5199014835829097,-0.6968724494432206,0.09071954265637944,-0.01496035008112415,0.04952466728327137,-0.002258816763219158,0.006495679557693782,0.36484925338856045,-0.3992547312776336,0.16748612502710447,-0.21359329689790635
16,9.81,4.673332663363252,2.0991443808196717,2.2016694734554982,2.971620584420339,8.089014080427809,-3.080910458303661,-0.5910394030201831,-0.8495652057787418,-0.02390588268998861,0.12892881513559284,-0.2872951280645243,-0.6832051038993102,-0.2676716419694316,0.20711587296739292,-0.11873363096558076,0.630063366986116,-0.3204225081322816,0.6617154050425178,0.31263493287002336,0.664885356532157,0.05130636614893902,0.4593936145336744,0.0,1.94078233256643,10.308588980012582,-5.516400626268606,-1.5900508376800457,-1.0374259337867344,-0.645784691615909,-0.738906983051076,-0.8250593861918931,-0.4254139932325276,-0.541896850062426,-0.33008540755326765,-1.2065135285826176,-0.043138121322026934,-0.843459329211464,0.23308775105311658,-0.3623452662514692,-0.3510110204812595,0.47033441650167385,-0.10656593002908323,0.02179870765797522,0.04798083417406031,-0.0027953651084011433,0.005565496458667939,0.36357595938818665,-0.3882895172603303,0.2973058799324858,-0.28981895475547714
17,9.81,1.5435868487288846,6.3553275334512955,-0.3247608056699334,0.02487523856306173,0.3126116522213589,1.0103289984790622,15.805886606822352,-0.41515688544322615,0.08260923792689923,0.5295827892431577,0.14559040590202388,-0.1382052377060925,-0.7521528652212331,0.21559078353966482,-0.221447566755953,-0.34484171448035417,-0.922749640970427,-0.8103562991812979,0.4785460041882567,-0.7796589045625608,-0.443580718386967,0.7558642447086396,0.0,0.3796919687717701,-0.31677835361589435,0.8157299502892742,1.7302737039885419,0.29608082253382073,0.24142102575278124,-0.08661277588199098,0.5325421177291735,-1.309252425487129,0.07960777937754174,-0.7918195949750535,-0.7179083561563875,-0.21231613224885387,-0.06565556093944228,0.9720266860958662,0.2136142558689291,-0.25925436495865917,-0.6894820331668501,-0.12768543759246465,-0.0032154535214844885,0.053663652397119684,0.000284670121906343,0.00988542110902108,0.3851273053738022,-0.4123542493024467,0.22388518251849437,-0.22431384844811858
18,9.81,4.0960630787903725,2.394982648288961,0.5537770060822461,0.5586988589460289,1.390654897614032,-0.6843192060882319,0.5941444189082339,-0.07564263960112222,-0.7466446801766444,-0.08979906192288617,-0.5810757741944244,0.2674525181359226,0.6738441954426156,-0.6558472789849936,-0.0184096816586721,0.7374895637523808,0.42990936532124574,0.5269541015088713,0.3862296536431616,0.20460853864118125,0.8723133537863044,0.3511988265157756,0.0,1.7996746774074195,8.76303805422765,-10.073721764604153,-3.317184277443224,-2.3513239917443762,-2.2957109531082778,-1.1478815581585926,-1.021682011999486,-1.580568402072366,-1.012236882184415,-1.375446148892326,-1.0286709673306977,-1.0875941386049957,-0.7766987934830578,-1.2060706440206523,-0.23294617096314102,-0.37035004967367463,-1.2498491389782025,-0.009210420122870381,0.005482940654279669,0.04611349259895285,-0.0053134601940969415,0.006638720115695116,0.3846298391760494,-0.40760467598772376,0.21669900066047726,-0.2062715057787906
19,9.81,2.831742665837214,3.46429783975432,-0.35551078185975715,-0.16610762077557162,-0.9909936393632552,15.669575061712113,0.9991896152845832,-0.15823672043482562,-0.20100211131263124,-0.808749034487007,-0.4542186076135982,0.5242443372255248,0.1795726499286211,-0.6882704512764128,0.29530012793426347,0.4808366475151715,-0.8807478546645047,0.1947619212699993,0.862715927481332,-0.4956814304071676,-0.5810692647248373,-1.3717674703667586,0.0,0.49719464432333754,0.054386820670588906,-1.0965290779537649,-0.22024541286068777,0.5968524449784234,0.08063897173346765,0.6486065999391549,0.24036358706131072,0.08488246311272168,-0.45034496392468915,0.07479350470571514,-0.7154430884532172,0.3425970190866733,0.11461923808537577,0.320636475787637,-0.668299973311741,0.0576176513712305,-0.6183386937181043,0.2596483857852029,-0.0035199087312847294,0.05394376036268981,0.0003517849004144358,0.013043662539777123,0.46939233862496577,-0.5729604126451103,0.4645904853330394,-0.43074831744557984
20,9.81,1.5420003116768037,6.3618664183876845,0.6183262537855828,0.8182741675591392,0.04566576185533178,0.9155692573308394,15.545348014890212,0.10265381366170279,0.04883186938489348,-0.16482915452314972,0.10091737276195156,-0.9133655392218776,0.029364958593681045,0.36541468489663687,-0.3493133695368206,-0.1535279588481827,-0.5422616948426267,-0.6870850454830555,0.605217672447375,-0.18437212254723234,0.11758044818226321,0.4617604981846448,0.0,0.22258938519246674,0.7288303136111557,0.4388267834904722,1.8822203036804404,-0.16555720279973618,-0.14182861990538578,0.31865347388625836,0.6164905466006841,-0.0150878644045212,-0.5169670436710394,-0.1385894981409587,0.602774980444784,-0.39804233003542877,0.27347632717714965,-0.23214479874447877,-0.8998982661299922,0.3056015594628724,-0.10180017631354005,-0.43328770046424564,0.006122042116688946,0.05127083789765927,0.0008266796286321907,0.00914762482824519,0.3546451244842256,-0.38383890901842016,0.2572036982913431,-0.19418905646294876
21,9.81,1.2465679695833505,7.8696069844301135,0.04776674699660394,0.9149173917756356,0.3589652164033676,0.050221730576706036,0.48938680183065775,0.97743505012779,-0.4766884468252954,-0.3309964777406622,0.1844517862677173,0.38984876936141977,0.6057522554540777,0.3268432988665957,-0.15349706205978553,0.843462961161264,0.27559513584519946,1.199498805316631,-0.4259148810962117,0.7317781364339215,0.48824966208743537,0.5253285962351999,0.0,0.5559529401068392,1.2458548361069544,2.1360204423278355,9.211472059336232,-9.645117044312297,-3.9581900168913897,-1.546731961149232,-1.1034453797771893,-2.0620586217480095,-1.2013835470660745,-1.3282634705919165,-1.2351753867079025,-0.4989010698852617,-0.08924648111696265,-1.668421998302906,-0.9897830892609294,-0.267348773982124,-0.7940758724904271,-0.1838933909902887,0.0004729380890752838,0.046474040702423856,-0.004402278710643279,0.011395560019991615,0.5433502830541787,-0.40682958618333714,0.28140733751517244,-0.27542795447155854
22,9.81,2.7400503582400724,3.5802261701135083,-0.4002971659895921,0.40590916799857446,-0.10808796248333286,14.505816712603826,-0.058635073262831794,-0.7779548588553256,-0.26335082733838155,-0.43535051050554086,-0.811015255024087,0.43174205419711686,-0.24353819289897127,0.47585933733419405,-0.12223315153930947,-0.7012496296463814,0.12978344626937774,0.6495652940149126,-0.9103958966706683,-0.541200893780686,0.6631704078922476,0.4651077559858249,0.0,0.48630109652530606,-0.0737879273067902,2.0276028933163315,-0.5749772632045738,-0.5910026840287511,0.33253850394958323,-0.016149963091733017,0.3699517877404962,-0.2739882699007788,0.29265572958286284,-0.30265899719383826,0.07295888060602967,0.049220019498556616,-0.03172680144111652,0.09963055236566001,-0.2827773489606099,-0.11742747522404692,0.1756211308423964,0.13760265010468323,-0.003963338277124671,0.04487978817478857,0.0007101485184336504,0.0064375991155389166,0.43213249227283546,-0.3936427143987136,0.19383582396533675,-0.3382256075372266
23,9.81,3.1222608827689395,3.1419539776894365,-2.1217664405912924,-1.8352177993653438,-3.474660660422991,12.50175989741067,1.2730485403432432,0.6734493313306159,0.6156925528826664,0.8374032604025834,0.27287892330720576,0.42171082241893776,-0.502088532348801,-0.09657534467815787,0.4001902971604696,0.033502989483336826,0.13365104239740142,0.09765851865006009,-0.2593179585649496,0.0471624917304343,-0.4551361597010718,0.39198036709655415,0.0,0.6455993841470893,2.503596203617783,-7.523534465819616,-1.054608028819359,-1.1856571987045263,-0.280766718451468,0.5026309028220513,0.20463781333286554,-0.3485777149632479,-0.8349798105850792,-0.7215918425164268,0.21192483533064965,0.056666850772602306,-0.4532302427519803,-0.19410187281703328,0.41219640531684354,-0.6351593242353186,-0.30698150951673,0.341373520952817,-0.02100758852070588,0.0496314214569698,-0.0018047534551418577,0.006412605710030156,0.3451761070888402,-0.44101519066236555,0.17196470304588485,-0.2314937100851343
24,9.81,1.3295209434281587,7.378597568162406,1.397055779366658,1.6508902575256181,1.4138395808470259,2.859851350813764,6.04810988876762,-2.243164421683895,-1.647285632481756,-0.40562461113851844,0.034089002410711555,0.4696661123855361,-0.6866696508108828,-0.08833395732181443,-0.4956695173097131,0.41404921680727896,-0.0055560151170720995,-0.833592729634116,0.27131167846127724,0.9128593648247707,0.41653575728206527,0.6647439194697278,0.0,1.4131257422548118,0.9128480787783939,2.8906494877626314,10.945366272517324,-5.223611798516066,-2.8151980693482592,-1.5495296525446771,-1.2255464855752813,-0.8955821604329244,-0.09825099833458406,-1.18702163874579,-1.1289580278922513,-0.5422379425839997,-0.34152324832613495,-0.9341421622162157,-0.4500756967051653,0.49314144344657096,-0.33270850096263627,-0.3707718384950156,0.01383223543927383,0.04818655710194169,-0.0026927772746329825,0.008767845122581448,0.4230995826506459,-0.4195137474757311,0.22051788925848165,-0.21785470282497837
25,9.81,0.567027125421045,17.300759628942973,-0.9990587778880793,-1.096442590455444,-0.4037127318277005,0.3845835378353938,-1.5626237222665877,-0.29864949808992947,-4.585803510995245,8.424751896237028,2.421622640444558,1.0025690365000255,1.7455017237521457,0.3440442223416875,-0.3547483258770868,0.5828188916218919,-0.8479997002352597,0.3758589607363369,0.44657650990358083,-0.29138015049822485,0.5959669616717134,0.4516704487059198,0.0,0.5202928632538205,-0.4778867828917561,1.2040141351510867,1.1028243786852299,2.072699379088058,5.450470892115202,-9.895709178336302,-1.8771308401612201,-2.125996654489885,-2.208264529610063,-1.9830004480747752,-1.6356325524915785,0.03865899893539937,-0.2207116606945161,-0.7150987388907748,0.26391701502585735,-0.3550962470519734,-0.5878513636351848,-0.6821386369368986,-0.009891671068198805,0.05482358778273459,-0.005093528006222581,0.01699773694486232,0.5740671754445839,-0.4224561199451634,0.414083626393278,-0.37996505741667624
26,9.81,2.6200995300070735,3.7441325749840946,1.0457914932612788,1.1188596398600095,1.2893157453019355,14.13469860240673,-0.4535475728795899,-0.5578283271542372,-0.8539571229835794,-0.029508062121784695,-0.004024988381861938,-0.06464933353211799,-0.08322478183699022,-0.3412369895171947,0.4359780537076873,1.2325670841799965,-0.2843383649103747,0.38645598230740363,0.4427809401007842,-0.4124168884658631,-0.13478975234821378,-0.1339917580415239,0.0,0.1409412540491956,0.19414437254673345,3.826765798388423,-0.698459397858803,-0.15771808969145462,-0.32405654363067105,-0.415792910500975,0.2780431476453148,-0.15850033842688838,0.37990968016582016,-0.5743203239669743,-0.1761097377983184,-0.21876231963935588,0.24590446203019842,-0.3202013684315333,-0.22851552191762195,0.5429838488399201,-0.5760044487559642,-0.16254101470308838,0.010354371220408694,0.04635424188380794,-0.0014612174836491274,0.008550308773357539,0.3884672217726393,-0.38003772509809763,0.2455682402314553,-0.24741462195109973
27,9.81,3.7770949768246775,2.597234133690505,-1.2794085990004358,-0.15269367536925205,-1.8368852817463228,2.6402761577813396,1.5795745851031713,0.23505765546355675,0.8628528967477381,-0.15106343162387126,-0.7717562189680861,1.016070073649244,0.004183262046795144,-0.09315627194527704,-0.30052520652482423,1.4197615828122463,1.2939068839194903,0.826916035846068,0.5457998133069225,0.6903608263498932,-0.19611947897866444,-0.2058420005169062,0.0,1.474239525057015,7.512924269595652,-11.160602539782134,-4.349819452031579,-2.6451189513315625,-1.7036695428648283,-1.347165387620228,-1.1368934417577505,-0.8549548433514254,-1.31233797783421,-0.2791185320096503,-0.7882529740325801,-1.3005710412852556,0.34116992515455985,-0.5689698421664541,-1.101195494183098,-0.6742498695772179,-0.8761707201029509,0.05269794386347098,-0.012667411871291443,0.05161056102009938,-0.005326742542365215,0.011599092609026489,0.44147451826195494,-0.47774865119196164,0.2705682173365692,-0.31383970258528565
28,9.81,4.633702212980944,2.1170976357777316,1.2073159484243225,3.0398605645558243,6.962572952309431,-3.3128146101824396,-0.5672288317459084,-0.4568813131530525,0.05222612592743381,0.9208513936990987,-0.5982695045476001,-0.45721992091008423,0.4148880727579798,0.10427867080459838,-0.4540189614984781,0.8514896566691869,-0.14461298671698825,0.2602344890150448,0.3869343579119459,0.588182079673153,-0.336028487527822,0.4858676911034323,0.0,1.8587917576321218,9.76522407303588,-5.573518526080098,-2.8956412728729997,-1.5174517772838494,-1.1431420169033761,-0.27222644329505497,-0.9523804315858986,-0.32969443664034354,0.026315101955331544,-0.49299589430022406,-0.3209347741940779,-0.6792793162726554,-0.627699149811292,-0.14328065095425263,0.21752756570517398,-0.8488327966806363,-0.1917676595033029,-0.37492131533005396,0.011953623251725951,0.04457526217055286,-0.003340685109751415,0.006334979559696586,0.3707698972042942,-0.40245327549094506,0.2169601343412529,-0.27346192140253445
29,9.81,3.314903025809588,2.9593625887756208,-2.4516417773736405,-1.7685939466399145,-3.300867571574183,9.075883597076794,1.882150507274095,1.0767861786581203,-0.5223764689523009,0.7529875221117288,1.7158313503839282,0.30408316603378643,-0.039364292148749924,1.0100060842644605,-0.040825834314109855,-0.28369297696060547,0.08024865926209054,0.05297592472469226,-0.1261287278417419,-0.08970176588613568,0.44596465756250336,-0.06803025864304948,0.0,0.5117683160029967,2.389650914477225,-9.728575231050243,-2.8735853088888357,-1.0506907067393976,-1.0696113893829071,-0.5287003273810353,-1.0086763482430687,-0.5807967467388422,-0.005397944707105307,-0.5419026137189233,-0.16163456312397506,-0.8377212103478244,-0.08546170574409168,0.5476998437270942,-0.33476447364997863,-0.1301173161368098,-0.12320182933591607,0.4158163610915941,-0.024273680964095438,0.04456308049722067,-0.002490661299064522,0.00521925706216877,0.35205467173157223,-0.41061614320932627,0.16617023615274212,-0.17481896445642953
30,9.81,4.62705157646421,2.1201406204113185,1.4749358064052398,2.4539658890555973,7.48776467725712,-2.6840726347144495,-0.7172259398545361,-0.21288182828731494,-0.21462911681757202,0.0042747341503514,0.2703758619286195,0.2865425102227984,0.28342706801620754,0.5428092753079536,0.42995303036817534,0.2713648201131167,0.4757808767168746,0.9127045017785091,-0.2114656981075026,0.03329969945839467,-0.10221714716985725,0.025600691678950238,0.0,2.3642127153308463,10.259413315806814,-6.46301005348994,-2.3796162752088796,-1.2714225534848327,-1.6498409056164338,-0.9898081607647609,-0.8192931148744694,-0.8405632861797667,-0.13145269274932647,-0.42289621978408076,-0.8423964930386763,-0.9673970417296014,-0.9588313946922837,-0.5038354136254759,-0.37764012146742015,-0.8716750056312822,-0.27478676080608977,-0.6132681898040356,0.01460332481589348,0.0492350367163085,-0.0038247760961733377,0.006386108563054425,0.34493549585877076,-0.42169422488935737,0.19073864306999572,-0.19919181585283052
31,9.81,4.391106129921987,2.234061238728085,1.575373317670987,1.7286762358569943,4.139956153373046,-1.8207919910525578,-0.5680368260398823,0.01147558195562226,-0.39267369213410397,0.778131502219927,-0.06095449481754722,-0.4727560682375461,1.1660797227030095,-0.30840273033685867,0.12246791700339145,0.5716269169770386,0.0712546402811999,0.8782032775653941,0.1642265873973045,-0.014525988726299219,-0.0992318486736567,-0.15547571616019248,0.0,1.7649636051598894,10.53909547788709,-8.181337543809517,-3.853227879833238,-2.6092990960704525,-1.694438869834725,-0.9366941927172403,-1.3804590897865963,-1.0644797093173408,0.03041105695277302,-1.040985274955215,-0.013684927657433454,-0.9080385830245908,0.27517001998559554,-1.0455745357061552,-0.8220263057280309,-0.6759322976041099,0.03343801647202749,-0.07807087037352427,0.015597755620504812,0.04978131494044416,-0.005463223566796487,0.006741596755052553,0.4148998679811289,-0.3849866236916384,0.15693793427901762,-0.2150130492713594
32,9.81,1.4816429296249458,6.621028456892272,-0.4238624235929256,1.8364950235772701,1.1072267580494068,1.6694074540515604,14.390839285251152,-1.4567083963906173,-0.4626404812100817,-1.1626578270391568,-0.4494649784338052,0.2009687216297622,-0.7647322358062213,0.6806022326493568,0.026167906023794207,-0.7130514259017232,-0.08324445785727741,-0.5997283374917911,0.8855005341017037,-0.27805007004181703,-0.655189886079927,-0.6666888383220152,0.0,1.0720195362965788,0.44404275952080774,0.6414169983768043,5.945713053348873,-0.893930878535619,0.014111276793419392,0.4543179445396011,0.23837999510778124,-0.44456161778005426,-0.1651173374891859,0.2595467370247427,0.1531210471716864,-0.789233563110058,-0.2888846062843636,-0.889465520768937,-0.19591574710776855,-0.9243654326253418,-0.41159511663128595,0.5363678386715084,-0.004196657659335882,0.05484066190119646,-0.00031071906857764757,0.013799858814359977,0.5260159738837311,-0.40823382693650234,0.2586230152316509,-0.4409427513802433
33,9.81,4.397573438322093,2.2307757079192827,1.744585957152134,2.1973523289991967,4.190780644189738,-1.6457585411672557,-0.37079818495700834,-0.3553632862685901,-0.9576438315328473,-0.010405452280614597,-0.38018717427607307,0.33770289773680806,0.09859937623745603,-0.07924045386244674,-0.31130737046408924,1.068160209618581,0.5279682342155525,0.7936799246238335,-0.0005322525742232909,0.2170012962730882,0.556870275056351,0.05954380393789313,0.0,1.476535538938885,9.722186894510008,-7.804179990191967,-3.3635615713884315,-2.375872498998601,-1.7409287871385037,-1.561189258307784,-1.5292875166621203,-0.9053568915320124,-0.11275174953344802,0.3328932157529557,0.24685980028713028,-1.4490770384122076,-0.17168395390070645,-1.2165956697034552,-0.45860026416293476,-0.7425074963629217,0.055219523218101696,-1.226419627400439,0.017273128288634993,0.044778646594833396,-0.004897122102301835,0.005930991087281639,0.3626253229435432,-0.33088576699857736,0.23338496745016932,-0.2313408164943619
34,9.81,3.788383713670642,2.589494819281358,-1.2273337565000058,-0.7213115566299759,-1.0599448995606848,2.7425677337296595,0.27617115625539357,0.9497055051664701,0.25943834920254016,0.028017755723508175,-0.6232546063484424,0.7642196203659429,0.8322095086827888,0.2994618922326795,-0.7914034892864332,0.4523332942745767,0.6145453620596701,0.34080111855138084,-0.0015626030038984606,1.1814123488766068,0.6386067135621991,-0.18920687682183135,0.0,2.0313924823913507,7.577198508836653,-11.494206440607623,-4.910926542431888,-2.856788946790856,-2.12356499851715,-1.1027551333279482,-0.9298687009178593,-0.44269545526599985,-0.5121686668414249,-1.0633289421073344,-1.1320039819063097,-0.6066062311491687,-0.20574896645198992,-0.4150727486930171,-0.7934565630728591,-0.3899567137095466,-0.5715671256833679,-0.5108810357160425,-0.012151819371287183,0.05217594327789345,-0.005621372232188201,0.007311487861739732,0.40601073457229087,-0.39313458680423674,0.23426760804354718,-0.23170387068545145
35,9.81,1.7503938063451752,5.604453103318101,-0.8878820881490908,-0.9423359611808232,-1.44299251593435,-2.8048381139489433,11.248897869216616,1.7210059545552272,1.1845078687341777,-0.018905315656300603,0.5144433561829009,0.38504859097715416,0.42748260289603646,0.9556445727899822,0.15033115334036062,0.13447658459677375,0.6556696933075012,0.4330655151820267,-0.10409683964248242,0.41917383192181024,1.042938590539031,0.5283461700909045,0.0,0.3291120174105464,0.8547426490148745,1.7855010117826593,-7.290214564338016,-1.457479123895148,-1.0227386078701903,-1.5271940372222677,-0.015736244192562143,-0.9915422594402123,-0.7273912012744475,-0.4706980065884316,-0.5887922347248106,-0.11717954952363757,-0.8595279601917418,-0.6179131130197744,0.021906596339074463,-0.3486021195168575,-0.5021168715908482,-0.5353033369869171,-0.00879091176385239,0.04482681208468555,-0.00467164274276981,0.011145294786903792,0.42257572777176783,-0.4424594237886231,0.32869229378850073,-0.2503396732556829
36,9.81,4.086695989325591,2.4004721725383105,0.7320995169857389,-0.32694517690857977,1.170090272007308,-0.6988119835610903,0.2159644119322433,0.47258388757598535,0.08491433667279127,0.42520249111565445,-0.40304398082745185,-0.38631379137120603,0.3600950338561433,-0.3242270846862224,-0.04881316734893236,0.622924831915136,0.24804244014241006,-0.6797570169642337,0.076045912568344,0.3453499373326171,0.3898509222909301,0.4681597134868786,0.0,1.7035420703658277,8.928360186487401,-10.661432954706754,-3.9114555544123117,-2.877855917349276,-1.9407550827461781,-0.7593077978952857,-1.8461433040709685,-1.460884208741973,-0.6581892408004516,-0.21583735333220944,-1.0417334042824775,-1.3409579709463004,-0.5049147849192576,-0.8528292172216498,-0.6515735093829398,-0.7387458663427843,-0.13132249271026944,-0.1964210130024982,0.0072485100691657344,0.04940396927305313,-0.005560276625077758,0.0069343411157548355,0.401428065790194,-0.4017691034788117,0.35856892769983256,-0.19441515112129515
37,9.81,4.393497707796814,2.2328451389859434,1.9820879662387676,1.9043359518224776,4.319879107539833,-2.6683914343715096,-0.6037478127829119,0.34201543682426605,-0.6959742044106177,0.9099209229888123,-0.25000790429663283,-0.6472291852606745,0.6246382400806136,0.22296684957929525,0.8173314931056073,0.6622478768021196,0.7349466536603505,0.24778135122930153,0.05046536638014121,-0.30063181511870096,-0.17073805102598127,0.6899702965580936,0.0,0.9741795575859854,9.584407570264826,-8.028518376619793,-3.2638746409221335,-2.5896863957264635,-1.8588493236400094,-0.7427522187407956,-1.8178923162096412,-1.144900890990309,-0.7547999781400264,-0.24863553011692652,-0.08045493487558542,-0.33947136943814077,-0.26154385940930364,-1.1960391446989393,-0.22422134035658642,-0.20641340951261933,-0.15911627244516047,-0.13823547742042375,0.019624633329096718,0.045368698778735284,-0.004723921596384201,0.006245777595210303,0.4546625444333529,-0.3822130533191562,0.13905810690149778,-0.18655623834949397
38,9.81,1.8474705303685577,5.3099629134776904,-0.5034176914785414,-0.361655121128182,-1.8096930020446702,-3.0561959861689965,7.262959192072885,2.306475390819272,0.7903274725086233,0.9742008906863788,1.6253672646375872,0.9791485312316993,0.290002395925651,1.2425743912521259,0.26238937390149686,0.5697025564046678,1.162412417206136,0.47108674133121997,1.3350533198262151,0.7006204755040764,-0.24526472817554182,0.12084567606989108,0.0,0.07184322135130439,1.3917079962924686,4.422610576159061,-10.687754461613935,-3.36146545830881,-1.2232091846083066,-1.364421004185755,-0.20076708444137442,-1.7855662580993508,-1.5649359843439243,-0.11700485028025509,-0.39958079921481215,-0.7892497252178574,-1.2012635339037763,-1.2022078483747993,-0.7535555862995116,-0.7061163800724577,-0.4214380436205228,-0.0864524888998861,-0.004984333578995465,0.04991460644486713,-0.006322471203661879,0.00771653510903058,0.4587441545237454,-0.3833215956046364,0.20880958981602682,-0.17752226411699942
39,9.81,2.8716893781363364,3.41610763151775,-1.0542345700363849,0.38494051031970145,-0.2083880441104573,15.648025541598505,1.0659631032321237,-0.31938236334944214,-0.2138297701568912,0.1983362123242396,-0.5142884668193783,-0.45358226941991486,0.5270483734525941,-0.18806621454759126,-0.6938892851674672,-0.11454691518257562,0.27245748562367794,0.2566997606366107,0.1295750371894023,0.3193577837263646,-0.3078038887856712,-0.7220359116399111,0.0,0.45937820084373987,0.41421437696595503,-1.5443324740079971,0.49824285820979125,-0.25223072683233994,0.04944728603403299,0.603465086230715,0.7924993295202373,0.6113708147021134,0.05412011461327627,0.3310496633277472,0.29007302146320757,-0.056435947252087074,0.11506905061162953,0.7154906044932371,-0.07934509971352166,-0.614569142147143,-1.006983014522943,-0.18773791581908822,-0.01043796603996421,0.05257885386761411,0.00019992407523280965,0.010167975294736988,0.4088885401990746,-0.5674587739890995,0.2713918255005322,-0.44724356626615236
40,9.81,0.8216906298052861,11.938799889107475,0.19392165810944526,-0.44032323104054866,0.2432073159471003,-0.010326119408531509,-0.018439546461917755,-1.340105293555736,1.1876350194264402,-0.21232204762178133,0.018199991857702158,0.5440443575941281,0.1614694456484667,-0.045597721472365405,-0.16545397331668849,0.31999340588819425,-0.3647046168985103,-0.014577333946645052,-0.36163898694637575,0.1317560001274919,0.47039461172086583,0.6087797134614155,0.0,0.24323496741136505,0.4688536244570805,0.887226007790988,2.826356524815391,7.136801206880328,-11.368018916655325,-3.9339514176877235,-2.877544805865189,-1.828893043323492,-1.44061920274586,-1.0751816660384752,-0.6227672699373286,-0.9406839303088028,-0.8072597617563005,-0.4818271830217796,-0.24759824617670362,-1.2789405838641505,-0.5059135705716755,-0.8495671476942388,0.0019200164169251997,0.04970923987162621,-0.008258427207108709,0.0138574689209244,0.5012899860349164,-0.5928822246911161,0.3700997437929101,-0.32905985055856174
41,9.81,3.124572845679761,3.1396291539702617,-0.8979969410811657,-1.8923764165149612,-2.957165114348708,12.344396798003267,1.669592167611853,1.724603522992372,0.6182175302869879,0.6168308144803558,0.5421536252721657,-0.08071726779796451,-0.7061782562623061,0.25053666399529545,0.1276457158104135,0.15306631837872128,0.39196334830557705,0.4533478554657113,-0.05722015166797578,-0.0892717880550346,-0.2242470774008548,0.6986775820649967,0.0,0.481313959285818,0.875038587346908,-7.65939856337566,-0.5490556034838421,-0.9165352687638584,-0.34162654115855806,-0.05076883613960287,-0.03151125729242399,0.7396342650777661,-0.38189865358716263,-0.4881203572393904,-0.05526278928643413,-0.9165072948220271,-0.22250919498807226,0.15264497094870846,-0.22058031713144904,-0.8103656121244418,-0.21570354193319508,0.10892293519445824,-0.008891058822585802,0.049272436181964835,-0.0015806460278142104,0.010504514141778417,0.35382205658444565,-0.42262209304045595,0.3027339693333798,-0.2774833564233804
42,9.81,1.570578798333279,6.246104945775732,-0.12900451878344643,0.28958105298473313,0.4465430445390999,0.2836306210525317,16.036149609669167,-0.4580784338524966,0.8761597460372498,-0.24051852198892565,0.7294093179277161,-0.0048462447377239926,-0.5905758146583148,0.48683817775321225,-1.0662835989261006,-0.32326897582288866,0.2011546395834113,-1.2674477093977936,0.23910290285531954,0.3602996235822823,-0.8144566039519823,0.921210725676487,0.0,-0.10574435362205388,0.4140310023328309,0.180941521194608,1.0837847399951124,0.6196742390379181,0.9183218789278913,0.6398346999951151,-0.04172313434673136,-0.17590503189591855,-0.13182137125184265,-0.2516451958078989,-0.8915993321759971,-0.717298275476581,0.8524394151648222,-0.8724996732091903,0.06786524897597504,0.213847330037595,-0.03487920575600266,0.09760002741277493,-0.0012772724632024344,0.0547445410190095,-0.0004004431187484159,0.009513900990406117,0.3899740054403157,-0.40664968565306453,0.2793313198848915,-0.24008647030298408
43,9.81,3.942336407466418,2.488372118985273,-0.23437631665946346,-0.04589136123200391,-0.9736199339400057,0.36576767992460324,0.8853333486265653,0.6802338319276426,0.7305776277877785,-0.10330176216173127,-0.5507284446959645,0.3338631235078158,0.5731411621531717,0.32626018403824897,1.221331416437273,-0.27337148796924665,-0.21622270959716178,0.6418989894652284,-0.12954560558005768,0.5357554500251296,0.15755554633605456,-0.4955531076190939,0.0,0.7806580227397077,7.89291558132629,-10.618600964641322,-3.788278425494178,-3.3248291740870775,-2.271485465848329,-1.4967896155365805,-1.179172716726936,-0.7711796556728646,-0.9949880362265221,-1.688512886691494,-1.2363662996297462,-1.189804557884391,-0.5109986502895421,-0.7288823349325255,-1.0557844979347324,-0.6220280889791729,0.47751498717317786,-0.7015998836440452,-0.0023205575906877552,0.04719510303592964,-0.005803763083690773,0.007319857575782025,0.3624275567794658,-0.43471171717896884,0.27011861647992014,-0.2005225973180759
44,9.81,1.2813423627893115,7.656033457478873,0.5040919558703477,1.4387229564870274,0.2143770065643009,1.2235448568170137,2.724988296925598,-0.5969115307414865,-1.2767781803937284,-0.18536656720498157,-0.526008416501547,0.3780199232279584,0.3998864300378925,0.012618986793742376,-0.6524704751635099,0.35986527388089284,1.1723904561954754,0.887720128864964,0.5022052812290876,-0.07097251812947515,0.1358670424498365,0.1691880792900774,0.0,0.972609442001431,1.6285980883806204,2.5372539605879965,9.38938317612798,-8.179119762435375,-3.7165968809309575,-1.534224134854775,-1.9454675824299632,-1.3454223585884666,-1.23511527966739,-1.2392065096533929,-1.5016964866951634,-0.5533542793323287,-0.3366666212987647,-1.0246651683396713,-0.2627041007639217,-1.043648398474865,-0.9179006144138532,-0.8790250767872522,0.004991009464062851,0.04459834772870841,-0.0064556628654672075,0.008973048558695297,0.41778963921221124,-0.38324515189436614,0.24591189233175934,-0.2334896944890451
45,9.81,1.907340153128451,5.143288146012905,-1.9921438278837145,-0.7247472045752498,-1.7063551526781664,-2.7349486163722827,5.768222740360759,1.378887023470881,0.79989005375392,0.3640183649473858,1.7708648482010174,0.190743974193475,0.3506321865506118,-0.14022809422741872,0.6341192078385613,-0.12672869024665664,0.43214776151558926,0.9344901184592984,0.27392926522622413,1.0848783759709257,-0.2562114689089935,0.2672622440000401,0.0,0.9746152529132656,1.8305694943761839,6.431320193146079,-10.933632773834553,-3.530414149908077,-1.358468011220458,-2.1525624892926105,-1.677324620302239,-1.4466532659392313,-1.4142730526724252,-0.8670772586993751,-0.39666945355925354,-0.9217248111251017,-0.5571985125218489,-0.50078372748966,-0.5758429780389551,0.23949397291827312,-0.47809862934001757,-0.5840232699936551,-0.019724196315680346,0.05130776463878529,-0.00480317580175364,0.009949368215581147,0.3785084793737753,-0.43502983565951514,0.24167533575871358,-0.26352231465716514
46,9.81,0.5651351455553013,17.35867973732319,-1.572421430537132,-0.6463296586448963,-0.2810211172228614,0.281572282913366,-0.43336045658171396,-0.1511659511393968,-3.67430251721083,8.334946228981776,2.253315949853529,1.0838231642649843,1.5800953819127757,0.6618952209066522,-0.6753004481091144,0.02201233332755481,0.3313351071581174,0.5323288330076786,0.9723216124717542,-0.26378692110735824,0.40477356579690393,-0.035622757834065114,0.0,0.6619854067194809,-0.7636865973660829,0.5292083006196651,1.396083863200077,1.9521051651979862,4.547885830933491,-10.388458411453334,-2.6557360108906995,-1.117053284809193,-1.5076311898762138,0.00775662982785863,-1.0756424501315363,-0.8606137762894962,0.2747317297380378,-1.2377861409824384,-0.25545799937085056,0.1456361489584307,-0.6675647424669755,0.21175529627215894,-0.015568529015219127,0.0505236503579662,-0.004474772497801215,0.014523961851383554,0.46381651533049967,-0.4737221777687513,0.21991727066612016,-0.2574192615703095
47,9.81,0.6464836472296522,15.174397747009316,-0.058296054613171666,1.1029730999749332,1.6525653400497093,1.8257339766003404,0.8520521703766676,3.4272865802835923,8.708206322617519,-3.146082890232899,-0.5542039427897574,-0.2758184601196624,-0.3295587633016266,0.29800332470615554,0.3102667732939312,-0.688806901385953,-0.40846106134291993,-0.09188193481058315,-0.3419233579002928,0.10682369388690774,0.9044941515521473,-0.12838927390769292,0.0,0.4435740527000346,-0.3340502273744553,-0.2353362082040088,1.7199468565274745,1.244069261254856,10.26346549846139,-4.237788445455235,-1.634826686119141,-1.758748837196742,-1.768666068292261,-0.7533227055982391,-0.44336455096963023,-0.22448541955320267,0.5531153224056492,-0.2477997794180729,-0.5394560280777589,-0.3709801830007948,-0.8335445281638516,-0.9240557329885098,-0.0005771886595363586,0.05126285066300476,8.0970319801211e-05,0.015908926287459036,0.39987210121600664,-0.425476775931138,0.38143451650694327,-0.22739474262879186
48,9.81,2.7351582880790324,3.5866297181980644,0.20880324158553965,0.48558565206641546,0.554685185967186,15.301966238711607,0.2264690977272048,-0.19103934879866036,0.09643764976830727,-0.6470193011409662,0.5366561350408953,0.07250293322114254,0.374950151295358,0.5202014039323296,0.040968331557855786,-0.3029706963534993,0.14642901077218257,0.2293835541450927,-0.057383103389704926,-0.03752188870737527,0.16669581989144006,-0.48072032243690677,0.0,0.05273088088342792,0.4264962301236596,1.9148802713486066,-0.1943789364033406,-0.4652912375915071,-0.24154428111548865,0.009093086977351714,-0.5089810839776172,-0.6069114101808334,0.005906264358393851,0.15102548281924671,-0.590381821173301,0.047684320020164,0.8284580945892904,0.45287636593265634,-0.020945467823280495,0.6132507886633897,-0.2401736847116735,-0.505062419334996,0.002067358827579613,0.04977514782115393,0.00030027115826356974,0.007969677418022923,0.5036781221353335,-0.40363775665228385,0.24545739964857335,-0.19872269993329988
49,9.81,2.6074064049195926,3.7623594010855865,0.5360336235895431,0.720313876204995,1.2368162140719852,14.286112944942488,0.07883986083073857,-0.026599209113980837,-1.314010315267494,-0.11245695923416443,-0.29824788000637337,-0.5002953743006973,-0.22338448771311636,0.0816307156827697,-0.8027505677513154,0.21981895795356632,-0.016516277510496946,0.49345146919372007,0.16550305827180367,-0.11352412200449147,0.11324466153798107,-0.11792662209666316,0.0,0.34447623317958437,0.41359660627005196,4.091864477377839,-0.5476387407991671,0.10440941101277952,0.40016531555718365,-0.20545295906090855,0.10516062377054233,0.06835184747015877,-0.0516655013781332,-0.16465312664172835,0.19874391605020628,-0.4820913990875308,0.36401037235961164,-0.05827135584359762,-0.11935328500085629,0.17362623166449637,-0.21375476436719051,-1.2340458024084597,0.005307263599896458,0.048697896960115554,0.0012121284547324254,0.01213147871959652,0.3477221520352851,-0.44128818706767825,0.23527535560115648,-0.35966638901913517
50,9.81,1.0746064530161497,9.128923404904,-1.2237485690174823,-0.4681367337086133,-1.0515621817128162,-1.2061226805349101,-2.7440155023234842,12.498030666176268,1.8180450890423632,1.5907625198543567,0.9496936361892703,0.3347920616590623,-0.7871313255382627,0.9242805420378468,0.4466407096764192,0.901514944653766,0.6574584271775734,0.19928740272837536,0.605450121801062,0.9034719790874424,-0.20026922654618573,0.37884616896843765,0.0,0.8293903397133564,0.02902904289351671,0.4520359131049424,0.9062258794614657,-6.981206025664681,0.24075166604551962,-1.374136869167472,-0.7972085563735376,0.07264417646693178,-0.3470821177304432,0.0036363817280089528,-1.173605667277828,0.27461682920100866,-0.38670668882372633,-0.12252994736471937,0.25604225522865015,-0.044198243011168134,-0.22188195548814013,-0.2509066681217705,-0.012116322465519625,0.04963478803802517,-0.0028880857671467136,0.016505864621929666,0.44801870591855786,-0.4439134807684957,0.38614358817703076,-0.31423143521359514
51,9.81,1.6590312720928573,5.913089261798392,-1.130046947889987,-0.7246263079589375,-0.7133912085770233,-1.4519798039436242,14.128292255983492,1.2043051528480369,0.7518984910016837,0.6380501834455361,0.7063040251945878,0.10749852682358574,0.4283765767214962,-0.026085460159379625,0.18642670707047432,0.1128232061839376,0.3807366185922616,-0.7243741362966705,-0.1250349206551053,0.46688386338459725,0.3710217953414769,-0.30749086130918446,0.0,0.1900692534440756,-0.17866873092242463,0.905135675274499,-4.861400510756205,-0.02710557639943001,0.23593690636666778,-0.3966506271267596,0.15676771673693457,-0.15704272061912466,0.14729109149048966,-0.33750795894885344,0.05909709688423506,-0.8235722880541381,-0.0653972564600346,-0.3615473462053275,-0.21841472754005814,-0.10447338534436121,-0.38232923777587036,-0.36391129869031297,-0.011188583642475122,0.04802865360610318,-0.0016128246035784649,0.01003275902639168,0.3841242413835052,-0.38685154910026676,0.2668546897508469,-0.24552286323234518
52,9.81,0.5143149918199023,19.07391414994018,-0.6802380632910593,-0.201699807274772,-0.10435274563905317,-0.03423880545834068,-0.995789579594026,0.8530217157573057,0.5914536202439915,16.32759145288997,-0.18407804570589792,0.2696103545690618,-0.5811005542251966,-0.04185929591921189,-0.1496137244074046,0.25310488171621126,0.09168622022948614,0.033536548471787775,-0.08428133793496123,0.12175148723725626,-0.018475025819257862,0.11839193416582655,0.0,-0.19597011509633072,-0.032182126694819346,-1.326814669992314,0.22132340944386075,0.12520690415387908,-0.34580014174728435,1.195188674483864,-0.5223106547025991,-1.084840062453718,0.10630777639988155,-0.051161033609770784,0.071301818171522,0.15507974648000206,0.24824460554222483,0.2910573362214884,0.7158187057402638,-0.4542613506977158,0.41302142326561153,-0.4699034371409738,-0.006735030329614443,0.05680953961031163,-0.0006828297115598931,0.018439409194336977,0.4085623838143077,-0.45771492713063294,0.2843088665519131,-0.28280185112070283
53,9.81,2.214804865171186,4.429284111781906,0.9645857931309333,0.9172212850669023,1.847494351967916,5.343421434073795,-2.9363466455065264,-0.1855484273877095,-0.05394041618898493,-0.17492081509288848,0.7761726922201313,-0.4745578923643682,0.22362911990163986,0.6181098892683234,0.7543295945261033,0.07351728628239053,-0.4496551371568823,0.83304179833938,0.18569967519976147,-0.03038564340537453,0.2770514675748804,-0.4739309365215373,0.0,0.5968672672266773,2.853332639058508,10.764276464109408,-6.6871368606567785,-3.2262001724739227,-1.673241465406675,-1.3278862591026688,-1.781034705322638,-1.0470067382421844,-1.0196285943637222,-0.8571216368552697,-0.7985668841789347,-1.5042011004647402,-0.46024405051516337,0.5646087278227268,-0.35647682670640946,-0.6060264080535486,-0.742212470690189,-0.3576439404544749,0.009550354387434989,0.04893836877324267,-0.003554995702914141,0.008258793223117422,0.3662357717571033,-0.38891395327046097,0.2918242561400533,-0.2165243319199458
54,9.81,3.0914288781663495,3.173289888466949,-0.5607163267551735,-1.8397002184503983,-2.484918125529947,12.035348527673106,1.076554584513601,0.5283654539944569,-0.11258138770935466,0.8956774378872692,0.21559816620563654,0.3870495829180065,-0.7973433850086902,0.018211170469030646,0.20837019273455804,0.6133088861465654,0.26223673777646467,-0.06005631089415772,0.20813602951512133,0.404065849798575,-0.3890582197663127,0.018282788843073494,0.0,0.06142374739544455,1.0381524963540865,-7.238035035256854,-0.8021330009389931,-0.7470572200206669,0.2823139190497468,-0.11028482553865726,-0.2714183645387158,0.01978152567993674,-0.12583878247395122,0.23588957400488458,-0.5511975061459219,0.20897515065439828,-0.19955793532401492,0.5217398860543495,-0.5667565401842743,0.2952240267771381,-0.39934316674682435,0.6625361201081943,-0.005551646799556171,0.044443155398945854,-0.0022927205169907404,0.008321010303676667,0.3334361148992179,-0.36174614100723573,0.24006171424794623,-0.21873217583210341
55,9.81,2.4228444707732755,4.048959856209441,2.6439534116007417,0.9161273032764529,1.9991387229671074,10.854637600678206,-3.138424657233008,-0.42390379589438765,-0.4274999051362546,-0.3126270734659149,0.2789865337485897,-0.7059370455103543,-0.4748218550513593,-0.1699777518632846,-0.14522351875601036,-0.06374811064172564,-0.015031953697931005,-0.7414254914204894,0.5050620253705567,-0.011145163066786257,0.3896909066305081,-0.40477004194379435,0.0,1.0814983911920608,1.7521005335244917,8.495964375423602,-2.9527563359489517,-0.44917045944777095,-1.5647250311855614,-1.2326132745302307,-0.5890715318112563,-0.7149287369600286,-0.9722669198127579,-0.47923133132020945,-0.6009427590192988,-0.1873749176394378,0.28846167324605054,-0.18808342202155642,-0.23016812710677081,-0.521992220266267,-0.18572182076393512,0.5796053184282204,0.0261777565505024,0.046867808032500576,-0.0018718246654215126,0.008699370880076615,0.43048448355865176,-0.371438589556162,0.2098937164412933,-0.19671884959564898
56,9.81,4.257960562888563,2.303919882561097,1.6058688191639656,0.6558378170383703,2.583988990079109,-1.3020387412013248,-1.302057288538748,-0.8562033344068447,0.453803974657953,0.26214963096809213,0.09442811528908682,0.08098861551434983,0.5316602855408645,0.20912082239225,-0.0071176007316342965,0.09909266685875706,0.1726864140473925,0.8752785250194443,0.6452665436488079,-0.5261444890062981,0.23256276903980785,0.556535634528895,0.0,1.7482667732058281,9.460413418025842,-9.00816215262845,-3.8085190548099606,-2.607377481368122,-1.4446722120405249,-1.7057317195912036,-1.7179419586833968,-1.4912460772739058,-1.0897490481609355,-0.5961892338972954,-1.3371992894283191,-0.48246458151468197,-0.24418589047161854,-1.38888361819209,-0.9588450011731384,-0.37228500518750396,-0.8742740421669997,-0.3854531492966855,0.015899691278851144,0.04673206431130629,-0.006759073377896747,0.005297090882886103,0.3494512557265385,-0.3888818002713467,0.2149442083693048,-0.21052297637757597
57,9.81,3.274210631345854,2.9961420032307546,-0.5461392177119446,-1.8829162767400638,-4.627530747955103,10.81467846944234,2.192419085521487,0.11908537667404762,0.03315966263698966,0.5068798040804865,0.6413587415615374,0.17509662090768535,0.000751543939326027,0.7500810184189276,-0.0607405555370632,-0.06101626749886374,0.17353902279288808,-0.05473875347200663,1.206871271974975,-0.6449531846899059,0.3778721210144025,0.28393716912596073,0.0,0.4668018897519207,1.9098458751758245,-9.732977256446441,-2.5856664317197247,-1.2231406747228268,-0.7468350573199181,0.00788692192833862,-0.550331958262706,-0.7959881629349681,0.11281132503807606,-0.17872933167053046,-0.7080376495313173,-0.40269915945212104,-0.9237667485538826,0.24111639385255362,-0.20308939648226776,0.4558423591599646,-0.5690990220897881,0.13178505738126464,-0.005407318987246965,0.05380701239892828,-0.0036657111781627743,0.008633197383944097,0.3818417627245014,-0.4093096393509543,0.31326844823973476,-0.3094110421223638
58,9.81,1.6973776040507365,5.779503615806379,-0.988292896019535,-0.9938145972928838,-0.9385137674580872,-2.2166956994279245,12.859606795619799,0.7922925965901526,0.307329715007967,0.012819533148454187,0.6928019624186665,0.5629406460258322,0.029402800191034695,0.6145497167367222,0.03315436836521857,0.23294586250927624,0.5776574175051774,-0.1733909161327757,0.05059314766249118,0.46753540881833233,0.003448935857914004,0.15783823763904015,0.0,-0.04974678278452,0.4801167039389578,1.007138116980636,-5.7162883435693495,-0.5241617000051602,-0.7085799359061078,-0.12644604776366675,-0.17486613951298624,-0.3649489067673822,0.1426250967781329,0.18317064033092528,0.28664144145082304,0.061323870294001714,0.5953499898229822,-0.5361079001723429,0.08006084124111593,0.0611872070927551,-0.3684396874790921,-0.18505101583297648,-0.009785078178411233,0.04304599859463024,-0.001116269134552552,0.007919655623490698,0.3820131025020747,-0.35743302779396946,0.2047782253500249,-0.2348539675246293
59,9.81,4.149599500931374,2.3640835694621023,0.8533985734286715,0.5158846462683452,1.798979931977693,-0.6263338802136933,0.23542898530746392,0.5206499651292275,-0.08232258715843671,-0.48165364294751123,-0.5842355622045416,-0.28649626677724804,0.6550833635946758,0.25118513082172644,0.4617982343221191,0.38783424497503194,-0.2084647378367786,-0.6136601393823062,-0.44411399539503893,0.10385854935330907,-0.24161535906247056,0.6600864527101666,0.0,1.8235348623746823,8.914298965952836,-9.275945889928602,-3.489398850569861,-2.6797227596052013,-2.246453078467584,-0.6040642972260541,-2.117209461576743,-2.1626658310518154,-0.38618888704903265,-1.1827634747629403,-1.2465785230594821,-1.1561243543463753,-0.22409692968447215,-1.004980843900753,-1.1937997363767296,0.14306871581019198,-0.8003798584483268,-1.5689753563817967,0.008449490826026456,0.04669051219866137,-0.006544510707940041,0.010165264828820207,0.42026484888623317,-0.4265344626872402,0.2855911995163764,-0.43172892229676435
60,9.81,2.7476903763635776,3.570271266511118,0.11631058988527254,0.1356403815248277,-0.06096467650021964,15.467870321498463,-0.25164099588355104,-0.2052498186469247,0.17031707074383795,0.5613777247408631,0.08364027312472144,0.045670099459873104,0.3334268499939841,0.7495881199253829,0.7112152329731662,-0.051997907786148434,-0.37169231248752166,0.11701655493186724,-0.4738949363778784,0.022037626730089688,0.2772503560742433,0.007599437915448537,0.0,-0.8339472460188678,-0.21765152606806504,1.5955084387466092,-0.3217443867675119,-0.3005359828355243,0.005475676195002596,-0.4312730118872437,-0.010707859311779658,-0.6695379366545341,0.43258111283004935,-0.0194894667914563,0.08452694515843953,-0.7658582795019173,-0.3844668153765117,-0.066838754118632,-0.286560330510904,0.20241706111056182,-0.1164082013223351,0.21570063664384795,0.0011515899988640665,0.04979445247225773,-0.0011928793900921773,0.006126720438470691,0.4488141119868007,-0.3684898514361711,0.14813035536341068,-0.328358495390799
61,9.81,3.914646444517405,2.505973435669839,0.5484607889775042,0.14279322626211327,-0.9433522632827285,1.1387217520469204,0.24835535547083898,1.5082799913769074,-0.11236172478534959,0.15398965977162082,0.3793000271105845,0.9996439855193341,-0.1476414614938257,0.6106989988190508,0.0025872280445311535,-0.980436321805745,1.036816294018269,-0.046340720614046094,-0.042990310718954275,-0.2561129731813202,0.4142029804569464,0.24854102365309522,0.0,0.7864294698030331,8.022315789402182,-10.905240107181825,-3.9741370272079326,-2.9359089319246117,-1.9157292484216093,-1.7184785780218026,-1.56353638737353,-0.1726004124402633,-1.9027491353931343,-0.6141384939490314,-1.4626652230801176,0.15785857938742276,0.09454206152869457,-0.015159310213784138,-0.9059014853850873,-0.9908982144623735,0.26740342780467985,-0.46689831642256063,0.005430304841361425,0.04874879235399918,-0.005389780766025393,0.007847557378844787,0.5040919953085443,-0.35031913505705264,0.23025259660041256,-0.24904492766722341
62,9.81,3.047400888470235,3.219136686976725,-1.486820019077209,-1.3410897144721612,-2.4448999687489463,12.542170122345082,1.0031140720949372,1.0953752086240742,0.5779021976532377,0.33736169202503663,0.023742747187224023,0.14930561393070907,0.5570739498507706,0.3984728406720496,0.8544645878339956,0.6826095124605459,-0.0735979095848513,0.05901341547270317,0.461928097742316,0.7910960058383305,-0.7786698552261833,-0.7908487372456426,0.0,0.7296120118281718,1.046152610967388,-6.34865445135141,0.002693165572901335,-0.19168758243983616,-0.5443812887317927,-0.04494094082285799,-0.485042803671915,0.17817178917719695,-0.25746687899646414,-0.4505603210296758,-0.44113324789250036,0.092827875409257,-0.19485950382741674,-0.6977406784019129,-0.12343449565890585,0.06011022027110219,0.48091123477023695,0.18914096192414384,-0.014720990287893145,0.043859713326049724,-0.0018201446228558616,0.006660821075038216,0.3736750484931795,-0.3569025348363205,0.18391286848682362,-0.2357866359224167
63,9.81,2.468481627007666,3.974102903043214,1.1009194174289285,1.276070525688822,2.8493588850912426,13.33493799404108,-2.4938929476201412,-1.1519419788337786,-0.7621688311741555,-0.5414401855255757,-0.21120833974840214,0.036814182383375305,0.10982383747642,0.1229594789085175,-0.5603885393621656,0.03988894768390605,-0.6301841253841016,-0.8200365145872561,0.8299050457966028,-0.3904340005483332,-0.28328862558745527,-0.28933614115252065,0.0,0.8827896904685812,1.2982567812261987,7.899432296528854,-2.4586012109151323,-0.8007607101281566,-0.8777322531724011,-0.2660428420878431,-0.046867145136430144,-1.3488094223432163,-0.0437787717618312,-0.9436704865511896,-0.7734580551589469,0.009120924717866075,-0.48282472072102856,-0.047143070398030784,0.07555998315896141,-0.14411589219113513,-0.46684395089928316,-0.41764936658977825,0.010900192251771572,0.055456955311243006,-0.0008391511833396087,0.007576721030643464,0.41306958838179425,-0.48620585444957876,0.18380610734313685,-0.2867951128168094
64,9.81,2.282694999878405,4.2975517975562045,2.3808612378778364,1.2570979317158306,2.471821213077227,7.272545358996313,-2.4785075330849837,-0.21913161561232308,-0.09586785689767063,-0.5606568401970793,-0.17530326721298695,0.16047198116405836,-0.1802495653862719,-0.35706804044538676,-0.07001621540392472,0.46283866782643557,-0.5509665215347528,1.1210877133975399,0.37295055747420053,0.901865084559469,-0.4873540383342274,0.5913839906632434,0.0,1.043894740433718,1.732137578355757,10.653062105809747,-4.967631313774064,-2.560288155784303,-1.6121062580971977,-0.801417764063298,-1.480249070474633,-1.0429371708537016,-0.4082115044081812,-0.2879215764883235,-0.7893339853698228,-0.7869456564910645,-0.13618727376562134,-0.3918110547653315,-0.6981302590801344,0.026840077643997207,-1.0446549017360711,0.46386283977556486,0.023572883543344914,0.0471196679565713,-0.0033093700658227863,0.007821296884331167,0.36079142053387064,-0.3686902514940949,0.24405659561261808,-0.19364509648092595
65,9.81,0.6000587956394547,16.348397975811586,-1.1198271124584636,-0.025715647156273058,0.6060013077612973,1.067557699567471,0.6434267740525907,1.2966037352677353,-0.5510717625128763,0.450571915321318,0.5897607910613961,0.30053790037211264,0.9739510251615355,0.32556899117556654,-1.0887198659935269,-0.14904844009546808,0.10532764296510083,-0.22125628555410992,0.8013366539375881,-0.5219708291299223,1.3082251376306062,-0.2219258166529988,0.0,1.080511545829133,-0.6759789907674693,0.8790701237913532,1.5444242616858803,3.0970594302782493,10.524930621738513,-9.75836164034121,-4.2608980983957165,-2.654899545563089,-1.919212696307083,-1.0834293141112037,-1.2685980063277966,-0.27275183730404073,-0.18955240100075665,-0.9883240163178146,-0.8356480047995672,-0.21393582751376283,-1.5357762216024078,-0.7370253031102583,-0.011087397153054096,0.058019204131780626,-0.005850341403545194,0.023443378002576353,0.5515525693733114,-0.5284882021173776,0.4430501482675405,-0.3623001811058353
66,9.81,2.6120785467558316,3.7556297884624854,0.3782808417531607,0.9390837615270176,0.8937768786331373,13.892596906312974,0.02973104338121879,0.11766320622612514,-0.5779221954719369,0.35050600662755915,-0.06770776820396773,-0.25485942636624603,-0.8751663634220466,-0.031193189482486616,-0.4479696080636594,0.19332288016460544,-0.5480762631430525,0.08489162386366497,0.1408986309749231,0.22379537577154907,0.7996486068588484,0.034799868997692995,0.0,0.7928000132865074,0.6473151895910797,4.698090352635701,0.009151601065841841,-0.0319058112724353,-0.45821206032473155,1.4394270060315186,0.07560314003242555,0.056399873663577904,-0.1636972881124532,-0.8095328577375582,0.6657813303617134,-1.4278867101242345,-0.16096699729799815,-0.10914310810957631,-0.8392528257346151,0.13016723527316568,-0.48292455711604776,-0.09845723757242997,0.003745354868843175,0.049677513442024035,-0.00024401627108177116,0.0164275243850689,0.4139186351675554,-0.3720894702671014,0.4312854480338795,-0.36502970114346656
67,9.81,3.3060128097114756,2.967320625976687,-0.9509806945464194,-2.3628299839697244,-3.8587617280613924,9.471032701921885,2.0668619479799246,0.42452274958774283,0.37224200952241193,1.3011412663306405,0.4811401241615525,-0.410841255492129,0.002285818465044054,1.2910296889187864,-0.23895169659042764,-0.4269165751224572,0.4708722770488503,0.6167611562015953,-0.032547226095152454,-0.35371103502002227,0.08065261832563225,0.4154136453208446,0.0,0.5056070745919421,2.561207464731242,-9.990470456655778,-2.7629092204345302,-1.2978289879905764,-0.6363320686518246,-0.2569025088317102,-0.9567338406293849,-0.4310572600347531,-0.004573380008662586,-0.4878632176441865,-1.0403373078249718,-0.11588377420865895,0.8156909740876739,0.019531905887015533,-1.3337254076871508,-0.2652440777223757,-0.18714177613482316,-0.05149617380233326,-0.009415650441053667,0.04980961075255149,-0.003814874362082672,0.008575384241125653,0.4092508689160662,-0.3685153366742909,0.18865662805645816,-0.2967459565665573
68,9.81,4.757510394548339,2.062002851584169,0.4845371144029512,2.610983515102614,8.726650774895601,-2.967362893505041,-0.29498634041303684,0.24866687772720764,-0.29509681957057465,0.3737096321400234,-0.27400519473188256,-0.6576229914783454,0.3683566711526324,0.21368546272290007,0.17619294500628707,0.9814133136455934,-0.4144824789834517,0.5268950842182442,-0.26783223749821394,0.5228230000758516,-0.12165680714957194,0.13769460289335383,0.0,1.1652814669067173,10.605994904831837,-4.6562074776839335,-2.6373852558934576,-2.0772356830155525,-1.8745659185218115,-1.6948146245961278,-1.2215855430672264,-0.5018414571413343,0.19295074858178352,-0.026335601507304907,-0.5182456062997078,-0.8050462830063683,-1.100068930400902,-0.5376404013756403,-0.04197478935996081,-0.9579062541011859,0.11009734155961769,-0.03461270750738017,0.00479739717230646,0.05223700184920335,-0.004523264931661397,0.008081621697169748,0.4021326845687605,-0.5270202097975019,0.20000520634865848,-0.2799858216133103
69,9.81,2.4589673607446905,3.9894795500779128,1.4265387889415626,1.476154298050633,2.8952626772267624,11.218372591783696,-2.200872571128966,-0.3691667453984906,-0.18647722973677727,0.08533985417217826,0.06790770700589766,-0.8999236914630474,-0.4330698805023862,-0.3288847869542024,0.14401846262861634,-0.3140305901256735,-0.3480589355582095,-0.7751205713736002,0.10330039683218079,0.03599518872474944,0.35545105610180183,-0.37424902357291623,0.0,0.3478988205974367,0.6121446794460567,8.064440662950654,-2.5980729771299913,-0.5249226445746412,-0.9659481433062085,-0.440770200428515,-0.25306481715398055,0.48538197596698196,-0.6855370435956482,-0.7115485651854366,-1.0948973283772623,0.21717653223001948,-0.1500269714816811,-0.0908183838652245,-0.11548868530356593,-0.2949867408017212,0.38468551335538276,0.2992289029823383,0.014124146425163978,0.04688298029305077,-0.0010577114715395147,0.012634671158483143,0.4892274949554458,-0.44661733675439674,0.3392384133491787,-0.41812794372847606
70,9.81,2.685386313859987,3.653105681431384,-0.06565322661419382,0.9687637892528003,0.7983308529067985,15.003409605376584,-0.7633341404745231,-0.5590936331941578,-0.6588008688903622,-0.6130315521066003,0.2629884583714608,-0.5528966200402761,-0.7061644453880087,0.7419253833057444,0.7796427987028107,-0.584085751253272,-0.5408207955899218,-0.10544632016478828,-0.9296128428906433,0.7096610559810337,-0.15645332449046878,0.5736317391913882,0.0,-0.5352604528553762,0.18547607556602913,2.60166895858834,-0.25569673391491426,-1.4919441740859156,-0.29557923707119826,-0.25827310092779676,0.5621677417781414,-0.35551098130476577,-0.21349200903640259,-0.08910008993230345,0.3282068485096548,-0.8241123724895448,0.3513781547470658,-0.2359876052048856,-0.31356580782789134,-0.31630721117486627,-0.1187787124036577,-0.518557128546663,-0.0006500319466751959,0.05022313905271045,-0.0018264983711305377,0.009441227126581079,0.4615353785683799,-0.4526898338879883,0.21954288570827474,-0.2595176833244648
71,9.81,2.8360181479077298,3.459075185127895,0.21936241154311853,0.7340522498638857,-1.2819591074087735,15.509004422670644,0.8547216147474019,0.5338877747754691,-0.46387720436350266,-0.5258648091945783,-0.42208314333604846,0.1820119252908151,0.9506872259359441,0.019761797184609298,-0.5037447828273232,-0.018959769877861854,-0.6832631778362352,0.14762982066094116,0.1989207536116101,-0.38445527895947695,0.8990301167791201,-0.9441011002369092,0.0,1.260737380255728,-0.1332502818475455,-2.09478606887605,0.1888180550831446,0.3503609717718382,-0.16769120438899832,0.2711395202375011,0.31961640630557964,0.22785686095280455,0.34488820117064345,0.11182761169390917,-0.45790887283731385,-0.9178336039537995,-0.19493419753595734,1.6096909703960742,0.18633092506228116,-0.22470489101573815,-0.8399672472464812,0.06002280796164178,0.0021719050647833484,0.05388655238603287,0.0015638723871060503,0.011952974023834013,0.4437840152618724,-0.4687169598538229,0.21485038713699597,-0.2941789165840466
72,9.81,2.3386594099645217,4.194710849387351,2.0749963537556635,1.515267801362819,2.587388293787828,9.12021061513965,-2.7800487705264487,-1.125834227387671,-0.7338594528893583,0.06263667746267731,-0.030865207693416163,0.27808866040704044,-0.2639455419689704,-0.20640958959195255,-0.39261499299772046,-0.009826340579393827,-0.4257965585478675,-0.024341589004367614,-0.2622255380426302,1.0094553315254997,0.1662035243557487,0.4027569707022609,0.0,0.3317689118116043,1.839282990028524,9.744051182181925,-4.47936783133766,-1.8891870953389838,-1.6038486963039065,-0.19765598792387062,-0.5122918366272805,-0.9375604224377688,-0.5291305994214514,-0.4807318969990182,-0.2518410973294631,-0.8131119643645267,-0.15294689420190244,-0.47458303600073887,0.2728436887870437,-0.23368197974371505,-0.535974387568525,-0.11266199499521035,0.02054451835401647,0.04721639943492125,-0.002771687138559433,0.007002594770582543,0.32742238453869515,-0.3659915698682765,0.19295701914733493,-0.2252830452227178
73,9.81,3.1045807348306127,3.159846960956948,-1.15550339046291,-2.0182646035863243,-3.210989857757501,12.039797791414516,1.3336165556247954,0.7439463219743228,0.18202630582158297,0.47848804306055415,0.7523908822437201,-0.18047248643858782,-0.21336645038449148,0.18650260320272588,0.6241268692825293,0.31703221040613133,-0.15625075253359666,0.12184097294609558,0.5346178201048507,-0.2665988435354934,-0.10194937298962181,0.330575994887209,0.0,0.4909408410557024,1.427812007979189,-6.903681972926494,-0.8159908592120673,-0.7839251992755563,-0.46574326868446164,-0.05315225929228762,0.029896179431997072,0.6598787305105416,-1.1555769650575256,-1.1366316091204522,-0.3836622365751541,-0.5437784510536562,-0.4176719559931024,-0.4968543945692407,-0.7226211543782364,0.32621168924354915,0.06147965929851468,0.6781431590887629,-0.011440627628345643,0.04511583680520149,-0.002248510130526643,0.007454798257266985,0.35902684423593656,-0.42035786504006495,0.24898698817139486,-0.19688321139950465
74,9.81,0.8165780297407639,12.013548788612825,0.8977302911138172,-0.11446935700340288,-0.18650418798813134,-0.2906330402195016,-1.1876102079114008,-1.336059768722185,2.5047187580397625,1.4658883782083323,0.9622833873543071,1.2295033086703082,0.7753095938506397,-0.2059720083400469,0.2734507201489922,0.13954927489086483,-0.28784604565392613,1.4496457765725972,0.8689315502645443,1.274654401384455,0.2961013007959347,0.5475666407704063,0.0,0.7427932116375355,0.6767647809597859,1.017173790405232,2.7426424575560002,7.877237182561063,-10.83610332221341,-3.86551734619744,-2.4427772414849,-1.0133350912761545,-1.5594776131846888,-0.7831426153826195,-0.4687572073192178,-1.1357599497741382,-0.4410365694554159,-1.1077990895907692,-0.5129424962273934,-0.18498347653247155,-1.0921089096543597,-0.2741753616720518,0.008888418723899182,0.04886099395682445,-0.003807576271179128,0.012625771206407203,0.38978764543979016,-0.3815314626088677,0.24991492731475184,-0.24832443297558932
75,9.81,2.697727240414508,3.6363943148280202,-0.36807372916813996,0.582030998631321,-0.026539749728029527,14.977247630497603,-0.7084866043712366,-0.47436085644109216,-0.6490906373477563,-0.8242190075766995,-0.06633444092726837,-0.12342560174956319,-0.40302278018259186,0.38716083993213635,0.16840203549823202,-0.23812456389548114,-0.5229956862677788,0.3844811316660946,-0.9387560904614292,0.410451228531719,0.6215600513857892,-0.3177020303679244,0.0,-0.2862660454016349,-0.025355222392394072,2.3984732115475587,-0.16004263381694755,-0.5586249008860757,-0.3148672858055143,-0.42166791984468366,0.4697143947424441,-0.6525340717052089,-0.2707968552771111,-0.1557234198067748,-0.2221703177468896,-0.5809671458567625,0.02102946330734179,-0.5223797138615884,0.5976933336285208,-0.3137240132657107,-0.027976598128942626,0.19461053113568938,-0.0036442943481994144,0.04847211375033934,-0.0015347784720609733,0.007838119436197699,0.4132797741919233,-0.4819767446510834,0.2092355813903951,-0.25072295440088516
76,9.81,3.2456517273577954,3.0225054392961868,0.15326116777839643,-2.508373600895125,-3.5670730790903065,10.562112824900504,1.773766826908191,0.9830612423257479,0.4908584523418771,1.526761805405405,0.8975450719741562,0.29770717242594796,-0.903458606421454,-0.15849205427058166,-0.0782496866202691,0.39509931105244156,0.48052503971321087,-0.46053565379981126,0.4021732348176884,-0.8615739952752222,0.23340841319971362,0.7380026609177025,0.0,0.9889365416183076,2.600812624829625,-8.981272288443122,-2.0063462001399244,-1.1959722838134728,-0.8532245422431297,0.21777629032447793,0.47575165716222345,-0.2571589351760074,-0.8668938741820388,-0.5509605500588515,0.3665320474374518,-0.5809501687102256,-0.7499451440693092,0.021190752688535208,0.21303866414178707,0.24180125022085486,-0.8043137774465463,-0.30342846936537604,0.0015174373047366016,0.04934259489109765,-0.0033845225804368484,0.008563263125329634,0.48980948060429436,-0.4325652574735128,0.18429924629917913,-0.22555617911470724
77,9.81,3.8474559829384543,2.5497367724289637,-0.5632054174340223,-0.5085714759162269,-1.7940694928443741,1.517093756107138,1.6268705267715373,0.002320310476116222,0.2013595574454996,0.5088255938230761,-0.17045736017292465,-0.28106583304888344,-0.45451727478412224,0.7471837101561496,-0.025136213956693465,-0.3359706283986704,0.35946719225276513,0.17333714352195806,1.1640621969256468,0.6425857378760541,-0.041649478632764664,0.10978641692193754,0.0,1.754646936566603,8.310209812545557,-10.442159831972853,-3.56557275635265,-2.6915155314991135,-1.047720782198291,-1.3212896105353367,-1.6420163917084218,-0.921243208121322,-2.1842848488071884,-1.0277346192769188,-2.0843485930356143,-1.017727102849221,-0.9769071433710927,-0.9515615885424941,-0.8201266064558219,-0.2725534821332004,0.2207628510339954,-0.1518816305075737,-0.005576291261722992,0.05032852829782376,-0.006320300155799719,0.013309986948863383,0.4358591480721793,-0.4548002153440903,0.26340623573314476,-0.32454804236376017
78,9.81,2.43423644195411,4.0300111488450625,2.796810112803084,1.474358678559847,2.8416776868116522,11.722211330905836,-3.1070190783342437,-1.2108843299419927,-0.9912719013368652,0.35139411965448464,-1.256076137273718,-0.5586720894633893,0.27382225625200884,-0.2851009214162382,-0.530475810839091,0.29119811336540397,0.04811008568246744,-1.1018689856501211,0.18625265648751155,-0.8879705406088705,0.5877807479377606,0.3201376937267102,0.0,1.198444862366805,0.849658008583378,8.614030151974198,-2.5764152594846705,-0.6904027498847234,-0.8931791697648181,-0.46063479825039044,-0.02708515645106402,-0.38160253288667845,-0.8367258495430359,0.1711338552606705,-0.6642841355046399,-0.23109493797777336,-0.09272289061286165,-0.13282312841382538,-0.8332067687781248,0.0772928010891927,0.05477200405568572,0.13695345207292584,0.027691189235674082,0.052760884896323766,-0.0026091358489415428,0.012152086987232635,0.46739131138542844,-0.3647683414621983,0.3248222173691312,-0.25993871645645034
79,9.81,1.8626095972507295,5.266804173284552,-1.4591355535664445,-0.7774839588250056,-2.304654577730518,-3.8150652069725934,6.648474022395169,2.0973649464185478,1.017802418802881,0.5865387938577236,1.2801778367058523,-0.5152393066657218,0.4213435790518639,0.5222151442493773,-0.1956584451223754,0.6043979789680685,1.1742213157804742,0.025109833598794207,1.6932252572978261,0.6036327284398477,-0.3940092228258502,0.667150055842299,0.0,0.14261667878191825,1.5891992310883496,5.057722773714104,-11.247205695351187,-2.5321106830324984,-2.635302381456232,-1.1185770882785335,-1.0076527665692914,-1.3167992697833182,-0.3238243920270654,-1.1810172745759504,0.00153226283522101,-0.9254684323152755,-0.30907788545176,-1.2152408389748888,-0.0935081026365083,-1.747646663703302,0.29334398252971605,-0.7069378578196552,-0.014446886668974689,0.05389082757247807,-0.006231879054808688,0.011216044566812279,0.4037854722488169,-0.465132664667059,0.3566658238272143,-0.2694653132887791
80,9.81,0.5265051499286137,18.632296381773454,-0.12237691597116929,0.05342371035517601,0.24881790987104857,0.4806871080768782,-1.32127062772935,0.2522086620166244,-0.8689241559280914,15.145175906600592,0.9259300823640588,-0.0416617571435407,-0.124594812095419,0.5781884508422198,-0.45682664052101274,-0.05201769663751943,-0.11114516188044948,-0.7904314519087753,-0.004576156568965373,-0.4773021468869186,-0.6881776486979378,0.2534552222371142,0.0,0.47658332085080557,0.708383449276848,0.49993272116138476,1.2163233994689817,0.14508668687216492,-0.19688081113812145,-2.6120229115523506,-0.43388260215175284,-0.31289752078037325,0.6461817424814413,0.598729976512603,0.11486390771446026,0.8084439631183385,0.351711846560565,-0.6777407251446796,0.2255136414628246,-0.0025808322691298208,0.04379701290502403,0.07832672587269698,-0.001211652633377905,0.05076038662395748,0.00041998044863213234,0.01637783892204019,0.4237734649177073,-0.38851219554329564,0.2801328280992173,-0.25275998103007324
81,9.81,3.9041553656568073,2.5127073800121775,0.8953703546004903,0.12608863440466023,-0.8187013289445596,0.7857484041607632,1.3806469475457586,0.5298395184916456,0.07684043392619891,1.064560700416349,1.0655504923487755,0.09173958464063166,0.38431673642553754,0.6347309166915813,0.69603382313012,-0.2829526071177273,0.5887240615747538,1.0929983503910106,0.20802343879319354,0.28771569144878684,-0.7164200995019004,0.051056258231687066,0.0,1.9200826345315727,7.8970467108263565,-10.825664178164562,-3.869836913586081,-3.014274848169026,-2.1163546308440573,-1.2730847306592041,-1.4613564192183415,-1.6924738785162434,-1.064802870791392,-0.8938319692810278,-0.8800302100412069,-0.47348160463570615,-0.08537247814448728,-0.5839470367260652,-0.9441014790055369,-0.06663467502734932,0.14884242637656608,0.45617971290626663,0.008865053015846435,0.04908105584822883,-0.006546956235210478,0.010185268560011482,0.40647181823648515,-0.4353534353376805,0.33274169625591904,-0.25493068455022067
82,9.81,0.849091865893594,11.553520171431444,0.5311005849469257,0.6178672423453146,1.1601064700577148,1.1504886192631265,0.16068139727952724,2.0295150354034774,-0.5646193005121748,-0.14034207107512248,0.044656073579084826,0.45820010168787834,0.015295216837488745,0.13275825933619861,0.031509308425732574,0.1307878899931746,0.08771301498701162,0.06412071422146734,-0.20399414876884098,0.8181729410559395,0.5032231360390703,0.4663568707381276,0.0,0.685981569003724,-0.059703949593350625,0.7513260913262083,2.977662029532113,9.738137113503774,-9.025536362989374,-3.2047101585142324,-2.432987784623977,-1.7648210533551587,-1.194321325359785,-1.507495464380995,-0.035798989562670025,-0.8618442472249421,-0.7139648830125465,-1.2169827977270606,-0.9151850386798528,-0.42519734646988605,-0.9457780791156599,-1.276439732685969,0.005258421633137874,0.046237152855665806,-0.0042704841624586,0.011737905979654868,0.3784522691496802,-0.33263535171155134,0.40278293602763315,-0.2218803167791631
83,9.81,2.704946169465112,3.626689547740565,0.133945462239768,0.9492562603859218,0.5427017384921982,14.693856810079682,-0.5184473811285066,-0.22358140271492455,0.17581222048434886,0.06495606963499911,0.05040858102822798,-0.08109982018037665,0.049069205998628185,0.24046781619626778,0.5414791047263441,-0.20816249512022417,-0.30615837715182626,0.6404536168046913,-1.0655520025825354,-0.09867437738155227,0.06717777151953447,0.07961903594420627,0.0,-0.02109428874792736,-0.22870721886991807,2.6567921661128406,0.13253644532534933,-0.9880986495245807,0.3374415245838166,-0.512865218915178,0.36740583546423894,-0.48010150959515113,-0.6123550991793174,0.3208147977023484,-0.5565310491187214,-0.8000001372327592,0.021264947534158828,-0.027020586009956774,-0.4093163260482181,0.04977934845049692,-0.1736664596044914,0.319692421648575,0.0013261926954432513,0.04681662054137438,-0.001293755035855443,0.006495710013796116,0.455936591553536,-0.35788467943225555,0.20788329472965225,-0.22086967356560017
84,9.81,1.8696249355210532,5.24704169997926,-0.8946399303665976,-0.37659143434530024,-2.7278326179177736,-3.6402539256325963,6.906480182477677,1.35033408177602,-0.2679055445487001,0.5508079453179668,1.3789086022046912,0.5291406828910338,0.8248005560872654,0.9377005117354906,0.4292470133035606,0.1117910038798963,-0.20382189986609894,0.05621741076095639,0.784850151407302,-0.07644344594075003,-0.3340603519171186,0.491099382105711,0.0,0.09513716039080959,1.8077622915961,5.642798697289181,-11.101723922483252,-2.788129287342477,-1.7701847366493006,-0.8006635059978244,-0.43096276133733447,-2.521335658192417,-0.5197213573568087,-0.8528085422743985,0.06546847908421605,-1.3360458113720386,-0.08347318483300634,-1.1694329781494712,0.21103013975951007,-1.4204735516497573,-0.26216012757520124,-0.431367138382837,-0.008857821092738584,0.05377547975378295,-0.00624116303120889,0.009906379224933683,0.5491559202531785,-0.38090322293463547,0.2250892986251744,-0.2402486087608786
85,9.81,4.283699729793624,2.290076480330851,1.8253886472980967,1.6902822131669473,3.118443357319906,-2.3475505519627067,-1.1497732353665087,0.38458773078252706,0.40840928191311954,-0.1341635336157676,0.7897956417870328,0.12834731142969869,0.0010557690063670577,-0.14955426388433918,-0.30777433432898427,0.18848917628957687,0.7061730899315308,0.09423874130110976,0.12763216544432562,0.0033183142348175085,-0.1044513775255136,0.12973370673056597,0.0,1.7251383534733447,9.235179966040532,-8.086465816369087,-3.6928496323552134,-2.3536735873551615,-1.5282191321645244,-1.1699827483457428,-1.3299137141306427,-1.292014241129785,-0.916202402379953,-1.1466843537840106,-0.2816890740198843,-0.34804283443413997,-0.5946864384599898,-0.3960618967630528,-1.2285030265659358,-0.0586043604777685,-0.8909482818373051,-0.9712619952140735,0.018073154923743544,0.043386111428914485,-0.00529319908558264,0.00688394683995902,0.3772453058011928,-0.3262473973199771,0.24906114434391763,-0.18345774357254283
86,9.81,4.777141380125379,2.0535293430529644,0.6059218405977231,1.7008004232790959,8.636494983350996,-3.1362545803217188,-0.8432894434188658,-0.5519709510686173,0.8004953394489533,-0.24512955287146465,0.27344252159641913,0.3097667382375664,-0.7407095526306291,-0.20675465585547886,-0.2546587557626814,0.25002021119183426,-0.5302196068526728,1.018590731924812,0.7087936809485358,0.4918750809840919,0.19051328688545144,0.12039520001440152,0.0,1.2377685961141605,9.921275146001943,-5.223016188488206,-2.3297309414916416,-2.0077650074454847,-0.7156345781345128,-1.1095806024728339,-0.4525940943434449,-0.45164239682176466,-0.33006672511305957,-0.5734805850217688,-0.6048350668567365,-0.6785271871282893,-0.4193543370267053,-0.9753697983847653,0.314886527279963,-1.1839066785520682,-0.6623285619394053,-0.012686450309739394,0.005999226144531904,0.04876087023700616,-0.003940825199100452,0.008201406563903106,0.5032110414183386,-0.4779762574663939,0.2773751111019389,-0.2349857116701516
87,9.81,1.9349356043047239,5.069936166441573,-0.4490565611606039,-1.454912751277962,-0.38994460330190117,-2.7827341778447483,3.604787760395136,0.3131565823411766,1.6660573209592142,0.6455165370587014,-0.10782562329839418,-0.03632382646909049,0.3431302225417828,0.20070668487670618,0.0904713807626758,0.7343102001570783,-0.2526584197435197,-0.0646348316622416,0.8679233317252911,0.7079049056329083,-0.9572137032986647,0.006531015295335396,0.0,1.1527695041988721,2.0018136811498177,6.383534924270713,-11.668055193890822,-3.613743913282736,-2.5471931901212237,-1.5922929142664635,-1.5848920399930275,-1.21508987522096,-0.23954968874250226,-0.5684768860530311,-0.6980499268894381,-1.0933183456561277,-0.005644519411084459,-1.022153101341531,-0.1755603219056753,-0.6476109463753185,-0.4965427548997162,-1.0263447471954674,-0.004446104565946574,0.05060004510081089,-0.005508549765030473,0.010877952699581734,0.3931801407644452,-0.37733834820780254,0.2957927295751674,-0.27959696647462906
88,9.81,4.539957300168159,2.160813274529397,0.5887899788388558,3.0329567235494594,5.8141477683259035,-3.127640055441633,-0.13199908556602025,-0.770390056373415,-0.155287593488731,0.2664397116555912,-0.20236038760382147,-1.298759802936588,0.9671979210356562,0.9849417063788269,0.10850270013493779,0.35780986227886147,0.32143544602567353,0.3879407965123315,0.03232090174818206,0.3780753912998507,0.2542530177673138,0.6924150758911691,0.0,1.28256395172462,10.47802824659129,-6.219935492752284,-2.5169176053772,-1.8676655603899486,-1.050520697692737,-1.1344586628194415,-1.1385905144718071,-0.5987390825338063,-0.24202038930987146,-0.8004202942699917,-0.6296273402549033,-0.17046285104740583,-1.0352058205978816,-0.8433737154629014,0.0036291570309949783,-0.9362317404337345,-0.4836009408276372,-0.04867700552879911,0.00582960375087976,0.04635845462943862,-0.0036800985634315355,0.006588202554177619,0.34323894291941204,-0.44727645340896927,0.2009907602379204,-0.2320497387410111
89,9.81,2.0188807277465397,4.859128062978665,0.8859479309599201,-0.010810755766894636,-0.2631112506478852,-1.3804421864202343,0.6770181567291608,1.0582244240655867,0.33531694114919575,0.18941652823464689,-0.27135140167602906,0.11703553966722824,0.4558586230995386,0.3248489321314383,0.48605498971000377,0.5868792049915682,0.3016486498164252,0.23972128828807632,0.597649723468878,1.44245965279591,-0.11667266491007666,-0.47409472840648914,0.0,1.307732702839883,2.1881498947016813,8.11490175362754,-11.417752701544018,-4.006884680705773,-3.2219678900563418,-2.2982802732727015,-1.9018027531592567,-1.2271783618014611,-0.9747080216848363,-1.1514738645026348,-0.32427803997725224,-0.24402213224690744,-0.5167079967417978,-0.5097004932652958,0.44362177701931094,-1.4133216089760414,0.05219926741927777,-0.5135561252853855,0.008771761692672476,0.052814609910334605,-0.005199686130293706,0.012583411697314638,0.42378650554928443,-0.38673520448932486,0.2770835985912723,-0.3072060881645276
90,9.81,4.154504497311094,2.3612924252096237,1.5358608494487505,0.6885443619610356,1.5810741814583935,-0.414046601538645,0.3263401565552777,0.3078008522792475,-0.22688636513704985,0.3221528495813064,-0.6341315571174506,0.446242423949351,0.7057718565913463,-0.3490849207376423,0.1954440281520371,0.528390507194194,0.5249724863972289,0.08117146735401526,-0.38509910881735643,0.7645230252599866,0.17661628105580873,0.02005225981849605,0.0,2.128721290244612,9.083190282023207,-9.79045165278192,-3.3259527532731754,-3.7607962886558166,-1.8327076547499876,-0.3864278176813657,-1.525903070768106,-1.0020494535438838,-0.787129017540326,-0.41029433539136273,-1.065642425234359,-0.36398720657626227,0.2134627796026357,-0.552454579936196,-0.15231429910529026,-0.24468063907790355,-0.912543991159354,-0.6304441250939121,0.015206543063849016,0.04736595047785099,-0.004852313900225336,0.010027854458917781,0.447204154802472,-0.35664375334731857,0.2973132961413092,-0.21718354321250385
91,9.81,4.094796191266013,2.3957236311111694,2.107779699800305,0.29661642114132813,0.5774639568826754,-0.6973357105665058,0.1652970592853536,0.08113445382666434,0.6237604149608533,0.31532730856886704,-0.34308639175983446,0.7586742551345915,0.6702336960295733,0.2549472656429319,0.10189477076267148,0.652663354734565,0.3828166412516865,0.7444276822760398,0.008071863566820464,-0.2845690117520348,0.6868847140089671,0.2850004893984151,0.0,2.1927380854513583,8.02700414570796,-10.543651388428747,-3.68398967080761,-2.7873511041597423,-2.2666621288836306,-1.071106457688733,-2.0186774945382635,-2.082356458356206,-0.5308144544892139,0.0167634801708485,-1.138487027685729,-1.135094601565908,-0.7901833762551695,-0.8362482600277563,-0.09229990956344475,-0.22283779652622607,-0.8764170927496525,-0.4450791705824115,0.020869105938616874,0.047507425842070135,-0.0068140018038108305,0.006870833960142182,0.4746878172395496,-0.3492740355171685,0.22133723320544102,-0.20749880400043672
92,9.81,3.4487832965498555,2.8444814174940687,-1.7679403010058883,-2.2486865426958635,-3.8711526252008683,7.631889472897194,0.6179725668324094,0.4083601192711126,1.043338701558985,1.085880442510509,0.41099803950882596,-0.0652245799361566,0.820763890559794,-0.015112474106195095,0.7417768161924002,0.7903915246759177,-0.05160417622141289,0.2396319951487701,-0.3064310644978033,0.41869813472165335,-0.27970126927188754,-0.03669972881224992,0.0,0.8600725134088388,2.943302109885198,-11.14371474515361,-3.3677863378585586,-1.9531551523819544,-1.1228165615811914,-0.928244400721846,-0.7115869958777399,-1.086737757321267,-1.2376351895083655,-0.36000045761663485,-0.9296044116231945,-0.06353710986033467,-0.9295931713027903,-0.5823279290215372,-0.7557259987937183,-0.16214338363721878,0.4507378552578477,-0.4095415396956902,-0.017504359415899878,0.049708148381624254,-0.005205996487226144,0.007327760438237395,0.3482127335709928,-0.4459639776433776,0.23614297423003097,-0.1939339524990406
93,9.81,1.5291655464902243,6.4152635550259,0.6939885646290536,0.5289706158972409,1.4105915815642684,0.8203237968099235,15.515063467215251,-1.2629752106742405,0.3474849103352551,-0.8458627907855255,-0.25930507617186915,-0.2133935805799103,0.22628029145911432,0.9542349421018568,-0.2652358830948902,-0.42671919186566554,-0.2302637574180985,-0.804859106342648,0.692920732653676,-0.4988957304245284,-0.6727994908312855,0.016534082666991412,0.0,0.4255998766024037,-0.391400085511205,0.3319099741480344,2.456512506207482,0.03729255812947796,-0.3019514223746094,0.07833720549092851,0.22576375526884454,-0.2904398629534789,-0.3163661759722549,-0.319722295360102,-0.3094714256296146,-0.5333377849735652,-0.14685360479499088,0.289305968741157,0.35121766120569203,-0.2559364275027305,-0.8589933119890821,0.10807439651042475,0.006871173907218353,0.05251866934690537,0.00010429329782004449,0.0098244290092553,0.5490649798711136,-0.3798483788520165,0.3010759250638886,-0.29721668202481966
94,9.81,1.1195350913402078,8.762565886395166,-1.0327587281967203,-0.7975680570554704,-1.3027193352115782,-1.3857472047931827,-3.6417992712442624,9.363711871160344,1.097801223599589,0.5089841085313588,1.1416740369286356,-0.32374596494135677,0.6233531969145455,-0.11537395626387037,-0.13899429175512684,0.5425383326741205,-0.6409679933507215,-0.0683458979063265,0.2653599704610019,0.7350615097279478,0.5753351281990207,0.8355547512466058,0.0,0.7262786118081485,0.72925779125421,0.7726397731150487,3.059201788852072,-9.649128637831252,-2.2901227517251392,-1.477583035011473,-1.3882637772562592,-0.4115354429546222,-0.24385159929249112,-1.2153328089558921,-0.2974350471301014,-0.25956579239877164,-0.5644243796708874,-0.28379867444810447,-0.3118017671426965,-0.20864567345851281,-0.2939628782632757,-0.20313635585829792,-0.010225333942541786,0.046786111408381174,-0.0044949353479080715,0.010291619196542215,0.4215186297359041,-0.3708021004354012,0.23741302218649635,-0.21729886429746517
95,9.81,2.4096701251715507,4.0710966607106025,0.7511341853468827,1.61489386594236,3.089056974130436,11.238446002929013,-2.792933556099884,-0.5920516552011255,-1.1767185764511972,0.045959493071425106,0.14844314518559565,-0.21480129835833406,-0.6243197704932828,0.11505211705788831,-0.3214286451871236,-0.004435471806629621,0.4085685419757892,-0.5320854567128821,-0.13788992751634793,-0.08634902557131571,-0.3394535716391928,0.41394860068830513,0.0,0.22010308812778556,1.7673677558022167,8.88998773271827,-3.3982831052285616,-0.7603341240734752,-0.7292781077362911,-1.1285763822053392,-0.9966411349553486,-0.7355058094951059,0.02418469360259401,-0.5447674885110568,-0.2250615631772973,-0.4613330825136401,-0.9236586174474497,0.2217144136945408,1.0634853518363425,-0.15385116739376142,-0.25669070102533365,-0.21095232298561772,0.007436972132147344,0.05132798963683217,-0.002414304649595027,0.00846583078985786,0.3404924846066163,-0.3593452141618174,0.3075990205562236,-0.22509951051403468
96,9.81,1.1819243885868809,8.30002333036627,0.8662540069271103,-0.4996455534813653,-0.4926499009898273,-0.016501235204153253,-2.778281622052905,4.238806436740203,0.9422465857762805,0.4415541269530195,0.3506758944419064,-0.02020571472377264,1.24742111277571,-0.02990367782263989,0.30056924702577636,0.4136688257598472,0.7655375170362296,0.6784149512084472,0.700803403200564,0.2913024698800868,0.2763472147719802,-0.33832449821439803,0.0,1.580183481288365,1.1696455641429622,3.316461973747602,5.876896327297944,-10.711341781030344,-4.1039357764575275,-1.6031693047615105,-1.3424696664497122,-1.8928098071817212,-0.4240839547810866,-1.3849550066885739,-0.7608588860716212,-1.0941485416033767,-0.3063245551738133,-0.9616256216763829,-0.8033822911698962,-0.42558872553831123,-0.27964851153582126,-1.0521041369289421,0.008576772345812968,0.04783753043201007,-0.004563982254786752,0.013752385574398798,0.42730787962587263,-0.38691618522346194,0.34395661194450255,-0.2848894027667711
97,9.81,4.429728269546232,2.2145827922318375,3.26783373283303,1.7351877106115214,4.744412253718676,-2.2027051800818884,-1.6281165425760995,0.04763282705480543,-0.05972232898184693,0.5612812170330795,0.5121790665030479,-0.8366666927432509,0.5583102243891416,-0.3524484663552784,-0.07778016623560699,-0.3915116223072541,0.9382124263758194,0.6654208997867322,-0.43932468925560475,0.030506528488594142,0.7824963355505876,0.41313611968316216,0.0,1.7707230832256464,10.504695928284567,-8.106981857896775,-3.6300265132412353,-2.5720048176969788,-2.461075971874256,-1.0075853050865813,-0.9328879595671657,-0.9834048242585706,-1.6256872913320435,-1.0214388708196056,0.4527603054605953,-0.7880230341067382,0.4234579584268258,-0.4355998094169006,-0.7106588414693504,-1.1336632706886725,-0.1645754996929749,-0.1356380833918017,0.0323547894339904,0.052076238389229756,-0.00463274685753181,0.008256236030076027,0.4920476740151294,-0.35103219995910495,0.19008954598022648,-0.29547379135311985
98,9.81,1.3060704086951067,7.511080516555887,2.102908484310379,1.2137422274066902,0.6821934319123927,1.2252598209167331,4.390640106931859,-1.814585452599377,-0.6349852405736642,-0.9205164505340069,-0.6378246827187557,0.3151349820302135,0.5159963126108937,-0.7218116844237594,0.18629003891188964,-0.23576383324775968,0.9666542577799226,0.36298370575907624,0.2417447715104981,-0.008238300535458043,0.9287087056813932,0.15145718176256764,0.0,1.523209122735663,1.1308263226344515,2.69530726664664,10.264435657740318,-7.316624427689479,-3.421441447342367,-1.8751365923782233,-1.0906607975971876,-1.2464867558211759,-1.2777318699347924,-1.160156264126791,-1.1363264345646749,-0.870038451304553,-0.6198016232246987,-1.0471529606766683,-0.23731796690502016,-0.3490732626532894,-0.5241509493925361,-0.31693259393740086,0.020820876082280976,0.0469115510182069,-0.005304364355920483,0.009164353563864754,0.40771121839628954,-0.32066468487146577,0.3088585079464824,-0.25604377965762093
99,9.81,0.6363259772554724,15.41662662007193,0.2773686162336485,0.6921082000225351,1.3156201953017832,1.5461729227764593,1.659955390374479,1.9241492354055314,7.1515772783571565,-2.874559134019518,-0.6106961628041248,-0.7855692949534945,0.39575519465163045,0.12893076050027785,0.4589029119747249,-0.07268185542031996,-0.13794986623256095,-0.09213536955306673,0.23133465123188868,0.023745361426999345,0.7408767818024611,0.4935388342319401,0.0,0.4761252047383846,0.09941003269483456,0.8931314000145283,1.9666098954299822,2.328878485002715,11.312076628671248,-4.340957453340534,-2.9048073882831753,-1.4369324196420887,-1.959968106511432,-0.5988951701616065,-0.58327184534256,-0.8967405352316916,-0.15942717243363813,0.02227064011751756,-1.063670679702478,0.21726245822936574,-1.001296124425026,-0.9712868117771362,0.0027462239231054305,0.05201921625948984,-0.0012907720398010103,0.017257238675447012,0.4006482127568292,-0.44433199475661334,0.529291199317953,-0.2888354914506336
100,9.81,3.016623547101495,3.2519801847419383,-2.2628895659997106,-1.6964840706200768,-1.4230702797316526,13.174623575316494,1.0665260454751437,0.5289550157777185,-0.48841108185691784,0.09307852030040187,-0.12172392635161833,-0.5827117861544931,-0.3974875391519787,0.45190180187479856,0.1567360904647509,-0.19347171964959572,0.5043835125718815,0.054931454387387,-0.4149656297408657,0.03996574286777255,0.4485308070855299,-0.2848589484197132,0.0,0.7029615428942689,0.9285027441593482,-5.893372971490015,0.038780629504011316,-0.24211619193313805,-0.31290471711985407,0.3117551359610679,-1.0251020302187013,1.0597846611154078,0.2569177734215545,-0.13212898487903582,-1.0459823913220925,0.5895276534997327,-0.7328008140048448,-0.02898574653535818,-0.06896108755526575,0.6508226838626117,-0.3255015883333344,0.08271331458050005,-0.02240484718811594,0.045786334402050495,-0.0016380510213851191,0.008284318241745836,0.34532785930689713,-0.37580058851041875,0.22174626020983162,-0.2830496312451355
101,9.81,2.4296281400840876,4.03765491441027,1.8929007619288578,1.875140388715225,2.7096370168254253,11.012769546418012,-3.347826081218278,-0.8585602808634349,-0.6053838772609192,-0.16961866586305163,-0.6502719561077641,-0.8641682644586557,0.309318642912235,0.8252245656728928,0.1623178603047326,-0.20675207893107578,-0.19991749266870806,-0.6009150092579048,-0.11110219586174613,0.029625801667816476,0.004206830306812459,-0.20292631551978496,0.0,0.33099831544934055,1.0238300788322416,8.990567610464426,-3.5441771102873,-1.1605551086381594,-0.8523765361623096,0.18177539266531517,-0.3358622730893484,-0.6755468458627326,-0.06605950289852247,-0.39720636603109605,0.186717671351129,-0.3056121813446041,-0.6748590830002358,-0.5516175257714314,-0.27935697949989036,0.6592824957632466,0.501186301695415,-0.16952774240666102,0.01874159170226592,0.04999031998510568,-0.0013615712664395818,0.007633017997518047,0.35255691820950374,-0.41194620758734285,0.21849210614224848,-0.21092054615086114
102,9.81,4.363688397017094,2.24809819296581,2.0984813897912034,2.032319971890246,3.556247449710342,-1.6212253085338433,-0.7796022639932495,0.7915635050688697,-0.7778595074674313,0.1665782286374599,-0.6081976970546101,0.16741328468180292,0.14983463081734022,-0.5993188133740429,0.7851435100489972,0.4215107315120473,1.5591826884417006,-0.035852807091021954,-0.8585566569020557,0.03285415954052276,0.9188967805461746,0.23147298127401392,0.0,1.4006583449930214,10.45252175181676,-8.631468113531266,-3.6527714897852737,-2.5604713394548697,-2.339341796377351,-0.9763868904307472,-0.4558813864983271,-0.8855118700748709,-0.2954806814535961,0.610286428529013,-0.1682559383120673,-0.32836298259502505,0.11045030597612926,-0.7153497542870624,-0.05029509337643909,-1.080185495021552,-0.05833402170135393,-0.7131577597006439,0.02077704346327924,0.053895812425278064,-0.005363726003401123,0.01946835130901394,0.5943976243405507,-0.4994167411786966,0.3618818813106223,-0.3809717399174878
103,9.81,1.2237411898804749,8.016400919673352,0.8233201741738876,0.9710387615298082,-0.418360131320088,-0.8902854399437785,-0.8619284805605373,1.4810450098217405,0.14359633278020073,0.5825489206987575,0.6733631848462124,0.667850083603559,-0.19854359043970338,-0.1464802102366397,0.2187582458949634,0.9430582655150791,0.6907075921205674,0.7947904202477387,0.13592292185913835,0.8208632640452416,0.7029731706608665,0.7138119376188938,0.0,0.4140548983274281,1.8278011902451288,2.202837111121186,8.151777504528276,-9.734150528236082,-4.692659600193928,-2.001638861070856,-0.9778815376532717,-1.3150315276133773,-1.240416923338959,-1.2039479204807095,-0.9390526660764955,-1.3202856979529893,-0.3632991618382295,-1.2501417577818743,-0.5179449836965218,-0.13841814495543167,-1.1240057651884865,-0.4507933623713212,0.00815168489281078,0.046492376963017286,-0.005597454289254831,0.014171933359267377,0.4295554477250306,-0.36222889373378453,0.2439874597301353,-0.35464907668197193
104,9.81,2.1215916472631333,4.623886982518508,1.1107139440489502,0.820932248299209,0.23845340193632186,1.4817104668899714,-1.4456850353765107,0.28120511008506266,-0.1452705158388668,-0.1987602245735287,0.47172348908615025,-0.06867334616140902,-0.11890292753861903,0.331149773843164,0.800610738715595,1.0166606068378792,0.13632800368173387,0.6000061957448961,-0.20107266149083428,0.644729536323369,0.7321997504220102,0.1143333995125688,0.0,-0.12893009532390812,2.596979835948508,9.362211032044664,-8.788947921087164,-4.120335269436517,-3.284798903013034,-1.7180717622357573,-2.0631805155647345,-0.8644674335507159,-1.1762994750360778,-0.47400364312126886,-0.8359981406862156,-1.27945899030338,-0.2512419121610433,-0.7072128910694682,-1.0208268693138918,-0.8873983910809431,-0.6158899166823943,-1.1634951648813034,0.010997167762860886,0.04805035784945514,-0.006181985758198141,0.012076118418709933,0.4164116370860017,-0.4276521440699458,0.3309040349173634,-0.3981085595089842
105,9.81,3.3822947157466117,2.9003977549113515,-0.837427068308376,-2.30409396386285,-3.5036483150017452,7.973065242261503,2.2161522340551367,0.7501087145397906,1.321694408722594,1.0146042713975971,0.559159379980398,-0.38487449387451667,-0.4220420772526501,0.6993975334164215,0.3491042017287011,0.5950407082379681,-0.25129881089967365,-0.089900122040311,-0.3054227042818406,0.4325468307873871,0.5097956800330662,-0.04827202587109333,0.0,0.5539928176657575,2.6067947688074904,-10.838647605632188,-2.52457310689116,-1.3157617140720737,-1.4074954266198576,-1.1227012825749063,-1.3199891336833207,-0.4277402978673426,-0.23347396871743886,0.264236042229983,-0.6541660773973468,-0.6369551507278889,-1.6940974566224016,0.08561154116088562,-0.04128816150674805,0.3085479773684878,0.8118046928123296,0.10967281955999142,-0.008291357111964118,0.048626610570534114,-0.004269414570278606,0.009585055606154693,0.35410830892350276,-0.4231013478451068,0.30167851783844424,-0.29117392610864784
106,9.81,4.68985707325292,2.091748180546515,2.69675137312447,2.7623877167176776,7.357380735426353,-2.5206045378822948,-0.8504582569633745,0.40975295703730885,-0.011257697362846097,0.025334805662491355,0.003986531353170397,-0.026451303803099735,0.09312779046003944,0.12911520928668743,-0.5543053011245614,-0.14073167664620087,0.5841000227842365,0.3956472230431947,0.7268389500616832,-0.07033480425372746,0.1229244277787025,0.6223322993861914,0.0,1.7933451284763005,9.38011847898169,-5.051657745333727,-2.6051858249140136,-2.2075003878151267,-0.8592640665068451,-1.1267245246954531,-1.4904887869702241,-0.3445539365767959,-0.3611319291526295,-0.4917300790099705,-0.00937556175744303,-0.6418338961767052,-0.6354829230914152,-0.32085558335161424,-0.38783484505787885,0.011813068173469884,0.19173340337443207,-0.9146819118890481,0.026700508644796752,0.043037450195260424,-0.0031587614177796615,0.008544192027551243,0.3938473712367958,-0.3931080778997294,0.2190475843426372,-0.3546262768568356
107,9.81,1.678104599406949,5.845881122944843,-0.9126700008187437,0.11274268257840925,-0.8948119559164809,-2.056852147765472,13.474157945823064,1.3217664947584997,-0.02750886426668231,-0.09450925486473971,0.7986223398643097,0.6870950617332235,0.39185382963276183,0.38728062997026014,0.2586568910640501,0.05343612954420035,-0.17688430071641525,-0.29644084069688764,-0.04035764889043539,-0.28988838807999817,0.6435562854425747,-0.40309363150813315,0.0,0.8753690951884546,0.4897947387054876,0.3750023057614229,-5.655795456944297,0.09505847837950443,0.25858695844153595,-0.33357712347263313,-0.1674299050563492,-1.3274749645420243,-0.5638796903475927,-0.47845559502880913,-0.8878051963272499,-0.8867831479346757,-0.4810477298547542,0.36473506781331544,-0.0302209663216476,0.2981826947551639,0.3538236189803761,-0.390072134373554,-0.009036336641769746,0.04627463816821829,-0.0017980514078270924,0.007483078587382067,0.3790469791708112,-0.33656634476539404,0.2398645802474582,-0.1755566584372249
108,9.81,3.5964428611183115,2.7276952196453323,-0.7558053356466885,-1.1626167376106467,-2.924347486283207,5.46802361509594,1.5082422953781343,0.007033085623608493,0.8565914316686519,0.29501719757365447,0.755630447843465,0.8922097880099433,0.7537525155312015,0.637846561206256,1.0142463440863023,0.270819857055853,0.24342786593903057,0.00932610975895612,-0.2188926494693169,-0.04222996186707287,0.42434022365441526,0.7628508323596106,0.0,1.1515471414599663,5.067958454750405,-11.56722186222254,-3.6478612238805677,-1.8697646452153254,-1.4278783792958194,-0.8177772070774928,-0.9995293671987644,-1.6706260708841305,-0.5282702466963343,-0.7968230782700284,-1.1905402319445761,-1.2125519742741273,-0.8222747560637933,0.10894473262376864,-0.48800700235932454,-0.8482297105750192,-0.33884848852522903,-0.4764852535446275,-0.007483221145016716,0.0494503818736924,-0.005392335449242291,0.008773096610772144,0.44518104432899847,-0.36268483718776884,0.22313367178909646,-0.3265701433147773
109,9.81,1.1707369355991317,8.37933757935097,-0.05192675166103161,-0.2699558402216775,-1.4298571112911571,-0.3169758316956297,-2.4116963029356016,4.7995537904340635,1.66596212563207,0.9388669578549912,0.7873081886545965,0.015649851145862315,0.5200593011847265,0.19415712765435417,0.4637311047657242,0.9961736647482339,0.6989137290975693,0.917376287562979,0.8100123761395759,0.6772139883232847,0.4032357696724616,0.6769700916942474,0.0,0.9388419453554195,1.4151215702612967,1.73223931291489,6.109484759932411,-10.819880454447215,-3.271751509009354,-1.8342592841988834,-1.4127555692802276,-0.5934283558632696,-0.5753849592235877,-0.8511335132458359,-0.7227781460046724,-1.2184719866582836,-1.0637288194078645,-0.4031064899916289,-1.241769295515031,-0.37376421307806984,-0.05086571458547132,-1.4553421067714494,-0.0005141262540696208,0.04677568748566639,-0.00575963716762026,0.010706655643221255,0.3897560913998459,-0.3701365251429879,0.31004463631023865,-0.21508923525247448
110,9.81,3.8306973803948434,2.5608914058851733,-0.2836037865381854,-0.311615151928856,-1.6687884978718894,2.5427059603052578,0.9917906651112897,0.5688872381307046,1.2864605484823348,0.4186798844654418,0.39897689989383067,0.7781847524702006,0.27913299972995564,0.6827923244017968,-0.0685496564197593,0.21131454922235943,0.6182964662497507,-0.347027785179877,0.630773521083912,-0.09028044562641613,0.8021066051689144,-0.3005087056071105,0.0,1.5431877633109574,6.746791334394475,-11.181273574656114,-4.049501995098404,-2.14462364496793,-1.5125570164530537,-1.627748791658268,-1.4194665518043665,-0.5472305418451359,-1.7390624874472231,-1.2724672750089496,-0.6870319969562784,-0.24320623486383608,0.03526154692190117,-0.8300772521838562,-0.5401844309203288,0.1636614326928569,-1.0578768885276526,0.08970440160998427,-0.0028079582825562945,0.04650584271391402,-0.0061246912848654635,0.0060721576976180535,0.36174628457400326,-0.42335654489928287,0.19247975473163673,-0.16478407689182736
111,9.81,1.8193157735947683,5.3921370563486715,-1.1639914365274864,-0.6483578749075025,-1.7792591161455493,-2.8796056345045598,8.7589846001079,1.5565676276615836,1.7067796069890728,1.1467371635701085,1.5639249017416352,0.8038440601584758,0.5378921363980727,1.1524168508232355,0.23367238138788612,0.03639612478876625,0.5576822800055568,0.17258856008632167,-0.42663144900075917,0.453515711419456,-0.06212896162791748,-0.40737426229031337,0.0,0.6497406231355997,1.0001635574376926,3.9496760911712347,-9.822222208988167,-2.4404899757473006,-2.1764400646017004,-1.2942981546136814,-1.40859543827559,-0.7974148288487136,-0.6655368159986675,-1.6567817231453845,-0.8197406856678252,-0.1492174843782867,-0.08888499267143779,-1.162278897316075,0.18679605076472938,-0.3397612464417531,-0.8507248782976264,-0.2811822557057521,-0.011524667688390949,0.049257482510491106,-0.003930614619690834,0.01101060807789964,0.4010798345082881,-0.3984083125162102,0.31953570912636453,-0.26746128092853816
112,9.81,1.5968529705668328,6.143333281659461,-1.3496060829995842,0.03711784910143434,-0.07736379127867732,0.09388470294236129,15.079245446257453,0.5084906796519775,0.6362066807827401,0.9461851560975394,-0.41995060933143025,0.7099572157650262,0.18261626399274433,1.0304591615954233,-0.21740565673442563,0.014800286388598538,-0.4098342918494722,-0.4766576862628288,0.32521494246687604,-0.5692707658864908,-0.5415338449391611,0.4454971156036365,0.0,0.42727835069462106,0.1568940418161924,-0.18796720595269695,-0.8805463547913303,0.6202526468349436,-0.5090966786438867,0.4392991815252637,0.2453545293316003,-0.3575077575716191,-0.34920745880409565,-0.4119767782364983,0.10911001692028617,-0.2298569788553151,-0.20208927000956967,0.1276205153537706,-0.4758025213975132,-0.17772883382234772,-0.4315289039428728,0.20115428501595883,-0.013362436465342426,0.048101802179000584,-0.0010463180555940206,0.00902188414258665,0.37011378237781556,-0.37757286735504003,0.24700814303824087,-0.31493292102628867
113,9.81,1.5341964703021267,6.394226678196003,0.103261910452908,0.8982627118033506,0.8158681406578552,1.2046803800075943,14.860084176039734,-0.9519789501020974,-0.15172556503721002,0.16640823826970075,0.5551601006813469,0.42845306345661593,-0.3381889054815499,0.33713865074283655,0.14318304743423987,-0.9473576583012414,-0.3227855935350453,-0.6721407201085143,0.3999026697725897,-0.27409248369139716,-0.5512982962182879,0.10246286700633478,0.0,0.7517242490290719,0.2895788492091641,-0.03498277898374638,3.5494386163291085,-0.12901588173496545,-0.16397181468937488,0.80698890740407,-0.5368928954808807,-0.30969675949918885,-0.7580652177527778,-0.7323526824198591,-0.3417418618200134,-1.1201050009543387,0.13385944986737253,0.3380890312157996,0.37107991357415593,-0.228562156737719,0.04246453414380186,0.20316921027989304,0.0010223951529990919,0.05044165674125265,-4.2046941408283024e-05,0.010650281867462133,0.3635297258882201,-0.41630057390649344,0.34413618717186145,-0.23969429669224956
114,9.81,2.167930243254043,4.525053345478166,1.645615558505032,1.2660751586721153,0.5866276277171172,3.346936381700057,-1.5172912878056073,-0.3770082426561737,-0.5144871956190902,-0.732981538135459,0.5350128050509323,-0.3826475184897371,-0.4139818674511496,0.6858288491484653,1.0052242095211,0.2111919093139221,-0.4596199955586521,0.5949595680929551,0.6600481364095067,0.2986305738931613,0.07383805608933192,-0.08595636577946933,0.0,0.8284433094351215,1.9219873116766995,10.327311820473733,-7.661770015298462,-3.5015958790736557,-2.9406888484231217,-2.059517519216202,-1.4561145589647326,-1.1949930296278013,-1.3109629639918894,-0.9495998398946384,-0.8298954421062443,-1.4803715506490074,0.03517140333914953,-1.387207120576274,-0.5197234684977101,-0.5251387691603557,-0.6175321620361787,-0.22593071113254246,0.01629322335153496,0.0462234436322709,-0.004341383449525521,0.006865750498430348,0.354882526655388,-0.4532132992205553,0.24352274147903144,-0.21452571827625677
115,9.81,1.9784978936651636,4.958307022418404,-1.3563669600005803,-0.40855760672556596,-0.33895443741215375,-1.623340344299295,1.4360441554251415,1.0181487198250727,0.6426804381428503,0.2719825036331761,0.45160040855326244,-0.13775312558966085,0.34110144157209343,0.6947932054184446,-0.14433533180851094,0.01938117520843899,0.215650984669455,0.10543215369209169,0.1657551139095431,0.5223368062093776,0.11894388801001135,0.14284794770283135,0.0,0.5213846321745588,1.945957820572036,6.945588075580724,-10.87799679215404,-3.6134106986377716,-2.519935713447114,-1.8788332905118836,-0.7957687619331351,-0.42755067554771287,-0.9301948496701254,-0.7596746761425937,-0.3385644669568162,-0.5122909541025151,-0.2688037923217993,-1.005221149924026,-0.3991666775993312,-1.1321292111353363,-0.6086585352361371,-1.3424273219469316,-0.013429375841589904,0.044380561052070895,-0.006002572667697489,0.010929822864691454,0.38801423616828024,-0.37829631655065843,0.32180615633287485,-0.28971938806261216
116,9.81,3.2568875231816796,3.0120782281165583,-0.6376585079671491,-1.4660667774121598,-4.540069446924172,9.2549053283971,1.5687469062837012,0.9660780021005663,0.18724785611284767,0.4884920584290602,1.1945798816658608,0.544470876306023,0.10164932916016378,0.31204982825325145,-0.5166048510909742,0.379074819116055,0.659484195973667,0.6052900313478595,0.16786297531815425,0.3662809498794899,-0.319171420269364,0.320927193786592,0.0,0.530642370340968,2.0139422102421802,-9.673761536121008,-2.094739530829266,-1.6074614893511834,-0.7135227825095638,-0.6228310274229127,0.2932840007885713,-1.0344077472988276,-1.460048056454828,-0.5014591998455883,-0.3986883184954768,-0.6247779700133664,-0.47365953023739854,-0.49351560047477794,-0.08941693685048949,0.29891086538566913,0.29434415578504575,0.1471472589700493,-0.006313450573932168,0.04700475526135716,-0.002941812632575894,0.00950852744662953,0.37263856126572553,-0.4152419562653091,0.3228497308574801,-0.2541218875641496
117,9.81,2.951219300862362,3.324049824807484,-1.019734762391455,-0.32619370298972994,-1.1529934209105401,14.20302367151154,0.44346860985817993,0.20251339660357726,0.020048563010302,-0.0997579533475541,0.4011924057890768,0.021080413945242737,0.46981642809656976,0.03518757536432149,0.5502975759516611,0.8088428276696027,0.7501417331852145,-0.6609404676545229,0.008278059066207322,-0.2689342152771188,-0.2713538432170336,-0.2595449494780335,0.0,0.5657425197940543,0.6295727381289563,-3.3253177319244758,0.5522410499667936,-0.2032711766051301,-0.09210087152221857,0.03776977308679355,-1.2791897975449305,-0.08625921676622761,0.3159988051261858,-0.005287753330650152,-0.3008641654694725,0.7679813807364122,0.8693831162072638,-0.004089962236334871,-0.08267099785454661,-0.0005970550558358784,0.45191868633453663,-0.556993538743628,-0.010096383786054023,0.04544238167497039,-6.702816621693655e-05,0.008285947563709302,0.3835568915576663,-0.36296996280674243,0.17788170300184578,-0.2635706957791473
118,9.81,3.8733939720090893,2.532662587614772,-0.5776375847905201,-0.2541705877891705,-2.1857786176512555,2.116578649465312,1.0790577293481918,0.07692858379544343,0.8742303056647598,1.051248997774059,0.6808358381372461,0.42813348228767756,0.29533961490942284,0.707502655828472,0.6238361920928756,0.11021288134491428,-0.2856080353239865,0.15750443683024073,0.5679006258921926,0.20134963715732027,0.9925156989361056,-0.6196301382003946,0.0,1.4791612041702655,7.813283652267182,-10.474577239261844,-4.348568847808814,-2.765135512564892,-1.5142273568822364,-1.19830702199773,-1.7312064784639594,-0.3218882070025568,-1.5862677493639963,-1.7318737783690907,-0.7509910038668388,-0.8733460060167304,-0.6088314012542251,-0.34457965718770805,-0.4177068177671936,-0.18964054359570945,0.4908955250198541,-0.28412974295041227,-0.0057191840078269236,0.048203634400260396,-0.00444992179309932,0.010123080552243723,0.4261776874726476,-0.414079117439909,0.27410552761713,-0.3444275464416998
119,9.81,1.827294284417181,5.3685933807476,-0.6911287844622274,-1.1201037103293374,-2.1314069358050003,-4.121858000637077,8.105955788220284,1.6964627135867214,0.46762804165366867,-0.02492843981649262,1.073265654082339,0.571625054661224,0.10258360627350488,0.2614335822205125,0.2337850561783768,0.20626294490193736,0.14622879186628343,0.30165898559429133,0.5787073986879345,0.0024007564475645726,-0.0360995122735866,-0.2281064011549576,0.0,-0.039701454822807056,0.7739953878742507,4.801542443078929,-9.696095958365438,-2.2737480247804998,-2.207420695630397,-1.8689410016813393,-0.32564592455404584,-0.9875803862520801,-0.3343902793949973,-0.2597675624514462,-0.3596513366165885,-0.44754061396300243,0.2008013535207971,-0.6812000096695161,-0.5604943278818072,-1.076305278462917,-0.8408451376191638,-0.937095435573215,-0.006842859252101259,0.04746609512264781,-0.004555253684561071,0.008810846952316482,0.4724225128054218,-0.38359059407295915,0.311222932395271,-0.24299390945706528
120,9.81,4.822491777687636,2.034218087294252,1.4275901993418108,2.5120833137431395,9.410035303738665,-2.9208535688576935,-0.3200211360998222,0.6432347254598711,-0.6713407811832779,0.38244288519134306,-0.4101533661621787,0.16397897003620082,-0.304665269887453,-0.09640472463619712,-0.42996610919034184,-0.1657965675186866,-0.41798723089570755,0.6741493252377129,0.3678180457276464,0.3198075332027296,0.018670048539188522,0.2835873445382827,0.0,0.7712798917155244,10.335937364817305,-4.6122822790744875,-2.521926174215044,-2.6640446236208115,-1.4813434801421344,-1.4314164304696155,-0.3663695817116387,-0.4816332801207758,-0.4223469720688693,-0.03411055401402374,-0.21994903385650144,-0.4207426653805036,-0.17518713699944155,-0.8368380625900667,-0.31945575989303,-0.14974844634499476,0.4565418192325776,-0.678366648273458,0.014134556429126838,0.05261347225778788,-0.002967507876991365,0.008538728349119819,0.40231984466400295,-0.40536511889705573,0.2658378190588054,-0.2844854199201839
121,9.81,2.9456724137004757,3.3303092205274356,0.5278145843376576,-0.07318802771218547,-1.6185742167999067,13.888436905598912,0.6613721348147872,0.47122933409274737,-0.09885543875969316,-0.8859685033537352,-0.4883873238369959,-0.3298217032498143,-0.03654777208647375,0.5380433659975115,0.5285789911369504,-0.5335422032838582,0.7531324799621346,-0.32878744935363724,0.2565638206109502,-0.05463826876261235,0.1543589752229944,-0.7350270501633168,0.0,0.8469311488586717,0.9869215356626164,-4.157652856269899,0.05016646270207084,-0.09687187209593634,-0.08432341733455523,0.004814080310849275,-0.08133668901987232,0.3975349366473088,-0.1758514804649563,0.004535496884501559,-0.6371995385194407,0.42500795039207184,-0.7177920311370214,0.10924731565665174,0.564903663689745,0.3479689223186294,-0.024508068155805418,0.4933134990264401,0.0052258869736401745,0.045283303869702675,0.00032365272460718546,0.008655176786003398,0.37201916770992843,-0.33349547838637283,0.32518208094931916,-0.1999971179548219
122,9.81,3.5574086678428287,2.7576252592729724,-0.9463281651914067,-1.7229347937518675,-2.606792947314311,5.634846693760702,1.3822516178241073,0.16681333185821795,1.600641821001838,0.5277077261879048,0.8006905041389826,0.9148877952362582,0.9018411242775987,0.238236051343307,0.5851204767330942,0.6482615169196234,-0.3549399283223265,0.1745981780490486,-0.3200063712349392,-0.09151383810019721,-0.16877524191203275,0.07674653562663672,0.0,1.200753284544186,4.949693964293904,-11.620719514145708,-3.436647017494851,-1.8009569567654378,0.09948640377444451,-1.0227154028943735,-0.7371605688741152,-0.9896488176516642,-0.780652859373901,-1.3460901180248235,-1.0657513088070751,-1.2333088003256034,-0.8441117368446094,-0.8465083477607936,-1.1351660510268984,-1.2163052793856242,-0.06963473003128662,0.04080752406231117,-0.009369585793974318,0.050037203665260155,-0.005754032033760518,0.010255323436630272,0.36577768556339474,-0.42613112734950176,0.32870387441792814,-0.2993056661056808
123,9.81,3.597166618217085,2.727146401926267,-0.5973769298149113,-1.0577632062429796,-4.097398409206192,5.725472795187943,1.5653033869806399,-0.3515563171669238,1.6099168792262786,0.24846763410902406,0.3026947051102956,0.3671026272565947,0.1436215998568503,0.3931066720626243,-0.10602849582006102,0.6020163726743071,0.14123362408057535,0.4613962633167128,0.04507524375347716,-0.06525522259746874,0.43057451877410857,0.4932158611037706,0.0,2.5828165815153654,5.148007811136781,-12.230469235024641,-3.346600946924676,-2.3299974304542665,-1.2662624414166093,-1.485843724937123,-0.779780750771107,-1.6631869016352683,-0.5435451966054936,-0.7713776747181523,-0.2884671419814723,0.304775727333472,-0.6866083822266884,0.38290811668418745,-0.743437072434605,-1.312767010199157,-0.5444814143482529,-0.02331044022659315,-0.005914623067474371,0.05538153883574738,-0.005838312990041441,0.008269412345064838,0.41897768368516775,-0.4105880164860477,0.24222218544400892,-0.23067227031242196
124,9.81,1.1853400673720074,8.276105963202228,-1.442616903917642,0.20770740855865316,0.002535953841367622,0.2641479646930588,-2.1779360163575623,3.7655447262333994,1.5999647738013008,-0.4039130182484021,0.966071702201061,0.7719364762496621,0.18696798532978148,-0.288817409104039,0.6239525044638278,0.7458203430172369,-0.7427152538115918,0.1831311412519047,0.3982193679675162,0.8759371007640491,0.6492238404807807,-0.33727854773262517,0.0,0.758852072603927,1.5431643507419752,1.5831342636815742,7.171140036111749,-11.652923806589236,-4.46383240926965,-2.8399677786787443,-1.1606305192718542,-0.7233960984442014,-1.5222740830233443,-0.942217119698674,-1.1930212832776101,-0.8203696770968069,-0.8016318077536786,0.09219673266922757,-0.23783571836675688,-1.1036974225965421,0.0633796585811896,-0.36104521920282395,-0.014283335682352889,0.055641172430674096,-0.005925517627263295,0.018431479377424283,0.37791530629580017,-0.5747660375074791,0.5112231809677581,-0.35628615261152446
125,9.81,1.1526100319810146,8.511118008524836,0.42811408500926784,0.05981131537126383,-1.843080569061478,-1.3470790299937176,-2.794447573958551,6.611102490565335,1.2328077024604247,0.6442685977800908,0.4954895914942782,0.25000223150254997,0.34274630839196074,0.02965564656955605,0.5043162530223727,0.8135799036624488,0.6680944653274945,-0.3039096841006701,0.1735785495437605,0.17827366324545096,0.6909077810906359,0.3469913186468811,0.0,0.8480770112438558,1.0942624028685333,1.1735006562828045,4.783281016708111,-10.102034339389151,-2.3070266231133645,-2.449859196236121,-1.8567951400336569,-0.9502427873306756,-0.45283596603942833,-1.5024719815355239,-1.1598567828103112,-1.0521250848464279,-0.5850835301220264,-0.83552174071752,-0.4733189815507608,-0.5948213676855407,-0.3435072549673208,-0.5348242746421186,0.00423875331692345,0.043990385421339394,-0.005814423059891396,0.007961154470300217,0.35493033960945797,-0.4361804433840075,0.2154437534189817,-0.23706876843482383
126,9.81,2.5791971992240095,3.8035090930431714,0.31997895704500556,1.0659349689897337,1.8041177916757198,13.644906325681886,-1.3492528406804416,-0.9571923383392638,0.19071570913048141,0.7544781045267023,0.05327616309702865,0.35574467056552295,0.0910345826106953,0.5822425199548819,-0.016733275162086225,-0.4431631357005247,-0.6842356753701347,-0.5628460682715245,-0.2975944994275731,-0.935251603764298,0.10822187998073651,0.33226314615028485,0.0,0.35334379431910534,0.11425842091387334,5.070360279764198,-1.0571193546416284,-0.7049529888858912,-0.11158433366307347,-0.08239988008366156,-0.5570240592419087,0.16635993113569209,-0.2471782275670363,0.5560542401361861,-0.5838478485175884,-0.40841434046191666,0.7470437030540376,-0.21952569073713812,-0.31421438398107965,0.5743955315977561,-0.6869948238617939,-0.8486220832867608,0.0031681084855941137,0.046548122059119505,0.0005056723361680904,0.00828050008192238,0.41409450360570066,-0.3423146551184385,0.21520182236438679,-0.2488225543971389
127,9.81,2.8487009003646935,3.4436749743520334,-0.8719678045779929,-0.11658732127468241,-0.7832597866681918,15.6742003079521,0.491354307462474,0.36830267077361634,-0.10351487877707366,-0.6088626478062922,-0.4837473236156761,-0.4598516694941963,0.11272299032356736,-0.01651263463853514,-0.04603825713680815,-0.7693789187632717,-0.10754945192381782,0.8770894110024983,0.6155934526745868,0.3344979522301016,0.32064070497894603,-0.525884389038163,0.0,-0.31689629488918813,0.49905411693654794,-1.3903438381478321,0.8623898415380502,-0.5335266780364317,0.4195257849616343,0.5882915001014604,0.95728592236212,0.5959746846559644,-0.14382544588977875,0.2982065415790901,-0.4931945997301276,-0.643852043938206,0.6927400112383351,0.4956612709477997,0.08297919921658838,-0.021844521814248855,-0.9167775609191693,0.47305625493006526,-0.008633344599782117,0.054511655507305974,0.0015087519051348974,0.014138097728180919,0.49651198772517724,-0.5649057988334834,0.6063744259116668,-0.2725438738499217
128,9.81,1.7242013892253483,5.6895905903471355,-0.12313027219381956,-1.6958596610605678,-1.4753814433712722,-2.580352376186717,12.033148346973952,2.4631699290063414,1.4901256252053228,-0.3187395356771455,0.9595176547289088,0.3232331012270162,0.4259359974692456,1.1216825832693296,-0.12932905055011162,0.16531537367607863,0.10252567694086057,0.4962028930706938,-0.7230631317336256,0.3259647756086222,0.6542334751926047,-0.1478513396359682,0.0,0.13187367532666758,0.6408807083222332,1.443223603413675,-7.2387174177401095,-0.685257722435731,-1.3467713600931404,-1.0402649642417412,-0.12769490308770412,-1.1151406447607721,-1.0449313871114763,-0.5014959733953541,-0.2401836685593015,-0.42803274192604146,0.026369900982160355,-0.5923811744882704,-0.04827899203976285,-0.6387354937373262,-0.6625115966049046,-0.5350373951082269,-0.0012191116058794004,0.047617658376078724,-0.0027318694047983607,0.009795390898883326,0.4405532715230631,-0.3912709517458398,0.21194097869065226,-0.32328396354172406
129,9.81,1.310544261248254,7.485439668139304,2.2394730474357307,0.88179619944826,0.8231821154409296,1.7512663307000866,4.735042007349785,-2.0120526788100115,-1.1612505031966587,-0.7347650895676235,-0.19275240582660452,-0.11283825915507006,-0.20270852115752044,-0.03816862534522347,-0.1693931922405007,0.19734322045955197,0.2821196433593247,0.29211975576398486,-0.37035329344848356,0.5511564897459367,0.37863328913502114,0.29243500105704523,0.0,0.9509876493012862,1.5024496384129356,1.9803290941805987,10.92705539788507,-6.715201985888349,-2.9393870546897634,-2.1167525771312614,-1.6537604286880332,-0.9228006589379635,-1.3474538608869904,-1.4151746965761554,-0.8590231069897071,-0.7361577361044217,-0.91107750628058,-0.8269390315173879,-0.7098390653670147,-0.13588255687411233,-1.1467604864069287,-0.4552093471083799,0.022173000469660697,0.04771761202683828,-0.004654124663455725,0.00942027840738977,0.38768525636377665,-0.36855691456723827,0.2427037996052544,-0.21183187722888241
130,9.81,2.767644892365037,3.544529873417776,0.18523413674084843,0.13552757067181131,0.436652150727332,15.209371709091208,-0.230653698629957,-0.2836826462078994,-0.17376336523840008,-0.4365342263863612,-0.031450607135158126,0.40032238341615656,0.11228560263978116,-0.06559022792223163,0.17031361878383539,-0.20952078271852226,-0.5041862458882322,0.34302907466397303,-1.0409313517057652,0.0005642754615121648,0.4345517827497494,-0.47424921852286345,0.0,0.1818355218821935,-0.04349564817427196,0.6293212362049658,-0.18046103791459622,-1.0872798009920703,-0.09056656235491907,0.09644268316452911,0.3385943887246968,0.5510679991782504,-0.4362060355050971,-0.5292066065529951,-0.4798679200620524,-0.7757866609831646,0.3141431541181221,0.4689212948096448,-0.6875164783310144,0.011508572581361703,-1.1677119297501235,0.17134777948030883,0.001834001353869782,0.048400586800087256,-0.0004932629561784655,0.006251162763156114,0.3865513129748912,-0.4669866707688879,0.18569535487206035,-0.18331199988016655
131,9.81,3.4683725678391277,2.828415865978275,-2.379358735344743,-1.8487528918090637,-3.760796191550326,7.206013942344034,0.9157416568100802,0.2818946595515659,0.38066368672010453,1.042501109636171,1.1138816537726377,0.2799263739500862,-0.15523517662567632,0.6960025045800208,0.8807560259497,0.6857475522841789,0.07275990770247531,0.20267165308200302,0.5127508029925381,0.23597185978154017,0.0031708469754076485,-0.07055510068408549,0.0,1.132905466271376,4.282530824862577,-11.649086358270033,-2.566695056060732,-2.4398745427256707,-1.1950604267087808,-1.1248581577843766,-1.4341795646801836,-0.2524516860146959,-0.7531416149878766,-0.6817295501563946,-0.46088581225759473,-0.06778673056223916,-0.07653253340283933,-0.2417815712145494,0.06098589526614401,-0.7122376406046566,-0.26966731399149113,-0.07984159957339065,-0.023558007280641016,0.05175890501229098,-0.005067525080007665,0.007432201459876866,0.45006348750734343,-0.4082967805086596,0.37427212331986104,-0.18577124221065075
132,9.81,1.5293950404002028,6.4143009103998265,-0.2937406642906051,1.3126088574311372,0.4156842618814396,0.7616966855615064,15.369178157556895,-1.2472580872118926,-0.34319894814291607,0.02836453076481682,0.3081230272670342,-0.10233902439882891,-0.022860335039779023,-0.1706319814331393,-0.8861816101821054,-0.6750959624102134,-0.2906909986676173,-0.5580776922408971,0.9314831286902839,0.009058773667184633,-0.09642240937683205,0.7495850896044803,0.0,0.7316236441083768,0.30275905755703436,0.07079145755162117,3.3692008837667045,0.20048548399687088,-0.11201529854148923,0.3276933229246583,0.13590920795910663,-1.087598493882062,-0.01648834924510384,0.002781477688558631,-0.048638673409574174,-1.079805994086899,0.05272929841563195,0.2790301841422984,0.1951145455936567,-0.08451750308652242,0.27448189686790136,-0.47535611885424883,-0.002908323408817867,0.053738677401952664,6.737708289224098e-05,0.01273042125444977,0.3847609795768561,-0.39898342410054105,0.27834907149178945,-0.2958622193649255
133,9.81,1.4828820388868031,6.615495867334363,0.846586892966216,1.1085179364453093,1.5549553459487626,2.3978641885107193,13.653984193325549,-1.9275671787175175,-0.5462903978705429,-0.2568132181601098,-0.6411637667473451,0.006914549893857536,-0.8406342494345062,1.418041422243786,0.3524242918771084,-0.8479537920574515,0.0608099632152988,-0.17325938341644964,0.798212373937515,0.5784953587524366,-0.4773569053020686,-0.28969447440273677,0.0,1.5459988858620666,-0.0524479550875253,-0.040939622744405935,4.860669371081401,-0.558638487963977,-0.47749846929571726,0.5268268644428398,0.7263300275171526,-0.10313049830181362,-0.16514385486619376,-0.06830477227740311,-0.2734584049579457,-0.5102542301050169,-0.5113496319250861,0.6284973768671217,-0.30880492226873396,-0.4244382574497588,-0.7315706839931978,-0.15060327500369258,0.008382048445210054,0.048603620026087827,-0.00039014509071999494,0.011221171625541792,0.4339638735531846,-0.43090457786786873,0.30329062569720566,-0.4287611220754265
134,9.81,4.797045765333569,2.0450086323739396,2.555687961754436,2.473874550652975,9.396724387224287,-2.7974974029850106,-0.41351874370472674,0.6066650042540358,0.09666148230540794,-0.20595367135778098,-0.7114904386221421,-0.3348165463266357,-0.8431557410826546,-0.7563760307830065,-0.4133699489061806,-0.32718922573887527,-0.2075180839012267,0.4055723574183609,0.08525699365843808,0.3532501868863271,-0.0026405664249576355,0.4742015616251066,0.0,1.4156801556425913,11.251037225755857,-4.47963196145553,-2.2376509956022894,-2.908430187980828,-1.7682855769110524,-1.3671922442440945,-0.35240203375381485,-1.163409479093824,0.07149429034489163,0.2749272450008955,-1.418286482309889,-1.1076254640850598,-0.7833868748771284,-0.9015025825178606,-0.42873024964216006,0.5131045245593513,0.3969826312038966,-0.25617931452242354,0.025303841205489463,0.05702832144074621,-0.003874178691518588,0.007553824720133932,0.42753911235203934,-0.38402100566435066,0.2616398525528255,-0.2930835695353186
135,9.81,3.762018203739076,2.60764288440971,-1.6533070663611384,-0.6376122645334624,-1.8271316540411275,2.228510218907946,0.6358838311464341,0.5036694298628617,0.41795960094193874,0.007833703552075522,0.490465624644946,0.5349669368434045,0.7271137640350424,0.3480509142875074,-0.3731416753918301,0.13913844963690947,0.1330682141662439,0.875265519506743,0.784948027857108,0.22688010954141283,-0.04609812359214084,0.3978912642358404,0.0,1.9281859298908688,6.487939091203959,-11.069572459732802,-4.301506625187751,-3.4883865822867537,-2.097466747714261,-0.7291554988377212,-1.4693186669419478,-0.7127569368494546,-1.2180751378145,-0.9760874745537946,-0.0933924334662335,-0.8882242622854708,-0.30554156098157687,-0.6344060960141028,-0.753628827850759,-0.3952834854420164,-0.5853724094036332,-0.2759004498724689,-0.01636937689466474,0.04735979833654238,-0.006328535810347915,0.008035921148507576,0.395970317261799,-0.40263513469283263,0.2011054620351403,-0.29346794377707835
136,9.81,0.654515817163916,14.988178654730964,1.4902474460516177,0.8798673523356545,1.4348607760079144,1.5398778935625315,0.3566175357755944,2.80528485517831,10.425372423820345,-1.909977303436734,-0.4958391272122392,-0.7290666566722943,0.4438172725264935,-0.3529389540622332,-0.1589864369258615,0.7307332605748604,0.002643177177106326,-0.2871388175213553,0.05554719684063697,-0.44814882125930344,0.8464194889398536,-0.1087039697038657,0.0,0.48448102259414283,-0.4703844253269724,0.5939446935806099,1.2192379287063169,1.4050829703717445,9.090602860349962,-2.187467038451828,-0.4842733729775448,-1.0002862134664177,-1.139326995578357,-0.691606759251661,-0.6984981338911355,-0.013628061395825508,0.18420703182849435,-0.18737327459485398,-0.32090684884500137,-0.5829360563836424,-0.2234493661616191,-0.39103435272662823,0.014754925208431852,0.04589107474220104,-0.0015021804047423734,0.011672166868864494,0.40519876292681123,-0.39949827119612324,0.2831724203016057,-0.2852549441648756
137,9.81,4.917276653862346,1.995006726394903,1.668630323891823,2.4810683688028443,10.328405407067411,-2.5943995129675446,-0.10349957741770432,0.9503862786010631,-0.45579482656535886,0.18673185379529,-0.39237486891021467,-0.4936476259942464,-0.2513218369272521,-0.23243417760441273,-0.33018696676459847,0.24988452602983624,0.2986198395135896,0.19560238411308667,-0.7644459543802042,-0.11178016719294931,0.26173557609795844,0.8102059400530719,0.0,1.0174541220500501,9.691607700651872,-3.1710089087257685,-2.291457496468806,-2.8717015674788176,-2.138014051724045,-1.4861299785122803,0.10581492009011717,-0.9383328613358354,-0.568612790297588,-0.03496556055576017,-0.6072623811503358,-0.5247038153814543,-1.397300837185467,-0.8267302717328272,0.10901788705501997,-0.16659748969324994,-0.12868413568956782,-0.7475277014873694,0.016521092315760637,0.05161577299009199,-0.0026190466324288873,0.007371124960267229,0.4794999020080001,-0.39750470436094565,0.2426130269519733,-0.22765566230739331
138,9.81,0.538232748313499,18.226315717017776,-0.5734149048900072,-0.8417802162325783,0.26641598139368594,0.5713756461985768,-2.0260715532720464,-0.33287035159593814,-2.406534335358679,13.83610282035823,1.8659237873399308,0.8526689087852088,0.19751720438900566,0.17837957292426798,-1.1416472805119475,0.4814400314893121,0.14033146256527673,0.3015995200571483,-0.33661024635109654,-0.10575875262806023,-0.9206172956322067,0.1596565649292345,0.0,0.5915901597148977,0.20292724930115755,0.21633350215470065,0.15875076001088412,0.8393165172070947,1.4517523547251479,-5.424128838611873,0.045702274982557745,-0.2990229350781619,0.12098819960421936,-0.18155948342042466,-0.12714402368787459,-0.21574247051344486,0.012853096234519912,0.14958754616573627,0.9806501344854937,-0.2717616203153988,0.4169114219273737,-0.3195628390123139,-0.005677375295940668,0.05001429831729556,-0.002004532468002566,0.014984120004820765,0.4251748986125976,-0.4215632613830649,0.3443140848300763,-0.2884694944633458
139,9.81,1.6923284674308094,5.796747019739583,-0.17007820786162653,-0.3822960430325544,-1.1766805849020723,-1.9250122531443348,13.473390685671053,1.3525590740068312,0.8208469232373026,0.348597500565782,1.0508567519159093,0.22859401553256642,-0.057616392775114766,-0.11066472445337033,0.5780793871168698,0.05154287655365908,-0.24737263145310917,0.06722563362463774,-0.24624514529284036,0.2195351765811508,1.1813707155412996,0.31234125154428183,0.0,0.3012296598081619,0.11654851029818991,0.9670113853043112,-6.1658312948117135,-0.9520259765700492,-0.4765920255587084,0.20526710864376624,0.0891986406061222,-0.3917848875291987,-0.8153075771414251,-0.3153229355788397,-0.768518943345797,0.06202884846073192,-0.4186585500604749,-0.5026024641978727,-0.07472810566340793,0.37119609035334533,-1.1837532711538985,-0.06442396520748284,-0.0016839426520953162,0.04839805285516044,-0.0028679149653280996,0.008907333338969557,0.42971144434905306,-0.36545133167006605,0.25727364902853694,-0.23520662316573382
140,9.81,4.627958681905712,2.119725061149512,1.1246116185562376,2.828091939994782,7.179267147979555,-3.138544403808429,-0.4642872349430167,-0.5371989139894761,0.026638440352800274,0.28278646384312045,-0.3762086974711605,-0.8474340558624083,1.211708376785026,0.29101140789716184,-0.615684882760287,1.1781102427360604,0.2872900660580943,0.27318631735687354,0.3524596739095818,-0.36495254631499513,-0.5559468528322588,0.10984113208443114,0.0,1.5842374592389028,10.562810507219394,-6.80494640490882,-2.6336007750867294,-2.070718711327324,-0.6571079020903905,-1.382251913798748,-1.8758271583396102,-0.7498589498973254,-0.9518709255989908,-0.1423824484447942,-1.066531215271651,-0.13430323130845656,-1.5570301841242862,-0.11510284905332352,-0.5176674519253796,-0.8659029633878871,0.016985629375408207,-1.1718627736471172,0.011134768500556806,0.05326690806665395,-0.004649539922949523,0.00687901688941838,0.41186807970635014,-0.3858488744378662,0.23894609767190234,-0.31773713477349064
141,9.81,0.8617447237541136,11.38388171065744,1.117270218186969,0.6333851785803515,1.1256130094557733,0.87470942704133,1.127062345476497,3.5120995706006246,-1.7493329168724863,-0.6121664462247265,0.15630759662843685,0.44399753522056595,0.03474392933895737,0.7615186490247647,-0.22366384017994562,0.058365459470240216,0.10715564187790588,0.300052425013575,0.3185500130742157,0.6413160617639411,0.28865458288455015,0.5496601878551133,0.0,0.22027317709659122,0.22010757106325757,2.0044845266610958,3.518579235730985,9.528371400938884,-8.145475225765137,-3.4793829145326067,-2.135772007294176,-1.3831811917305221,-1.32987025988413,-1.3982520202535165,-0.19775860339390605,-1.6232599273019956,-0.7034689582671325,-0.49177249564375936,-0.4941040692549435,-0.12279070273001913,-1.2095997468857336,-0.5494313536593131,0.01106208136818781,0.04552597482557006,-0.0030150259973103005,0.010936896995284223,0.3747475235665419,-0.37380492106271784,0.2713245256812458,-0.2684971824823943
142,9.81,4.346220668991476,2.2571334377912233,1.7145130421479546,1.2122645012902495,4.330803122985452,-1.8546556032885348,-0.953102145351745,-0.20669956428198333,0.10313711423877647,0.8415520155833632,0.1331533304618414,-0.972690269376408,0.17463005306645718,0.1418173343580803,0.3582752789003034,0.034741623019490867,0.21540365665751415,0.6559293280687617,1.125674641922689,0.3404031143137519,-0.13758519435653227,-0.2473629459191422,0.0,1.6588676527318624,9.681902147559741,-9.575486091445075,-3.385661606410626,-1.8249133156448698,-1.375483960825487,-1.496083417707597,-1.8733837850500574,-1.9551044038720862,-0.684930251094601,-0.48744654302909585,-0.09833105711614287,-0.6942791017612948,-0.9140811633368691,-0.8729019317141761,-0.2630431091834319,-1.3120196444279915,-1.0584844445816664,-0.24256132903941038,0.01697537665493025,0.051763878309690814,-0.004853986882957418,0.008792601516294955,0.4188875544331009,-0.5030483640237806,0.24666101772827315,-0.30038208220114926
143,9.81,1.1510482881711348,8.522665904474614,-0.4954490783833694,-0.6436366276009993,-1.4945573454651264,-0.84991092141085,-3.6860838268846887,6.899577517300196,1.4533587445732365,0.7682000936608911,0.8257028854315629,0.5637266168117354,0.7623876474017321,0.9293987043710177,0.345683904253826,0.8826884200745485,-0.10468111535525713,0.5544652860076005,-0.08489751537567607,0.7109073820513718,0.2706383905669566,0.7085673594894409,0.0,0.4142765475802363,1.2454108845291882,1.3273540719694095,5.060493635368828,-10.884772688736643,-2.5213120547633086,-1.769212365451292,-1.3201456716793643,-0.9824215524132403,-1.238305668212704,-0.5815989144647286,-0.6808219547693571,-1.0094737885703398,-0.4605265180401342,-0.8514899220107317,-0.2573002274151411,-0.7303527410230293,-0.2253341418031894,-0.19304677534584064,-0.00490543641963732,0.048696187721414576,-0.005646800017638581,0.008839880423133767,0.38407702043081937,-0.3734538639228971,0.22600056191167714,-0.3050778540916141
144,9.81,1.3065848497812529,7.50812318208219,1.4776598231000364,0.5933854135710555,0.6082897079509646,1.9819489650198225,4.104044354849134,-1.359863706692935,-0.5815570705968163,0.1974808690628658,-0.593018214268693,-0.055319031496298965,0.04102405784574538,0.5677932624249356,-0.2944851858577265,0.01629147300803968,-0.05679832830220649,0.4587312195925618,-0.23463761949364526,0.29573719246600244,0.6258397907128453,0.15616370781562333,0.0,0.8216611065945945,1.8542663318439885,1.9808432732462935,10.54184155104495,-6.860333260760074,-3.4343273828415835,-1.844091629744277,-1.7017356207951397,-1.2253855547742756,-0.7648178295277708,-1.3098015725735572,-0.9484314757271555,-0.9626261505746097,-1.451819500825159,-1.1170305320558669,0.06377017089106735,-0.21897778110972665,-0.8088961680695805,-1.0676775152358449,0.014630295278218183,0.04634411239667228,-0.005126068141328394,0.011391777571640534,0.45532123306365613,-0.38668608945548655,0.2413999591727025,-0.2799362927132768
145,9.81,4.0310306298465095,2.4336208034156113,1.7669999949528992,0.43275138113321887,0.005970472267786998,0.5685352419736157,0.5206048584096339,-0.13863750775301786,-0.3896271916462542,0.872170572374351,-0.5524731313795114,-0.7105527602635232,1.2229844190056032,-0.39250310480794254,0.9175116473534534,1.2676830669665884,0.5744369680875914,-0.07563155565003109,0.13230951183497125,0.939655632789725,0.0721206637039904,0.43373146857947653,0.0,2.446486656784166,7.936541561155127,-10.2087932683474,-2.727732570894907,-3.2839885556752257,-2.642195601985208,-0.8541655913250278,-0.9040024246129696,-1.2324470346751082,-0.9960234161845264,-0.8489394250623975,-0.6925451502195411,-0.7834262502404201,-0.225347924095744,-0.3566573462163454,-0.7986747894321342,0.06761509698666218,0.09693001096269988,-0.9521348473861614,0.017495049454979202,0.044990603503273704,-0.005442808256727804,0.007621163376350458,0.4986742320902074,-0.3616696760002583,0.3002996012432448,-0.21783749516266127
146,9.81,4.529408254754425,2.165845834210826,1.9224096925222618,2.571287791865641,6.508654442815464,-2.259690317082459,0.09068554079801983,-0.5336036156904116,-0.0832982453447606,0.2389450051308174,-0.3459261947834986,-0.5577902148975264,-0.025278500988463348,0.3962215177006342,-0.8403373335713389,0.46115871455311386,1.0273950200023205,0.22925704252903076,0.2239654685294202,0.01972759023443188,0.6353855445335885,0.2717961563681957,0.0,1.252523051344248,9.126145437186802,-6.649173819432305,-3.168543179730509,-2.535384749597182,-1.4188865011028318,-1.299585467668344,-1.6845899606136179,-0.5711801937286529,0.11616968609140987,-0.4059457592275132,-0.6234404012952348,-0.25607236428816604,-0.7518616306695407,0.254093701344966,-0.46715612648025306,0.10820231995634372,-1.0288889463092743,-0.6945940705083518,0.019033759331903582,0.04392970475072838,-0.004539771734931422,0.0067877636638986995,0.386729558354321,-0.33459687459667714,0.24317610530578748,-0.19196320295034236
147,9.81,2.5733044673253387,3.812218928837595,0.5897170812279374,0.28217538191779457,2.1373056166857953,13.862843754842366,-0.8653367080555568,-0.06108820078471644,0.12753820060056364,0.5784950006078414,0.10995804912768592,-0.5313906283573886,-0.28341364411599845,-0.2536664238833348,-0.40527262109495665,-0.06648935589730481,0.08478998863779674,-0.4924561884818482,-0.24877555568074322,0.21603165842062588,-0.31147342848138243,0.6670340752097534,0.0,0.056730928949832976,0.17657925640984462,4.4236452621723155,-1.311495504134592,-0.3231838887133253,-0.5773507013140217,-0.3311658843824723,0.15668600096027163,0.3404898659343819,-0.03396564842076141,0.6322524285356297,0.06490325205965478,-0.14340945355905016,0.5773627016087862,-0.09328502910539963,0.42384744712092626,-1.4335833107739282,-0.7621344400534223,-0.48972598605295403,0.005838782982454825,0.04648904880424437,-0.0004032071455168426,0.009634484519869453,0.3777765663914995,-0.4117836008919247,0.37856272714168027,-0.26302203922241213
148,9.81,0.6731765699099914,14.572699702414878,-0.20963058073914598,0.2692021622915035,-0.5510189741105567,1.5530005768691981,0.04902217389375274,1.9787441174478773,13.286208846787979,-2.4652935006687127,-1.0588608770798504,-0.7984322482660504,-0.4042418170795341,-0.7496277365346915,-0.2091907878743604,0.09459474544075597,0.21488218010114457,0.1497657874245646,0.6594100867025757,-0.6079694506863113,0.15638581607973367,-0.6368541421406599,0.0,0.883462487550842,0.42327029463779975,0.2353934803886008,0.7605711592685143,0.8794634771655649,6.088068627536312,-0.8323887341482944,-0.5251807210449928,-0.320814668316189,-0.8282188257578756,-0.1321947100288341,-0.3441380165252702,0.30344850760635644,0.3617247446190157,-0.5283729569677431,-0.6221592506635443,0.34070266025564694,-0.8482917435261788,-0.2072494397787297,-0.0020755503043479815,0.04828001816854263,0.0007846534851268822,0.013241078145268566,0.37245905947032465,-0.39053285940412974,0.3414100252041713,-0.32146259728071164
149,9.81,1.9188736709564211,5.112374070519409,-0.35889692420897806,-0.7641473263721483,-1.614069673423117,-2.720039156278806,4.083926078539153,1.2750547169977164,1.1552111815076742,0.9865102736604929,1.7888283890155214,0.6785432022892377,0.711001602141368,1.0873623435020434,-0.1414625792934906,-0.34690244016466754,-0.21437594405011204,0.47388333909910685,-0.3576309107978308,0.550886849470726,-0.1976300961875001,0.18363077860813073,0.0,1.0798069404809805,1.8043954221881742,6.41800166101644,-11.357235481907656,-3.873170041454143,-1.331507016719364,-1.4302844662525758,-2.1007186249191654,-1.244122390568735,-1.2546830715337491,-1.0498787174915194,-1.0950530199781323,-1.1034806146478924,-1.0589636682530672,-0.6369426196066985,-0.551076246096614,-1.0583964389956946,0.28847393617892503,-0.14876413443587075,-0.0035534348931581944,0.05147210439757376,-0.005866196821160768,0.0109789481907205,0.46040337184650704,-0.4362923115945846,0.2141757658428768,-0.28881676260522277
150,9.81,0.5688196236158574,17.246240447261744,-1.2082105774225624,-1.2257718989070985,0.1625231673335894,0.20354455906767566,-1.5196830430588821,-0.7528382719926764,-4.381547742258341,7.45982435536704,2.3073054208775203,0.5297831306101135,1.5941577602739299,1.4980931552526342,0.2219398208946053,-0.13921972216802608,1.1378578567233446,-0.44657304356894073,0.4210106888684823,0.9917342187305572,0.6286834119441806,0.9597778826346135,0.0,0.6718893214554191,-0.21919011030381041,-0.4929753039628423,1.0165028366106252,3.057564261071631,5.067958104289426,-10.521030523333087,-2.2830245361570727,-1.7505523997134658,-1.297513712276393,-1.261390860884395,-0.7347940792777995,0.11241205062476733,-0.953932011254871,-1.4874830315237375,-1.0636973376498382,-0.14839047259602603,-0.3822661007316592,-0.8216131735849341,-0.01196248096457983,0.053305924088698546,-0.005061734853417321,0.016545049794316025,0.48745453709446085,-0.39645862004139815,0.34297029182331124,-0.2594291731399721
151,9.81,2.0712815830899567,4.736198149053859,-0.2010780909253706,0.35791612736584827,0.17803222366704602,0.5172551480989168,-0.21465118839328134,0.4370539733581616,0.07849524245520463,-0.4913977788502927,0.6336557037059077,0.381373990431508,0.4509184823076293,0.28250074480597104,0.4768792958916989,0.6317991083632333,0.09564785479905002,0.7437356410625358,-1.0141778449574124,0.1911702317559966,-0.7297069467553773,0.20749750592925514,0.0,0.5976245592017524,3.054128781947047,8.690837106699743,-9.582546788755401,-4.225403965796524,-2.2497543091495174,-1.2149254126573028,-1.4957377999678454,-0.2316190856939726,-1.1457370070087491,-0.5946706352144757,-0.6163552908141041,-0.9588075315545159,-0.5487146337793187,-0.9435832889540339,0.37474108901323644,-0.0107454191218333,-0.10222378889509819,-0.5574274182511384,-0.0019908721873799075,0.04434995963588995,-0.0055109217150834736,0.007341394179292333,0.33520597511674827,-0.3951030536514484,0.19365056302129133,-0.24050666553825306
152,9.81,3.466895084991357,2.8296212488427397,-0.7648559250903502,-1.207127435951773,-3.776811997616586,6.991020620026424,1.1048267540215693,-0.07902544713278692,0.6943347932071158,0.3935657633569569,0.9292065615959963,1.042376276213409,0.7790940006346283,0.7116293463354579,0.4913433844755618,0.36995815323221065,-0.2279800304307556,0.9337437527362081,0.03349809441369472,-0.1999459298021088,0.20293380389025162,-0.03213911197267094,0.0,1.085239332865692,3.199264986964741,-11.947743652612756,-3.1822211983266846,-2.1183145720823404,-1.3191339592620337,-0.7896205989811051,-0.8766151429680995,-0.5972579584184279,-1.3289852018584252,-0.43453440892292117,-1.1370388787684238,-0.6970418332195691,-1.0177014368042991,-0.6941479134291115,0.2369692312907975,-0.5802634698443335,-0.36159129374471427,0.18223062128884288,-0.0075728309414886145,0.05109370644177376,-0.003952238569563418,0.008248017714823743,0.4979361922164314,-0.443555180386682,0.37283900850912277,-0.22208141062032627
153,9.81,1.6934725948700868,5.792830678049777,-0.5308471164874646,-1.3448877295688284,-0.6998293236397011,-1.5926615019206576,13.680719371628776,1.1841154767546604,0.6224091701984235,1.1268544106239706,-0.18923711930968423,0.12094546858627375,0.24533542261467117,0.5999833896278736,0.3539484869317663,-0.8563350300970619,-0.3181610009339246,-0.7404931694012423,0.27092274072757516,-0.019669523297595692,-0.026715714507084765,-0.4041115708362394,0.0,-0.019834956257221953,0.006851223972505649,0.7604322892640218,-5.092390452924837,-0.46609728301715814,-0.2690096539574316,-0.6343994302964394,-0.20286315846752842,-0.38008717993036784,-0.30300129436888984,-0.47721797974523017,-0.6030740327506743,-0.536604339546362,-0.30196094466102236,0.09809233302926028,-0.04291644459754808,0.02626110424121269,-0.3556462021993648,-0.07094732817626774,-0.005255912044430334,0.04593150529640992,-0.0020419353650900553,0.007806079371745801,0.37204215321332496,-0.38042888296533883,0.21690802609905868,-0.18131057199032644
154,9.81,3.434084772984251,2.856656328689003,-0.6526992595256988,-2.1153138900530832,-3.3526365027462544,7.155931852938539,0.9747900219661836,0.08569149709603907,0.5926742088748327,-0.052797147191703475,0.209730981959392,-0.31850521990489433,1.189720071264001,1.310017535631454,1.1316100749990332,0.6587815107498144,-0.25237455364288947,-0.3022257054860783,-0.2045584787115574,-0.43199847506802064,-0.47049945816265526,-0.4554224232990781,0.0,0.9364454293757352,2.644042425419436,-11.247218638026508,-2.611868918572188,-1.9278666497941135,-1.805811458694436,-1.0809849193840835,0.07794425880963396,-0.1265378909894475,-0.8160406969078329,0.22615661984817764,-0.6399773353547396,0.18898486665292225,-1.3877059042405109,0.15406910591801629,-0.09381653346160346,0.003968350373118504,0.1665109909365547,0.036757483826579285,-0.006462368906195044,0.04687359737452853,-0.003649082035192979,0.008774769155853688,0.40754321450848696,-0.44957573190098954,0.18450868349983413,-0.25191149685872244
155,9.81,4.673660884805858,2.0989969622940463,1.78426222755055,2.2385767353521002,7.647743293679886,-2.953713396396372,-0.7998563836611048,-0.8600957409709008,0.415266677680903,0.3707409029776353,-0.31277276148640587,-0.19518343093958795,0.5189737581228785,0.007888320344299427,-0.17980998149338773,-0.044985763149154756,0.24369552888524088,0.9652802062854495,-0.34009942936445836,0.5483827470115785,0.1407169645287003,0.25072460785770045,0.0,1.6693507123425029,10.923430183964376,-5.850601047632569,-2.4323516575730095,-1.9710862794879085,-0.5702569604763598,-0.10648975782650127,-0.7030277018106014,-1.0830838448262912,-0.135966813887068,-0.4927252118102384,-1.0620336888038142,-0.16959155696182704,-1.2377263888170198,0.0715839014460343,-0.04611082323106724,-0.6973353691469759,-0.7626360159993293,-0.0318596817674362,0.01766596264901537,0.05082773798070428,-0.004378032704905098,0.006366507787574852,0.4077321355863222,-0.46990222852367314,0.21711293525573683,-0.209042459819176
156,9.81,2.597624413629954,3.776527487394292,0.457876104531142,0.3655353456078232,1.7560852038132535,13.411933169571235,-0.946596270559585,-0.3672275524163744,-0.7554690514973015,-0.32146988270861776,-0.6335450513420354,-0.09733829288137419,0.26366981491767505,-0.3738138123628312,-0.1001408884709436,0.14636824462221915,-0.16183332444813883,0.6107631545811556,0.36474934328463726,-0.0002488255596077016,0.3595071321960814,0.31816276817014816,0.0,0.5288169419849534,0.4533843405018919,5.091436293105793,-0.3362540176345983,-0.1224177974854021,-0.3156362119164979,0.40458976182854756,0.06758108137024496,-0.01553849511817812,-0.1927082583436619,-0.43117836244104774,-0.2485064669090003,-0.7422992167511434,0.4393620277202228,-0.4511156994746462,0.5773563375929075,0.5700668236264227,0.36346431857577144,-0.5229233713949928,0.004533426777536052,0.0448965950855838,-0.0006933369659965358,0.009493066703993866,0.35356257373268507,-0.3711021232615318,0.42267873460236305,-0.2834448382176241
157,9.81,1.4319930229948985,6.8505920367427295,1.118034741578059,0.9591658717802769,1.3716989287324612,3.5925598227613538,12.139749393116155,-2.5451706213347984,-1.1180502053555714,-0.6706772479820913,-0.6644703651401627,0.3170196185716715,0.1579462357976899,1.1211199827113032,0.20120236604250918,-0.3220295797842478,-0.32834872515197566,-0.40231244537275224,0.0069922529337955175,0.6547192322377624,-0.4525529658638546,0.6858859711850962,0.0,1.1737925267383273,0.3251744557990598,1.0786864683176778,8.518003968813524,-1.703590147356453,-0.7586194997697194,-0.7060980784094875,-0.6221359454017972,-0.5091599682943697,-0.9052100527581134,-0.06901660897378215,-0.20985370837063366,-1.1845782545990924,0.16137339246128773,-0.13267317272455786,-0.40225706274894857,-0.502774145897965,0.11955359162609155,-0.43898863101216906,0.011069650906713456,0.05265894177418407,-0.001414942235532754,0.010345883082245036,0.42413052799634915,-0.4682469404090931,0.3106623572052697,-0.27039168432838745
158,9.81,4.652214100878999,2.1086733729959843,2.1733846425161047,2.8416426740816494,7.67877189725726,-2.292654947512089,-0.5800988818519894,-0.9854615485115636,0.06401552395405075,-0.29700472835052094,-0.4618812970796854,-0.39790187257622833,0.5223516593369522,0.022764835371943543,-0.7575261613232405,0.1474219588799697,0.06875899178635156,0.4892399600791807,0.08976418265993452,0.15838349848449323,0.08318300592991063,0.01774961455306856,0.0,1.9417137204999388,10.637509252582056,-5.865038875987615,-3.6540633392356545,-1.8229180606594029,-0.840455055534818,-0.8309619865454478,-1.6389803629813633,-1.0806771427134758,-0.8538093697500287,-0.3924087032716286,-0.7310814687240897,-0.9086911433884193,-1.249867760249766,0.253499346135275,-0.006002265347121422,-0.3409289807485403,-0.1699008229690335,-0.4845640219510734,0.021518659826892113,0.051461447351250716,-0.00417825290363789,0.005596576243954888,0.411205850781559,-0.4775027934235804,0.22444894050447994,-0.16129091632388198
159,9.81,4.7563547492416935,2.06250385372622,1.286339009977166,2.723826977987562,8.324688695050968,-3.425248115008013,-1.3280481304240435,-0.44637252645585934,0.23361219020204915,-0.2149693625127057,-0.4614641723558668,-0.8257164488991183,0.03880171121871512,0.5455945086034296,0.16638781794529858,-0.20780167866199475,0.5647937716057535,0.7661807313054991,0.8643245648391348,0.6938014344003947,0.30093926984335995,0.07872564411908844,0.0,1.9581490685415608,11.123948259286365,-5.135501239695681,-2.7283168602484347,-1.744474710547348,-0.8453661690755494,-0.6511828821216221,-1.3143972620752116,-0.4974062039146807,-0.005828249049809275,-0.3355376777520845,-0.8602557792576898,-0.7020380671883948,-0.15834844547231686,0.09993518509944227,-0.4204386386695682,-0.768081554644354,0.744916140905605,-0.442778632329208,0.012736029801754133,0.05411787720081214,-0.004497218460859353,0.00662188363980162,0.3909907136296914,-0.4929077606691451,0.25762529995150973,-0.23941470711474672
160,9.81,1.1070754426354346,8.861184723461058,-1.4036131527083577,-0.42895507817438805,-1.9394629120270883,-1.266658806073497,-3.2310498997630805,10.328827309191668,1.2193171485808685,0.7304833791799041,0.409051924326129,0.7041410799751362,-0.06135530166592906,0.457604537140124,0.7808777073651605,0.5660191204978635,0.16391659396266978,0.06962593743342649,0.13061476417965934,0.5373236740984615,0.6299196054349936,0.1214128950538998,0.0,1.0227923969310817,0.5521439158665986,0.9631067273915659,2.4242686748153597,-9.160948214411924,-2.24047914796993,-1.3108464321776272,-1.5144735531259073,-0.25300036958095967,-0.6705211862847573,-1.3108983922879511,-0.873626401857738,-0.3493221802018355,-0.7445046615682934,-0.41647954598844483,0.15877537664919084,0.001292055346800186,-0.48600256483989934,-0.7783152558372899,-0.013897159927805533,0.04819578407696112,-0.004987262996151865,0.010502908144466618,0.352605643644495,-0.34688776359740386,0.255568453337055,-0.2116776928489898
161,9.81,4.548373401956369,2.156815004630111,2.7967370536414125,2.5043584220574377,6.466009123547469,-2.3949287535651678,-1.1512464414247734,-0.21633438688069118,0.4149442597164656,-0.5000218048863139,0.31082366497562375,-0.9530837165896673,0.23804376313022052,0.2910819370472484,-0.06356564116130764,0.8704294639271751,0.4985953766088558,0.21885323687678976,-0.4806869165422748,0.01858724677373949,0.060471466450358086,-0.32663374045269905,0.0,1.002517998366915,10.79253705689053,-6.960545036779198,-2.584821969385483,-1.9960157513901713,-1.0727733271285613,-1.153132619735856,-1.0070234521630026,-0.4960688195850458,-0.24924591051079592,0.03797633806511613,-0.5818990377843947,-0.21259927594665068,-0.9109298615462103,-0.6075706564135575,0.2784438868899255,-1.1951798066186743,0.24639240968577705,0.5015658510488759,0.02769046587763775,0.04991538097031835,-0.004474567376914337,0.0074636966640180755,0.38192401009531324,-0.3772347555054993,0.214821597567425,-0.334780816320846
162,9.81,1.8146712507728484,5.405937850077269,-1.6965150208093471,-0.8387855123509205,-2.216639387783259,-3.04487518858347,8.793735010789478,2.8728477493674527,0.24258540056534794,-0.43139949236018976,0.4214375800796678,0.1335185580573795,0.9271197355745102,0.9520159524680316,0.21434463968513906,0.6479950005361752,0.11910613821351113,0.6081070923200433,0.11842092653399305,0.6701498151676999,0.3055062984743593,0.6389763823308586,0.0,0.19256261688076354,0.8917191831767117,3.510819911560676,-9.88008373320164,-2.7396809901472476,-1.3481894800755025,-1.15462887174154,-0.7208418398205301,-0.27639662479835336,-0.9772702127423115,-0.2755763394356143,-0.3315626017558839,-1.1604349091751747,-0.31464686298341754,-0.5289552515200493,-0.41917470547605623,-0.821384118864097,-0.8365750243190877,0.242358777604641,-0.01679717842385492,0.047277042383217206,-0.0038705389644415524,0.007655633868456031,0.39417520474195816,-0.38721036145665527,0.2280331532522766,-0.22513485280589174
163,9.81,1.0767894944911065,9.110415777817588,0.25677070075879527,-1.1854460398060194,-0.2453985408626138,-1.5854421921092152,-2.3706684101353974,12.959250716286446,1.4611271171189468,1.3721567714310992,1.3981916298729402,-0.07140213126187778,0.6512200279812692,-0.23616000700311157,0.8567363270625773,1.0903825808044272,-0.20011675539004325,0.02342411523968202,-0.2097039189429235,-0.060024359651327214,0.474451902381495,-0.1377308375091793,0.0,0.41303314036106464,-0.415839013167676,0.3864811380564784,0.9143041016149602,-7.136023849348205,-0.8957781823440929,-1.499291070724103,-0.17797006355652567,0.17684825371515123,-0.35934838342915343,-0.8720670033041845,-1.5399898317409273,-0.324065656126202,0.048415776721783044,0.15906816180847466,-0.041410609680688784,-0.07160142824033991,-0.7878596931685367,-0.47760472120829656,0.0025422841659286737,0.05232097652796159,-0.003062108357240073,0.01746055064031816,0.5429006270434882,-0.4410423238910245,0.3934662229391422,-0.48236163007123156
164,9.81,1.0313451060496204,9.511850051410454,-0.5797010538122775,-0.7517782120863856,0.45446301693253055,0.10527610012425326,-0.5775507572463088,14.609407575021203,0.4510038808228889,0.77791106859214,0.3134398161988601,-0.6316990145381047,0.312514139494256,-0.4444704967713244,0.49590740904539193,-0.679719566985872,-0.14016206434712725,-0.5150444348761724,0.32136098267332563,0.004919874290933823,-0.4069793041542865,-0.19270740856280394,0.0,-0.40301780041369556,0.119342962794162,0.11218875140745643,0.3391411131050695,-1.824474525488356,-0.18361004389984073,-0.17353020501585342,-0.1989827441359287,-0.21912262063331397,0.26607257177508664,0.11189843156690726,-0.07514796214764544,0.32885195659643446,-0.2005743039801506,0.40140925988287074,0.2583006923041903,-0.5205852128674924,0.10057359263167116,-1.303767649952322,-0.005739614394180961,0.046348272581318725,-0.0007867282966587779,0.012414199820945342,0.4227938631899467,-0.3933996069529914,0.3092492095340126,-0.2834359579770851
165,9.81,3.9175253468833118,2.5041318514517332,0.03816753326896982,-0.2870338939078095,-0.5763580603770868,1.1035983623546193,1.043497796477438,-0.18576338319912572,0.1059021944565441,0.876490421778936,-0.2842325461781769,-0.1721930983122666,0.3116647752417594,0.25749879760899674,0.1401975277256231,0.09841057089784613,0.3703652331951883,1.2511383769570832,-0.0030198101676449374,-0.007184613341510493,-0.4361027096384593,1.0501925786428525,0.0,1.7127944293933735,7.552178690351542,-11.473403690566707,-3.6773500368951506,-3.121684155701544,-2.0934505690783136,-1.7687418000831852,-1.1057262056548194,-2.067505238081509,-1.2446103704276974,-1.7857798838160566,-0.6066585044296622,-1.1592907480503256,-0.1725847458413936,-0.8323984127887637,-0.2095930914758546,0.26605489606867255,-0.7223613256330816,-1.4036499885722138,0.0003778963689997001,0.051623730158415745,-0.007154592419045408,0.008792554765189428,0.3700235195914655,-0.4499193866286817,0.24794777165592483,-0.25425767413275174
166,9.81,0.8979913148847809,10.924381825740372,1.1817795147517243,1.591117013986858,0.9205281174465265,1.4798130921128017,1.9508247353598518,8.093015014146259,-2.967383299289314,-0.6255124881249241,-0.07079107664639883,0.3012443599135013,-0.21304603535612965,0.21147396672768468,0.5275699025026289,0.6056651971844289,0.19405505238546622,0.4090818309424282,0.2431188208341611,0.21322827892106805,-0.06354156743664717,0.06167679007264584,0.0,-0.3340290669329923,0.03271482519705482,1.516493066790256,2.7766612269553668,10.407653694139324,-5.215362235008503,-1.5171826212404873,-1.1841440436355355,-1.0333686542745073,-0.9980197230204487,-0.7218307409982445,-1.1868420155993165,-0.7312576093043173,-0.5437908946710058,0.0012429312384637514,0.021194121780306996,0.0724485750859809,-1.3347538201234488,-0.44507262874829634,0.01170078727476955,0.04909067622896012,-0.0030126397866488373,0.010119139665289188,0.4060265238669375,-0.3666935389830212,0.23168581065385924,-0.19723521032206215
167,9.81,3.9341828462285195,2.4935292495122074,-0.2043145610405115,0.5019073681174091,-0.9335341680520743,0.48292176697781725,1.5089714896785067,0.5982880533592912,-0.1429353588766701,1.2876340468907899,0.5943270283701177,0.4241327674552194,0.24036468743399098,0.6288586846891576,0.5077772280616171,-0.6491822103366482,0.6839784256933804,0.8798916510871271,0.2531415720928828,-0.39242363958946924,0.7710328486751572,-0.42520973634923265,0.0,1.677148710218183,7.9749613983547265,-10.626880657825057,-4.2813545260955586,-2.516560433410058,-2.7127165546704335,-1.9702730197790665,-0.6774132861962044,-1.0251167250509843,-1.276120465198153,-1.1289383231807728,-0.6816470629191222,0.21556568526006537,-0.3488399701301268,-0.7158294837999963,-0.36774182227642205,-0.09717611762404949,-0.20913225483618783,-0.004195878782584952,-0.0020229164459456585,0.048095712965266504,-0.004614548828608637,0.00901851851978526,0.46822733982745446,-0.38062318356462943,0.37385057678992223,-0.21398838487638316
168,9.81,1.5782834929378478,6.215613382447202,-1.0947642964646216,0.10550945967903669,0.3375265600808066,0.02204219545126418,15.506868330431848,-0.17045071264093803,-0.27571229439791534,0.31228602485818135,-0.43886365025327345,-0.17374177215248154,0.6822639261015966,0.44621891301431116,-0.16416505474935833,-0.2761574609570087,-0.24978366243895866,-0.10010382391491826,0.2710865253510844,-0.5087903875313591,0.21184807755172086,-0.6371783118951334,0.0,-0.2108335729676884,-0.15031033264900256,-0.41016138717769635,-0.18947850488620668,0.47103083590109096,-0.6637159427499071,-0.4397195299400292,0.41156759797672104,-0.310001163370741,-0.05864782267720925,-0.802385994142645,0.35108650976325834,0.1051300211068828,1.2427315008314008,0.4683649874745723,0.30609695197953957,-0.6140243265530664,-0.15444443379317102,-0.11148199572163826,-0.010839250460045753,0.05036216100767879,6.25880637382642e-06,0.009528120130438468,0.37310543022991693,-0.47444472218088557,0.2773355270054534,-0.278448105894122
169,9.81,2.3845270546531423,4.114023357737487,1.9421639770105723,1.8248556934786868,1.8537889173582158,10.172729321230563,-2.944853813500872,-0.8305271697617016,-1.3784386940192856,-1.0661887471872162,-0.8537497501750068,0.477196060949345,-0.13777240054455575,-0.4396297820442438,-0.4049382196632738,0.11367862427518743,-0.24010646139738562,-0.36786990712728596,-0.0387916210735017,-0.10739248908843493,0.0011441725427645544,-0.3124993060284567,0.0,1.638799534468393,0.9665027475539765,8.97382152192531,-4.654451536315538,-0.9467275224747732,-1.254146638361286,-1.1014016785139522,-0.114138090421953,-0.33545770385439,-0.4935340884935685,-0.6080518082061819,-0.5194477432210923,-0.3173450930983799,-0.12888529147363315,0.07840454616227943,-0.9259732146619666,-0.07055019136823859,-0.2632524015576311,0.11156984383230131,0.019229346307035378,0.04911823134089397,-0.002571717070337049,0.010190737843457767,0.3962168200765252,-0.4144742770301778,0.36672659657364604,-0.22239628950210394
170,9.81,1.143579675695307,8.57832664264117,-0.6856807338025941,-0.8226107792147355,-0.992278596225367,-1.4741206021109505,-3.3734055180537657,7.553200299268968,1.29628183590984,0.798129790222127,0.8321173079338056,0.43973929360294683,0.059283829092087625,0.15284336708825333,0.293042516977094,0.27485492672418105,0.6933541449416463,-0.5276873660495875,0.44185873392263075,0.7232823838029845,-0.002656166526449788,0.07429499616948432,0.0,0.9109956044771778,1.4637547628020275,1.4827618716866995,3.9123027301444475,-10.510796617269923,-3.2388530215433713,-1.1287797091286853,-0.630113938046687,-0.9338354497568978,-0.6165679554374356,-1.6476686609535762,-1.236908785675117,-0.1034515527317953,-0.39347818389508377,-0.12074694042487133,-0.10823695116672802,-0.3866742639316978,-0.7011547612058283,-0.26332877673338445,-0.006788918156461329,0.04661294076974647,-0.004881246966917442,0.009232828985758407,0.41301555160849646,-0.422476883443571,0.2551681221274536,-0.2924648286335566
171,9.81,3.437014087050983,2.8542216445837,-1.4961580524386568,-1.6361906010166933,-3.607781664978946,7.043583470519815,1.7343741650584512,-0.16395862704993713,0.832208748992584,0.16262907647701824,0.2024273817362381,-0.08665246693196993,0.466631424636955,1.260107620004251,0.648048496391852,0.048257418889479126,-0.22636171704981806,0.06914474077814697,0.28863639005302705,0.2744608028894419,-0.07837714828329972,-0.4118167395880866,0.0,1.2843938976660354,3.2957849504277466,-11.845899346907508,-3.015000360439264,-1.6158102589028172,-1.3425628781494576,-0.8165866136319897,-0.8442127768028204,-0.299324358601298,-0.8438630862039745,-0.9909357782943504,-0.9767633330170489,-1.2007909432843773,-1.025796855704828,-0.1556934116768732,0.03857553602083416,-0.5428647140820381,0.641423574389765,0.3077919173995525,-0.014813446063749082,0.05026128083904107,-0.005256089505276059,0.006538274654685261,0.4070638871531226,-0.3964106577726979,0.22129508689751962,-0.16911052009446875
172,9.81,2.5600366708445024,3.831976358668287,0.8259963064363922,1.14764409787043,2.423020364330833,13.788581096466528,-1.4570606829725985,-0.864695906895041,-0.8908749800910869,0.7728318447322492,0.4172048019907957,0.1535371904991789,0.11351968028630954,0.3198764147283088,0.32645412669320417,-0.04815416832875408,0.04507184683569801,-0.37197031101721456,-0.11341989472505709,-0.5669270331485252,-0.5182111180107883,0.46541535879742824,0.0,0.8325961578921196,1.141095738051524,6.395766501344517,-0.30706012996001647,-0.06177620617792723,-0.4612799761885953,-0.48484233881507427,-1.0257375613240631,-0.6372444481330466,-0.8187799001983707,-0.06614162763256876,-0.4604322869668877,-0.4318948694608867,-0.16550270422053598,0.26105640189936796,-0.1554644295773566,-0.3483005908424598,0.21246010740109406,-0.15018017440351875,0.008178181251845466,0.05084967825829006,-0.00017833880856802514,0.00830119685407891,0.3604831086799393,-0.405981790632834,0.23930315455475223,-0.32509839729298884
173,9.81,2.2722356810197644,4.317333840826466,1.427482831497199,1.680468863251795,1.7900383052008808,6.8307938003624376,-3.543040527965253,-0.2850624017514889,-0.9635810777715453,-0.10719057350948868,-0.2573679438607974,0.26947854776858965,-0.26161153865761333,-0.5121189806001614,-0.4244451516189726,0.41473422561248846,-0.5349411692418266,-0.03527619440783525,-0.008247642322566848,0.4420969066221808,0.08672143510595492,0.6138274381280192,0.0,0.7622185703272009,2.4828772863479878,10.630342863072823,-5.335157531424731,-3.0188461325056966,-1.6545069838553053,-0.8679640463562834,-1.2463870975614526,-0.768934545949456,-1.0814108733297487,-0.7934148764753635,-0.26822872962447364,-0.8179283148250462,0.2211381680578695,-0.7404868224338921,-0.07920324204644408,0.22481679095828971,-0.37312153734784576,-0.8980014964039782,0.01413349338116039,0.047629121292785896,-0.003188981177001346,0.006162936420805434,0.343057209214314,-0.35668143607253544,0.21116128382875543,-0.3176483467028063
174,9.81,4.1210291188319665,2.3804733519525514,0.4292236913743973,0.6964842477315369,1.350450968761153,-0.6142877406009823,0.7680715184136934,-0.3133739726653514,-0.07577225559537615,0.7160522508689646,0.2036102845972455,-0.253867325146274,0.8457303162577539,-1.1256665545848983,-0.13000465375405912,0.8582159236924102,0.5153969914909933,0.5552550781743657,-0.08111725466051782,0.7266730825085292,0.46191370735598747,0.5583422513009437,0.0,2.0745479206915545,8.73825900366039,-10.21241921588339,-3.29917504024278,-3.2173919649496927,-1.6471661133972475,-0.3073413940396742,-1.2375858412563412,-1.7978997982741203,-0.5137936338885425,-0.6913205448633405,-1.2711116911921443,0.323035372477173,-1.3450596172036313,-0.5607392956863702,-0.4332965110214455,-0.7475615675678797,-0.6650822518328396,-0.5285900627153799,0.004249739518558391,0.04752309656053832,-0.006209112344746723,0.007003449433395924,0.4203571257107046,-0.42205564926708283,0.217062975416489,-0.23185846272151497
175,9.81,2.565567996862021,3.823714675268298,0.6117776576200306,0.25236968497850976,2.4956168281953053,13.586871680649109,-1.5148242226005681,-0.013852597375615838,0.048658204557750606,0.31256743443215096,-0.3584676421776021,0.481413469553416,0.17482939810428932,-0.2753691900450598,0.10243083271731754,0.15570702171343143,0.8535276406814036,-1.1377134108242655,-0.7441096222273568,0.024930151437841996,-0.19923404702910663,1.622952264507297,0.0,-0.018754161353501435,0.7800216547809893,4.5834421725734655,-0.2941906991779276,-0.23896822513172444,-1.0394661746938294,0.08909710144084282,-0.30027863086278384,0.34739889933367973,-0.6858771545653258,-0.445324610531475,-0.2701309173867237,-0.505027159539617,0.6914962112171492,-0.5799535697567592,0.9648519296729839,-0.779591526866708,-0.25120293038616126,-0.940115097250805,0.006057204530891395,0.05020441638782754,-0.0007999101263495905,0.020325871262386167,0.40707088384099777,-0.45505571964106534,0.5197610752556843,-0.40973541979612493
176,9.81,3.6120575179193524,2.7159035954806274,-0.7851459270495218,-1.1941483876760361,-2.544049412321325,5.225948163177181,1.0822301014568054,0.19364619203724642,0.9275899850971958,-0.07150277044480752,1.1352949914194714,1.0686733878997776,0.31879534916333635,0.4609494108479266,0.375836051936991,-0.34856832317856434,-0.4388655408509985,-0.7142922055346271,-0.3763237184543759,0.5003704664773894,0.8871591553267932,0.8988296763080573,0.0,1.3244985123083193,5.613120706583926,-11.975426134596475,-3.2168173380663885,-1.4326640659326508,-0.6066114279354856,-1.5768116998919628,0.20038434799821148,-0.9719308161311812,-0.10678315874794775,-1.514666509320044,-0.5863902054503999,-1.3997579336545134,-0.24758218978721414,-0.6940409869563404,-1.2404368695287484,-0.46345287016541736,-0.408104847860116,-0.7188196593330196,-0.007773722049995263,0.05055522664320844,-0.005848142215394317,0.007639923125630629,0.401797396399746,-0.4060944626367068,0.19873783380069476,-0.2572967235174088
177,9.81,4.0189508469195765,2.4409355510080735,-0.2091962122691954,-0.22547295369601555,0.24399285477842225,0.17497683310698003,-0.3550305459512497,0.57795272899934,-0.46317440520367525,0.23606405313709217,-0.118601199235285,-0.027338236227165802,0.18540511262621415,0.31202910254320604,0.7927775058073739,-0.32270663921685505,0.0926426652443128,0.4184098314216467,-0.10970114796614519,0.552168202507591,-0.024364623434126154,-0.16457177335328052,0.0,1.9724781707179289,8.547212462984616,-9.876336844819503,-3.7357549858326684,-2.904973003537456,-1.6465777725556148,-1.107624949809109,-1.6069746908237157,-1.576768178517887,-0.8537104390175241,-1.763151159347374,-1.1804299117274344,-0.6857116307257551,-0.3585404597234372,-0.41952648205428894,-0.4911600216633597,-0.6732745449268759,-0.6333557883875273,0.12427315052607663,-0.0020712496264276787,0.044612065880883636,-0.0059715159502546555,0.0062780669585400005,0.39007602237999145,-0.3719743430483301,0.23334594536076586,-0.2365782142670321
178,9.81,3.2669656620870278,3.0027863818235243,-1.604892544533413,-2.0799648415379957,-3.627194007075166,9.993454418356334,1.5524988305829814,1.1203609526317262,-0.05145027243471212,0.2554526893114841,0.4107605214562666,-0.027706738731188674,-0.40706636927800977,0.8405751480456155,-0.21120932187615094,0.02646896918232619,0.6017295166265542,0.034631155857633655,-0.359197868541207,-0.12637484068940685,0.8008174451141868,-0.15052513617719387,0.0,0.532758589296927,2.327182235923277,-9.209453065794273,-1.900630420150586,-0.9213290592731443,-0.13376243664382592,-0.5852759509715314,-1.0012576733538756,-0.17328628674839885,0.07719510013508019,-0.9603469244671089,0.23665967790895365,-0.44278162972657703,-0.17650198956939356,-0.6073049843467706,-0.264168115693317,-0.10805974219412334,0.09588081577122701,-0.7511475819343523,-0.01589002519340012,0.04532614370101195,-0.003949814883549444,0.005921326767865735,0.3595640572771634,-0.3694261498960109,0.2336804406370235,-0.13041259028050056
179,9.81,4.826259026466945,2.0326302310345317,1.1633504971359319,3.3062533039259128,9.188460090130437,-3.2370550039284587,-0.8069273445422778,0.37408112884797085,-1.4301673691886596,-0.3620864624686832,-0.5583049594088347,-0.4773567124575284,-0.5646981186477453,-0.6286708733554411,0.3090426802387654,0.4270194804022887,0.8488978875449154,0.2222519520615956,0.5500866679598486,0.6259801438140269,0.17762035109503926,0.11647703642407198,0.0,0.900643923784629,10.575115875844135,-4.085356198607671,-2.667265493927798,-1.8502116323244113,-1.8080825862212864,-1.4443499432135896,-0.12960926268063722,-0.4119462602563435,-0.028693058403822747,0.2754925447526591,-0.623636296265202,-0.3877852006452228,-0.4284452464190159,-0.4529730110471035,-0.5732399645947408,0.31517127444819415,0.43591572713879917,-0.16440124479791987,0.011518321753821116,0.05348917648199615,-0.003375343168183555,0.008612985759488769,0.413471788355343,-0.5905368855808153,0.30596914348231596,-0.23024476995880294
180,9.81,2.9789512133974743,3.293105290170818,-1.4971681170943167,-0.7918303648859291,-1.663441357512184,13.741566662782239,0.4447572535398949,0.014002654357751165,0.3125659061060393,0.5809441156046069,0.1395502994587039,0.22164380733351674,-0.5675838192119034,0.1076162719694046,-0.20980018889611762,-0.43342478254546923,0.34434734170359027,0.26458197912662473,0.1586470724072866,-0.38291800496265443,-0.6988623286077076,-0.14673833497801358,0.0,0.5575627952578694,0.46529117317023905,-3.686221116269907,0.5655822035762611,-0.1633916935436317,-0.0722824881948787,0.01063041455199723,0.11688375922081705,0.054646034023159984,-0.29378602291331724,-0.17638061883162004,-0.36283084657142617,0.1959181469772961,-0.41191820385910805,0.1431638216020969,0.7079532182507724,-0.0852824996613688,-0.2803837687851972,0.23233566863907923,-0.01482344670390412,0.04357594613582207,-0.00023234326362638917,0.009175727685148948,0.3725088505812507,-0.3796623402214232,0.20109515870611358,-0.23544097762465205
181,9.81,1.4855563727195422,6.603586494695767,0.5825937663070297,0.6406822255554414,0.5909237194769397,1.7160095639378188,14.247994936505629,-1.9282191513453841,-0.1646645829021729,-0.4767271907149623,-0.04472720295285404,-0.4629498396487016,0.05964959387829427,0.9621770710608564,-0.40089328593287754,-0.49306592848064795,-0.21739889905041326,-0.6296318741290351,0.635870353016436,-0.5461277531621059,0.37956043932131683,0.3848089780891009,0.0,0.781349953586524,-0.5361430450617126,-0.285713907826704,5.483994603641358,-1.1526370490197282,-0.03760380961251911,0.23761809739260992,-0.29469826564236423,0.1652450707675034,-1.0469472967040712,0.06721887580042421,0.35169772243976505,-0.0783169209434868,-0.7696136094112492,-0.2646374951160794,-0.8523375535049845,0.07734669769132785,-0.15905425078984708,0.43559334045562753,0.005768255111950793,0.05151606689179336,-0.00048297425783667443,0.010566167688407714,0.4377966935336032,-0.3856554892564178,0.29394588104170305,-0.34685707910007757
182,9.81,2.938459293201572,3.338484226307455,-0.5030282151256629,-0.507717399873489,-0.9241093258158737,14.564125772873401,0.3155594815397573,0.08002035206535885,0.07254983880187571,-0.26328471380316554,-0.14607480267221173,0.3671914645482209,0.20270918197921017,-0.037234447267246784,0.3715849534280694,-0.014164291363694098,0.9772187949181479,0.5403648594162915,-0.3222286526390838,-0.29939286661904774,-0.6745320205329202,-1.1587160102960774,0.0,0.4546121567618003,0.7191180509541303,-3.1620667611523343,0.6510577851342362,0.025904904557311065,-0.16260232402709857,-0.11244845579593138,-0.20769236989511977,0.28829442020882057,-0.6681494900201602,-0.41463829667686913,-0.6245102631310124,-0.5176755180817253,-0.10018068830680937,-0.4283681714078476,0.5853224547810061,0.09878232638762047,0.16354952205277698,-0.3939957055879321,-0.004980477377481808,0.04711034215007208,-0.001762712303535595,0.008370786064873537,0.3757497225075931,-0.3907717657626764,0.19862264576532299,-0.2730548196426712
183,9.81,1.600506413749437,6.129310020706845,0.8030604877420239,-0.9136523237814671,-0.7469376945807396,-0.7911239703139563,14.67847299976137,0.3395023103231436,0.8665462955488772,0.30170488969381815,0.16174715946113327,-0.44379700845506864,0.06323974921460784,0.6803344771752351,0.09580548166817732,-0.15652666158147588,0.28594436353945,-0.640674383918207,0.2165647033433984,0.44746352926596933,-0.5169367549069646,0.08475830987196353,0.0,-0.05990408953466436,-0.19952049694835436,0.3252287987056529,-1.9579819922997095,-0.05215543564553703,0.8241730567674482,-0.7010334839838347,-0.35571563829194397,0.0023628942832761846,-0.2979989933852501,0.10718774338199599,0.6539177846291643,-0.13016570616878198,0.0066673029303263645,0.49800541205969934,0.3799642410358653,-0.13474532759664082,-0.2892276898431446,0.18248602347869033,0.007951093938039834,0.0459366029372875,-0.00014078593305053914,0.007795698438862354,0.4050619209715547,-0.35903901024920354,0.15434660523519672,-0.2566643067085928
184,9.81,0.8749715774474347,11.211792763164757,0.6026066480555023,0.4555899596777271,-0.013188051175795579,1.2759760966401206,1.756696891011364,5.44798794772848,-2.379036051321224,0.39248851795324213,-0.6912307975810315,0.10562170789685921,0.40733463456290375,0.07723811358820254,-0.025502870604230232,-0.3122955537263122,-0.9816502873062456,0.2733988774004723,-0.4553072178972965,0.8794939379053134,0.2821604369350509,-0.07778236699926433,0.0,-0.08467170794034046,-0.5032557536725956,0.9832097983427297,3.329329701615436,11.036942324687464,-6.812865245095814,-2.7859905786581396,-1.7442303005760043,-1.1584077872846152,-1.2794349921445394,-1.2294205111948344,0.21897852933884776,-0.13549471784004585,0.06514369763289107,-0.5372741248533055,-0.2995951956358261,-1.0676237180070838,-1.7601857733629018,-1.4841043579649684,0.005966402455995076,0.051915597732276206,-0.00450888674501533,0.015956439669704288,0.47258344945619535,-0.4898443339236093,0.3426038634952071,-0.2847447492783797
185,9.81,3.903629412845536,2.513045927904575,-0.6977869123227454,0.38576252545592693,-1.181932419898436,1.516498704378805,0.6603788931290091,0.30737569904669443,0.3409504649294426,-0.051853832709466696,0.6826331427491729,-0.450546101714606,0.4602281136962334,0.33115862383954275,0.5291366869175782,-0.34869794193316267,0.5888292876834798,0.9853630872496357,-0.06666118628420042,-0.375405269935528,0.7753680820034901,0.5136111245039212,0.0,1.659438017605097,7.670147873888142,-11.32899572170416,-3.8538865430144114,-2.5593783826925955,-2.476167563739705,-1.1813646101424031,-1.0727848878145578,-0.5603546002660771,-0.8894082782344772,-0.8780493457630159,-1.6916420848077403,-0.5641922978497085,-0.13973451773769813,-0.8459087234904774,-0.3131225644236053,-0.6190410073717789,-0.19455348322883065,-0.369392558202184,-0.006908781310126193,0.049949864271711476,-0.007307344873900088,0.00891559690777869,0.396904308103966,-0.38700282245545903,0.28011585747000023,-0.24832659171832488
186,9.81,1.6902389682550139,5.803913046761517,-0.5037066504459178,-1.1572702533795476,-1.898084390960005,-2.569732926801322,13.631094730673901,1.5831781665171354,0.9853401250141445,0.45943928413826174,0.38102602057743584,0.2768906760812422,0.3536291813611282,1.3259828044898203,-0.27754775688847705,-0.23649537557332911,-0.3164136356651506,-0.14153063280536815,-0.02019001866407194,1.159523075668234,0.7936943150499847,-0.6175924663877876,0.0,-0.5979236594439167,-0.032764629578815374,1.1830379976581114,-4.778972341137426,-0.5380276539588293,-0.7024486091568094,-0.14147819276096418,-0.24733706595313817,0.4202155742234587,0.2668895834969095,-0.3435939776464745,-0.5618452212162515,-0.4323320319540102,-0.12164067995790845,-0.660162182263589,0.5385591113122006,-0.07680458563276302,-0.6753072865703066,-0.5526243153986226,-0.004987194558870473,0.04780014236628514,-0.0018522596927706178,0.00899100974248314,0.4192221634151535,-0.39405134800010266,0.2676128357805776,-0.260001402473028
187,9.81,1.9113819666889489,5.1324121347622,-1.2434068087365047,-0.957016961289365,-1.2928083697453747,-2.6336339407142453,5.25150762269916,0.8105810498653612,0.8405384904495369,0.5701361601055448,0.9521584604277804,-0.08122448278780958,0.6156100832340585,0.733097810171361,0.6415327569134464,-0.13396151966685252,0.9156393516459004,0.1814460603171406,0.7573624179925741,0.5716873217472858,-0.1293236670105622,0.320720441627114,0.0,0.6058985384039202,2.137338658566586,5.963967225532479,-11.418588393992282,-4.082511205548557,-1.8436057344670376,-2.330704894828743,-1.4686437314399308,-1.3558330959511755,-0.5312122148607549,-0.7305560129708533,-0.04676240859868269,-0.9640126071888457,-0.26918313249435766,-1.4803273386415607,-0.16897868620069087,-0.42227084161116646,-0.6808901165670932,-0.6533270865233253,-0.01231095850234163,0.051379691062254144,-0.00638008961572539,0.008580039985313238,0.4208925303190718,-0.362393208775143,0.2814177049843207,-0.22143608864884876
188,9.81,4.9475428615257755,1.982802428309775,2.6313229602992303,2.7398914352576615,10.626236244031142,-2.9241362782505913,-0.30032373402452217,0.25252798231174456,-1.0249508403334247,0.10561464944636301,-0.5577951602680842,0.16605776616763235,-0.6648206226377505,0.32834384363582336,0.20629079551965596,0.4499014936220754,0.3671189557867584,0.04815362571197085,0.3705202496254697,0.5985950687117969,-0.7179910046960288,-0.07615014279893989,0.0,1.2745041622804798,10.174533166125158,-3.4271167395821287,-2.5014740928010855,-1.8677984491817954,-1.2286073769727799,-0.9359045599650798,-0.3591975821790168,-0.9421024032511286,-0.7242650114988916,-0.2619036692603876,-0.5747459154862341,-1.1372986786480415,-0.8487043369975729,-0.17805953686525355,0.11668140887576114,0.4200344445827434,-0.16427831594505812,-0.2912564063080971,0.026052702577220102,0.054141286835294206,-0.0034297545642298427,0.00697142896653217,0.41833254433363176,-0.4622422286330278,0.1626930197892396,-0.20712968433883727
189,9.81,2.302510242178334,4.260567366996406,1.7202540347725777,1.3990369804364209,2.733778507425767,7.766487296294527,-2.6282635545922215,-1.4264622677574263,0.08983843760536281,0.06394834317987519,0.28238786243709657,-0.02573327979895451,-0.26184814755001873,0.2761972114446571,0.03443465322840816,-0.33679927454130093,-0.3028681330721871,0.34373346219029655,0.08458482480821641,0.8204590475291498,0.12062781463355335,0.27668983674100106,0.0,0.8891145484071288,1.539563521425291,9.40592266743612,-5.167382508828592,-1.9774920058188334,-0.9697867519869972,-1.0471556938605082,-1.1808776793049134,-0.6701175795835991,-0.7320979840356845,-0.6818636416946005,-0.5339645554135357,-0.6242081977261535,0.9130213404380266,-0.22173675513847355,-0.2775024926726146,-0.40780992325721754,-0.838032303415642,-0.2519411082190893,0.01703221816606513,0.04335354527251108,-0.0033859339533137906,0.007467994911019151,0.3320587339067593,-0.3415116971938259,0.19365803172414056,-0.2580688625973302
190,9.81,2.4859044312200647,3.946249854498759,0.9609100697355876,1.4314391137584366,3.3354522079622555,12.443987930435501,-2.513788527822496,-0.26269485850913443,-1.2300490241771544,-0.32280417207052436,-0.7707984189239494,-0.05607041895820353,0.11458052205537961,-0.42464444602074825,0.13563222176381629,0.4537875621631755,0.04857458702572706,-0.1476565830862167,0.11823705910710314,0.08302430115179754,0.23155227917321902,0.07643150182823899,0.0,-0.11847443345931584,0.4182419373475506,7.922120138639442,-1.6873446215703862,-0.9611548146206346,-0.09319399436351344,0.058007970600403025,-0.5718167813656727,-0.20398418244251382,0.2657923783985262,-0.7118026111524595,-0.13477379320560062,-0.4743166225879345,-0.7274253146722637,-1.1893770089503308,-0.25580938596289515,0.1201907422846333,-0.3950333924140115,-0.18133496505765856,0.009513961086490972,0.050724807641865,-0.0009341444924788125,0.00914488804529553,0.4388728694266735,-0.3642232799136613,0.21721129728994293,-0.27206740782040734
191,9.81,4.64269428472006,2.1129971948156205,1.7373639002186954,2.416063237047535,7.337725325471348,-2.870636719332285,-0.4098119394720794,-1.1044512712299372,0.44208660769092334,0.38875865029686507,-0.00441458782548132,-0.7184543630319379,0.11154839729084592,-0.5322211437883305,0.6019621047657243,0.5895666097160296,0.0062722540308933206,0.688534316322051,0.07585490826017882,0.5830407883917365,-0.7393527511860999,0.4769894491753971,0.0,1.4221364836116352,10.459384709708278,-6.217035385499853,-2.4018649029026675,-2.083242494290449,-0.8484634215054607,-0.7600962958727491,-1.838252855111391,-0.5166627855046255,-0.6127917781743655,-0.5879418468273843,-0.3618566169775045,-0.17179471331514684,-1.586016711211315,0.12463406872903204,0.22871072422333869,-1.1117384098424807,-0.40972593869286766,-0.7747809882615025,0.017201622774442534,0.04919962120538799,-0.004126383691288099,0.005235689044379672,0.38980163281927926,-0.41099456973421955,0.17266820609459863,-0.19606014008548212
192,9.81,4.055298702262313,2.419057317412238,-0.9781506743700854,0.09803996814739671,0.9430900010263603,-0.5194676733065622,0.772157401503254,0.23315842351859734,-0.1567464462403591,0.36566628520108446,-0.09798125083993298,-0.15111398997896985,-0.25323979862621593,-0.19127360004143493,0.30056541451257796,0.47274543494516513,0.43880602267157565,-1.3663852121857298,0.4097852923587061,0.2769742872842079,0.8141706378482395,0.8469818527221307,0.0,2.139381053170436,8.19034921512417,-9.709620337166703,-4.22112690161071,-2.997967856087484,-1.4511603433941782,-1.2568236111478757,-1.6764705317386435,-1.2444642139724875,-1.2742794776630393,-1.0700103086080945,-1.800381460408144,-0.8473070824347251,-0.8688982432932526,-1.1124969303053658,0.11834606261326652,0.008943612041496421,-0.5264535664293072,-0.480640767919939,-0.00968466014227808,0.045793664372330234,-0.007074706349726606,0.00780936562000108,0.35877353873568896,-0.45495771626040565,0.18974603459446268,-0.2381004990644206
193,9.81,4.3676693944550795,2.2460491200305053,2.2146850595830676,1.4964408195451142,4.160518473790375,-1.8263300999327776,-0.5217770242507218,0.6927273747449695,0.13752571381622464,-0.6088582614279827,-0.3851631163609901,-0.242487554830486,0.09185539486032146,-0.08828795370537709,0.8810614787017407,0.2029399171259694,0.6509923740710799,-0.2388935277163393,-0.32457545151708084,0.18288424800826789,0.6617908378564491,0.31837737483527495,0.0,0.6784904026049339,10.978616407054414,-8.486562163979029,-3.6899758612496103,-1.9221260303249843,-1.7745188994298826,-0.6920757551759146,-1.50657063595553,-2.073955374585052,-0.19083297597810578,-0.2644398702334205,-0.5629384659141027,0.015937414449675225,-0.1032286344502002,-1.3133735612717308,0.1936975740506111,-0.29739935837008047,0.2829474456995466,-0.43642523143269907,0.021927574847357106,0.05202815368959712,-0.00494085829762048,0.009364977007319062,0.4145090565248827,-0.5320823230460193,0.25191114551814225,-0.2869481814198289
194,9.81,2.607605212697613,3.7620725530960977,1.2018851178537002,0.9744155139670905,2.0330667328551115,13.945731812128319,-0.4615323790556074,-0.2957889712480537,-0.811725046654735,-0.15485221805202887,-0.5368749496842671,-1.3821865504283712,-0.7552949069747946,-0.08601631714668256,-0.5963671957544047,-0.39759683557644454,0.23818037761326355,0.4130147443533157,-0.13006392188961546,-0.038300187146661085,0.6785328361156615,0.13196163245910436,0.0,0.12679274266468774,0.5412227985418554,5.136547875477487,-0.3744156564746295,0.21039161319236116,-0.22078353388618877,-0.09173876335024095,-0.39575634369881074,-0.8635142963353757,-0.530508854203561,0.021288172505135428,-0.5006670180983678,-0.3420532585117833,0.3903909171539067,-0.3573918174631992,0.18336728410040565,0.622145361936536,-0.10174288527006603,-0.6216830134479931,0.01189985265201683,0.04807857839686863,0.0011613164415899806,0.009106723424273346,0.40507062778850755,-0.3066779277302481,0.2987951143340928,-0.28076023537676253
195,9.81,1.4562660817761213,6.736406294676126,1.1216423371266548,1.6469740863126316,1.688474559409225,2.9029034027601606,13.435393151331098,-1.7001103546917733,-0.3156255206503207,-0.5983869749188424,-0.9534899678327301,-0.3856376429319716,-1.000726408447458,0.34177061609654014,-0.3384771764240957,-0.7410117438593606,-0.7314342647846401,-0.45332503704953997,-0.0004990612070981393,-0.320952158476949,0.004105379161662703,0.21861963052604405,0.0,1.3770668919517004,0.2640121337214605,0.48300663468025357,6.917622379698329,-0.718164062302744,0.05806173525711067,0.08266185052995384,0.08611885677245112,-0.3141419593397509,-0.915228852215361,0.3308423267308745,-0.2695257531918112,-0.8173050682879539,0.11580791058068257,-0.08689011390952373,-0.6732037072419108,-0.2432670882093529,0.008158009995585282,0.28335457306550205,0.011105369674521335,0.05263807048960387,-0.0007746493432372815,0.01195236142225594,0.49782194735527374,-0.3425510335433809,0.2680583467540414,-0.3232752616890855
196,9.81,0.7953746742541313,12.333809860364743,-0.20918900321875408,-0.44796336853000823,-0.11176320358841663,-0.7778422404206674,-1.1014562110064026,-3.0002708857663434,4.179284080715316,1.335443547873001,1.0290032346944946,0.44817960843777027,0.16460588628317624,0.06809003083405972,-0.3273257542496848,0.8773934941349943,0.3925813869654041,0.12815347081920722,0.9226709664634823,0.7032760562200514,0.663515642598864,1.3250208441797147,0.0,0.866672192798347,0.13415558239240433,1.1778141112731122,2.005407811278171,5.260746724455198,-11.16772629264632,-2.835931555619389,-1.754849847334532,-1.278493500594226,-1.4066428946802916,-0.6950379538395557,-0.2353404653953326,-1.535808624306854,-0.48484378396196826,-0.045261559246046246,-0.5955993485282229,0.26533392673185796,-1.7606965723934178,-0.44931080494766557,-0.0020711782496906327,0.04497256246030714,-0.006664360434238328,0.01128646722480236,0.3924604073775545,-0.36975139172663746,0.20874227921250518,-0.25811939322849586
197,9.81,0.8591630858426542,11.418088325313116,1.576524264865097,0.6515719588945881,0.9126884905114702,0.7098266257259849,0.9870983556134947,3.5804338359855237,-1.4059712843145746,0.22726219156810515,0.7265664409487077,-0.04800050714601678,-0.10984491897378498,-0.1149850676979828,-0.3491437448662108,0.3320713263441417,0.38899593414156886,-0.02261107055470421,0.5992745093767787,1.3034401602126104,0.1894339324948153,0.19075126052423608,0.0,-0.1533012433230178,0.3230255524907951,1.3315000659300702,3.3037308080110592,9.853307374535985,-8.506239418499101,-2.9408596642020832,-1.6764760079226373,-1.2276213232803834,-1.5922705561155368,-1.4853819900309688,-0.8052574494030089,-1.4157356384736892,-0.4742258415241023,-0.4132599868443139,0.01651194554458868,-1.0148379347044587,-1.304829414893212,-0.8311422800105134,0.015609151137278184,0.047312856628939436,-0.004865234441118489,0.013033278603575428,0.3728402403042105,-0.3542395231889304,0.28816728879224374,-0.30552174133141147
198,9.81,1.1164529886020986,8.786756003298462,-0.7674857499885225,-1.0599750777534354,-1.3734915464214548,-1.6793054183033735,-3.355745930174649,9.701257617375347,0.9856863807440759,0.8308350405168129,1.0322670778481098,0.07103167605980953,0.4057302955959532,-0.43853979784639746,0.019174427553490803,0.3331431525268327,0.5867244643299934,0.12570822938658205,0.35623881778709426,-0.012323787614944182,0.9434456959630434,0.20741229706537284,0.0,1.068034095752299,0.7144134642941775,0.7988159486461064,3.0540082047310513,-9.282556572512007,-2.0405588736535645,-1.462908263922975,-1.5046935277147584,0.31594751460693493,-0.45444464633704207,-0.7518457148731125,-0.7401276280759417,-0.8372081377778724,-0.12915215536927616,-0.7450415742929835,-0.15213883796351957,-0.49883940919708264,0.13317144510210288,-0.6180675323598416,-0.007598868811767539,0.04639284052631809,-0.0051472468696503095,0.008766471603207178,0.4125027775506398,-0.4131529878382312,0.240065187680011,-0.2037848226517578
199,9.81,1.7120701587617126,5.729905372041102,-0.48359043074801766,-1.084251718654527,-1.798661437842144,-2.790385078897541,12.73141617240527,1.879559954511857,1.5059580529401473,-0.164016575712993,0.4487244733855601,0.2523095885448915,0.8431117456378727,0.32030393863196216,1.3707486147729997,-0.030324572284785356,0.10131318561114944,0.4695102676852438,0.5228446388164348,0.8146959966080276,0.34032062011080977,0.46828478559824194,0.0,-0.7671494740341089,-0.2111432405613728,1.3698501776105338,-6.678328015164503,-0.4528240028154638,-0.6132644153482787,-0.44257808962298456,-0.42956014487910194,-0.409832472062831,-0.8078436225384298,-1.3423383172674963,-1.5201970027247265,-1.3194202237236938,-0.7638293371171987,-0.800195085735564,-0.16120551575808367,-0.16408142696865333,-0.5267358466671358,0.12886640930531923,-0.004788024066812052,0.04895184728956988,-0.0029188828172747074,0.00842012826946791,0.44074790165658895,-0.3994066163138402,0.2376896831118868,-0.20340905260791475
200,9.81,3.9981827765110616,2.4536146915625783,0.413913849940323,0.7651336565339211,0.0870670468995602,0.5870932944876952,0.9517044150673315,0.15086525830724243,0.16187423164520326,0.44219774293612973,0.1982065174750347,0.07498303923083996,0.5806977066342985,0.17673774772691508,0.8095914574338424,0.5093124001321826,0.11381157832705624,0.750019413750249,-0.03559991077534992,0.41578612577840307,0.10216208032432603,0.1115481536375387,0.0,1.6080485644442262,8.46204987684616,-11.027293326448968,-3.995283292941684,-3.2160665850572516,-2.1069806112860987,-1.5274066699137905,-1.0778166754888503,-2.1121790621641554,-0.9913800332021218,-1.4755307841676895,-0.9496831681852256,-0.5439085369024227,-0.2364289550276647,-0.38328328031740017,0.5719564414469411,-0.7738627527834907,-1.260490162142023,-1.1451711298245937,0.004098156930102201,0.051849070320108555,-0.005306636807514491,0.010814742511025202,0.38800330677376493,-0.49546432758589487,0.3079028078097254,-0.46205038602272036
201,9.81,1.5328670395820487,6.39977228727861,0.9828076467560825,1.1807950093749047,0.49279683983343436,1.4463599108448708,14.791366116822312,-1.0389609681975562,0.7753163418995033,-1.0157287436075177,-0.23139129534286784,-0.2969747433240817,-0.5986741134402149,0.2835866774711481,-0.16652787294342347,-0.6257127211396394,-0.7655302734939845,-0.5909372656999967,1.0993508541931982,0.15728400419354438,0.24196748142266733,0.30826274012998134,0.0,0.6397492853257152,-1.006979941377002,0.1583985190598517,2.7186547644265335,0.4139932720493049,0.3477266911441931,-0.22264144269284147,-0.1610343239644955,-0.051482507114536336,0.26988688555491736,-0.23431012203245816,-0.09373749332691211,-0.5885806478701043,-0.1230708540127245,0.5968566136532673,-0.11055344645529463,-0.40909241658147405,-0.2676259318761548,-0.7183452953854945,0.009730768779763189,0.049109079238200584,0.0006942335239536379,0.010455049921565995,0.3762233429717035,-0.3682236189898757,0.22792460097157757,-0.3330024769150555
202,9.81,2.3980711166160673,4.090787771900173,1.6703878076521284,1.0629014623803463,3.1008718400159063,10.722105517686606,-2.020904829770556,-1.0925346839323873,-0.427565590673439,-0.4252278794974719,-0.6826985898692529,-0.5729346879400063,-0.2686104546419491,-0.7764787463628554,-0.1133010238913614,0.607019275726044,-0.5344197534527033,-0.30734605002014465,0.6694950344707191,-0.19294831796018372,0.07222139487173163,-0.12571737624339913,0.0,1.0140028923331592,0.9884269849031473,9.066697171550372,-3.5247665893604285,-1.1716178908010608,-1.2163462471162498,-0.6979605855712893,-0.7469254417888928,-0.14935164765941744,-0.8399433533160742,-0.18528004934046527,-1.1057921442971963,-0.36549669375517724,0.49340687207759487,-0.4595194825303395,-0.43355258862686347,0.04724461139042063,-0.04177690281670246,0.16257738238792535,0.01653849314507057,0.04876012384801408,-0.001727357083058495,0.008192719522680657,0.39803078125298286,-0.43203987776909913,0.19533250579078862,-0.21205595536113644
203,9.81,2.561614407384077,3.8296161872457537,1.3173646460033916,0.9672766754036486,1.6518689739441863,13.946882938843672,-0.6628560143587894,-0.5472197560388188,-0.7297338101925928,-0.3295928693456318,-1.6962469521248449,-0.4505917674082961,-0.18585308141939139,-0.36406071185755706,0.2969812159289322,0.6781212268382053,1.0495640229157726,-0.0066363480430333965,-0.2071344725198443,0.5368556443695589,0.38229501994630843,0.6931226733656508,0.0,0.2880099086201444,0.5956482813950532,5.244690583424698,0.00431032870620035,-0.6172978799499577,-0.2722637923308936,0.3197845810853595,-0.11868169026853204,0.41097918318042437,-0.7749721589276489,-0.705769327880515,0.09652646016335906,-0.2606540978413072,-0.21550654347413473,-0.7738781516843511,0.9458964882893369,0.2540510746815744,-0.2952683423697387,-0.3952581641595233,0.013043214316865273,0.050736978885692396,-0.0014576465875933565,0.015373271067973709,0.5798104246729922,-0.35214748370307764,0.5671091589440244,-0.30959635535116975
204,9.81,1.893586964626853,5.180644028109446,-1.4579116096701403,-0.4198018391152618,-1.7365841977437937,-2.6666797179929995,6.288424084919516,1.4089329859198978,0.45526163329826397,0.03895530967412697,1.6192702989219754,0.2538026037678678,-0.09629635993005176,0.12755483404151785,1.526486711085652,-0.14571554678252338,0.04946320506918726,0.2912758147641119,1.0349957497429179,0.5991405992562241,-0.8999172062742982,-0.014926424953168482,0.0,0.21594497283768982,1.1012240510762579,5.605876541725537,-10.674394261326176,-3.1384834968657396,-2.1715283867915995,-1.3594406156425602,-0.35415741468612655,-1.2016930796312555,-0.4498304318570189,-0.7688513672857175,-0.5408249986531604,-0.40942819405565906,0.23647669581630787,-0.8757226017394791,-0.6564272644089688,-1.198813725876119,0.6806497952129525,-0.3322531824222127,-0.014434768412575653,0.0480359030780229,-0.005308964480498826,0.010012357832735257,0.5865029285969459,-0.3698620228129354,0.2713523046260049,-0.2907632018070653
205,9.81,1.2965490620296016,7.566238939422431,1.2760685833847436,1.474195878947038,1.2410624736826654,1.507476792909224,3.318280705704166,-1.5418624392737539,-0.7141899475259803,-0.23587783364271056,0.28837578767118205,0.37303929993085094,0.13760884384135932,-0.6447030164299552,-0.01707079001663485,-0.09478088625126652,0.49780461107268476,0.9581256905260054,-0.23335135438429722,0.27771975929550397,-0.405661535437952,-0.5687245495344334,0.0,1.0988390921997353,1.5262075804094264,2.635898247298053,10.223256509803889,-7.811028481146201,-3.54468381204933,-1.3970587085131334,-0.9172499360142007,-1.3016452051968903,-1.0339024944096886,-1.153993273952212,-0.6863162304363218,-0.5690876507437358,-0.41854322680869827,-0.8844573597909321,-0.9253055182921992,-0.17136380831861736,-0.6771334342366182,-1.0858614938787503,0.01263434240974994,0.0461855199539486,-0.005419797597050951,0.008946909875902303,0.3967732293305742,-0.36049057265188755,0.20898937654079386,-0.24958781447693834
206,9.81,1.7061385431944434,5.749826143445834,-0.5252696885972845,-0.44449610538074347,-1.1983125075176524,-2.42828405941803,12.626596204350296,1.7734352042711112,0.21968509111823709,1.102498949987626,1.415765825270048,-0.10885688389548809,0.2047936532361252,1.043530185550337,0.05422295751395534,0.1980773683510198,-0.3581540579847199,-0.18859380177006962,-0.5973010920931561,0.2895587663802983,0.4078318701000218,-0.4703056431178238,0.0,0.2006634755144201,0.8140353436227897,1.925326237917366,-6.5017098789886125,-1.184185189142295,-0.859504977312296,-0.778792212866301,-0.313631692297478,-0.7094297444319972,-0.8054850355638561,0.17006824584629643,-0.025209900261753793,-0.6893695816479106,-0.7158163288297198,-0.0037679017758671107,0.4471371556905136,-0.20483485359518794,-0.4770954769279996,-0.32721056652472935,-0.0052006899861117275,0.04705392904414509,-0.0032702656012256214,0.009571590820355374,0.42730760433319215,-0.3691114940461413,0.24854222246029717,-0.31286184913923926
207,9.81,4.335594715490219,2.2626653651345268,3.18179788634818,1.9074463160887503,4.246268345013396,-1.8696212436338262,-1.282866841644045,0.05891850274617838,0.5753847835304398,0.681588468873513,0.7409133006202598,-1.1345298086582976,0.04862445291162942,0.649471477766081,0.4400440897308123,0.06844165870019873,-0.371625702200272,0.6762418027619292,0.6367924890620483,-0.8669121236127395,-0.3420338538765127,0.4032586086756861,0.0,2.021059639622816,10.138541706117612,-8.326704872228559,-3.5493972354511993,-2.868052991305791,-1.4134862452323573,-0.699853920987839,-1.969258332223799,-0.8549370629011079,-0.7572174390340825,-0.8784311609923292,-0.6101898613490674,-0.7701361045442442,-0.0651426439733655,-0.28638387464586573,-1.0687239448162271,-0.6330548417016267,-1.1304116276722,-0.6819417115913524,0.03150294936978397,0.05088496005802048,-0.0055113965387481355,0.010683366511214537,0.5973247005654534,-0.48361273735001487,0.334742309440626,-0.3560007892501128
208,9.81,4.9733252362115925,1.97252331871879,2.1503030680653836,2.865219049197484,10.532938688500586,-3.280561748214019,-0.29762301266192104,0.625542827818365,-0.34652812172267144,0.531588552231681,0.5166123157232072,0.1427373769730873,-0.1742143188067521,-0.6820105729123279,-0.4000531674183606,0.02783782086963546,-0.4023829896648638,0.3665881585276317,0.803355881528738,-0.02485795115680578,0.1700205058251551,0.2521532233123438,0.0,1.1417438985601571,8.933009616987754,-3.27817720139117,-2.27465272473536,-2.0599330976265104,-0.08501068354812824,-0.0764764396521247,0.028032451278559856,-1.257721468710776,-0.44286123795237287,-0.45623194093045494,-1.169821646365492,-0.6729224907767462,-0.6264323083907313,0.07992796638496891,-0.2544271610490788,-1.1155780792703012,-0.45062255433784715,-0.13878804905707492,0.021290129386785962,0.0493279786105466,-0.002815740452342884,0.008257425653708907,0.3716830925047861,-0.4335452286462906,0.2187912933500713,-0.27583030957363996
209,9.81,2.1680341041388282,4.5248365702700335,1.2972926834192333,0.5276328734913566,2.084464814760836,3.770308237206244,-2.3366611159428903,0.2033732486958048,-0.6909989165997579,-0.7867897940013686,0.6500552338119245,0.29437888956233843,-0.0032432106852607334,0.26034409503626726,1.0679713738259209,0.44150348515333643,0.44136994602992785,0.14904605054035835,0.01683572065950073,0.0563780239333867,0.7550108737461868,-0.03499511542564121,0.0,0.8569648047308972,2.501248468723259,10.143176483111127,-7.997328758669302,-3.336923928318663,-1.7565283442426605,-1.1272904134451847,-1.6496814230396977,-1.3374852676883837,-0.8998534951412925,-1.2212254861441467,-1.0285969035996014,-1.1881146574392298,-0.21892675625536628,-0.8451523486141346,-0.9876872715392916,-0.023290121940902048,-0.5561663042403202,-0.045336950885045635,0.012844482014051813,0.047346049981182886,-0.0044018802315722305,0.008639848421733036,0.37597573000012663,-0.39353957225921465,0.2203108219146222,-0.2627802502748901
210,9.81,2.57787908943604,3.8054538865692584,1.193076885080782,0.8395301427906952,1.6642309272323321,13.680937031096258,-0.7430740993110971,0.2977476346215693,-0.7643463668306093,0.38967291604010046,0.1954820439291225,-0.17197792694462488,0.2083395076681066,-1.1382915492558336,-0.5650440200201674,-0.24919303624998307,0.35076047978327857,-0.15613991890606788,-0.4293641276075476,0.12100717439968217,0.05490478104476326,0.20509364853290596,0.0,0.34079246962839727,0.3404114071914797,5.669248929660389,0.3665940879613452,-0.30495162944635046,-0.6133822415066807,-0.8157492627944825,-0.7054248205679927,0.2597127976951499,-1.007880607673767,-0.08778559946843761,0.613258821075604,-0.45672712112873654,-0.060266089771406295,-0.2008186906835105,0.23368139356063722,-0.19524334636367163,0.15521207864150754,-1.3079201965132348,0.011812642426542407,0.04907071521277736,0.00030173854663254426,0.013190073969757951,0.4032892278308422,-0.3989609060465377,0.31069014767628067,-0.26519776952106566
211,9.81,2.0074484914821245,4.88680035459199,-1.1666299145594934,-0.9598462983984428,-0.7591627291714663,-0.8730901747283567,0.44559169388343756,0.3323538894292995,0.3609488776001763,0.08655709840398743,0.3606987295572799,0.6928886230851894,0.40472028835471496,0.09482449717832592,0.7121267666812919,0.7999537435118885,-0.034382406872627475,0.7111662056798552,0.06507365531346432,0.6632761487736625,0.261301963406758,-0.06785306428681455,0.0,1.6252442745092273,2.425535562295623,7.600737194754784,-10.959434197347752,-3.5013637949680443,-2.5882090146173935,-1.0424048007817042,-0.808289362570985,-1.2278585143840286,-1.4674454854124763,-0.4134769153316237,-0.5747927021046554,-0.38877499404605353,-0.98674265589799,-1.5685187448714588,-0.6231081059684243,-0.3544208375972317,-0.6998256414868108,-0.983396591284476,-0.011550791233262315,0.047783215045299095,-0.008102746010867612,0.008835969064226488,0.39672020542532827,-0.48728413683579797,0.3051786538256765,-0.25355154761173054
212,9.81,2.1444741724999776,4.574547982810972,1.6391781524221851,0.8508007496111503,0.7625061261597953,2.63095698467449,-2.195037877632501,-0.42218645357463447,-0.22215204298108976,-0.8382121934519974,0.731307045553136,-0.32600435802144645,0.4376690483648077,0.8252287329346767,0.3020225935794065,0.17159074657094509,-0.5652506425098852,0.8918222357665191,-0.20089704356680682,0.09590533031041715,-0.471969466918981,0.10750866372305218,0.0,0.10354531054113103,2.7008967964703685,10.022979962918763,-8.184118691818394,-3.302753773684318,-2.6163471637013913,-1.9154433155271642,-2.1128758491760777,-1.1764294025932502,-1.3533445522868286,-0.23563119090458862,-0.8798168041240735,-1.419085020542956,-0.6215707343853977,-1.2766521991076951,-0.6124676041859236,-0.7234904279229473,-1.5237921399005947,0.017496392358231083,0.016229486657645398,0.047653872758750854,-0.004850146172829164,0.009667349363851201,0.438574344119234,-0.4479856296764381,0.20183945310931511,-0.40951750013255517
213,9.81,3.5922807251367646,2.7308556180910712,-1.3349182391541103,-1.3842085562951079,-3.3050142280413968,5.6657233184002385,1.0911300452528037,-0.024113564791074515,0.7540484126956294,0.5295276964631344,0.8368250493193793,0.5209075969477217,0.22996223294761214,0.5665942211466317,0.5785582931400544,0.4140055509681553,-0.864957711264617,0.07719899665345273,0.12103501452978477,-0.07576436369003081,0.414041420202528,1.0066785401570912,0.0,1.0631541680199932,4.308422413935877,-12.151416234333096,-3.6260878928789486,-2.07280785712733,-1.0144622969207266,-0.9691815182729262,-0.3709825504773254,-1.5248869240452203,-0.1736301299834957,-0.7688237170607489,-0.9096962815199593,-0.18449388044208181,-0.689468560407517,-0.3871910853632806,-0.7438053124702836,-0.9568054033139031,-0.16698571408369567,0.3221469513186521,-0.013217012268852583,0.050214755860962405,-0.005616171241048375,0.007673688121653,0.36238781792219643,-0.3834340976290539,0.19201054041664145,-0.3109514848566691
214,9.81,3.8089684131838872,2.575500486180167,-0.1406762768304999,-0.07078470190127406,-2.004625976709554,2.4806524829267005,0.9849938406270271,0.7799566539313707,0.14615433909208697,-0.2748134408072545,0.9235950842314469,0.5982675931002489,-0.4604067825162363,0.303628807385279,-0.013436957894196966,-0.20858876555401365,0.9309125218245191,-0.0684916517961186,0.6028303056276995,0.6734680860254315,0.021613439643253185,0.23733122288213082,0.0,1.455273302947156,7.740758803424922,-11.090816883200889,-4.1112468492555845,-2.7067335257535525,-2.4148412352645847,-0.8112488001885487,-1.0299628115349677,-0.7162177225364799,-1.153771000884697,-0.563886295546434,-0.9368111405267877,-1.304835637381459,-0.020353706241035496,-0.09862533737457768,-0.9478180160294372,0.05279876442748807,-0.6369015758554355,0.3161902552005117,-0.0013928344240643547,0.04928712220468192,-0.005623145562281702,0.007562144146527993,0.3897139382070885,-0.43176787699766883,0.20387695007297427,-0.2424927043616864
215,9.81,1.9266691518962156,5.091688933901838,-1.1312534418837061,-1.0395074530192732,-0.8403568803980005,-2.504915377834491,4.159197604096934,1.2244363396189888,0.8020194589303254,0.4769041451186743,0.8193339075181909,0.6792158748393746,0.27146400614989863,0.6799117571118164,0.488861051334198,0.5002333609999603,0.9061233776144088,0.5229176474722721,0.6207556361451756,0.5055341456712428,-0.2925624131637919,0.1457531409738075,0.0,0.7389893541576898,1.972672718436238,6.760488399539334,-11.285437552350364,-3.319851578566155,-2.105284555767696,-1.3371439969556234,-1.472463760857704,-0.8281731962016333,-0.19875583354227933,-0.3990796925621388,-0.6312544297833794,-0.7727390782958046,0.18800572251962433,-0.8690689951928048,-0.16890182028021036,-0.43983997462309193,-0.6049501493357541,-0.9167437253906379,-0.011200529127561443,0.04852537770777157,-0.005626476778177798,0.008155247999078732,0.3580763829137367,-0.3602265784100356,0.2744435376107525,-0.2618021910421354
216,9.81,1.152590386575035,8.511263076860097,-0.0708577438975479,-0.4324555721991181,-1.0566098142985565,-2.0128104418401884,-3.347581189688751,7.134992791306744,1.7313577780695775,0.3568777822709913,0.5576455640530035,-0.2372215313626586,0.7821172531929992,0.3328996062638015,0.08553916247490723,0.8593594170683474,0.3162480081650594,0.3129148925153326,0.2286374043864732,0.46985157440433356,0.6087494103856053,0.823870206782449,0.0,1.42844170848405,1.0519669244740122,1.368736430474003,4.637429652293606,-11.024014415823357,-3.168090706952474,-1.268522378138306,-1.7871701573145975,-0.3185270480669146,-1.1352131811420336,-0.658400010825292,-0.7010631880991499,-0.7601272338731735,-0.8810426834173376,-0.16057134853407984,-0.4842784364105981,-0.8104233837885659,-0.6134315554241421,-0.38171147013064083,-0.0007015618207677987,0.049117985628349854,-0.00476255248009792,0.008308500785211092,0.3689335744612876,-0.356323916716191,0.20337782246965883,-0.1826693035785348
217,9.81,3.6838670117920587,2.6629625794303076,-1.41563416059293,-0.9575994585704701,-2.5385237518629435,3.237260982815152,1.460814622508205,0.5532385528673337,1.084604436620823,0.37426235809071723,0.16838307158923466,1.4505918499375516,0.9010374992512487,0.618508821940112,-0.13132970999400617,0.7400247946658997,0.7721221020865146,0.09483380699143382,0.12156935378010075,0.3502997380594043,0.1744742902966362,-0.06223680955992256,0.0,1.9060203429560183,5.7305200435495225,-11.795570261196929,-4.8064134672381265,-2.302731625318608,-1.6397473317980662,-0.21867219666278231,-1.2335484830919008,-0.9080495652782821,-0.6200334668396021,-0.8039493215906772,-1.1203323503928058,-0.8962601588692647,-0.19852458137049683,-0.16204600918920617,-1.554691435136085,-0.45320842801151096,-0.26553178498322266,-0.3571939400169809,-0.014016179807850795,0.05058007955396944,-0.005939853284138847,0.008802066528383213,0.4251656533506938,-0.400509778496693,0.23518970478256682,-0.23534537499701483
218,9.81,2.477259488146527,3.960021163281443,1.3389573369088834,0.9617215538780123,3.0201941736190174,12.552551905019603,-2.6669395661458326,-1.636698668783885,-1.4776342125356607,0.5139655040084599,-0.6133185107355728,-0.41280748122785926,-0.4564294709248723,-0.6467043801902224,-0.5110782800865198,0.0015826317011310986,-0.4197445355883424,-0.12179406190880473,0.786770846796521,0.3873000659575475,-0.131990919486631,0.4767099155823297,0.0,0.07924485678191297,0.4465007644028747,7.540530719050385,-2.743983474866943,-1.1270279581429063,-0.2514843351738854,-0.6391990952843547,-0.46395444097100175,-0.9111944837794759,0.3836149393226691,-0.24763097298433362,-0.23036842993566192,0.4025392216085563,-0.5199275241121266,-1.1648833303416828,0.8309985067158913,0.7006128515628256,-0.9600781402097072,-0.3414918073300155,0.01325700333573153,0.054650611373211845,-0.0026912209016021083,0.016662457695482892,0.4487445440022663,-0.5229614958109419,0.39301943503698233,-0.4282669696575128
219,9.81,4.623328740090363,2.1218478182038734,1.078500822737475,3.5216166551732613,7.771122761965511,-3.23335128360307,-0.6045665196970227,-0.7864617074553177,-0.2829137296625699,0.605981072507094,0.21883028084171452,-0.8580888550033252,0.6116811659190566,0.44455519214126316,-0.1396724637967672,0.6197555495087985,0.4179667176155568,0.283024713890427,0.24369454192009077,-0.023192514170978784,-0.3799413375065872,0.08584784029291703,0.0,1.8886802898503672,9.865654283517253,-5.827310128167216,-2.5633280556389737,-1.535076184310688,-0.9525186593360628,-0.22002553928147595,-1.4212072907835076,-1.1034783126186791,-0.5015856760201155,-0.7957059520108554,-0.7726618497773026,-0.0852900022117059,-0.9785544715386202,-0.12427574992436574,-0.4342882641450364,-0.7783061668140151,-0.24521204015950124,-0.8406294586499098,0.010678225967697769,0.04894641565116856,-0.004700154192694916,0.006432494197535594,0.3574658560459961,-0.3967799382495898,0.23110861868959665,-0.30942017661664734
220,9.81,2.3420034910577594,4.188721339424367,2.1243587301880438,1.4293979082826989,2.912930832202596,9.207048977724046,-3.3773070109593624,-1.4874236461894432,-0.004446987688511372,-0.13611285323915057,0.5729280451439389,0.5181204272874509,-0.32405048067693626,-0.7290993166483279,-0.6009862976027361,-0.2844060800587611,0.08999713656951469,-0.09473523811840671,0.3734587186126893,-0.23991582911224887,0.866563657134487,-0.18313504008820541,0.0,0.14079598342771898,1.4156834086797643,10.124544371699471,-4.283909777148536,-1.8192990422050066,-1.1306935738588308,-0.9226382285702991,-0.473965264749894,-1.0484781384036341,-0.5885259143498124,-0.48140548080402656,-0.8181994772388841,-0.19503607039180892,-0.16923306931509735,-0.5773804205195661,-0.029232799659085318,-0.7339458749790815,-0.5974804859729819,0.21344015930487417,0.02103325475433706,0.04942880918999804,-0.002840597679808981,0.0066853495520060825,0.3864194635843508,-0.3769769856955987,0.17262170938939003,-0.21603435256432454
221,9.81,0.6247175314406732,15.70309700990297,0.13400324542124412,0.5093005387042304,0.3413370616262617,0.7293133452599976,0.18746420362636013,1.5986459718876318,3.593870110393965,-2.092363313104821,-0.7412062071150658,-0.2741761570540274,0.2911650656687528,0.08961448437578959,-0.223740727933936,-0.2323132453191576,0.3636790945574077,-0.17222196806718215,-0.31477462856448746,0.11981586429035943,0.8475776071768838,0.49763666937926965,0.0,1.32158773094509,-0.10853169613453634,0.5578576733607098,1.8706103046234221,2.305594629591625,11.420018107684287,-6.598135007727956,-2.424469560892261,-1.6073542059968617,-2.352745938156302,-0.9036244374845319,-0.5796975837230465,-1.4428293587720789,-0.18452452363283045,-0.6018808041961717,-0.7257046465877688,0.08808730330727055,-0.17616172702958016,-1.3850017981659952,0.0013267648061509325,0.04875226099917166,-0.0044684538891024365,0.018552158748425692,0.4375666602606576,-0.48776153188276844,0.3617946051933802,-0.43899342053504803
222,9.81,3.76762387921316,2.6037630916727137,-0.8886374094439112,-0.6152251696158776,-2.355552546970428,1.834845083535174,1.483252480862653,0.3519574624654414,0.03342471170877326,0.01563514159622348,0.49684737953970504,0.4092694495524738,0.3788193832777421,-0.18374709579946846,-0.1334789114324596,0.387130314322096,0.6375834818496745,0.6462837507900618,1.0456520491301706,0.16683712451192645,0.371410812515905,0.043825539002620595,0.0,1.080128434733803,7.565240881688915,-11.108063134171134,-4.074532458339709,-2.3396396157604045,-2.3212701944602476,-2.0418982275935096,-0.9646190907222312,-1.0253845700324418,-1.5255294110414224,0.072041463697053,-0.6517138770819796,-1.4849126401895216,-0.23698949664726654,-0.818508171332176,-1.192396764932502,0.1021977326106183,-0.6169060697389206,-0.7586308970371877,-0.008798390192513971,0.05071578610230628,-0.0067253439294435256,0.010013838476650177,0.407017635007066,-0.4519594686866339,0.2807663913416534,-0.2248569071235225
223,9.81,4.936018506262185,1.9874317706779938,1.1657555861146118,1.8399161947643956,10.766057019324315,-3.0609353146114526,-0.8364562892595293,0.05197205596294152,-0.5013693255740415,0.12421980592311588,-0.32965723750164333,-0.10313689821812166,-0.11908824345044505,-0.21028139252587097,-0.1749074792430747,0.15885747099389128,0.7007250863262601,0.9148333021280198,0.3671323323145781,-0.36277619841346703,0.5431440239683359,0.38460932001014464,0.0,0.7316146054356693,9.780838961979452,-4.291617457347995,-2.063288606302636,-0.9400487943079239,-1.3611614566136192,-1.2211631285258977,-0.48963242495210013,-0.845509230676386,-0.2179179209821694,0.2573968129549855,-0.05800128351940731,-0.18645837107337326,-0.3016866131445612,-0.27221010781754007,0.6014484522573684,0.9491127989609014,-0.2626197491352451,-0.43801291665848746,0.011542134515986265,0.05255689447827194,-0.0031977162125024954,0.007211280955916257,0.40749701978802333,-0.5017053084149307,0.20181973174078455,-0.2543746582666774
224,9.81,2.598628220907197,3.7750686770327113,0.44513646087099634,0.7003453733911813,0.8694714687395795,14.229018432051195,-0.9375328446472595,0.08126339543578709,-0.18353413062370283,0.22594940443652334,-0.2829038773258912,0.42936397969926,0.22919575641132495,-0.08772567572572842,-0.09449858594015936,-0.08341783803282043,-0.043068947816128494,-0.2688354024994284,-0.17440853672305834,-0.2505640010079785,-0.015522097126139,0.019775714842824643,0.0,0.7096281022783599,0.9085986760138729,5.245435944542855,0.142027881731954,-0.5475614311937482,-0.148336481103419,-0.17434086860810835,-0.6120649395716735,-0.022530482045312966,0.3008136496761521,-0.39095801787529016,-0.517391416074118,0.24911776587707535,0.08018149233677785,-0.6992383645372153,0.25239314605190577,0.4603311646018875,-0.04104609264870561,-0.526914043366992,0.004407291691792037,0.04949319837568346,0.0015445436333188433,0.011040944020247858,0.4384313832624673,-0.3488320916733673,0.2311669114485381,-0.2751272803098037
225,9.81,4.78692224969255,2.049333473220725,2.6573977670225277,2.3779566329694806,8.208743617642419,-2.976123108329204,-0.48964539537714025,0.7019882795566577,-0.4950876538551876,-0.43562208169221817,-0.8855297280543644,-0.10796756322887296,-0.08306341003675866,0.6987485668673769,0.6556221785761138,-0.48848936405965004,-0.09994077232663598,0.9348175896102667,0.21074389930448445,0.3825187813042918,-0.11415889883688701,0.41306943274370167,0.0,1.5333719854008858,10.392190105997864,-4.6078800366553025,-2.8755537743103585,-2.1565694907547295,-1.7242883203458916,-1.2925615594447684,-1.1537936289506459,-1.1446627419141024,-0.12592252480056876,-0.31159105211630755,-0.7330728683869033,-0.8107219712318807,-0.6778263276741463,-1.1883033239483982,-0.08363856671317943,0.1950524120523209,0.31678032828505187,-0.16073806909399813,0.026310868980421086,0.05010205286021827,-0.0038942757899148935,0.008264977395235488,0.4327062954092124,-0.3746974561417526,0.256501768583679,-0.24695447469232593
226,9.81,1.2316536876724715,7.964901252833932,0.03634149803166961,0.6821598370335105,0.3317025178602717,-0.5217595457516273,-0.5482751546477127,1.862925537828842,-0.7512786754210015,0.2635476967551984,0.7425378310357966,0.2281598215107285,0.6899738468644967,0.42634017704158056,-0.10580363762182049,0.662867921150212,0.24304761401519864,1.0098499377622863,0.18214777040700372,0.15432719891517666,0.26061763470431704,0.39852533211213703,0.0,0.8968777243682036,1.6911940568157497,2.0829180651069676,8.284970286723105,-10.284059144466683,-4.030453454738293,-2.1560983339508377,-0.624729204054304,-1.4225983216705285,-1.5106539559211676,-1.0128808750500753,-1.3696742597234277,-0.4832213346380161,-0.6014389784371901,-0.9871133288925023,0.01451557188983843,-1.2150211858541546,-0.7823973838663703,-0.8087091871211975,0.00035981681219475026,0.04693047522722487,-0.004347968777563795,0.012223717955900246,0.3863974522380958,-0.4146332031224524,0.30702081465717235,-0.3196898266089737
227,9.81,1.4578685962145959,6.729001520076632,1.128271737528152,0.8382092562334988,1.7436438794237648,2.823808103736238,12.922918789681928,-1.9536578228715138,-0.4453750078336969,-0.7623169832426484,-0.46691150898232747,-0.2051804777180083,-1.2294158360595562,1.248072105304544,-0.060651323804414015,-0.32595282016447674,0.2994873948802526,-1.0026693306800216,0.4488270182599318,0.03767792209253157,-0.15725377098592613,0.43806516585495364,0.0,1.137267866679039,-0.0937964801079042,1.0796830433174347,7.255698409731857,-1.3815051748196716,-0.5329342739789555,-0.5410018379779266,-1.1085102491956271,-0.15818170592994701,-0.78904674556855,-0.352049101100101,-0.36709888517687395,-0.6216587979305593,0.42785699494966634,0.003095330621939202,0.11515343832673222,0.3410537876907325,0.21444543642818348,-0.1882589012771939,0.01117100730225892,0.05122297402580385,-0.0008335118278166487,0.010282028940333462,0.41097839992504814,-0.3906547442967869,0.4651546366659377,-0.21031111938157693
228,9.81,2.0368041880058416,4.81636872988002,-0.6498096979868423,-0.1349637191511513,0.1653435778897842,-1.2063899652551922,0.440995735759524,0.47758091060530583,0.37401186537507664,-0.6249007146628782,0.6888041671509978,0.3255947602833491,0.5970457696925088,0.7720417077954534,0.534419962896274,-0.0766710038087811,0.9393405526592726,0.44227881609005876,0.2567752739063056,0.9925577012373343,0.25360039063862816,-0.08004081811849001,0.0,0.7315688869381612,2.2004262976595714,8.574762116387458,-10.885670381428104,-3.793610158163766,-2.4676015791400427,-2.2679674726997288,-0.9130493316215671,-0.9135589052468478,-1.6073038038864078,-0.5951573694649941,-1.1102169499984202,-1.0685776107053166,-1.3387442522854331,-1.0467246802144565,-0.009127405933877286,-0.7947094943946758,-0.3775931317840135,-0.5818981791727976,-0.006433759386008339,0.04974543100075196,-0.006094661458808999,0.00801934641408702,0.3576394128129155,-0.43760485471005905,0.2401991264205853,-0.2182475228979553
229,9.81,2.326757162203131,4.216168390650285,1.226458197718121,1.0890972107961667,2.4063989229082,8.048437823050463,-3.155045448733942,-0.7167399890237043,-0.4741881218271039,-0.44170019741954913,-0.21340143766029862,0.5441427613414591,-0.5641995221010048,0.34635922825469473,-0.28768748740114025,0.34035613412527144,-0.3854680464923949,0.14121113687796516,0.2953273354886907,0.6620433230113183,0.4694985642407506,0.00213754263784674,0.0,0.6990288623623552,1.5240710165074949,10.328399750209345,-4.5342889974414975,-1.724364564455375,-1.2864711625435385,-0.7277623682382055,-1.2239634095378205,-0.8367110271183806,-1.0313333867607626,-0.7396545287010748,-0.362701984272479,-0.6471201165505315,-0.6763536147302401,-0.13775131147305542,0.5081499331883628,-0.501041215612108,-0.2029116218864823,0.599567442008881,0.012143150472456628,0.04629961500113238,-0.0025746122069809484,0.008095621045114017,0.39774333415162305,-0.3902868401461977,0.24824777049506558,-0.23087626555246843
230,9.81,4.547561847659518,2.1571999081329456,1.6945219181042033,2.442754224060392,6.644481469027166,-2.63224799921821,-0.723430190723847,-0.723086543116238,0.5824412116121284,0.5218930738905116,0.05002098342605432,0.04411514370592862,0.8842106839164524,0.23424395224724862,0.2927822410828721,0.5839750553731422,0.38442192776777584,0.47813442154748825,-0.21010162097995816,-0.12425478492260367,-0.2700390234074217,-0.29359371838766984,0.0,1.560078523077797,10.914824355308768,-6.365545500921398,-2.902851374522121,-1.8123162009591354,-0.9364940564041146,-0.5954877808932697,-1.210446899002555,-0.4806192409523537,-0.5094069324920578,-0.3403444292684636,-0.6982934615560367,-0.9331898508344274,-2.0207753338729897,-0.807541889898047,-0.5257095872209335,-0.4726652220109604,-0.31421224472270376,-0.9237438129031726,0.016777444733704974,0.050897379851558275,-0.00442428629704794,0.009401663876234933,0.43234516384690463,-0.3902314722231915,0.2666591706779391,-0.22323726186627524
231,9.81,4.876293964810479,2.011773709869289,2.062539884736471,2.0085794043280263,9.525034963201977,-3.1217292640419005,-1.139950677945491,0.398055070315084,-0.07999648097762613,0.31343739243665225,-0.1286260959890424,0.14233820600731678,0.028840118073200527,0.1776937080788314,0.07496368222917965,0.16018127344914304,-0.8137568020855854,-0.008199194759293038,0.49931884412377986,0.657799690784205,-0.23758443402305907,0.1625775663482115,0.0,1.910559761170877,10.144927020054848,-4.317799771708366,-2.4515557130866057,-2.0701544462119585,-1.1927262195333932,-0.9104291887142957,-0.7110351653374629,-0.7396802232920427,-0.34729863492337715,0.11871225739662705,-0.5366383436490897,-0.2782310503963119,0.1373887845399852,-0.14675083268650405,-0.5786630818467128,-0.143158330134441,-0.22331599312065495,-0.6691185261345685,0.020421186977588813,0.050448066836042284,-0.003066872931632591,0.0064874880008790135,0.37062813736958067,-0.3569976766072778,0.2186938086183661,-0.23810677277933445
232,9.81,2.795955033088414,3.5086401189949994,0.13918821042424745,0.40740725873524797,-0.9448049510512535,15.361267073989202,0.4767486197644013,-0.4365385321315194,-0.08227130064708721,0.30358667750472756,-0.5697952728418001,-0.2548355662207322,0.4739460837955427,-0.08641844864488829,0.15005586694817813,-0.7295145951052521,-0.16533286611201503,0.4472500868530477,-0.6802886102818677,-0.036541999182299445,0.19290997013852845,0.04410162826481545,0.0,-0.554033352392965,0.33988422793280165,-0.05055318148741162,-0.11032117665693364,-0.4205139653259806,0.23771942592077056,-0.20017651324983649,-0.06797633842214912,-0.40937042501045356,-0.44981146992919924,0.48874168810449203,-0.6631441851413034,-1.0639334036524952,0.28540227790035577,0.6635225575629182,0.12965522543915298,0.1911677569941758,-1.156216382144219,0.34777225795374334,0.0013781010933093872,0.05021540140593591,0.000977853461525865,0.009630642765052927,0.393559670179345,-0.38142236818363323,0.36570636017274505,-0.31111063908408404
233,9.81,3.635349248095326,2.69850276562555,-1.176506931615983,-1.353352902238984,-3.3319721697364737,4.635797702166548,0.36823689629163425,0.0756570411343872,1.0719575008293338,0.10491047800852399,1.3920774995740226,1.2934118637903158,0.5126424820865418,1.0688486028710045,0.707782693558212,0.15855563799516054,-0.6315229436996849,-0.60466328740053,0.22389102219925072,0.08087898203544044,0.6701555597295377,0.5646097199993056,0.0,1.971532056167793,4.48305357188535,-11.860318765967557,-3.576980749673469,-2.780879705423413,-1.1627189569987493,-0.8098266548940245,-0.717115773832186,-1.421120114358615,-0.9716706227538012,-0.7393448373705929,-1.6366423439437234,-0.027114294409790074,-1.1192939849755632,-0.41391764562657596,-0.33334038707947133,-0.10284131830752556,-0.2266009449540322,0.18408926189540695,-0.01164858348134637,0.0489237064056935,-0.005447763076264818,0.006642830096548622,0.39979453941560866,-0.39096462847633506,0.1902976151108302,-0.19858254159288374
234,9.81,3.324285385663366,2.9510101756929634,-0.992097025877678,-1.494937859133853,-3.3702636818381335,9.151908615459721,1.4069933385375064,0.4089822357527959,0.8850079209951041,0.5839787819625344,0.9454597769703863,0.11715797024347341,0.29440311915911566,0.8309791959067455,0.39822554509302255,0.6480117720344074,-0.2693921839015904,0.08663196492985722,0.2502971669808536,0.18393677907175165,-0.02044060287692523,-0.022660046516411403,0.0,0.2801249541178626,2.7986233666313356,-9.965364012339164,-3.0261040186300985,-1.6490094455882163,-1.2353940353903838,-1.1190120254694165,-1.1890160104971328,-0.38174211825101384,-0.17991817438509033,0.00494936411809116,-0.27433573903405023,-0.8070934798665501,-0.8046440047344467,0.7451626533729213,0.21512270364639702,-0.5950283929623292,0.6867929180142403,0.35442390856324985,-0.00982274283047207,0.046441301514260236,-0.00281983957826568,0.005824036802046643,0.38033434775069214,-0.36635294829604603,0.20714414147087729,-0.18383703879672694
235,9.81,4.372397394721116,2.2436204018975525,3.177787491047521,1.3956252391393429,3.4894056854737054,-1.4242078319918137,-0.9570184508445949,0.7942789881247642,-0.8863476095930528,0.41073915374016673,0.33659720081574596,-0.9757621444137459,0.4094317790700289,0.2775753290944602,-0.061905691165509216,0.9354290780886437,1.1802082258072912,0.38250865861802497,-0.5612692431233671,-0.3346254194222521,0.4819936352409363,-0.16693733701248495,0.0,0.984141000493289,10.60865412853751,-9.014413718280558,-3.027770057474918,-2.448225688380196,-2.556003333787428,-0.9380471291133823,-0.8632354199958601,-1.477009229545202,-0.8533250506057776,-0.4219880613744783,0.28739806624067354,-0.6773375202250453,-0.6378355383819536,-0.6192750262221371,-1.0834927174160698,-0.7043926507518452,0.4285739916149981,-0.3637343783833715,0.03146324248561903,0.0523972764383046,-0.005661985844034285,0.01142109128544693,0.5341728277281959,-0.35128687593518504,0.35554501262686694,-0.30957790526178763
236,9.81,0.9850168772520114,9.959220219015764,-0.7048510731934396,0.3318960933974049,-0.4276416395941198,0.9244535738202408,0.25350007751769343,15.075124348571315,-0.303061198041809,-0.47822116213622223,-0.6523548296132531,-1.2225997636647539,-1.0694994966765994,1.2102443246068884,0.4737264824950247,1.0029501325401027,0.1543063577608078,0.4925191719131545,0.41104020523521406,0.48623512648510386,-0.7789670508494237,0.024117898193266152,0.0,-0.4837900118682957,0.3500662276813975,0.5710858029424033,0.7584980252796886,3.0348641899711724,-0.7313878622435066,-0.5993718896564485,-0.09860719411904156,0.47742032508933185,-0.5547567018879258,0.21156972709171645,-0.2921074789311179,0.6834965989873241,0.4676531205960027,-0.33710561630776953,-0.3235564143217921,0.5041302620753245,-0.5248252595569562,1.2136052306560972,-0.006978723496964754,0.05227319680782616,-0.0005299415280132874,0.015720904796578176,0.4061261642605609,-0.5796385265927744,0.3325937506524507,-0.2910178732149093
237,9.81,3.02753672962775,3.240257964172143,-2.2972254991412857,-1.7380746745200684,-1.1979428781083568,13.309869008346988,0.9404932419067265,0.11866218380835636,0.3737943726444406,1.0824981050543296,0.5979259173298515,-0.33558010238624036,0.2899257851195099,0.30771416469805385,0.8583413373693253,0.5456400861576591,0.37970478601170066,-0.4228750354224188,0.8363212932979549,0.2267514415424723,-0.06236645052687184,-0.263842309105371,0.0,0.8969356614728836,0.9726167061576205,-6.039279187320656,-0.25816807413060244,0.24349134645816395,-0.2298923374177155,0.09340265376735749,-0.28424806764936306,0.1415854862172633,-0.18043134190979854,0.23123989353358024,-0.26810592622820706,-0.10579361030789453,-0.2934234616750578,-0.06847244730692056,-0.21286951366524542,0.6741568598385503,0.06199565198647625,0.6769673279428274,-0.022744806922190938,0.04637701160832367,-0.00014326664270592732,0.008305142499195735,0.3618901155750629,-0.4272607100273019,0.24761799429917636,-0.28349163081916584
238,9.81,4.1374823307499735,2.3710071042700522,1.570633585819784,1.0371660481527663,2.3263420153435463,-0.4739136997420106,0.21154074961906533,-0.4288160658898227,0.019752681375295178,0.34504092093431116,-0.0003778172812475833,-0.42374947119832296,0.5559703616703398,0.06535909196845234,-0.03625982342323984,0.22018427828312812,-0.3060525904744076,0.18228002517289166,-0.5260365929756415,0.6184368723658881,0.5672790804627378,-0.35309231265368723,0.0,2.455797129780587,8.940114686612782,-10.05135710764418,-2.870983129352038,-2.3995174236880326,-1.9377863361297218,-0.7224219198626303,-1.208253112178585,-1.3098510423882759,-0.6716964510353222,-1.2495969148923625,-0.590372384016583,-0.8912455069293046,-0.9226055078472595,-0.3486632063455788,0.15289697442266925,-0.8699800638691898,-1.0052124405024971,-0.40116124114489515,0.01555082758237409,0.04652587022276122,-0.005428268093923498,0.006471330328321043,0.40012508406977676,-0.38362067190784865,0.23937531252658906,-0.17858423997726883
239,9.81,3.9840220263860244,2.462335784046561,0.010746784084786139,-0.31186389280785576,0.35853948877948655,0.6330702698087491,0.7171343826447016,0.06370759009841725,1.022756766898765,-0.1251348970680344,-0.2920730120137523,-0.7304475423862423,0.43609431751804273,0.026469720743499778,-0.10524568584766807,-0.2874086019675887,0.2761337726546675,1.1277234340306874,0.32352678994806017,0.6690360812867948,-0.19093582562480105,0.780699601803424,0.0,1.8527633537426904,8.303309149465566,-11.232362864174572,-4.158288668175638,-3.138365847656789,-2.589658976931908,-1.6334637083582892,-0.6951771136900387,-1.3821463431766055,0.050305240365736914,-1.8958842837833831,-0.4529106842084557,-0.37352743612364225,-1.2093534625528677,-0.5984059215776896,-1.200979622527604,-1.019355790544339,-0.3008236258954425,-1.2369654556337206,0.00010640380281966358,0.05394742053610303,-0.008065798203135698,0.010262560727388096,0.43685813774747095,-0.49500520307554086,0.2168820965472268,-0.26184762137774936
240,9.81,3.953578787783295,2.4812961943020495,-0.6563123972567722,-0.4637745437453094,-0.0550119313215119,0.7350540279653025,0.7681939640534649,-0.12424363125675993,0.136938203549343,0.6313960237627295,0.6040091772964479,-0.1682287552114483,0.42475773419359086,-0.30726634047681445,0.24185680950914862,0.09340600009066181,0.49863662526657326,0.4176614793684833,-0.45200281153281485,-0.08595969073230354,0.17805840592922623,0.1494778183870499,0.0,1.6026664428383517,8.307717342725457,-11.317285506182758,-3.7109438602337534,-2.7479078841625766,-1.9633277084541398,-0.856159655846943,-1.4251453172753292,-0.9443825913309644,-0.754701789388883,-0.8569546280354646,-1.6100259324062198,-1.277097562569842,-0.5482834983529731,-0.3689799626543315,-0.46149225587281373,-0.3082212935232737,-0.2631383660958773,-0.29098977192894887,-0.006498142547096754,0.0497049817175141,-0.0067080328245939765,0.007485314232865917,0.36833457982025125,-0.43009633121503654,0.20384139150662553,-0.26502312624864655
241,9.81,4.915400156502179,1.9957683378072806,2.8984638686471547,2.657615913841009,9.98751879650665,-3.3852368976860268,0.017720439211156958,0.4089222914056503,-0.9392310406437405,0.19934313008193416,-0.10999260637876507,-0.45416867207592837,-0.6864442538902931,-0.38095564133809223,0.047436486105426945,-0.3997146583965761,0.18722526253643412,1.0510513284851313,0.11509485727180979,-0.12059787234557406,-0.6760532011273752,-0.34759053014100344,0.0,0.7934876854051299,9.798612282814338,-3.57834114808783,-1.8196746713518028,-1.3217793953440045,-1.3600392208437306,-1.5153847980686936,-0.8025310959106248,-1.1134553304952455,-0.558214574140751,-0.7197330418360156,-0.5825993106051257,-1.0597854718789634,-0.20423840354605477,0.0719583287940489,0.007850218129582504,0.0925533342684286,0.11799483016283036,0.015661278475462163,0.0286976620658134,0.04938394550062943,-0.0021539012721963546,0.005143508080871314,0.39360308454417575,-0.43131499880308705,0.14417425838191106,-0.20146417137067446
242,9.81,0.627367171381771,15.636776113728674,0.1592845982726817,0.44211712639820244,1.1718412557043498,2.0597102393667943,1.5896318810601797,1.880706557589809,5.035245592569174,-2.37184194014526,-0.7253870136268799,0.06804870630253995,0.06827740246648228,0.7342481779021464,-0.03289566259549559,-0.40209466985624376,-0.5748389651263935,-0.8673307533504508,0.21463360946378987,-0.19469137435784528,0.4407483063839916,-0.08819024608529699,0.0,1.1163655860756119,-0.009393855291170983,0.9874547181769822,2.3758928878419328,2.655230381309151,12.139617085808329,-7.0937059371626905,-2.7559432869105476,-1.5598969230819986,-2.101898237106613,-0.19520190172756835,0.05478128598661525,-0.8628299989017818,0.3058859130413031,-0.22715400877339564,-1.1890787295924397,-0.2988204330647543,-1.0571366415294972,-0.6968780438639004,0.0015770752304225916,0.05817656924567518,-0.003147741764521089,0.02025088581685198,0.4718108779046497,-0.5289328492294939,0.3426581311276726,-0.41307008851706817
243,9.81,0.9774398187241844,10.036423534294547,-0.0891666067151693,1.11636691006068,-0.15340272897703144,0.5796365750120387,1.1183500581651344,14.864690055399269,-0.7718978526207805,-0.19760752294635808,-0.2738217152441397,-0.44332808038439797,-1.2099224444477314,0.22416839610353356,0.13867447194345428,0.71859624657821,0.04496928551741236,-0.35886490249304426,0.40135277227024774,0.036310987383096294,-0.5110910197486686,0.3984820980067382,0.0,-0.1915848755763886,0.2421943144809157,0.26780285235253287,0.4620753204229093,4.376866151289306,-0.8929221429848431,-0.15230156211837764,-0.85904134107745,-0.03453525359100429,-0.28110467091423036,-0.13729253514506085,-0.44979632188108964,0.14136680556498665,-0.056830554284861445,-0.6865019669120764,-0.02766398390821792,0.052125274626578705,-0.37380034045535304,0.6112564874785454,-0.0008828376902492023,0.05113526296757748,-0.0009209471441409167,0.011591114843760743,0.3647795413883862,-0.46980268287424654,0.2584211482206327,-0.2419046028437701
244,9.81,1.189981535239979,8.243825395174435,0.43277729421532496,-0.8445404999179476,-1.7222547824640868,0.009067467719413469,-2.5794623909581604,4.265109094890703,2.5411510570170397,0.6382993889054389,0.5962776269890544,-0.1253363278467477,1.0711300835540793,-0.27351161838716453,0.3521810179500889,1.2660166167633102,0.10525785929224887,1.2779146735850597,0.2285189655208924,0.4692935027773646,1.0149190855688048,-0.039874636598104723,0.0,1.3963593105256853,1.271540565221965,1.3662735499001162,7.786687780301559,-11.294196849397322,-3.492948446269393,-1.87302304187856,-1.882228097684759,-1.1060897957785256,-0.6545581881742819,-1.114890404268674,-1.6772629946734627,-1.3739272981706923,-0.4898347767374963,-1.0485249633791933,-0.7997237288219167,-0.2615988932809821,-1.1161801181035764,-1.3139940015505784,0.0042849237051022235,0.05690251014748252,-0.007919101711404402,0.014569159872971036,0.4390859391142574,-0.49403193826818004,0.5802699190968608,-0.3101689348100024
245,9.81,3.113968162211651,3.1503212264805525,-2.197374034434873,-0.865800654004909,-4.137872518359886,12.682591174736096,1.6071621538544054,0.1336302429091818,-0.40744906669536984,0.9501733755100826,0.5396956275592739,0.18936740786605155,0.12985462689907878,0.08477260441677853,0.0862827302760153,0.45508655208070653,-0.31847402617811754,0.19966582248035158,-0.2330205220619771,-0.5070606876058008,-0.07987574563609812,0.025645023548329315,0.0,0.16069612528280425,1.3000985598880836,-8.0096570236005,-0.762053729331365,-0.8743867043886049,0.35619101797148967,-0.5836195507741884,0.04147248730770514,-0.15972728668759012,-0.029370053305645683,-0.43153192148510866,-0.07104288492089483,-0.30508224919650473,0.15548906857678801,-0.458500630767057,-0.11016833437917417,-0.8964077307388406,0.1571027750908462,0.30591169960092224,-0.02175617855876111,0.05227765618736476,-0.001697436722347046,0.010058072302163233,0.37387672916727926,-0.6065063808130051,0.2899744406697018,-0.34096894647816006
246,9.81,2.4387677726581316,4.022523222581215,1.397150019226936,1.71626345788278,2.194962674889268,11.224099593214078,-2.159400434833427,-0.7349311327214789,-1.0619695284354485,-0.8097575498382372,-0.22918285165527963,0.22620393278198592,0.25855376599338953,0.5233340066731222,0.15244813416057257,0.7374827849220014,0.022965164279882544,-0.4190790781056677,-0.05294972767740358,0.027824617129248164,0.12477632893565446,-0.09794986815428541,0.0,1.2503455575522313,1.2695255638972327,7.9704699001305155,-3.1279300330393256,-0.8763061864287591,-1.6690983464745022,-0.44182600386404247,-0.7360329358387314,-0.312346142881208,-0.3805818498045333,-0.8462351917121889,-0.9024334179911869,-0.12615175017177105,-0.7170334993510928,0.2100561958000547,-0.06856595958642941,-0.2778723603660781,-0.21762058576230914,0.641031715764308,0.01383316850719739,0.047262110444979036,-0.0005985828341690539,0.011817044116030493,0.5013736644743759,-0.41852213508686975,0.4512110895636229,-0.3884116286895679
247,9.81,0.7885823446036193,12.44004518631595,0.6636244457084775,-0.5760023883299721,-0.2124866652803865,-0.8471584267122341,-1.980156950635531,-3.304860984118493,6.019001427956697,2.0763425863948783,1.0039681390039317,1.192903863938958,0.5056938228590324,0.6698906561615178,0.7220854287444488,0.7060752421791899,0.20183705883811398,0.27314927558848545,0.7240229086727288,0.8981968190034464,1.0413906690907784,0.5862298375340627,0.0,1.1318020339800727,0.5036037082456913,0.6158579700070587,1.9069598574181255,4.302922259637136,-11.21417405292263,-2.832122025586616,-1.606297023294184,-1.3111733263342917,-1.096768992937396,-0.9259534230920841,-0.672941522189176,-0.4305441715372619,-0.4054763617035708,-0.973200763356781,0.0662828372284826,-0.017364705350686904,-0.983144857949859,-0.3104703654259687,0.006570539066420571,0.04745420147740448,-0.005245808374038525,0.010660592706117715,0.3845983214289007,-0.36448728254340285,0.2196967412613947,-0.24459360011487874
248,9.81,1.7563240539803504,5.585529605295581,-0.6175581959900764,-1.4254712215717475,-1.5162194008821843,-2.8258124677962444,11.010971890904532,1.847749013486769,0.5889441952050833,1.1361360402546594,0.6897674785579916,1.421313481151489,0.6160301171766462,0.19334263160433396,0.2759112957252091,0.10273920179053597,0.3826712755932436,0.22480906559553537,-0.16936615952080053,0.21798321285610522,0.004722131896982562,0.9827061031837567,0.0,0.4049429520102417,0.32105596817484394,1.7265181118019637,-8.897058532515166,-1.4229226069247352,-1.936642301164949,-0.3348131678088614,-0.3875706186307107,-1.2795312474497929,-0.8578407704777687,-0.11021585969239167,-0.411637920491546,-0.10288185962296648,-0.43203084781329015,-0.6765622792390034,-0.04863835726897747,0.44824443073739845,-0.16067273452629896,-0.08841286702941369,-0.0061144375840601695,0.048821453058966374,-0.003811857699228687,0.010603935966993968,0.3846834472999046,-0.414767383333566,0.38786353358550585,-0.17612887611240627
249,9.81,2.2584211445546654,4.343742540514701,1.5432655112555298,1.3041061461559413,2.2476536487015726,7.016550912215541,-2.3027360816425904,-0.8533783621859886,0.2814043399226157,-0.574021980796374,-0.7329163719207809,-0.33385607557217706,0.4191121001679706,-0.15297464243827563,0.027540749984334034,-0.05507569349166447,-0.9545800039143995,0.1548082565179883,0.7588706924512605,0.9821401111851998,-0.6697640961043274,-0.05940932035765345,0.0,0.7410437397626505,1.6990155435397072,9.759705704846931,-5.859491925344718,-2.78290151835864,-1.3574860652074647,-1.034898810879886,-1.1336713487154009,-1.0830485364921705,-1.4387581289858455,-0.5684886563285667,-0.4084378563495402,-1.0087724073417674,0.30591031417969833,-0.6531884640146255,-0.6670356791050209,0.028528525564441798,-0.21805240117842112,-0.24090045432188267,0.015279856547084447,0.04544293876467293,-0.0041386573926013095,0.009753380426950804,0.3814794993582551,-0.37056656243616115,0.2670823377616549,-0.2973378443655596
250,9.81,2.7764204864926096,3.5333264711617063,-0.2286052530214976,0.19633429509992117,-0.7484813053441934,16.130901642759962,0.4321086434871302,-0.9921086776742427,0.35403967948534865,0.1709787513856229,0.6622033047481788,-0.4738855831600479,0.03456886900477396,0.360541546669594,0.8871826441590596,-0.18014357582277846,0.22514811772230942,0.5948082341648948,-0.6362873619584954,-0.3865149309391607,0.0009001913547591611,0.34654132029086016,0.0,0.3843234058369681,-0.07876038505976224,-0.050506101526309216,-0.4499679031263801,-0.3381851739836039,0.48446871822960075,0.40474992333603793,0.6552408722241659,0.13558207944302014,-0.21220627115101742,0.6007330940176039,0.8527170117955398,0.3450603908839364,-0.1672747782757779,0.9164157920688687,0.07161805383770187,0.06978367241975156,-0.07635282693125127,0.05105847101507678,-0.0022634183467474963,0.055159038006876986,0.0005894249843505342,0.01068940145394725,0.4286410849543292,-0.4687984664245164,0.34004729619360974,-0.23119647179478026
251,9.81,3.9008250144950214,2.5148526179839283,0.5826082190633147,0.4156812899237333,-0.25165180578787855,1.4579262284383192,1.2474396282559708,0.30793337816697863,-0.45225348809226174,0.6583742466632126,0.76305325605098,0.3357980432322701,0.10969120908138477,-0.46840858964073995,0.34320711196468157,-0.21121413858608173,1.1482346735548743,0.7657820542984198,0.06546576537691433,0.5425631542276905,0.8316195806191766,0.08803138527407167,0.0,2.031195144676364,8.192137948460196,-11.22623526012788,-3.902551651403085,-2.5006099844551013,-1.6700001520591865,-1.1577879013568917,-1.1030846288120046,-1.0036432938123254,-0.7435615377060999,-0.7527872148611509,-0.16823690695871962,-0.20570074263740434,0.13366359947282203,-0.37096735574571155,-0.3614386046810688,-0.8328144371686246,-0.2789391250199119,-0.4558377204427336,0.005768398208547671,0.051892490136431255,-0.00912407756807862,0.012528553236317257,0.43865392092235944,-0.4737538358855024,0.39138132552909133,-0.5479996332478311
252,9.81,2.7006066626596725,3.632517143514226,0.5153497727183763,0.3505684389319663,0.14011143936938808,14.58133770419376,-1.1856395573892595,-0.7290265091402173,-0.37399213743107573,-0.6166158281760736,0.02184233227405108,-0.23927990690638268,-0.3672931335454196,0.44162450114607565,0.09638135091201794,0.06403874847355634,-0.061722499281005594,-0.062341857601613815,-0.29931885788945223,-0.13967199860292379,-0.09744773828216835,-0.3738829493755706,0.0,-0.7745840780780351,0.2804512727666777,2.035579395092619,-0.7328430305328726,-1.097100863002334,-0.32918846391471135,-0.397963090623478,0.43469690859783494,0.014611465423505998,0.06272919496718338,-0.3139091176737998,-0.09687630656692564,-1.2296612416112631,0.047951125309319054,0.10556269334048149,0.1781095882407391,0.20339322917075942,-0.03791616731345743,-0.4792253105534646,0.005102472997211642,0.04589365950142509,-0.0015645139421316073,0.0069061033804132775,0.4332863144793647,-0.3521033326945693,0.23207494874335732,-0.23877819234783437
253,9.81,4.215774156512062,2.326974746701409,1.3121873754762574,0.6176920133745784,3.10795152137276,-0.5906988794358208,-0.856994898917778,0.1260843579299492,-0.43442013803809987,0.3686999391085411,1.1423239693909837,-0.5554578300795237,-0.17786610733288255,0.8607635622619322,0.011415398528818677,0.10676082703119633,0.021227179608842406,0.9106009143180993,0.807252700427004,-0.7086658068337077,0.03920721132719324,0.23448363660824392,0.0,1.7227339940729889,8.965013328584952,-9.049245645142495,-4.783842899647381,-3.5352249440315875,-1.9402231040637457,-0.9798701846689188,-1.7271614900121153,-1.193680769904795,-0.6271060036389978,-1.4180538410680343,-0.5919202269719468,-0.197013849505839,-0.3726570547033458,-0.4141756694373918,-1.0880097673568603,-0.9756403181797164,-1.0130755503497304,-0.6657456334880961,0.012991954212636221,0.048103977854900754,-0.00604975992900574,0.007434559804043379,0.4428304371427047,-0.3925501281050991,0.3290991285243191,-0.18914661596562068
254,9.81,2.932106631950054,3.3457173395756317,-0.821716583974179,-0.3693702594739712,-0.8568026447005082,14.412304439872097,0.7986332399048965,-0.7586608564927846,0.07082644780879077,-0.2669052528674609,0.5443228586047081,0.16994276287484733,-0.1939078769928323,0.2615288525801985,0.8285734417732808,0.3499340996771908,0.22421491751474432,0.219305969174882,-0.08601662497343004,-0.5469350944142766,-0.16608529700012065,-0.6580167817436269,0.0,0.5837194130767583,0.7258197902853892,-2.631582766188369,-0.23316601750797578,0.030425715791478465,0.10260177662656106,-0.05850604188066347,-0.03409575414865882,-0.3004400188487153,-0.6778494291989399,-0.3646164877180519,-0.7670834060923255,0.02257185725382565,-0.30890606771799817,0.059025814029494056,-0.18659856602720962,0.5775353824354358,-0.15391546606843004,-0.20570453764878777,-0.008135807762120568,0.04545352719620259,-0.0012698066165363923,0.007226993446558142,0.37059227504179015,-0.38625838680529956,0.17664312612757738,-0.25294774365149963
255,9.81,2.1073244077812525,4.655192130730691,0.2979227152616025,0.32424782372483874,0.2533522490267823,1.2704178284530347,-0.6168816075148138,0.6108917672525944,0.13904507510273986,-0.2331879367266099,0.04673016223694362,0.3727719024350633,0.20108860442417634,0.23667156386651023,0.0860478835964968,0.32121796543353115,0.325435354181988,0.3856062180508096,-0.40008174155147824,0.35998875433710664,0.5362393561952258,0.9012280411356873,0.0,0.002779147235867585,2.80002675834491,10.14111857773606,-8.58591745331223,-4.090432957814237,-3.0353614429994447,-1.5443079295097082,-1.8953803253597106,-1.6997089795887164,-1.2150925645813286,-0.7616934135438451,-0.5804619994820308,-1.2071856989480505,-1.3680698069484918,-0.8349108408569743,-0.9246606145517412,-0.5145466046616705,-0.6469644948504385,-0.47234745729975497,0.0029497298540752666,0.04830060289025036,-0.005939214929519684,0.008354465763410422,0.41568688105690477,-0.3810263002824184,0.28923074267480464,-0.2472033493475589
256,9.81,4.126898663971499,2.377087687091255,1.4591078380962366,0.2506326598238315,1.186763983011233,-0.7308782821376555,0.22182710165802128,-0.26342946439529896,0.256255975884885,1.2026220641877097,0.05200944351209233,0.5822397074955675,0.23137365061494078,-0.20000138791604521,-0.3172303374462558,0.6169837158489656,0.01943690228088238,-0.05870605170906004,0.1768259154413665,0.2532285139528495,-0.3984070941095953,0.6901157204850699,0.0,2.9278902359120185,7.950784658168986,-10.55155012548095,-3.8822046767561105,-2.52176989099337,-2.950122176075658,-0.5550172218374957,-1.627974888598028,-1.0585106192656206,-0.9264009589220219,-1.0549854751372714,-0.83176026239078,-0.7631952162875878,-0.2942536949607639,-0.7593136660466109,-0.624036557715876,-1.2278726383068441,-0.9645832282347357,-0.1861957892436994,0.014446612258378582,0.047578816843789395,-0.00716655755021881,0.006129310630869985,0.38865452347989715,-0.38444909666071786,0.20744328916487395,-0.19653047790726355
257,9.81,1.3387034600707552,7.3279858404799425,0.9829226498570154,1.559291443890671,1.163565179942851,2.7424224303050657,7.3616919309660585,-2.878959842886405,-1.0678472423126042,-0.7012425221674986,-0.023497540902576608,0.41636082756646753,-0.022289938315619207,0.27308947563113023,0.23015612756825365,-0.19135854496837595,0.4973163246685502,0.1290923585468124,-0.08266812492673235,0.2856228411838224,0.22506417841774753,-0.015746264718949715,0.0,1.2317671412971856,0.971683687734566,2.3520315216352174,11.049291993465024,-6.003521845341515,-2.4366950101410527,-1.5964810219392167,-1.2758804933486663,-0.43619537927610075,-1.1830847382167522,-0.9660852196540897,-0.6103805795399562,-0.020385393106094662,-0.37125136097876255,-0.8879483487368154,-0.7150888457083426,-0.5932065789357577,0.14440592445570077,-0.8727605563431462,0.009731907424326882,0.05275288604192649,-0.0038750217513757947,0.00907806170694219,0.39906646864713546,-0.35589420851060655,0.23258293082363124,-0.2648530581142431
258,9.81,4.501800643038037,2.179128037393439,0.5660357030399302,2.312856568885307,6.085987432451922,-2.1802793266589204,-0.6494557626585119,-0.022639173332530294,-0.020363437984379673,0.367744651462241,-0.22581020445732392,-1.0881285313330762,0.7013104557992349,0.44905115417617164,-0.2149522249504412,0.3483648361581996,0.5006442470377386,0.6226224337802193,0.2144066110986637,0.5663940763316,-0.13047540268592067,-0.014695750270609376,0.0,1.2762303378685338,10.449852757659077,-7.263579494908049,-2.6080133305256936,-2.5077704255893263,-1.2047572039313856,-1.4439324079662819,-1.5542516669712714,-0.6081374600392744,-0.4642637572264151,0.02255025736423255,-0.42290835697604445,0.10112156669831207,-0.7951289481619604,-0.09663094592948432,-0.11262452091573866,-0.5390888481774063,-0.11254525218045586,-0.0613706176937131,0.005604313891484452,0.04899782724828076,-0.004424642539916818,0.008252531529205532,0.42668367147117287,-0.3830326285470238,0.19676057983709985,-0.2681083969493103
259,9.81,3.530361683710062,2.7787521163244264,0.14353974862506455,-1.327827294980556,-3.061071163959772,6.538413769907149,0.7656019845227484,-0.31048336007198074,0.10702213076251743,0.5069466867062437,0.9079907108490202,0.45560803434063035,0.24637112025383268,0.30402266681817564,0.14405699158033453,0.0983376048259485,0.19817611169226843,-0.034916134985471386,-0.02835756260249185,0.21634988291010485,0.4821557556662972,0.6895349416077468,0.0,1.6831948846249338,4.0631858452305885,-12.087328232520882,-2.5508317204782167,-2.5807365576980756,-1.7389099742702312,-0.7089154421232923,-1.1861105315450466,-0.44270281935016464,-0.32089081978029477,-0.8018993595174008,-1.1433165092668596,-0.7444393266752114,-1.2761444942433762,-0.9383800687844717,-0.8488584632998885,-0.5332410066803152,-0.22830099530509407,0.19670675250726735,0.0014211856299511361,0.051012746604601006,-0.005683846148623686,0.007454954207873148,0.39430995038433514,-0.38508321203974555,0.1860804137396455,-0.25355026463614994
260,9.81,4.790197634109092,2.047932204330546,1.5405204614065602,2.509772011598405,9.256160924995761,-2.985159579337125,-0.4104533380841744,-0.20916741949739381,-0.06222305444091658,-0.08646958168915342,0.24168114334350527,0.013422495120295586,0.10567735258167793,0.15656613433907132,0.18607278455024262,-0.04245856394254882,-0.6996929182645089,0.29727583634136556,0.07370904874085299,1.0318506977545594,0.5836660986298758,-0.12168553402819998,0.0,1.3714464026812068,10.763803353834387,-4.826927965328674,-2.178752832656925,-2.327725782644383,-1.8538411103635217,-1.1996509755443605,-0.4074082681494102,-0.6542494660872394,-0.2491611731894482,0.05990246224277518,-0.823400127476061,-1.029146706468434,-0.8049597588243873,-0.9696573455520346,-0.04275644770673162,0.034773052553794356,-0.04918325813658133,-0.5369284064785769,0.01525267783570849,0.054414175819012006,-0.0034703779493935865,0.00896750016348685,0.4092141952962084,-0.45825079614832487,0.2688937177446664,-0.3001336142975436
261,9.81,1.444293481123124,6.792248340255239,1.9097112067493476,1.4755769429383112,1.5162283329969095,3.0522373313462143,12.256058370418506,-2.12816240604265,-0.5950145119601611,-1.3600661405829158,-1.0861997857608034,-0.42516128958640137,-0.8028183938394716,0.695081853652197,0.001107894327883524,0.0671435616331385,0.043122441985744386,0.062259316161307116,0.045079883215882466,-0.1471288913646156,-0.07785435944768049,-0.08738866541068702,0.0,0.8227840590606812,0.022398998277840032,0.2530602218738273,7.293301208095451,-1.4730408667100514,0.43840130150629775,0.016540455495960393,0.39755874232793564,-0.26390682953949807,-0.4439556668159056,0.7480605501904785,-0.5485978081135701,-0.39981126963121744,-0.344135550559992,-0.8286904380491777,-1.2187200613997338,-0.5020682283839941,0.21994386717305722,-0.5888356689081988,0.018908031749993552,0.0476579457666733,-0.0008049199516774442,0.008738119768962237,0.4777058781063522,-0.38738080542010267,0.21792746844308114,-0.20507223211915976
262,9.81,1.5473556683201246,6.339848168617985,0.4341965512418153,0.25695875713247673,0.7078697070199365,1.2138863524871955,15.735243540953931,-0.4532932331663997,-0.08240055014113068,-0.05923206230651412,-0.5612379720725615,0.0557682286150446,-0.32694815364901453,0.34238606400455884,0.036235821707787164,-0.5012909819651322,0.06468444292241912,-1.0741918149712966,1.1188844493794217,-0.5339550823042521,-0.8621135310539584,-0.024575821258817798,0.0,0.5011692107456944,0.02668954312313737,0.18613975795995358,1.6085732049231876,-0.215818834316864,0.3368524757696164,0.4473589731264139,0.37128300147706217,-0.3429891802213162,0.1774614077449017,-0.7016994507408715,0.28750404127509294,-0.6444034658293422,-0.05762988101262795,0.07701058890642537,0.023677341913451055,-0.6810673434859433,-0.17617809822316222,-1.0754238724792802,0.0042989757548694465,0.05329860999738987,0.00012825031486442595,0.010180787630529254,0.40815654016851066,-0.434235029000379,0.22209281062564143,-0.2650756673310613
263,9.81,2.554514499830216,3.8402600574989942,0.12571425485018672,1.3111015456669062,3.0878041109754997,13.664520034464681,-1.38792557863521,-1.1485137734382542,-0.9920812880578596,-0.2641953799574408,-0.6815679590263762,-0.15781113171822436,-0.4267950797902375,0.06981708906288236,0.5155766942973566,0.18946784188473692,0.309187205771419,0.09750765235446793,0.21413756495426556,-0.06445669036995469,0.005202512787272573,0.3079665335955744,0.0,1.5262652123247034,0.15845587583933138,5.808212040440068,-0.8616714258441047,-0.370758332684334,0.42731703074969785,-0.019372881084957105,-1.1958040769751044,-0.3272399836226868,-0.4685355473815697,-0.379993157424077,-0.5535341750577184,-0.8332539399650452,-0.6630425832720441,-0.0919363059783785,0.6713426071193053,0.42498567199978143,0.0950982409279867,-0.7973932726491149,0.0012446955925761068,0.05014902387270552,0.0005005330231222027,0.008971273563093273,0.4146489032529519,-0.3562792023466588,0.30277152594441525,-0.23262585856217174
264,9.81,1.1694011539387175,8.388909115540427,0.10063300992114252,-0.4990112780738868,-1.1412683635868737,-0.7146224563415745,-2.9693657569767122,4.6518442534957085,1.4036267409897318,0.4837872639843428,0.603138184523035,0.37203312221148993,0.6980060460434362,-0.2923461627251615,0.45908847313758666,0.2553315456204978,0.332346217487947,-0.0613555969886172,0.8477565497472593,0.5268410885640988,0.6279773644731352,0.5683922938393695,0.0,0.7931399992283394,1.358869527076362,1.3677620603958354,5.6648424225705565,-11.476947616478816,-3.349072045264326,-1.9168495661893374,-1.0102262880177437,-1.4499373267962854,-0.986798337929705,-0.826370153083271,-0.9094693944914399,-0.9200897439655774,-0.9006148045597364,-1.0006452445153133,-0.896055516587602,-0.28136063589785565,-0.398492007288914,-0.8037235700976237,0.0009963664348627925,0.04752528428421627,-0.004304633134024572,0.010358985526948418,0.3536671517094803,-0.3772305939868549,0.24456154076201536,-0.25663713051204684
265,9.81,0.6787697667225348,14.452617781384037,0.7145542048626281,0.5062662209951676,1.3119066965140398,0.8108348784293959,1.03561278005797,1.3154499366576142,14.257322777944209,-1.3992003341462396,-1.4559275421195172,-0.33003681479068236,0.04665208321017156,-0.8409791218009808,-0.08666734338180715,0.9975430155905213,0.497124071725618,-0.26848360526001325,-0.2671996551412881,-0.5661988221183647,0.35507352063924486,0.24364680627776253,0.0,0.039695467651181815,-0.4832589838451595,0.6585542899683244,0.74549156996872,0.9258469713818354,5.7125472021816375,0.22841807128834934,-0.45637513348116315,-0.02456303992010439,0.10853404093896202,-0.44012929980641236,-0.21312764251818744,-0.40509833031572556,0.20158476342047552,0.1800391136515861,0.6536451733261476,0.43923528755601027,0.21162200733730852,-0.43062672445647315,0.007074794107550778,0.0515811121953016,0.0010094711332088954,0.01414188121339,0.44719968410289734,-0.46607020333754023,0.3262789330173782,-0.3308781501218009
266,9.81,2.083586500137824,4.708227855839484,0.35058334189828794,0.9652365056227787,0.02794960120961254,0.477318934620241,-0.21679799070306668,0.3027286377558746,0.24244264095794293,-0.6527556383846456,0.40718854884317696,-0.02439787490272388,0.24508144118817296,0.5766257313100618,-0.16476423331195705,0.6269490530879953,0.6928020331145841,0.5891450745619846,-0.2931845343469084,0.25272643808885464,0.18833160452651052,-0.11438127639636383,0.0,0.5489118653100571,2.3454646284809497,9.63616592509193,-9.885964216863456,-4.109973741984408,-3.0424990464336905,-2.1632333868154676,-2.168240954162724,-1.081670830373625,-1.060014765377546,-0.2725933381791953,0.0818874322444989,-1.0578872015134442,-0.588993041974173,-0.3134844677096486,-0.5617675043635675,-1.170552024594981,-0.6245948559866602,-0.24904524142800719,0.0034711221970127517,0.050551873185551356,-0.006137170011494311,0.008624215806209794,0.36701938352793995,-0.41070620971918576,0.26583918305441345,-0.22220495488172293
267,9.81,3.8798304663611094,2.5284609946374266,0.18857026871706675,-0.9978514652920712,-1.2750530005387402,1.3038214522398037,0.8201486617500549,0.6986316056911461,0.32867853247996826,0.576621523705301,0.6777750246107191,0.43485199579921996,0.6539714250857337,0.18689995653740538,-0.11069327209338836,0.06877394638012643,0.27209263754783675,-0.1674662856978711,0.33309628963854765,-0.716855459047166,0.2792817714803064,0.6116445694252536,0.0,1.8017022293607123,7.7817277068070405,-11.749313293590301,-4.307205228158219,-2.6443266874215867,-2.567030104232175,-0.7711760976783757,-1.57563608405945,-0.7998716747743116,-1.4268438334587699,-1.63918164617463,-0.5852122722549047,-0.4418207799048205,-1.4093679460201338,-0.9513176262190182,-0.49112573572494267,-0.8566904549510577,-0.23999697435803738,-0.7844154734248027,0.0018670323635353147,0.053013375950989525,-0.006408805666586715,0.007631011304070671,0.43391166496482514,-0.3994372251414021,0.2219783933491407,-0.228712325349539
268,9.81,4.500432652471669,2.1797904240634023,1.6813720975179947,1.9497481112895878,6.2541806130518625,-2.957999904636546,-0.760430308575764,-0.7410077425512427,-0.19135089138240713,0.5670590918595073,-0.2412170474987143,-0.24828002067885163,0.3127409726441048,0.39506988570460255,0.9958567470638644,0.5752785190886336,0.1724484621608981,0.7248958790383635,-0.5390279137251667,-0.580344200269767,-0.020080562559399773,0.6691845430389114,0.0,1.9047500467862646,10.575827763991544,-6.745565074347435,-2.714263960371392,-2.1967355577744647,-1.3083638499034191,-0.5704865577623348,-1.2497360940674063,-0.24910304391501747,-0.6467770225849936,-1.0215604882581093,-1.2766534220439518,-0.6498613505904658,-0.6382432615706385,-0.7203527338819574,-0.45769375330337475,-0.6836460506217242,-0.21219544877082705,-0.799645385267943,0.01664724849027717,0.049427922863006346,-0.0055628878724610364,0.007077455782504154,0.468795352164604,-0.39042421222250845,0.20221836104618107,-0.20571112762498556
269,9.81,1.5499893623761725,6.329075694404138,-0.6321491185382938,0.8908209430704934,0.641284299080696,1.0521775305344752,15.30067251978707,-0.6735019620433318,-0.015295115610647114,-0.8793975298895246,0.15476921037061175,0.007707444897534277,-0.6128489033471339,0.49639022770687086,0.01207930817773889,-0.2382892085229082,-0.6900981236575303,-0.8372444260440399,0.6097693813144796,-0.13292853528345477,-0.33864070376592975,0.5540310519664033,0.0,0.3523891053826469,-0.31045914880765135,-0.6659579981823562,1.889285206775544,-0.5455146498305092,-0.3622376476231823,0.23983690793014512,-0.1832303224353664,-0.07889298687561874,0.31007201570056786,-0.4062206910993582,0.2541567615061344,-1.4038729688887521,0.46439594070341395,0.9016587638200266,0.10788682881481856,0.2056543964044818,-0.5135837855429617,-0.529380025543011,-0.006258902163745489,0.05079033465353388,-0.000219256117238079,0.010146953950653738,0.3599177176135076,-0.589065376396203,0.34765414716901977,-0.30777446566374494
270,9.81,4.749366610656534,2.065538587395742,1.6916190106071225,2.508847673109505,8.482109123648206,-3.44273363036514,-0.12532164376979305,-0.015908905380714655,-0.24816254009974315,0.17762361619009792,-0.3734429608875385,0.18958779442328483,0.10232549134985386,0.19082581031763585,0.1760453115032903,0.7352349246427201,-0.23904115813063012,0.911221320247416,-0.685848723084217,-0.3925654286181942,0.02660032583680466,-0.20591085273228854,0.0,1.1624108650540563,10.896648574868479,-5.058034446213783,-2.523643180215238,-1.8422033506860598,-1.7576298452827428,-1.4516393765357862,-1.0406155996580815,-1.399395932363805,-0.5585136491717062,-0.2320825156875615,-1.0067193881252956,-0.4151081772335312,-1.1200983991121922,-0.9471337137041481,-0.2123936435866695,-1.2733902962913544,0.4103138748362446,-0.6657579731044718,0.01674870307531805,0.053744862439302904,-0.0038562785436296854,0.00827000051779272,0.4165452909791061,-0.496641217057895,0.254035406855711,-0.2661741824395591
271,9.81,0.8565721035628793,11.452626065214682,0.3184859250108839,1.0948972113318296,0.5511228802865578,1.339944901924359,1.010370192790349,2.7025036341129054,-1.4818656870846878,-0.3876721366996314,-0.43041467450075116,0.44181171768325317,-0.7681867758985841,0.6050157655374021,-0.12754273278018513,0.37773580589628086,-0.43934749329577416,0.5412872741213524,-0.7349399168727053,0.5053596863089043,0.07446946879326571,-0.17450729080888686,0.0,0.8075531134633762,0.6935933534260478,1.5326027249549878,3.1710711860037524,9.775923140372774,-9.003263991175702,-3.707590481117653,-1.6352498846156662,-1.0530302904670885,-1.0230918260596018,-1.5993437383344316,-0.7183555883634478,-0.7582158006286098,-0.6674121716680946,-0.2766874861974793,0.042318515327582185,-0.6873297514449318,-1.113899516177502,-0.010253082782472861,0.0031533259902067723,0.04753954759584737,-0.004587173477258976,0.01088365554452502,0.3980308998062582,-0.3906395565931434,0.21017869780886278,-0.31609790461717346
272,9.81,0.8523117246852989,11.509873343138826,0.8098979089618524,0.5912190513663977,1.3550806107422881,1.508775846468159,1.1438364284996474,2.4158998526682205,-1.0434308144486706,-0.15452445342723048,-0.029355318380007545,-0.6932793858229833,-0.3518659783479888,-0.26130430945746247,0.26507475655919877,-0.27190257575510446,-0.29637532260259797,-0.16521091063585572,-0.17136750086182126,-0.04555758437687335,0.1857193325645764,0.2246996091951072,0.0,0.6216671064867264,0.5555238346203497,1.2592362782469708,2.6680407705886076,10.208742158301694,-8.156210546361686,-2.8217568791770735,-1.2047906348543236,-0.4309580138847564,-1.1180235917579273,-0.6741294723638647,-0.6806559145510721,-1.2375818347283771,-0.19583369582758647,-0.10264972299663977,-1.5584025049067742,0.026023716264576946,-0.6647427450971811,-1.1661687557321396,0.008018791177840124,0.044390694592393434,-0.00425219151133186,0.01230615742738546,0.4417674182336463,-0.37749383407106857,0.24959935157059487,-0.307673739980558
273,9.81,3.6742126445737595,2.6699597843058553,-0.8868418039474418,-0.9268421501522403,-1.7617847556728579,3.5503464009283405,0.5187322633021483,0.4090497739351148,-0.19791645899878782,-0.3419908807854555,0.4929393182410703,1.0222563816277737,1.6246191779258388,0.18292768160281248,-0.16932421400849745,0.3949454857180324,0.13537490837190122,-0.10148039136324173,0.16938751131025562,-0.03189847689091116,1.0923909346075382,0.5689832553493547,0.0,2.19742227449174,4.826791998504348,-11.79134475566977,-4.1730004286546185,-2.315890627650895,-1.0820237644153716,-2.2510260757455356,-0.5705112443925453,-0.8961515779738227,-0.6653756987843191,-0.2916124913812931,-1.478266813149741,-1.1849308627345752,0.050062092044346196,-0.3614866463612219,-0.1520337967714283,-1.026565032904768,-0.05068279851146079,0.00407383649101381,-0.008780611920271705,0.04734118182780918,-0.005698020893870229,0.007774702055368893,0.43050531761497296,-0.3509802894335031,0.19748761188434022,-0.2380062383268165
274,9.81,0.8051128045671534,12.184627973062824,1.3810625976242212,-0.6808291317363993,-0.054030647154572065,0.32084662696185895,-1.35973449634551,-2.7260337794156992,3.9411318780535822,1.2727791583151975,0.6678128146079367,0.6879319345839119,0.2396596760829761,-0.6010231797640084,0.12415598629883018,0.6853564142975261,-0.14317663144924012,0.13413601331888747,0.20138285180488746,0.041286279302642906,0.6078893392900024,0.0610349479481636,0.0,1.1475244818673116,0.569083807697645,0.8835994360922979,2.2247197405300754,6.607747259014975,-11.13104316946129,-3.17110412114918,-1.5043053457285376,-1.2599829824256732,-1.4919554074608412,-0.6969254486139591,-0.8325976519178587,-0.10524271311048183,-0.31761117586314547,-0.4836036048467717,-0.3507453024332603,-0.17034707987428443,-1.4880687471185974,-0.9920253833928014,0.013673887105190312,0.046423302369561555,-0.005865221994087217,0.009871586635209212,0.338062086077362,-0.3529854879564309,0.24141949565103638,-0.20822456850106236
275,9.81,4.86791327277086,2.015237217736227,1.0156646443865105,2.9506176452366075,9.603976179783045,-3.5400616996176746,-0.8163862411150169,0.2697386007196494,-0.04282755571032948,0.1448731824089985,0.035874462267902585,-0.14689827714233455,-0.06904197367124554,-0.4064315361654935,-0.597612136175791,0.702787530160679,0.2814229939033196,0.22297226933033182,0.04935476763572033,0.4618477393067958,-0.07007246469438477,0.38185612458171586,0.0,1.4547788607691403,10.849280854077737,-4.511431130780578,-2.5066901598361846,-1.3921268995444658,-1.5218746936203806,-1.5210177721718616,0.05387451565137291,-0.6685007242372487,-0.7541972423553598,0.0719030792571867,-0.26368605255000427,-0.6597599453707985,-0.4283708149784483,-0.5196771345742863,-0.5517713890898983,0.12303105437834819,0.39731548105419073,-0.09451727053625021,0.010056085587985266,0.055272326502379496,-0.0021421766538763797,0.008007675163564728,0.4075169155066245,-0.5620408422862704,0.235545971607413,-0.25527557670876916
276,9.81,1.7339441462465603,5.657621683625474,-0.2518946116266272,-1.2216378044067082,-1.7926713989462293,-2.1641038899951512,11.42267754338802,0.7832499546566738,0.48721385664480044,-0.10495961642833396,0.7543028741871011,0.48312819005200935,0.6288984265602895,0.11272629029710401,0.399646949407352,-0.5813986743403976,0.39171546008886654,-0.220885529466918,0.018433706718040996,-0.09829194569355777,0.4381689121136656,0.15604190996854725,0.0,0.387360003940197,0.5001733499871355,1.8439627212963048,-7.554740580039594,-2.003865818020988,-1.2577055087481464,-0.9377183830058918,-0.08604335670013591,-0.9945570397285464,-1.0475748148800395,-0.37776575762055575,-0.22002806277429054,0.2605601452973838,-0.44176517204214505,-0.47706548567689894,-0.32394336241065574,0.25319711074319495,-0.3887486861676929,0.736074785059653,-0.0024940060557091747,0.04401420923386386,-0.002941133289246846,0.008099852025121576,0.48654148798048835,-0.3474406473792529,0.295328072939203,-0.26584027094810175
277,9.81,1.079257165891552,9.089585235133613,-1.1001497308598358,-0.9770731437918523,-0.6546259004325277,-1.0341194607663327,-2.7514763788050702,12.567587290131259,0.7643526711948667,1.0727519082576282,0.7144385477419397,0.14326311639397737,-0.24888715129729988,0.7806221227649499,-0.026600398010467097,0.7078475128720523,-0.259328113408964,0.13034144454777885,0.266172117904752,0.09100879470107598,0.09491079155724519,0.4852771187938894,0.0,0.6385855505272522,-0.06207698995830757,0.3961635611004263,1.5595546950992814,-6.611933628964465,-0.15480262212508933,-0.9277958707287417,-1.1243633269401783,-0.6130679762605511,-0.4519716534590481,-0.5580841392772389,-0.3405821825459652,-0.49248510192327055,0.055092516028828364,-1.1392729571946485,-0.1449421087797585,-0.0391890180840016,-0.13170573841862931,-0.47557263928940124,-0.010892571592671641,0.04603841716723204,-0.0020904190707691024,0.010668263242769148,0.497917563362807,-0.4737892701301656,0.2281629639373886,-0.28898146997896645
278,9.81,3.9580450918914214,2.4784962708224527,-0.5861448725025703,0.20876287628418866,0.45559929255460596,0.643154592188777,0.8466308783794196,-0.3275919828035654,-0.27455063735781576,0.35924302118333207,-0.0027240077057796436,0.19989640383031587,0.048391021754872796,0.09324569993778263,1.0723520781019273,-0.3891923042627671,0.5395981487573578,0.799257556380613,-0.3872675254406286,0.2654572193062007,0.017513234068435773,0.4493077370004054,0.0,1.8515054587542898,7.937698381314158,-10.341580998547036,-3.8244927423923074,-3.3298661817044413,-2.1451838498759224,-0.7745749038023635,-1.1053206627292202,-1.1378360462735402,-0.7983248970440883,-1.2458523660180956,-0.517178067249335,-0.49770691003863443,-0.8705689432439736,-0.8662209996400889,-0.3710412294307974,-0.45233145075488146,-0.24268328797554062,-1.584864480710983,-0.005803414579233371,0.045334291909618366,-0.005203984374106752,0.007952128793181641,0.34734609936715627,-0.4692270691707495,0.33164918596473014,-0.2359278101964068
279,9.81,2.401028876871931,4.085748444966853,2.207015832617879,0.659342758687867,2.496703990938924,10.51854364034316,-2.8795669301,-0.8563621744817125,-1.3314968581803779,0.12211926716019772,-0.5164124330040891,-0.5711907379480792,-0.3535683111270881,0.32769376273031425,-0.6361385782236282,0.41283724806832656,0.9615180297302445,-0.8242850264535211,0.20503737767687608,-0.031238393485140348,-0.005882954660273054,0.11778874844704268,0.0,0.34966141955245006,0.8607500079815766,9.630663801264065,-2.5452030435684363,-0.7552328988333605,-1.039720818948855,-0.6690809805925735,-0.8470856457551124,-0.44199347812529566,-0.8651855320906696,-0.11917213605107635,-0.8672969968022344,-0.2197857348420984,-0.05012774890090638,-0.09018896036073504,0.2288056942598391,-0.193368929497156,-0.01513177480601019,0.03212480000348239,0.02185164190710771,0.04980723931282488,-0.0023956623922216204,0.012597963772293492,0.4412870711145984,-0.34770153270117854,0.33326777915625394,-0.23174965125679592
280,9.81,4.550339235384818,2.1558832193684516,1.9241919676072214,2.2220867469259002,6.567758248824955,-2.966359540733463,-0.5577053590328664,-1.0808796620541008,-0.4048375408053395,0.04542961745201968,0.10120842105582717,-0.6155581605375765,-0.12860714915861537,0.4581761003315573,0.2208115417469793,0.9385553404037333,0.8411257560600863,-0.0652908472539745,0.13734226392161375,0.8532835650763071,-0.1474304769050242,0.6045966647148499,0.0,1.8737913309277552,9.790324940697323,-6.579405892813597,-2.402400590594373,-1.81370687298975,-1.873775509769068,-0.264573319695747,-1.6720280620662138,-0.8713525294199022,-1.190756380766446,-0.9945884925481294,-1.1556739844614472,-0.3625947004312218,-1.4007812478834807,0.11595873189190747,0.24808681105931069,-1.5934542488457055,-0.39383141713305503,-0.06531815246479283,0.019051405619873472,0.04729519906375085,-0.004531600948640455,0.007670973655229815,0.36896053516852895,-0.3832459483969876,0.2841372843341929,-0.3092875576114093
281,9.81,2.7160634327112203,3.6118449524602942,0.30628107806161753,0.4816721689183405,0.2122746064502823,14.615249760529586,-0.6693600346746182,-0.36941082933997804,-0.1984416489228309,-0.206526657619297,0.2660296123605841,-0.3704277206912202,-0.33587584060781106,0.5068573077638898,0.3366104163016316,-0.013298008153631913,-0.3030893631190843,0.0704060019676318,-0.8440972292896806,-0.18522288171073353,-0.28761063775031526,0.2885639739749889,0.0,0.006267720320867535,0.27956740443395306,1.6286011903169406,-0.32766465819901863,-1.1120668857703335,-0.5917237338562402,-0.550800336494488,0.3242994380888544,0.401756050234349,-0.8638104649590155,-0.22757359732653992,0.6785543132968783,-0.979374983816488,-0.1813471326287457,0.18689927372475879,0.22862519939915607,-0.017132602298917936,-0.3703070369434739,-0.5991527119893048,0.003032485921402154,0.04571716137399105,-0.0016770298197999022,0.007086636341126345,0.4499401174127238,-0.39072714687292265,0.1716154195889497,-0.20926557497142034
282,9.81,0.535926326232337,18.304754813905387,-0.8147023490706056,0.0005981119318503314,-0.24223225511582713,-1.6718543756549318,-1.0688105145866473,-0.5312907666983206,-1.9359699536011408,15.224927345461062,1.4915097681236933,1.539163078644929,0.8791607725540589,-0.047767256676757075,0.4912842516087146,0.5681838976576707,0.5303700394376957,0.6130780434678644,0.5591458173791245,0.09311634808442965,-0.4569106604581521,-0.2819969475437283,0.0,1.0291804540208942,-1.3488553881937964,0.20061479643525365,0.09643184820507758,0.4585139048079757,1.453769439750816,-4.6370145999817085,-0.17277860588500954,0.534887635741238,-0.6468840180729433,-0.3018668096108368,-0.29559285821537523,-0.8135211755999588,0.22550294578858854,0.4684186853358805,-0.17634226089696478,0.4651152310167005,-0.32746698921054923,-0.10714396221015361,-0.008066359891788175,0.056205436767462646,-0.001586164316484624,0.016804493693170997,0.4301897111475629,-0.6145676525152957,0.34021133928393604,-0.43664377590507936
283,9.81,1.2350440543920005,7.94303649745463,0.5500574693117442,0.5290432308453202,-0.06579041670320865,-0.8549668673009524,-0.21754362902206692,1.5247172375488074,0.19941298823647793,-0.22730233284493784,-0.27858681174056477,0.37944630209620595,0.6189540125899565,0.11080840169168535,-0.09587891615880692,0.5465455420196672,0.9217449506120665,1.1693237552701767,-0.37132214851133805,0.5722802012027712,0.5823182724239135,0.7202182234122987,0.0,0.6419753787987943,0.9827940354331317,2.1908936519715496,8.592024278211749,-10.430501470163582,-3.665658629875135,-1.4348987349842566,-2.0534297832827333,-1.3776809511536368,-0.6438766621656521,-1.252546047361986,-0.7111048179567533,-0.710559877514126,-1.1244621715033842,-0.9781913663076338,-0.46383864606077196,-0.3026091895415599,-1.0654727507380382,-0.5168989966779525,0.005446113557542018,0.046848109721370663,-0.006759118108073167,0.008596251960493531,0.39085797992906757,-0.3864701811081681,0.20122368341172678,-0.21129662501858892
284,9.81,0.947234824627889,10.356460451983228,-0.4575399701413814,0.32566438775052164,1.7303869961004892,1.6413539211775392,1.4387456662838467,13.047602098173954,-2.063399855095315,-0.8886719926004694,-0.6753753413223416,-0.6733461979709057,0.24870745208746958,-0.07029300728320081,-0.4123396230312542,0.08506569108113252,0.24390121952989363,-0.17175520703912805,0.24428438109065798,-0.17842334499090307,0.5791747916557523,-0.1551726271793638,0.0,-0.8656514740069844,0.09866330404563167,0.9146430134571311,1.3754115962799263,7.190581691131414,-1.540339555952159,-1.21725119337988,-1.4193713314537368,-0.13407532972770797,-0.5228312460045534,-0.24735144740159642,-0.21385772685563126,0.16292727124638423,0.03921388454051533,-0.2692629336358055,-0.21545985253918373,-0.40420580104875337,-0.5978829306659472,-0.13153566172958225,-0.004530098714271099,0.05032314697926681,-0.000998297145626414,0.010779203096916212,0.4098374282925649,-0.4774859736179767,0.2441564214884466,-0.38909243040778907
285,9.81,1.3160727209321297,7.453995394002172,1.6096833059215543,1.3566272936648374,0.43233288147619514,1.3378337227257147,4.9658619720931,-2.4219665409367743,-0.5699907626500216,-0.009897805197331133,-1.0932362778061575,-0.28026983394860816,-0.2769085635427898,0.45147981960529027,-0.3211222553396753,0.37239704241851457,-0.7490134485800504,-0.34555144535989535,-0.15494522623017798,0.5825175815674557,-0.43859724090671054,0.08605823261031792,0.0,0.3540325626992402,0.7523075866537958,2.6384797007298553,11.434934320525647,-6.902343474310671,-2.839539857005497,-1.2965524626610625,-1.0007083265405916,-1.4206370851536247,-1.1312083563797821,-0.5880754253961127,-0.8985238172469067,-0.9450249576544173,-1.1631023771332107,-0.9680642725836333,-0.0209788811249762,0.007301876040834432,-0.9199431707527641,-0.28520904575281436,0.01593745847447083,0.05024243482176306,-0.005092641918760199,0.00950803517616447,0.43948033564973954,-0.40108704248304183,0.22311467671536805,-0.24875611143813525
286,9.81,1.7175567630014492,5.711601625821623,-0.6430234677744524,-0.5575390929190216,-2.1363769774599057,-2.0645022173717273,12.255431730686642,1.967761538065816,0.40753421080766983,0.7532529780604018,0.5529411180354062,0.5575919676963773,0.24566949706106994,0.6964838240657663,0.20046515952331057,0.3425428277209831,0.02258030109729131,-0.29565776672743993,-0.9469842408070099,0.14995037754401508,0.16222187772298147,-0.36940852216599124,0.0,0.3625682409640344,0.17413003651662737,1.5015256709527303,-6.7634588249509004,-0.577564698927987,-1.3833463187208739,-1.2365595947708479,-0.36061602056925746,-1.2854956768268568,-1.2293053892798438,-0.3677457732065911,-0.19297725446982988,-0.14163799493037516,-0.22429839451861994,-0.03747236278055838,0.07349519778351352,-0.1367746950178756,-0.44139999334567137,-0.14520848732713695,-0.006366568987865862,0.045260269118610565,-0.0021268423883121297,0.007574744438341825,0.38303406395580386,-0.3353466864902732,0.2433642418932161,-0.18849737000970299
287,9.81,0.8392029521972362,11.689663357731344,0.7348809859983995,0.01493366452890281,0.010350230575477168,0.36919899681352597,0.039525855840923343,0.389735782625774,0.24007188360552548,0.37334895313764804,-0.27584922653393884,0.5477341242921179,-0.1736308002227239,1.163704253910189,0.10192909300364228,0.4651859348276278,-0.3782127458249137,0.8374547679402471,0.41995809177709786,0.44806194218305506,1.450929234284609,0.6130277264112535,0.0,1.488937048340743,0.7773322956284627,1.7617779313028339,2.6968274316819727,8.892565963143749,-10.043410517203748,-4.123132713198421,-1.6250087722908697,-1.4581812126258362,-1.1299836927275257,-1.663056654806653,-0.7756010098613987,-1.6822466372242522,-0.5175584420811519,-0.561860192755748,-0.5567220629253795,0.5903625937861561,-1.3041512050507882,-1.0764282059678887,0.007276049366320787,0.04835978261186379,-0.004151962527322267,0.014584623869159907,0.40618954541609265,-0.3583186600248317,0.32302770757062094,-0.26009738596636106
288,9.81,4.455164305082027,2.20193899219602,1.2680358416000992,2.09503489498379,5.083806283435925,-1.8278673553581772,-0.7021760755237335,0.16983180233996464,0.3204955365420696,-0.7841552476948414,0.5920437809696418,-0.5487171966755617,0.360119162269719,0.04059194092830973,0.5694215994140939,0.6090264862745332,-0.11550980313543023,-0.014072773828294582,-0.17578409350297952,0.5287926780928739,-0.8545271793721019,0.6261212451113753,0.0,1.1720291025404426,10.245436276772885,-7.114579976579926,-3.44136715879561,-1.7302081021888018,-1.817118691028548,-1.013982204195502,-1.757028003124594,-1.6043076492795976,-0.013570528149477123,-0.6203831108458617,-0.39433575664169085,-0.10035501746884884,-1.0344426049120983,-0.8999652759792325,-0.19990332407399997,-0.40598057362843565,0.2131299163481123,-0.29298562145813,0.012554810312872273,0.046137944757917174,-0.004925676615247013,0.007174218805385493,0.394421814849446,-0.4163364477562594,0.3078007909119745,-0.19663944130855174
289,9.81,3.5298176262930663,2.7791804106044533,-1.10083292599968,-0.6901205917647675,-4.0028814798696715,6.240394295078007,0.6146948477544407,-0.317312006582382,0.11114708889184288,1.0713067762475157,0.6231123487250321,0.5847058140311332,0.759231761310821,1.0229646291398846,0.21508548185581824,0.5177750520696662,0.05369907959803616,-0.8516768481334691,0.20156543325439688,0.21134257033153175,0.6023838905492098,-0.42671878505021393,0.0,1.9295687127093326,3.58280876137513,-12.299151609702038,-2.8786173157018204,-1.9932667172429714,-1.1207231888963731,-0.7478789166841784,-0.24055832938862087,-1.2031965491478882,-0.3373094892021423,-0.8621491156539923,-0.9216194224140409,-0.5530931198730403,-0.6253681602933623,-0.42491946957561677,-0.6835802206781969,-0.06778720602248905,0.1979026331996227,0.21720369165844394,-0.010899335900986934,0.051901465917405236,-0.005240389383500502,0.009901596744833922,0.3777146599876331,-0.42729188507820703,0.2271926152395034,-0.42184927197523325
290,9.81,2.497897991405712,3.9273020890974597,3.3851239487144746,1.068955452632715,3.151769399136774,12.375099981656515,-2.3134683894263537,-0.6000252864074598,-0.6907333970075522,-0.6570488094190097,-0.7540870368697098,-0.7683901778279308,-0.029337139767433018,-0.07413875473030368,-0.21478976851270068,-0.2327221532266242,-0.5814050130207811,-0.11531367263348088,0.773448824619233,0.04592814543131474,0.19612075540681656,-0.3219998381141113,0.0,0.8203737783386795,1.2854688167862345,7.640605380081965,-1.6348319017933097,-1.0251504254201709,-1.0370439474405813,-0.2163695118405788,-0.68095203257395,-0.17762127394328514,-0.2593023013301361,0.13132468202181452,-0.14593458649920232,0.24187216941564893,-0.17138430265529786,-0.7418090931664055,-0.0024805580005412553,-0.24950242693751318,0.923895117297733,-0.11156372362705391,0.03351607870014332,0.04933547481165666,-0.0011521894387719722,0.008308993059181343,0.4064462998134387,-0.4083261130674625,0.25354843861775,-0.2540272095104372
291,9.81,4.544209918852648,2.158791115547077,2.4474653479153337,2.7119423223688153,6.432333417395976,-2.1140784621993145,-0.7846274256381551,-0.714855965851222,0.24444021839163277,0.9638864391978337,-0.27743043679884244,-0.5152976654776076,0.2181089687974697,0.8578980925235908,-0.3744414117889172,0.6280253429974221,0.5061943322271873,0.047346252826366814,-0.1198162636395256,0.354472221816921,-0.08432516847908875,-0.32740300588988147,0.0,2.054408188944322,9.78628362715467,-6.52517853798342,-2.0845939504312816,-2.156324750365884,-0.8026050837540748,-0.962263943621982,-1.5640804023929606,-0.6884802975353614,-0.6892834730867818,-1.1125837624653794,-0.045763810758472245,-0.24845783015094974,-0.7489568396269077,0.47413049201799007,-0.1785025817149098,-0.24470769485064894,0.44875720862726926,-0.5773562422851426,0.02423233017737955,0.04424002822236838,-0.003243297890679972,0.005475185753536376,0.37316503615594904,-0.38658816179936917,0.21571219469574493,-0.18910562011016818
292,9.81,3.252504858509684,3.016136924233527,-0.4427091133588286,-2.2233199438172324,-3.559556503399519,10.60738179958113,1.227924361776981,0.7881606148861282,0.23882091615142076,0.7100963249648444,0.8998495909237708,0.7080401596069545,0.01925141636860328,0.06644192554410511,0.34906690705820775,0.15062893555414675,0.21694284872627986,-0.599830091540333,0.33773633498951267,0.10640875137667816,-0.324147388982837,0.9054034957943302,0.0,0.14252803360122965,2.371835930332304,-8.337089709248225,-1.5847444992051962,-1.5637721876764343,-0.8475616344374974,-0.32382985874292153,-0.21350097335579477,-0.6587909928539069,-0.3082944905813113,-0.7198211984508225,-0.36172454270055093,-0.688403916068509,-0.8133734284478593,-0.646655394528334,0.1704972641974673,0.5289036400010704,-1.0764242154579888,-0.19127639738442997,-0.004383258548107212,0.045401510364363434,-0.002812856155622642,0.007646848445622812,0.37129340909350456,-0.38143189735209315,0.20762962852286693,-0.19326824269661785
293,9.81,3.567748016411095,2.749633649819298,-0.4196809715465909,-1.6160953820339163,-4.186581856045144,6.031163267361095,1.2566706048655725,-0.030908028310542623,0.8209607969240912,0.6568104698944067,1.302135936239623,0.5940823266807028,0.7705701797308837,0.02153502513588129,0.11943215470860769,0.14144285164677334,0.12238497505057871,-0.31188327575862823,0.4428081803456818,0.1659487803686982,0.04760428440520442,0.3673458133264066,0.0,1.9350494573116392,4.374997068209138,-12.061307202252356,-3.0456326031688827,-2.4209914597669386,-0.7241055837090831,-0.9185101458612333,-0.6111078034934075,-1.3202752900452543,0.050588256408690246,-0.7509063887016761,-0.9376680606392949,-0.40866449363910595,-0.2826749873606699,0.12998826899403776,-0.3137362868706971,-0.899985858114718,0.04775248544206119,0.1861239426257743,-0.004155257144025658,0.053529819616821836,-0.005601261194115197,0.011105604447891302,0.4775386502896412,-0.3863182529598841,0.3202783167588303,-0.3560346192103718
294,9.81,3.706905027618248,2.646412553575212,-0.3835264256568385,-1.5990621765672521,-2.565605074652294,4.043982199711492,1.6559294556739057,0.5658251702838827,0.08638400435484811,0.08950354968852303,0.7495530127360817,0.5066513939249813,-0.30750846492525497,0.6740190052511013,0.42151163911519596,0.14208472264265068,-0.26599067907010154,0.4484224943748033,0.7539288020597892,-0.2745468789086931,0.20732250426168655,-0.5694778317784395,0.0,1.7885205414955092,6.275343230477392,-11.293521859108278,-3.816391167010257,-2.9187763751470897,-1.4892108966326019,-0.8991484606211438,-1.5573780949383378,-0.2796006907056162,-0.6858141909320473,-0.9079757933774539,-1.1492475708783871,-1.2302423855919895,0.1563692609730858,-0.37380137937921054,-1.1404807138461868,-0.346482464113807,-0.5950734950252661,0.7688328671465388,-0.0037972913431370144,0.050092359080908914,-0.006194643122813641,0.009438778085377996,0.4113654393995981,-0.47444242337608816,0.3575156311922646,-0.40950799299631646
295,9.81,2.4775879478490896,3.9594961738962775,1.791272584639457,0.5637429790552271,2.6127082048739,12.521727227437864,-3.0673496736111066,-1.484638999658561,-1.012433728843693,0.2756572255275045,-0.521222358030823,-0.14490933142898388,-0.862137198192918,-0.4206500971930399,-0.6525022246776465,0.21972002921706563,-0.19945299148920637,-0.9493333127193102,0.34946923615159287,0.26253778239965725,-0.26538177491450743,0.7014693983658497,0.0,0.9372603185617608,0.8689939619439794,7.1147301793396185,-2.3813498583541306,-0.5917879615260457,-1.0893932128695185,-0.11259065759948789,-0.5338813410468913,-1.058110102050601,0.12216914612211549,0.30399160127348235,-0.18329512064324038,0.3005272925336113,-0.6227918190109106,-0.009578487674106684,0.1790551201592372,-0.21428240102611418,-0.4756189414979329,0.5786494485665873,0.017735372125143135,0.049633652117361954,-0.00034734868079519337,0.00888582236071557,0.4190445956838955,-0.4601512212138603,0.2910939885541991,-0.2072039843146511
296,9.81,1.8192390793325588,5.392364374449941,-0.6419942492616459,-0.408797375709375,-1.4654538884978325,-3.8812319176510646,8.885781248114995,1.9815265090550058,1.261909601345514,0.8198947944158133,1.2915432457167857,0.20922937708090683,0.23459300803202376,0.1123641307691382,0.3644448084086266,0.11625249703656176,-0.09721972866785977,0.1370285723517779,-0.0048016984098041005,0.35970920961504516,-0.7975545325563745,-0.14069549005001664,0.0,0.22578183367274607,1.587766596286243,3.7103425756219943,-9.800761377061376,-2.727269144182029,-2.2348749952496205,-0.9859580273411378,0.011829704318706447,-1.5255274179599465,-1.179531756446929,-0.6452067632308982,-1.1048065713182034,-1.0118864233861178,-0.40695773626633686,-0.4929815911596326,-0.21337337839316717,-0.5355295416593331,-0.29527571008069087,-0.06197003272792749,-0.006356378705560852,0.04895149940925663,-0.004535939864672798,0.008437914426026793,0.44487310148694004,-0.36265370818503395,0.23128103971275155,-0.2738489563025975
297,9.81,4.4904136049767995,2.18465399025324,2.1338208397723917,1.7638542294533783,5.6168133171436025,-2.708525975838418,-0.8354662366801073,-0.6057930366447825,0.027120283671325462,-0.3529305342381579,-0.19122582094342644,-0.2480728649838853,0.5306899824763607,0.22909175458088005,-0.1413225763564645,0.7622734573404614,0.38527426547678467,0.6495414015278844,0.07045268807835642,-0.527796436802787,0.14597719658668334,0.10010350610412405,0.0,1.425546655010601,10.254575764067214,-6.972455087588188,-2.708657813663576,-1.7244728819149406,-0.5773733592437205,-0.7197487859296285,-2.149097162747386,-0.730690838192483,-0.32985898667321323,0.19599057450423002,-0.2652098510040416,-0.3945641107852964,-0.91863227348149,-0.322231358075981,-0.31789593009993733,-0.38448094728620175,0.21605107072073,-0.29710454140560777,0.02112693900764745,0.045164330277813476,-0.004908114264800576,0.005758322366051512,0.36415444827371957,-0.3474050854215129,0.19973800974713182,-0.17577892653275595
298,9.81,2.1608885629658676,4.539799121587074,0.5524152977666288,1.4388042122383795,1.0405659579192497,3.282770976892647,-1.409550808582329,0.010107666693853823,0.5637365288991593,-0.7401198057792123,0.42704317209433057,0.08760424306406289,-0.7132292547384895,0.8485907710486509,0.46351202219130955,-0.06882218733434417,-0.24953337536528933,1.4359293689286292,-0.20545740024353076,0.6205103238143865,0.5164093509818948,0.646948196009289,0.0,0.5897183111266985,2.0475871710953237,10.929752317861038,-7.918225710395704,-3.241049832547821,-2.7140582005863347,-1.7988956967034146,-1.606997684519242,-1.1262445302936985,-1.56425755031231,-0.8968632728030771,-0.9891023656115371,-1.1065810984744742,-0.34191288104399975,-0.6940882258205439,-0.1987582215092054,-0.18427891422147946,-1.3301258558120985,0.0004359862011213689,0.005469458393729002,0.04944444663452901,-0.0056487290172646375,0.0070789762353126685,0.38870486512137414,-0.4199081891103257,0.23281696716567418,-0.217173161729945
299,9.81,2.465573968397573,3.9787895742490016,1.9403416515824872,1.5205003522750116,2.421566621519897,11.745666478503551,-2.286410490501021,-0.9442420392468547,-0.2855027887041002,-0.18113627270333466,-0.3303299808007979,0.22088781224690318,0.0790135426719728,-0.39980350590780994,-0.5302163753839872,0.525411369800517,0.5937294062645118,-0.32179056979212134,-0.17574681489575167,-0.5648245223062045,-0.11844516325129828,0.15726562696267293,0.0,0.8384406056565922,0.7403587878341382,7.653124329712565,-1.999262177605652,-0.9059319798215606,-0.5256069040656437,-0.07309939088849982,-0.0047373313403839545,-0.030828376294890436,0.04292303655084512,-0.65355218543686,-0.971330013669681,-0.5778819067575177,-0.28537780513664074,0.2584147659060912,0.11717218624328252,-0.6622147283538282,-0.45410212853885124,-0.408331291733229,0.01921130348101472,0.04622836816766925,-0.0020444712235140328,0.01016873100716798,0.4639056936763865,-0.4125191990799697,0.3486661485606415,-0.24811913590282952
300,9.81,1.7432305318266204,5.627482895059626,-0.5215665881579983,-0.8228707302814715,-1.1658680639797887,-3.377761819581125,11.770699746250468,1.732504444479407,0.7374222729105053,0.9166392144378916,0.0053921490686186235,0.23280252718098815,0.016589874187154185,1.6009675195222852,-0.44323986012856614,-0.6554270897594504,0.22909195028530144,-0.29622837272371494,0.2668938967297319,0.7132794359500201,0.15043553841249163,0.049314117262654555,0.0,0.24878025366952758,0.6608673507976336,1.5799765051968877,-8.71110657390304,-1.469092680338312,-1.7029196436069927,-1.1632884388316573,-0.7811920021588994,-0.27113935888034646,-0.6627946754821833,-0.22923071392226757,-0.9799253089622821,-0.061621485578151836,-0.37771906981859327,0.36093390823297156,-0.057341457284394715,-0.5531428324446828,-0.7985701888058369,-0.81188732323478,-0.005164025625326721,0.05162556726731282,-0.004512188270917575,0.010015888601765843,0.39024411526954134,-0.4699672988946468,0.44149463473516815,-0.2532073134384042
301,9.81,2.991400676831581,3.279400207393987,0.1842498990953444,-0.6378722127329977,-2.1600395991722054,14.230885074293955,1.0954599365579947,0.5223001111333161,-0.02929868184916562,-0.2083620557041197,0.06031210638314888,0.19661703253762686,-0.3255386222450357,-0.09376758652254197,0.02878096296259333,-0.2640931996929088,-0.07677534534442099,-0.15709996925526434,-0.4442839570157058,-1.1693182598861176,-0.43159378964889505,-0.386335960434849,0.0,0.6749491253487144,0.609395743474569,-5.245283057400946,-0.28184681110765575,0.05270803298632347,-0.31237022891714294,0.3981374348367511,0.18282816233195776,0.7789516582413971,-0.3989029993237184,-0.20346446623880882,-0.5023580396979692,0.6025375281592378,-0.4089347444263174,-0.09099395205038943,-0.32363538204331893,1.0628283387776354,-0.4464101425782424,0.23767907209427086,0.0018242564266865787,0.05030899917182132,-0.0009147117803306862,0.010369101305278905,0.41462069714540023,-0.4125896049144312,0.43158752853449167,-0.2512767891996809
302,9.81,2.921643343045088,3.3576993657875813,0.21162624877745173,-0.14385786673378576,-0.8510506212555926,14.33198134939188,0.9502042680658602,0.10413426487934463,-0.4146062984910741,0.1705074830203881,-0.4154998542854951,-0.24439828513070472,0.19512264454808803,0.3739002356370822,0.5652329820916033,0.3340982210415754,0.5835645929137409,0.110206720890909,0.3059658396578907,0.07065329827734707,-0.449415275212784,-0.9840552775231527,0.0,1.0869212099926278,0.6806169247852502,-2.642471630012844,0.53906734254963,0.12776603825370797,-0.17634490899366456,1.0099504322363944,0.23955984176288925,0.3711443418494622,-0.2268294705900964,-0.1797527999177683,-0.7029807251250583,0.23659349473906308,-0.3817847579840612,0.03209021510534413,0.012636840872319144,0.5592265280428321,-0.7068923231831821,-0.06773321995397927,0.002095309393836151,0.04530007665294191,-0.0008115246120189657,0.007961379302313621,0.356689601965878,-0.3698511475876519,0.20455908172325982,-0.21522669609207434
303,9.81,2.4428020344802017,4.01588006786127,1.565034050158189,1.8103954588251367,2.8507189418338257,11.645634508201919,-2.3845560723748918,-0.5953539378071075,-1.069990887281848,-0.34753223222715945,-0.2771721584718828,0.21510919812336837,-0.36751460082201204,0.3734914690995931,-0.437992393055518,0.4194866843228473,-0.4099651736803863,-0.5162039040271742,0.6150685360585584,-0.15691890810400083,-0.4745793699854741,0.6484369991064522,0.0,0.8462446203692608,1.0931840638552515,8.664677755428402,-3.0237329265389246,-0.8968661333890475,-1.0362661583860153,-0.5701922640837116,-0.2405931869400546,-0.27447156904338343,-0.17961667788556074,-0.6424195355240875,-0.6486334435426024,0.06338655747625016,-0.2092427223842624,-0.6640494014945866,0.4531587929974139,-0.41483592299529204,-0.4656083923159676,0.06898830176024798,0.015495386635229605,0.05017121764219929,-0.001574364582301469,0.00752389223912886,0.41533455378071027,-0.4175691718130155,0.19632310703683187,-0.20004300481499435
304,9.81,2.089753460129618,4.6943336556990465,0.6569185195706457,0.4601627820646329,0.01309851991613789,0.8840394241632652,-0.6376444878474531,0.6489643665426431,0.05980374881762743,-0.46592885369818804,0.42670648823313806,-0.06815155497304531,-0.09667521348558031,0.4802713887104048,0.6182835120670686,0.9571383924361464,0.12697165325180618,0.8003975897537865,0.2331828799952587,0.2419679333446708,0.30628262783869264,0.21881983670261854,0.0,0.90504284611673,2.883007850134113,9.518320302524781,-9.506227505853813,-3.7045806240632784,-3.0375102798693256,-1.4091760241591034,-1.6941163937948798,-1.459078152484961,-0.8771145643035249,0.11296424201370092,-0.18089001408893413,-0.8186374292249758,-1.1050884571625077,-1.115577989323829,-0.805963982849804,-0.5207726729014286,-0.4252290609254081,-0.598508358669728,0.00650414375812521,0.047737117610646536,-0.0055004787729866144,0.008774356778507842,0.36736035957409363,-0.46319159171064517,0.21999685654583767,-0.2411831838521529
305,9.81,2.9378438504107667,3.3391835984163607,0.5867319189779608,-0.8613223080857222,-1.0574261912176905,14.157125765215687,-0.09611991140393505,-0.2906321718155127,0.7168011235546075,-0.3701449165845294,-0.524031864189061,-0.2725361674935831,0.5994672302175266,0.5417381155429876,0.5891452896151128,0.11823619018416212,-0.13645281811424786,-0.14225248631035456,0.3684427924486678,-0.4730575037969916,-0.1167118222306473,-0.7237949864093491,0.0,0.7489142915756318,0.6912945105032674,-2.8523382744207737,0.9511399757130586,0.1786939843343036,-0.14206764280758633,1.5935709976778893,-0.10349767938447105,-0.04245179253438554,-0.5114525672902288,0.4592558577762664,0.2579653319362465,0.04024853345508975,-1.161705902057339,0.3461939393370692,1.034186153893081,0.3297032979236275,-0.2705425367450472,0.8965420163138587,0.005809226920573876,0.045534678775028474,0.00026542966692969796,0.008102161476269142,0.39947654839374097,-0.3892851252625258,0.18054605851950567,-0.18935966253099218
306,9.81,2.2192607383692886,4.420390912339747,0.6682323172851156,1.3928292424977813,2.356641952205816,5.024152707319383,-2.49019672428735,0.12581557452778325,-0.19902451594544834,-0.5992242433732371,0.025000161198665438,-0.15129099026228793,-0.47571016019946516,0.8268073394342377,1.147446015021746,-0.27737495317666694,-0.523010795439545,0.5571147756281485,0.323569767558588,0.5536582363310075,0.36859071717084263,-0.5536527028458622,0.0,0.6410139069503724,2.4472421494843903,10.731496960743083,-6.453613590700083,-3.0783363185308596,-1.854877590877541,-1.5725016829222018,-1.3950814853954263,-0.8926200483634391,-0.966738656807523,-0.3541371515609454,-0.7258344287398097,-1.131385288356645,-0.6136138377760303,-0.8516769167189309,-0.12548775683135335,-0.3768020232226836,-0.3231707746591575,0.016318512446596878,0.006616161557278373,0.04715458313832736,-0.004146629879497214,0.007762255800442814,0.3498570694547556,-0.3712966272027481,0.20697801499084806,-0.2121083425288833
307,9.81,4.0059454514264745,2.4488601052984293,-0.13962150505444376,-0.2343165903833298,1.2819984549269656,-0.14420005026216698,1.1647680313285578,0.773198010712361,0.14160179895797353,0.1573597410529811,0.08166871024496788,0.375401482450387,0.8242758129987248,0.3105232180896305,1.3190893517256015,0.043519519514228444,-0.3956548608897246,1.1531837626778247,-0.1337860124385272,0.786337124516679,0.9122865884383634,0.8029848338505121,0.0,1.1524240465191908,8.918492315940956,-11.045320970563079,-3.0717253297859943,-2.6422062427076973,-2.273726662132789,-0.834705182227094,-1.1454146312683573,-1.3528323051845375,-0.5011682225304458,-1.233373567350593,-1.6016473839148255,-0.3903184799998254,-0.5517947492093265,-1.0642390199346747,-0.537905829249673,-0.18135161914978495,-0.8953051161726991,-0.947702967166483,-0.0013823911391529125,0.05342395814659825,-0.007641788194259588,0.01342580163240622,0.48918223476114264,-0.63064859091393,0.44051618392360303,-0.340750993806032
308,9.81,1.1903549454018583,8.241239336127755,0.10143505597093316,-0.7784230731595616,-1.0613466476745064,-0.20509915830600978,-2.2599707231230304,3.852589408589526,0.8201037010639252,0.6148969785241297,0.838492031543485,-0.040501391757053584,1.2116356131906392,0.26709284607226247,0.6881169528976725,0.6364050616976396,0.8189444844769131,1.0885725270889757,0.5198716820845126,0.7473075526915375,0.5262805769840017,-0.18579068261411924,0.0,1.2187968950156445,1.481634564344615,2.4564052602274944,6.511143241697252,-11.435735070729235,-3.1184399666046643,-1.528348256869449,-1.832924031897059,-1.1709041718895252,-1.1109764760395011,-1.430576770383331,-1.3122710396116486,-1.301977941977122,0.01080848738246365,-0.9093921100384985,-0.5329082640847619,-0.7566921914271043,-0.7335670814442967,-0.931565714370742,0.001004307484860721,0.05015858388959438,-0.008403368569770368,0.00894511720638428,0.43174789510189654,-0.40858896187514027,0.35548809638377604,-0.2618033351337109
309,9.81,3.742078040551406,2.621538058183968,-0.23473293285052374,-1.0429072320398831,-2.0073178442400956,2.6470365617906793,1.2642839685274132,-0.20016582322648324,0.7505294851616322,0.06450447449228439,0.2584722844470275,-0.09097085729647109,0.5272880245930839,0.6528375268571027,-0.12688184772326652,0.47777508828370685,0.1112944112789804,0.9100131032980081,0.5900846690731089,-0.283907203422311,0.03973237607572559,0.21894449090751564,0.0,2.3781959266230173,6.806428006754563,-10.89270917202907,-4.253951800237899,-2.2591638553546494,-1.7158348109296633,-1.3342180839680498,-1.5121248057958456,0.15403577307342142,-1.231272185188609,-1.0635829162197583,-0.23666921513346045,-0.901141926706482,-0.4125608266146372,-1.5721309651614928,-0.31822108534648874,0.08340792496739274,-0.1616272610285755,-0.4447876458718114,-0.002324088444064596,0.046916598151033724,-0.006182480855545708,0.007039376446591115,0.3545894651422677,-0.41773783635678274,0.19264288884250397,-0.2168356817241548
310,9.81,1.4390060476568034,6.817205539875286,0.8127664190884536,1.1638679365240976,1.7844069234182314,2.024483936296524,12.110184915484059,-2.423822314006774,0.26057606160283475,-0.33220758195223354,-0.023108844114129168,0.14638468751236722,-0.37382590853927655,0.5698994540774369,-0.19197464297686384,-0.8801230485295871,0.4541488008362443,-0.7374388569122456,0.7656893812628182,-0.2580059917657281,-0.3437677317097203,0.8456999043525995,0.0,1.2081713219583063,-0.026033883905077132,1.1376910497226136,7.538573595421608,-1.6830897130173426,-0.15537898862982313,-0.550555595574973,-0.34417424271053687,-0.4471244704774522,-0.26608391387333397,-0.5338983051582032,-0.4523718989362189,-1.2733087654493815,-0.32169361393833623,-0.192282424713153,-0.008225760674312244,-0.07481188330021424,-0.46178702196962496,-0.06313969792148957,0.00804719226820251,0.04696661402415376,-0.001749281765369207,0.00900965047385209,0.39001660978692676,-0.46620064207362677,0.2257847494761339,-0.2818872864593862
311,9.81,4.694111600978925,2.0898523158150293,1.775851782356437,2.1947484589708313,7.55449683718844,-2.8775242164739896,-0.8994954515789825,-0.01929450857968884,-0.9636384997466159,0.2609087601151344,-1.468632347735417,-0.3879223201929351,-0.07976544501999083,-0.3589375007731224,0.8034809182781889,1.0851212994193453,0.873674081556365,1.102674168753328,-0.1290257196410297,0.677582774074916,0.6096583094793704,0.1412998583466204,0.0,0.890188101711151,11.053261329407267,-4.723534454208787,-2.801951662641407,-2.2253583681445077,-1.0634532351808699,-0.6501392778656945,-1.1303877104220517,-0.32507203194729983,0.17365694701111517,-0.0739998382711009,-0.15410753167491326,-0.09128716929573327,-0.6060054783361024,1.0997420125780424,-0.10322446977309785,-0.6355478172271161,0.6975441522386127,-0.7441278634172825,0.01758269091442016,0.050560637893527535,-0.002852181509082056,0.009672989914221136,0.3784023146516532,-0.5597010960237718,0.3806110371385789,-0.23409246936757422
312,9.81,2.2324627065469773,4.394250336738412,1.626269139703263,1.423142683591477,1.9329477321817712,6.343502102195817,-2.782904640176954,-0.9753751062759284,-0.4244377400873487,-0.3478182973561773,0.08838708061285983,0.01197133245289006,-0.17933183549503018,-0.23028690049683448,0.27699078525061094,0.06457746279836235,-0.5697361307364815,0.6226994307665656,0.41857776486698756,1.0440300819964041,-0.18608960989689166,0.272980713761172,0.0,0.2975826665119572,1.6534903504560492,10.006892823006485,-6.514866003528238,-3.2668054490094103,-1.5539887112756876,-1.1857315926008427,-1.1871897392195456,-1.3361345096294286,-1.139308083462686,-0.1593173925941903,-0.2473976988117358,-0.6132885803954251,0.12877365698492482,-0.17523494900547104,-0.5651545004378107,-0.2171342088729342,-1.1030730687588337,0.18105265671797652,0.01610167465052736,0.046438978585295325,-0.003942271697909269,0.00861999095175242,0.3333012594973175,-0.39983608630023826,0.28288731167932846,-0.2549857242955075
313,9.81,1.9570106690264306,5.012747326962841,0.7955474652072898,-0.9344913238806468,-0.742711219034958,-2.646855039766943,3.134813839801816,0.9174884091384952,1.1649388907235627,0.4050497899141835,0.19767040956971288,0.642225666541155,1.3032751691704796,0.35738058849111287,-0.2829077603840944,0.6099076442442332,0.4088032889022035,0.17616428825777233,0.08596339101272155,0.9377239287763027,-0.14563394727500673,-0.35907125070482165,0.0,1.3479157958856183,2.1706386983823664,7.137275853177876,-11.257080592040202,-3.3579463583737956,-2.7871352166675636,-1.6122478509778881,-1.749257713776557,-0.4177357410861031,-0.4262671510391547,-0.953172884239572,-0.6177066603716045,0.0016179155269318013,-0.7563122681230953,-1.0567909419655817,-0.6536765899092318,-1.1509482342126038,-0.9581510379181617,-0.9070420331075777,0.007876707576309804,0.050341103107837556,-0.00615697848910058,0.010759690439757124,0.5258208768631315,-0.3667057598996498,0.27490355418939494,-0.2919482557983273
314,9.81,4.554393479966522,2.1539640883361075,2.045895348114856,2.17645701272967,6.138483896551701,-2.308281437107902,-0.8709402392264716,-0.5229683809465537,0.6852140916680558,-0.17488827344865698,-0.06933857343134786,-0.859752331578383,-0.15014589521161614,0.7077845669510245,0.5768942734333535,0.4419712633122036,0.8804814230883791,0.35444153099385667,-0.050682220468555694,0.6597071575040783,-0.2610234298981573,-0.33838254219490127,0.0,2.1520573377819217,9.758943736692988,-6.279640827887443,-2.665115988004251,-1.8598073018313332,-0.0023155102850840326,-0.8234610131919359,-2.324418303621605,0.48838202560062044,-0.4368197933281709,-0.3471959641478565,-0.6656855174670552,-0.008456248089426938,-1.0319980464170715,-0.15973250550050272,-0.7514734080158516,-0.047753558658435225,0.15418763536400476,-0.5156548597693054,0.02025638958529561,0.04471668096798838,-0.004672545979330847,0.009968880454124442,0.3652538671914113,-0.4119023913954009,0.28799203383566885,-0.32867834183478895
315,9.81,0.713192418440049,13.75505368026375,0.7382457504297925,-0.7187622086958023,-0.35456924641074816,-0.5347350303569718,-1.2558435003194501,-1.3291613622555976,14.67958247349074,0.7125487111019413,0.3651388763157597,0.5435746465768552,0.39606015266782163,-0.19317827549645672,-0.4277934662523789,0.4325676130756634,0.8254522129180905,0.7002670837499052,0.3134630995770368,-0.3474290516167994,0.3663662309338425,-0.6552347235195124,0.0,1.1176279908407991,-0.3374089803087546,0.30982588268866396,-0.6579408241906483,-0.29326080590641085,-2.083115823909555,0.13090305403643143,-0.1315637289368684,-0.4304349154240584,-0.6839843835028274,0.004493787847828473,-0.3464160224410095,0.21550600068259163,0.7988579674029409,0.0026604582707502045,0.7798550250536808,-0.01914038003482963,0.07507521550324629,0.40763705947636375,0.007309363865641511,0.04744843025735639,-0.0011021075985937587,0.013191780340459031,0.3687254345082217,-0.36258325868262553,0.3269960086480419,-0.3424034773304208
316,9.81,4.899357154397197,2.0023035044904773,2.6669172789942768,2.2831528199419684,9.512175791581656,-3.2578008214584946,-0.5025233483264782,-0.30799993154808014,-0.4778404195697148,0.1482568808343434,0.1371780054782743,0.3558900618079558,-0.3395434820010452,-0.05994392172094301,0.6110955538098028,0.11945269786097362,-0.3271542832145278,1.0138054787327353,-0.4495927100588789,-0.22025021933941558,-0.29743299485064256,-0.2960668892852618,0.0,1.1520123021205875,10.056971306723241,-3.698902140983739,-2.3519446127835684,-2.3353519407499728,-1.451689885124949,-1.2922107768229016,-0.3685288384269728,-2.170908496663652,-0.5897638485549528,-0.4941513239993286,-0.480493251018589,-0.017826574432037168,-0.6500173236059783,-0.671223555834082,-0.5088194931307725,-0.4344255801801816,-0.01118433520265616,-0.6882817134128172,0.026405121574200777,0.050596764454497435,-0.0026988075984073347,0.007627894300680825,0.40913144888994674,-0.39712355616440076,0.18175886780925746,-0.23203641737833344
317,9.81,4.679091428332556,2.0965608708987973,3.151461880296212,1.9369855638491922,7.7870508866256865,-2.2978478920729852,-0.7025919586450333,-0.8119254990747613,-0.30629518848495385,0.015056709628869624,-0.2323107908098705,0.2386116106760119,0.08312372802259516,0.8674773782984875,-0.3356761234538469,0.7214037124996335,0.17015544588517983,0.7006525525805951,-0.2768562176783891,-0.22393802386007078,-0.4397723317606761,0.2872159048964577,0.0,1.4762651248154954,10.392642939060046,-5.505720852533542,-1.9060598210019006,-2.06991046198632,-0.9146584647218081,-1.1104881728029437,-1.4709992592479637,0.033764709020518646,-0.6498632015766325,-0.9157331562447201,-0.477701530561115,-0.9487495087486733,-0.5094838332581648,-0.643263893729602,-0.4509690459973649,-1.0458564159149293,-0.16239385250759414,-1.0314802583253968,0.03120259287421991,0.047133675646491804,-0.003874892810649364,0.006075058282558774,0.4062680580905616,-0.4050289575817806,0.18095840422106862,-0.190623851030368
318,9.81,3.4908289261155434,2.8102207835536017,-1.4201086649315782,-1.1974713193656799,-3.989996023782301,7.349662644588996,1.0553049485680586,0.5866526210072802,0.9185395874644855,0.443919105574691,0.41514983102959,0.7943722079473531,0.4649093376881023,0.04750802243337976,-0.13164780447172958,0.34343245076659606,0.3786175727139135,0.08079614814374286,-0.000950421651675748,-0.42944446566152195,0.17982605220800307,-0.1714923363554717,0.0,1.1169631861176659,3.684109485231173,-11.662112539063669,-2.6452235839119904,-2.296672367781217,-1.7983670907756246,-1.3005649475376235,-0.9359222467435732,-0.9868090921247846,-1.2465522775573246,-0.8744964281627163,-0.5211720535062012,-0.44711432435430987,-0.9361293208247075,-0.4835321254712492,0.04983294676383629,-0.11380340388084828,0.10385326770136642,0.2595335632509697,-0.014060481831005724,0.05115451575156232,-0.004152075201176207,0.007792427472974833,0.4789887747867122,-0.37757378226076604,0.27869401861615195,-0.2188301986370671
319,9.81,3.063203686684157,3.2025294441386247,-0.9229050428602668,-1.379921186173607,-2.2753232336263753,12.163694320362996,0.8975426510258082,0.2770578546984941,0.008397647447978773,0.2349844762204183,-0.16799087097803111,-0.6616664671430568,0.0045665949456492605,0.4168506027111355,0.3863457593551471,0.12049546222956209,0.8036997845676526,0.5190064830931658,0.16662531418311144,0.3993626545861421,-0.6536318679264351,0.13945103856724295,0.0,0.2972846947057622,0.40551868441193906,-7.071650399647471,-0.6760842625145774,-0.49969425685536206,-0.5556859558776812,0.3193908042988747,0.21929038463679967,0.39838587276540866,-0.3815388895707558,-0.5013492393430692,0.17685019723635273,0.6128270258262654,0.2561724851012135,-0.35354216059831617,0.11130661906466952,0.13461611589723327,0.123203003289,0.5670306059693098,-0.009137673691685805,0.04347172739496071,-0.0005023816649508283,0.00835991568713063,0.3380849459583488,-0.3637201013345239,0.36181051084296667,-0.20887090423032173
320,9.81,2.859587816309229,3.4305643435918074,-0.6804533600646924,-0.5419776351010128,-0.2832782307851158,16.141590821398022,0.8903255226551616,0.32275351271833763,0.20503535809035522,-0.07666401002270051,0.02063424488242882,0.7799299004565687,0.3624284432188568,-0.32397599039555003,0.4023047906056961,0.13916776752983753,-0.07816266594346521,0.29619153208706905,0.33467621296185385,-0.4955264482476973,0.5473302017988485,-0.1001742025131494,0.0,0.0058933226570613145,-0.2792999017425392,-1.3058105684776156,-0.19796845711195854,-0.2246683791042442,0.06347941498715923,0.5371512609683758,0.5899105660303544,0.2576601725157972,-0.17895688215146133,0.5954481262690322,0.31895160733499206,-0.509019223366311,0.3662293548201002,0.4979363729741284,0.2138037997500571,0.2543525752903684,-0.5409628102286907,-0.15027926417750642,-0.006737161980838537,0.05392716485393172,0.00033104388018105694,0.006374134172061649,0.38494049985406253,-0.4531664072966944,0.1821556710087452,-0.19698773714601953
321,9.81,0.8753739551511732,11.20663910808936,0.6753400575924385,1.02173401049083,1.1593113478803272,1.8558277400422947,1.3922726766952778,5.46990725614422,-2.8449016649610623,-0.3013461899911427,-0.8725601358014251,-0.10860134452171044,-0.6062258824861662,0.452652648742282,-0.22858730681572398,-0.2185846062561294,-0.6631983879854906,0.2600885776726122,-0.74519848649151,0.6555977945792346,0.03611598767400587,0.4915054963433418,0.0,0.3072015351624649,0.3792812848313979,1.3378932091930342,3.1415815978903776,10.445760655943127,-7.425912803008165,-2.565934168699462,-1.647299283886825,-1.2181542596939794,-1.1228107037698751,-0.9982215615956986,-0.18622581858021992,-0.6023657923433724,0.2526952265007423,0.5297636883979823,-0.05549780891240874,0.18817869459176545,-1.4403389925782086,-0.767787518967564,0.006686535223687508,0.04924109504214842,-0.0028779677043994103,0.011403766913098579,0.37482042065285653,-0.3469707372609233,0.2702643183469835,-0.2966741751700844
322,9.81,0.9085195906795793,10.797785871256831,1.0611626715000553,1.2416940125024982,0.796176089858547,1.2513068265695853,3.5300589659565778,9.270274669178228,-2.61466892378571,-0.9129075566415816,-1.0413880435888,-0.3974015968947049,-0.04402982353106655,0.011569901497626045,0.48250364048945826,-0.2419923535409481,-0.3431135072227335,0.40969674113386934,-0.30965408349192625,0.021280196181092836,0.30524808049045093,-0.4584190454889225,0.0,-0.18137232192589117,-0.5050677237241922,0.9158832843685708,2.095762774314205,10.145339827142344,-3.2376452459675265,-2.369001817218189,-0.9193825055455594,-1.47590112126187,-0.7834796600834282,-0.9451236463959479,-0.8922116612633978,-0.763866994899626,-1.0785866692416493,0.355927937363615,-0.3695442019219648,-0.6269775792853758,-0.7581725928838208,-0.021665162928204,0.01050656110396095,0.05000204444229732,-0.002097068303369489,0.011454753981946574,0.43181049046555386,-0.373662582985438,0.2913820765087666,-0.2556308151025043
323,9.81,3.6079030358346516,2.7190309447245324,-1.367723070935478,-1.4106773487201447,-3.4001139259574944,5.471776988080215,1.7856362628670137,-0.17469317845639454,1.1898472722516646,0.6100264363818129,0.7449666650160918,0.7094006759153344,0.9343981764682465,1.354380353466874,-0.08567724462954641,0.817389567916793,-0.07909056587539481,-0.9927244421980423,0.016180274958811608,0.28226907417517466,-0.006219800220220395,0.05571204850483799,0.0,1.9018336679867482,5.0635130577626075,-11.807598645992238,-3.581779062672898,-1.5350788577751295,-1.3451881358558966,-0.9209693384742239,-0.6995090733370962,-1.5681413257961476,-0.3832686077463576,-1.2238874211680528,-0.5084296644758683,-0.5525761743687565,-0.6058333701256562,-0.14568987955166868,-1.0587481295680607,-0.6066416374402076,0.2061341516158667,-0.2974287172889203,-0.013541812583519575,0.051843443554271076,-0.006538411298363678,0.00805938659798607,0.42388938388963554,-0.36828715477326723,0.26348608620409913,-0.2174828090515843
324,9.81,4.810854548263728,2.0391387645549375,2.0396764075828906,2.6705427527878167,8.9617943907244,-3.083129774388821,-0.7437609946879651,0.27867882643385644,-0.20709715455471112,0.07945798371096158,-1.1033824726706989,-0.36359150432592935,0.324698873660516,-0.0067870981844863065,-0.15235517749190225,-0.17595429113530908,0.03526821413601908,0.6063405077450416,0.448123265555966,0.49041634616161933,0.3271579209826221,0.09984066855012136,0.0,1.048602679538842,10.412217742908396,-4.832861314290774,-2.6984103209200363,-1.715340101878502,-1.6967985008220468,-1.0283020490933823,-0.21072952448148818,-1.431193945534612,-0.48575576255635666,0.02067440168700163,-1.0060266765945616,-0.6130522575289701,-1.0350643195938605,-1.3882549189009776,-0.6125243754481036,0.4736868619017872,0.11204513394634846,-0.3095119720843864,0.020194815916662296,0.05279353397667842,-0.003737804816065455,0.010055512427590839,0.4245577517275284,-0.47067552098631094,0.35909927740032643,-0.21050986037160554
325,9.81,2.7961217317171765,3.508430941586869,-0.6040628325455523,0.5483498051305762,-0.012079508397156324,14.951156900478322,0.03528824045603107,-0.25776865424800777,0.22463325017556546,-0.20737645219226986,-0.030458200232329924,-0.3541139072686471,0.6696727818872614,0.11344916548215261,-0.06942806252111028,0.3508509377062193,-0.2196731556551465,-0.06044970838318159,-0.012095812786941551,-0.569559597008185,0.026114450575479176,0.3485214967893827,0.0,0.17455679719165448,-0.08089740338133655,0.13747015046505698,0.6735855798656571,-0.48740635549597683,0.3399398797719846,0.7059300277669404,0.1720428393040797,-0.09873859794250299,0.4255282355287281,0.3135816827079729,-0.19097970607115833,-0.28797317837488445,-0.8298546804601017,1.0578290876841534,0.6880561672226635,0.1380271338246263,0.10844457859189668,-0.21017796265260147,-0.00598082012421338,0.046961730196817604,0.00034349758542042195,0.00891434909348453,0.3650301939969339,-0.41198044954470936,0.35003836642097874,-0.3382298990497492
326,9.81,0.5045830202866652,19.441795711688265,-0.9162792846498993,0.49614031805874803,0.15215291040907064,0.7084936359702444,0.7297525160918352,0.6901391588704832,1.0200261656074225,14.272461849318184,-2.333859725043083,-0.1913132107279787,-0.4276918428633052,0.39547390113274583,0.057292757502103164,0.628808100409356,-0.5513806407519058,-0.20973665969933775,-0.9984571312068933,-0.015442893937378577,-0.4286689866190695,-0.528191865943453,0.0,0.6529186313501728,0.05242323971473874,-0.5330793432750051,0.06584943499448886,0.07252946580338693,0.7543379400879073,5.21633419152516,-0.6561195170371793,-0.6211366594061807,-0.9832398771223837,-1.0746249730349011,-0.059654657610925255,-1.1651880740644218,0.06613335836302134,0.06906162058156931,0.09687578018757084,0.1444571906007178,-0.9668599121547944,0.21666759950971975,-0.009072072125246529,0.05044024859320963,-0.0005980125775602635,0.015077384169346208,0.34884652966125235,-0.42019571665317773,0.28715731349316553,-0.27813093259077704
327,9.81,4.22978867580194,2.319264803019997,2.164700196111561,1.767739399890636,2.1940570396462404,-1.4472377783140253,-0.4395875572488379,0.7510155476963738,0.3852555426254579,0.019096594058383154,-0.034842453685011404,-0.25662725793117724,0.044142543449175856,0.12180171153299788,0.12049084557889818,-0.14733213312722326,-0.37503330224637343,0.22734003019583796,0.24624738581224515,-0.01199668737362141,0.10237396316060308,0.11033658931634209,0.0,1.5805209544862169,9.417730484772802,-8.735940793642529,-4.021147352301524,-2.826028776828182,-1.424281244583706,-0.6110260149707991,-0.891582358972205,-1.456528998038714,-1.4057268242271141,-0.6557510252784777,0.017776935428832186,-0.7814640717937725,0.3255369888844183,-1.2636622971559621,-0.8758159475469991,-0.5268593894960266,0.4292828128280983,-1.0184447770392948,0.02143267520902536,0.04436460973055877,-0.004773216139673223,0.006531959696716676,0.4259730188355715,-0.2986595674673543,0.21041988083543878,-0.22248151332382063
328,9.81,4.237371914764378,2.3151142258291704,1.6532832077175008,0.5599343897298896,2.6047830723668826,-1.2766071822928984,-0.6435927300515003,0.5624285601367865,0.045947851867709555,0.43155671689567243,0.23144206501923048,-0.5156852408183754,0.44687322117797745,0.45240269257060756,0.6240709239262949,-0.6951258779495063,0.41825549657409666,0.010411381643799511,0.132845757439927,0.5919979818528659,-0.16832913101897873,0.17013606152244826,0.0,2.1699864895120333,9.686051360352193,-9.543741889755152,-3.3622834807473545,-3.115599673144883,-1.393018373143759,-0.8373340397390584,-1.7538213894812136,-1.5976476945025726,-1.084444618162605,-0.9569745492937999,-0.08811342959709378,-1.0363397631194973,-0.1717064502571053,-1.2024040514772725,-0.6264933722962516,-0.2048203931508269,-0.34759989074088843,0.09967990336946556,0.01636914067047031,0.04863146225282942,-0.006096096958954705,0.005617254828403715,0.4622552615064684,-0.41345814228187894,0.23759835083390754,-0.19125854475312068
329,9.81,2.014303505695415,4.870169749624306,0.4092625567854215,-0.9450702445676016,0.442678833635202,-1.1751147909657629,1.615630136716379,0.5137740889036939,0.5703773777242105,-0.08382368086621395,-0.12500993844697672,0.11237079993718097,-0.2450826276900418,0.11723728826523089,1.0051473309131964,0.24401550371592612,1.2059020991053104,0.6988668849004223,0.16290417250805725,0.4847737449274351,0.2918272989869386,0.520943902816386,0.0,1.3163061676218148,1.9729860490222153,8.303680672949746,-11.551640219743977,-3.570028716223139,-2.55184278911426,-1.2806688068741812,-2.126296084640399,-1.4188519081735982,-0.6746569445414253,-1.0263429268316093,-0.014432773933899856,-0.24870043322626467,-0.1289834681587132,-0.4634458904265832,-0.057751236424243624,-0.8590652409325162,-1.0410162053168712,-0.8282604664415814,0.004052104522627932,0.05234083939255373,-0.006060404130236957,0.010445584105205541,0.4743803002688903,-0.4278843148169684,0.245767434483376,-0.324718940641004
330,9.81,3.559183841224946,2.756249870089246,-1.0773069675301783,-1.6939391623968734,-3.7152966404778187,5.8189522001876615,0.7166427530742727,0.373592655214208,0.8396066552815173,0.2810909613066678,1.1290444822207386,0.8017090030323574,0.4674576388105516,1.0082232745647284,0.39569292517025234,-0.06333010663007382,0.35101805995082447,0.2791250150083757,0.1420105241981531,0.3672914120689035,0.8798558828507959,0.3635741342001716,0.0,1.6987771948812622,4.398155697553908,-11.88972470681032,-3.836026147958095,-1.9644520072859222,-1.223431517666439,-1.0884853884676076,-0.9274453331418762,-1.1567476458357056,-0.49217969707821346,-0.4782500699645332,-0.8560751712661355,0.2646420760247099,-0.4881841876341694,0.08776978735859692,-0.08368417171003506,-0.8889557866579418,0.10712698416171504,0.028010553014668267,-0.010666405619110668,0.0523774401704302,-0.006388142925592157,0.011457320815710539,0.43936536343207644,-0.43835498964301856,0.2491835611422874,-0.4023996534035783
331,9.81,1.137126421225575,8.627009114278565,0.048293129297680926,-0.9764146115352825,-1.28426497528351,-1.1870658369631033,-3.309546366330001,8.352378786939317,0.8445489239412731,0.597971942843035,0.8105716399872849,-0.152998886187018,1.0786883367226856,-0.12741408669858223,0.6849889503211991,1.1988652287189785,0.26473112322282927,-0.03511335280339145,0.15881569313251848,0.2838865626937773,1.1063246738335057,0.2895995611492456,0.0,0.8779946240220065,1.019869857039238,1.222502773801787,3.9986104486749863,-10.227575590308273,-2.235345981772622,-0.9276707642389426,-1.762147908134703,-0.8703925718846695,-0.41360941821825137,-0.7334485977539565,-1.8253233114795364,-0.36289935537627527,-0.28811851237404207,0.010011730549789044,-1.0319819826745995,-0.008803456144209021,-0.2065079910656324,-0.7202847573013567,0.00047814979502654246,0.047471329064008826,-0.004464419686906943,0.010023769830522462,0.39093934888592385,-0.37631330765606147,0.271426751609139,-0.20406244416855826
332,9.81,1.2345709012919617,7.946080690654517,0.07929898970983643,0.026806247779730036,-0.12324605832135982,0.30984558606128454,0.20433106109872898,1.1330849441458295,-0.3171848092672919,0.33702725332897715,-0.09315713338571735,0.07389387358508331,-0.22302606500954344,0.7819068218318433,-0.23531684259551522,1.0254402120324067,0.13869652761715234,0.4217231296989068,-0.44171847730098013,0.4560543916347959,1.0951212084242907,0.4556075702043105,0.0,0.7902741816171278,2.2507505509280397,1.9485389819763346,9.134384307252766,-9.990744086269645,-3.5814812518569314,-2.2809716870697097,-1.2667387013563016,-1.4053926016335763,-0.8485981060090182,-1.222251183196824,-0.8032133001482915,-1.0565299807492234,-0.53568859726288,-1.0263307490839184,-0.8370215746872405,-0.29083904857760534,-0.9124126940362471,-0.3125338244807308,0.0007851385119785799,0.04700500008453911,-0.005362913605766097,0.009937363619682072,0.39583540451577504,-0.37804561606035103,0.21303813467706542,-0.2754416655724985
333,9.81,3.701446418465739,2.650315279740366,-0.02913281697327702,-0.9281112975070868,-2.4812675986216854,3.022610727308094,0.8769049659673458,-0.47894497033025385,0.46360918718205846,0.2063062422806669,0.35333246171551197,1.1190318022935517,0.14517366759245415,0.6979204452093587,-0.05711017112991405,0.24398846004783775,0.6384316874871092,0.08989385447473319,0.2600609213416538,-0.019027721319405208,0.1478279431085017,0.6371969426851024,0.0,1.3845205179072895,5.694141218675586,-11.308884251984392,-3.7779985922472714,-2.0251434052135466,-1.3360788833113997,-1.2243430611310364,-1.1778753649802471,-0.5744467637955879,-0.9927946431128578,-0.9284116361566601,-0.883509110654207,-1.0604903735550688,-0.24108672759446748,-1.433899260415842,-0.764196362073224,-0.6009492473909783,-0.7165083198495137,0.2586802259167067,-0.0002884437324086806,0.044313766183475725,-0.006405244476613064,0.005546988580668635,0.38460110621661425,-0.3534410584470129,0.15487267468860494,-0.15853970710150833
334,9.81,2.7946725652201887,3.5102502246903056,-0.9177762477472229,0.18723260769315164,-0.33588775893018363,15.455260652268123,0.5952004743588528,-0.10897808058606051,-0.6641636531495285,-0.8100271614330325,0.5953108890756744,0.27567960048178364,0.1415021125193875,-0.8935291562533827,0.32775862330616784,-0.5300088037421893,0.3969991270838511,0.7598776976988136,-0.5168233306737737,-0.38186868469574664,-0.4227245477731465,-0.846131861405547,0.0,0.6841299166093298,0.9856158291773812,-0.39444126580935257,-0.16589867866536917,0.1424002109602152,0.503250883834325,-0.2367383562618098,0.43846391348441344,-0.40312650165266256,-0.7887573729416619,0.037299957258556324,-0.2019895224589845,0.15214112964596818,0.12097470110306204,0.1159746700976727,0.2919605373627868,0.3566268294771544,-1.0835370946953986,0.2876474259603135,-0.009086893542051706,0.050246327602751585,-0.00018418765824732618,0.006952472332510471,0.4258179239050943,-0.4912914060677057,0.2232255823786427,-0.25614866768793815
335,9.81,3.1501652135701814,3.114122382451814,-1.1365700864575103,-1.5767564998185328,-4.007302987210913,12.103863314323387,1.5296158800157833,0.307621415834366,-0.7018389656152302,0.7772877171987433,0.9747327081723847,0.3609332616768288,-0.4109591233838108,0.38547420854798586,0.6190226660356608,0.5730829661402507,0.5929846909308247,0.12432364920574146,-0.28595972314339274,-0.17017338469557092,-0.3464559823432344,0.911867333292117,0.0,0.5228138097097547,1.4113199109173395,-8.653095142481646,-1.419299615714869,-1.4802983634812619,-1.1456189115454902,-0.6529705429499864,-1.1135812018646747,-0.7066601339674508,-0.7680578228713466,-0.9790545854009591,-0.46642470844067035,-0.8910161500050047,-0.670151927958077,0.2700103513832705,0.5997395669793094,-0.13606788398313677,-0.37225614089725856,0.12512293599722815,-0.011253169172846644,0.05284104725582173,-0.002860373809812012,0.00704712071584971,0.41886599750754316,-0.4206802144217892,0.1986619807781519,-0.17855233414504604
336,9.81,2.856676321345667,3.4340607392926117,-0.06752960520060858,-0.0071907725077844376,-0.1924238586734459,16.118713563144354,1.2377155168292,-0.040026015987581376,0.530124229155132,-0.25443719039087065,-0.6112006875011742,0.11240095730570832,0.666869553723727,-0.33281776265812685,-0.12591781892090148,-1.0623761605251678,-0.174538612168754,0.8188767230890062,0.1368133558185754,0.6290941836535682,-0.5631286130787457,-0.8357301425765525,0.0,1.122473186534093,0.196697387328871,-0.9961312205094055,0.5458851539316986,-0.05067327399330289,0.7149732248766342,0.22408842299119502,0.5337644512163225,0.12649922030790092,0.13548610444993495,1.047419472976037,-0.6158597127417493,-0.47905010260346503,0.1932961730945628,-0.009453557663773357,0.6811910630216869,-0.34101071315424636,-1.3398436366255047,0.5153264443802023,-0.0006686099524812818,0.056742352738497294,0.0019059730009534806,0.011825458621060523,0.4250639936637052,-0.5741267213596607,0.3436848885733885,-0.31490081559422406
337,9.81,4.732104303708606,2.0730734933952717,1.938068487008225,2.114182211037618,8.125972373860485,-3.5563392407131094,-0.7350379903058688,0.9238560862529949,-0.38171191835269613,-0.015519631969887926,-0.5665463799444028,-0.09249823197915163,-0.38153113282674095,-0.00157410255092294,0.09933689169511026,0.38139044468049643,0.2495685408557854,1.2929817496844884,0.22123012668715814,-0.08636268784897472,-0.14877493841362455,0.16110273759176771,0.0,1.4102239106544174,10.925452558069304,-4.9466350000993105,-2.0943313604830283,-2.36539431376609,-1.49859600983569,-1.1354149745778084,-1.0264073416268433,-0.6111725486203191,-0.5118440221269276,0.2484547580608435,-0.2202196283590353,-0.9325599493194747,-1.4243374794960673,-0.8084105372784081,-0.6304886761516836,-0.7071411121455221,-0.3432166231718641,-0.12256394952803212,0.019188796901071545,0.05272716148469238,-0.004688704892143521,0.00899098393758982,0.40509293866856594,-0.3791731908569523,0.3404347596741253,-0.2341300519284665
338,9.81,4.049114808394384,2.4227517529664735,0.7209075300897597,0.4520944865044808,-0.008824116151438369,-0.0659318242820735,0.4668404462977718,0.35081118235493247,-0.20693204544971555,0.39742786282127696,0.22009125738928378,-0.6380746730421896,0.6793698515330373,-0.10008681163247686,-0.6668030441652119,0.9611058222596187,0.41212687908371,-0.551357939518922,0.11157192723574484,0.6384558832217921,0.7601523282584761,0.8100049395822566,0.0,2.206316345940531,8.005405152811058,-10.995830270392037,-3.277517584624815,-2.5034332011090075,-1.8636121626755122,-0.33661757591441654,-1.5051276737911703,-1.3914002573532693,-0.8296433471241406,-0.5058096997317071,-0.8343456718717508,-0.9664758347816169,-0.637204084744337,-1.152355050044006,-0.5848408700193726,0.3044394053550521,-1.0439077281863953,-0.7932045958832892,0.007137698317720393,0.04806006419090363,-0.006187790759733532,0.010202170342255783,0.4840535890666275,-0.391856643931367,0.3755324980905105,-0.24132618179127943
339,9.81,4.546055184281983,2.1579148519617934,1.6920001468336732,2.055101837277216,5.901409321196807,-2.32387901399255,-0.5885014176586275,-0.9103409372221795,0.2525717998806468,0.6021446526285145,-0.22706362110664813,-0.6309412038947693,0.07613717193047753,1.2523792912615803,-0.0326114092211493,1.1860991325632186,0.8867328885760213,0.39956539497144516,-0.06366547654372604,0.03210675386902018,0.11265296091229726,-0.4267098389140692,0.0,1.888463280085227,10.50293665713744,-6.111051557301567,-2.2726754482136955,-1.822218872798762,-0.5115213130116534,-0.8901681759856357,-1.1409548715107354,0.048819656910369436,0.28628317871176456,-0.23631619007907634,-0.756227554792842,0.4758005545722318,-1.406156565776649,-0.17356810600033074,-0.23874800430759024,-0.09400768987534242,-0.09465345077969631,-0.16922947176635472,0.01675247670132349,0.04559862739830788,-0.00468623558564441,0.009694305257289645,0.40581084556310293,-0.46278375703014946,0.33660516597318313,-0.2874222454863003
340,9.81,1.812261113225625,5.413127241106709,-1.6080898056310051,-1.1330362729290429,-1.5575518757275404,-3.22004634034957,8.340954740071957,1.6170297380654373,0.49214309144509555,0.06181185915363707,1.1667646923012336,0.7145342706915871,0.8701956232987206,0.4548970061718102,0.5182771080213671,-0.2901897545755937,0.17025338405058119,-0.053085032291907086,0.3394601920007914,0.2533234601538763,0.811632908135994,-0.3801564493120934,0.0,0.38757484906610923,0.6004919162794001,3.8871632615384466,-9.691241195845018,-2.32881259714114,-1.032715493094245,-1.4697309388311028,-0.5282924045042248,-0.8903618741814231,-0.9570706229105932,-0.7926241294218164,-0.7594229297215298,-0.4089573804466193,-0.9561288778508545,-0.5641361415516788,-0.01798970791656629,-0.8724148521972497,-0.26528386330230586,0.2342368378744118,-0.015921681243871336,0.044551110875707255,-0.004967017489648966,0.00835087639055618,0.3309562929120218,-0.3662154779828508,0.20094413033168673,-0.18816083439845593
341,9.81,4.9082477854880056,1.9986766008441514,2.9264295121907793,2.974120145406533,10.40210929979264,-2.7449625649564604,-1.271070580495903,0.125898384166081,0.425955071412355,0.01414600911324837,-0.006470068288805253,0.5993156305739651,-0.9710209379068324,-0.3509006282718732,0.05386875682620723,-0.2109833962276721,0.030127829617934032,1.0263197180958423,0.4427096935273355,0.7774820122467184,-0.18829887884841617,-0.02895436888955416,0.0,2.0289360133246226,10.05360248108716,-4.231226162016902,-2.331676398269887,-2.3718083566749493,-0.9830551279315316,-0.9938337190805177,-0.836476407788654,-0.6478000684235193,-0.4053405007763753,-0.8139432628244128,-0.7128445767216098,-0.6688971389673294,-0.7297598641290941,-0.38841858055951073,-0.5125217747060677,-0.7055008645982925,-0.25429520692990415,-0.16062338083331754,0.028974549625651276,0.055129202609669664,-0.003211638504189297,0.006885756189176389,0.43297881603704885,-0.4309080550546922,0.15454555112966326,-0.3152128697225448
342,9.81,4.18449992325515,2.3443661560325078,1.6845685872319733,0.9731953045358144,1.8646171836668193,-0.9159505149107813,-0.1518151244082636,0.6442160752814248,0.47534292763011043,-0.1497012253366553,0.08218966865007005,0.292360084805556,0.913116261289891,0.08220029670883588,0.5366965840791161,0.49390329263088,0.4520080623006846,-0.06041891081238843,0.4652823002463119,-0.30464420804359305,0.32875703103166154,-0.4176827008769157,0.0,1.6384235975550803,9.033301791744847,-10.142238577805784,-4.155328051841206,-2.9937338677672694,-1.8106032630485493,-0.9436716409817321,-1.8710528065491707,-1.6539245375265796,-1.0480857929526328,-0.46043482924652845,-0.7348096152431237,-0.9905748693063239,-0.41612494523957516,-0.5101846444615112,-0.6344425324797436,-0.4859103804002871,-1.0009062974934215,-0.24542286668079316,0.016678896903286878,0.04914048495824329,-0.005220074362503908,0.008095352213773499,0.4123528820730217,-0.3757676669530605,0.292742346656503,-0.251218240299265
343,9.81,0.9480479882861197,10.347577465708786,0.7630270373880287,0.926905705059234,1.2378064641348505,1.2913147631933855,2.168128622232251,13.206200901276373,-2.74141240664981,-1.5639124016489572,-1.158034985872182,0.012414580674898756,0.023264810945337944,-0.4236171442083865,0.2547230856508013,0.3589485735458665,-0.021287571995808885,-0.32778368416175596,-0.2888862061259747,-0.0923735837414364,0.4209188065309949,0.277654275457632,0.0,0.2359854487301904,-0.3867684864012755,0.48720056477846096,1.0814174997976553,7.4966171953412575,-1.2464305764049581,-1.1389053656038652,-0.8510873551107987,-0.5111840963889838,-0.5052698923792116,-0.03861776686214191,-1.0038626435139226,-0.24386384492588364,-0.007205078256208808,-0.050898135511187714,0.5017037396132993,-0.29527673630705953,-0.6984957158212273,0.8840498542804557,0.0075547231424557245,0.05348297858530051,-0.0010196312221693298,0.012750730404719744,0.5291912345282959,-0.37592787592656274,0.2748673809664779,-0.3314591383316535
344,9.81,0.8919812259380895,10.997989323915313,1.3446249840416447,1.1326175451989102,1.6167830549055449,1.6390864748775353,3.2249288184414326,7.756487661632826,-2.13876227119015,-0.6728794491100104,-0.4002884604471159,0.22396552374977963,0.043229932949920336,-0.14119580187109804,0.1590092292174705,0.005808467180258292,0.11283280094774478,0.2088378699078567,0.491911197805303,0.5348581277902698,-0.051502717650170754,0.2206393451297852,0.0,0.041781602750029484,0.1624983262355551,0.9224286986215393,2.708036604525068,10.425275962560521,-5.383370042902335,-2.36012918785286,-1.1859197925813527,-0.6196292274980624,-0.23179410991191873,-0.8466825933877229,-0.7029510156022633,-0.07334415762642732,-0.3534726321554075,0.2754467928571965,-0.05319126992567086,-0.4357311411971115,-0.6626041987391782,-0.36622018150726676,0.013313118653877666,0.04895918491738151,-0.0009720527737768255,0.011620774204167537,0.3811095535968838,-0.4102089542449181,0.3324880074812192,-0.27191786731293444
345,9.81,1.3618446702285336,7.203464693483558,2.8175816042308734,1.4513216730141636,1.4336842111236647,2.215757974847098,8.331932212897904,-3.0651912354059383,-0.9148102003664618,-0.4916669566563764,-0.20282392349782008,0.3074847687638143,-0.6093679838423277,0.3893920579809661,-0.5332913603337325,-0.7306103685312081,0.2640195964261071,-0.636896293768338,-0.6278064863135808,0.5496617124963887,0.034106785404379336,0.5350839963197442,0.0,1.2920705660060832,0.49098791929619034,2.733473541667369,10.299951561904834,-4.620832255415322,-1.7271934872268713,-0.8905651047911194,-1.2597934299012792,-0.49722796868677077,-0.7977460390206547,-0.538046979751093,-1.2419769449221083,-1.0253754177573473,-0.35033707663742036,-0.6469725598928927,-0.12164543821930363,-0.5879668737356376,-0.2960684764121715,-0.7768012908368902,0.02789684756664231,0.048755080334567526,-0.002807666850393004,0.008290120909730624,0.40144461696864375,-0.3714491667366585,0.2198916860676826,-0.27934387562489776
346,9.81,2.0136858809839353,4.871663496595904,0.27593580232730397,-0.30727100844616867,0.1402429041280577,0.044865282582163324,1.04107466320735,0.8633453883645062,1.4179040082330014,0.266457571247379,0.6918621372047158,0.20470254123624682,0.6722550937245135,0.8049484272469114,0.356304955286878,-0.10042811037018815,0.36695694955028346,-0.5673493346824003,0.22953289816082303,0.11083212700468095,-0.2452759360431353,0.4002736702206263,0.0,1.243298215912122,2.664228694024339,8.061255084904959,-11.743329597855785,-3.551122258785445,-2.585746465911628,-2.5767762885763714,-1.329897595394797,-1.7346114189252626,-1.5841189629674362,-0.322035298639458,0.16790061760822472,-0.6412253417891367,-0.23904062184431352,-0.5637683556626053,-0.9210988955806549,-0.583765695650036,-0.5153105912838631,-0.9953286018465702,0.0027320376468049907,0.05355698912493796,-0.006223731912829112,0.010650928808701337,0.4231052343266032,-0.39007014160067177,0.23281706452191975,-0.3301957231907833
347,9.81,1.4874698084719404,6.595091842622133,0.9465488009224787,1.3975521208412407,1.5529151484436006,2.157874328986217,14.692114686650982,-2.3408250382440854,0.04695989599014383,-0.9589775862182814,-0.059390037600759005,0.38679542875658846,-1.2536583355027981,0.5603750165301555,-0.28158725133101026,-1.2792053672364805,-0.4343549044124453,-0.730906191496606,0.7106777890754589,-0.15066605618089335,-0.13588970501953868,0.6045584785039788,0.0,0.9091847335066997,-0.14879475927923946,0.8231852568037652,5.530914777009546,-0.8983476204274701,-0.08418731206240393,0.8571678778776335,-0.004043573209204954,-0.3553529872063965,-0.8321410399708764,-0.4042527069592285,0.0591948027506653,-0.9854028586507121,0.28701744401057183,0.032601397287231604,-0.07982015779739296,-0.3480119668851176,0.390863207887702,0.36204545009957256,0.009371770306163162,0.0550318429280606,-0.00011329997088685651,0.008606052463754437,0.4597790217114832,-0.44604255805452914,0.21381095653756096,-0.23969168864870954
348,9.81,0.7332806539404777,13.37823375986175,0.43776614685359616,-0.3270865791652764,0.11380802316886385,-1.558757938792477,-1.5400538273617124,-1.9494270746460778,12.77413874330997,1.6792222373973478,0.8026164384245651,0.556797340249904,0.40814084066564926,0.8514658873362204,-0.462236555576947,0.15536622265594047,0.16477806752512653,0.2153974411501715,0.2824611645490223,0.5382833452322333,0.4412976303636868,0.054641248077465704,0.0,-0.01930306726653036,-0.21916184818676543,0.11360404520007675,0.5432448523756037,0.6297020464552848,-5.079609979816395,-0.7160775815149303,-0.3995068025492215,-0.42399327964843553,-0.17283657822987547,-0.0884454778739196,-0.363828299762308,1.134224401628399,0.3546839450073376,0.35510518258155044,0.006160857485963345,-0.8893695828166506,-0.4117826868956042,-0.43812124420579845,0.00433431828567917,0.04293470305964063,-9.986527304830794e-05,0.012719520740961771,0.3405308662754439,-0.35913380325036554,0.3872643753021991,-0.2160287267728263
349,9.81,2.502559082852087,3.9199873710153748,2.1726620547731645,1.3071877942284735,2.8367982154148645,12.870678571644682,-2.108221106503227,-0.13202399597193826,-0.835730646742266,-0.807497609684054,-0.1197713886190972,-0.12053774738678291,0.21359092574673777,0.5431747771628974,0.07340732238012654,-0.11494451812874423,-0.2471637233893229,-0.4257298423330311,-0.20370948629052793,0.06635369381816547,0.27088478499822466,-0.02879223176634771,0.0,0.19015627341768515,0.4120678112912124,6.821918868084785,-1.944199161123156,-0.945205130375288,-0.6902191625687415,-0.28601143269944546,-0.5216119282165488,-0.863175044788582,-0.3520358053603582,0.2458243003450627,-0.21686921515462793,-0.2613931421302501,-0.018201582368868263,-0.6664414274565491,-0.3389737709731112,0.06363768638206269,0.10803149719061667,-0.5382477474659495,0.0215115054928036,0.048016988387110375,-0.0005100736606445622,0.006913708049748741,0.3977525490424999,-0.34498823412143326,0.15358620450499638,-0.2723657944609862
350,9.81,1.681303370035888,5.834759017815211,-1.2973713771804887,-1.130458138372046,-0.47417274252464603,-1.9048329379905868,13.966238705892618,1.136430625192038,0.8328423106317321,0.5841335817843938,0.9096692873537066,0.39173635514280414,0.0689819685671359,0.5267646201060714,0.42058067218670026,-0.3692136926065551,-0.14040036808166556,-0.5657813492710123,-0.09607224685106008,0.24303596875713493,0.21710296602670054,-0.6425359380064853,0.0,-0.09922999927649494,0.3675403147717142,0.014341819420089344,-6.01605075003012,-0.7997520579218473,0.03203880711221205,-0.8084716007489485,-0.06530704717064907,-1.2124449250125944,-0.46367358670506875,-0.725317256486791,-0.3584164002048068,-0.10234679508912436,-0.2611023513451913,0.14858177687923682,-0.19434714022158678,-0.3594374034954678,-0.7600271503933111,-0.7904831819133731,-0.01284526116020286,0.05021401843813846,-0.0018920899873411457,0.008641976214006534,0.40636897213207007,-0.3797623903149038,0.23655639036991655,-0.2449790706083141
351,9.81,2.582014708960797,3.7993586814028277,0.7649517158955228,1.528214392492078,2.5894632704029195,13.425346286711035,-0.9111493911208637,-0.2665305453825897,-0.4754713454063839,-0.8418357029112227,-0.306130694128643,-0.18143846884849812,0.6098417029765963,-0.3709291490314968,-0.27709774018980615,0.050211434050285,0.248415859619822,0.09229660947518967,-0.757932182108138,0.430008882744728,0.3101976824270258,0.2858421593993956,0.0,1.1441877845247075,0.3299074317776256,5.378496696890457,-0.2129762282683473,-0.05068058222892324,-0.4733040727927307,0.0814885653150163,-0.01685029906307528,-0.2639651507977676,-0.1602086566011911,-0.146852828682981,-0.1997256033381752,-0.5661854127246282,-0.548047159426266,-0.14095778868921882,-0.03110551920955966,-0.5162403229634991,-0.031159112744767008,-0.35387912641575214,0.007573779365302199,0.046456432693479356,-0.00041477894858040707,0.009074387746105505,0.4466473414402451,-0.326187461235253,0.3695974094102552,-0.20056644220952477
352,9.81,4.025693637882857,2.4368471330469035,0.1010180963928389,-0.13735765784073828,0.8238430720878565,0.33996200662132947,1.0698754088898166,-0.28985163260017616,-0.10014420477923922,0.49030708645050824,-0.49480296451697203,-0.15438118690335745,0.4745450032843056,-0.40513439457277933,0.42794655558122213,0.025880364796005008,-0.12434171476349484,-0.3459150713847879,-0.20141860467596728,0.6030360548116983,0.11759190525729453,0.032122840649955825,0.0,2.598158770559042,8.01429573866617,-10.90711893361336,-3.014484446852577,-2.951341512560724,-2.7017082953422453,-1.3444496569917912,-0.7004614998329273,-1.471828635034747,-1.2687954058858888,-0.7786466733620321,-1.2494647980306322,-1.078171224628984,-1.0833787237037358,-1.261439915395767,-0.4047629806133991,-0.3914355033850224,-0.44215931153629295,-0.5901643119954887,0.0010001791722063227,0.04824119264062574,-0.006896612944112406,0.006382202339890168,0.3839236048629677,-0.4192745622236123,0.2084029595771419,-0.25818603998746636
353,9.81,1.9479770243666155,5.0359936884726455,0.18963195304271505,-0.3039499164917298,-1.4880895043502704,-2.4176349900137595,2.9871726848177644,1.066873077053567,1.0431155608302078,0.5908159046832232,0.4841112268845249,0.0220424351829539,0.7612725471940516,0.8441623697575427,-0.06255758541470466,-0.4107404203334648,0.4485425995445237,0.9286970482723759,0.5936821515243103,0.3008751460207995,0.14618697527737864,0.13084409607898487,0.0,-0.09041619347014926,2.4397070619690355,6.688761791324419,-11.778846307579053,-3.145203392160434,-1.6574134694768023,-2.5751338619462807,-2.0194344388908116,-0.9905349728670728,-0.8234905852467698,-0.9240005961472714,-0.811011209346648,-0.37099422431307716,-0.5659133137238266,-1.2582980918486748,-0.47755956694981205,-1.0405435802915537,-1.1633899117592277,-0.6267796840948292,0.0018775440895318352,0.05026058526019453,-0.005406205583822059,0.008744018314334308,0.4411481371089022,-0.41076235089361,0.22883481752536503,-0.24407480845535873
354,9.81,0.6813634480879502,14.397602377305288,-0.27060124062297686,0.261650693863124,1.0921098328414414,1.3397960582478268,0.40211432218302723,1.2876868525419667,13.908397446397643,-1.2324916183561059,-1.0990364567232356,-0.35859561695972586,0.16337198950027432,0.6432438467977731,-0.09002047155730775,0.39409846623461153,0.4197018253949474,-1.218799665266763,0.5047831259526516,-0.07683835311717407,0.6977680921006071,0.5579688733655055,0.0,0.6120221927230537,0.11274518788196358,-0.15066349961409797,0.19204492785102462,-0.06104618585686605,5.2741832140013,-0.31920138586171376,-0.20475311751462472,0.017137767462771014,-0.9470345389010983,-0.22224362283404858,0.041920392967750575,0.4108133374307511,0.7256779549303536,0.0826972118568351,0.3852412898045912,0.09222360199131496,-0.626638425708663,1.0335583072249641,-0.0026792202041878935,0.04830188254207623,-0.0003090515053451276,0.013102603014570528,0.3599701700846418,-0.37613215271412886,0.3006482348656035,-0.3046122051447441
355,9.81,4.255420879751578,2.305294887910755,1.817814348599853,1.150286771563336,3.436145355901652,-1.4197279521148105,-0.9629830906345673,0.9523384378107715,-0.16552387509178024,0.9802627053890437,0.797764971004504,-0.6791139089486198,0.5340506367964706,0.7443263252551457,0.6510409661816312,-0.019460494405832612,0.5909221894503757,0.20401378773675324,-0.08388209077696412,-0.6123320849804211,-0.2945863696534678,-0.3819228028252237,0.0,1.9150108258930338,9.032143238426219,-8.700102162997576,-4.344391701142246,-2.632139381664372,-2.0194700312362905,-0.4541413985837909,-1.890414396698342,-0.9632925261942082,-0.07769568977030655,-0.5577296740591781,-0.38112305449377293,-0.9285649801113822,-0.06631325805807181,0.04927234582681653,-1.6951350047506597,-0.047928232357561676,-1.0579762137283635,-1.064338497120841,0.017998161867325283,0.046865837142141244,-0.006222983874713352,0.008488352742601492,0.4679857713741631,-0.3948776234046801,0.21586488271564136,-0.2832807486478292
356,9.81,2.706433279737712,3.6246967820875726,-0.5311231681025881,0.6526472116569637,0.49551204100666535,14.670688852604632,-0.7672827607130843,-0.3264180364492777,-0.12195138738643507,-0.7508053345193955,-0.33800833267158603,-0.1017759667048932,0.01653172002061365,1.1315759675032473,-0.6676228424511187,-0.6293435408623462,0.486457024743683,0.08574450134468364,-1.4346963959669217,0.15527916226179772,0.38909639712063826,0.044629336375626855,0.0,-0.32687612763115276,0.5063491577366629,1.654833899434913,-0.30695687542229233,-0.6438276614208616,0.04214592537218026,-0.048849123313674844,-0.07083848503416024,-0.5300550348385982,0.4436101923762469,0.21364559310862813,0.07310383452790264,-0.5041428119588468,-0.0860998164102687,-0.4079759944063895,0.5688330681152773,-0.053310760690757034,-0.4721764884236983,-0.531790440573637,-0.005258645228738493,0.04618649460482612,-0.0010817813602334362,0.006890193333732859,0.4048580713119891,-0.4363641871976648,0.20915388602762766,-0.2108546185102982
357,9.81,1.5986698631248966,6.136351367019915,-0.4921923659030283,0.38147580993073915,-0.5367194019588568,-0.5104293350408784,15.172584430525824,0.13340023199376194,-0.06579487584064259,-0.2219007729278799,0.2699873075150808,0.15270047825618538,-0.06978469508209095,0.8268136643718121,-0.17080232480821478,-0.18501795820720834,-0.216365252245315,-0.5666947887379361,0.2439332235510332,0.7402401890103846,-0.3768345727899741,-0.054395779504248676,0.0,0.047199616056247194,-0.6551173448200538,0.27771232303304383,-0.7834190876351736,-0.04470264831231824,-0.463607084793652,-0.46117925803518667,0.6109326104145455,-1.106599706298665,0.9742286829761359,-0.3406400255992572,-0.016796138118948256,-0.07925941499870748,0.7389650790534916,-0.13785561587903608,0.36670054126711304,-0.17823780328829525,0.09352754067864077,0.22284433316338315,-0.004873191741614132,0.048807274124939015,0.00025841661094764683,0.009530197810165193,0.4400093199101096,-0.3980340570513235,0.18853289842627435,-0.3018993369683567
358,9.81,4.677157913215848,2.0974275793170714,1.06593342061407,2.3248162178560605,7.849155819830051,-2.942228444361389,-0.8976613988844988,-0.06929543435594776,0.45713798610391576,0.5872387417105531,-0.2368100716311765,-0.5437614650262118,0.24572915924648975,0.6443014734468338,0.20827759251273936,0.7954177087607821,0.7602880720843146,0.15852167627888508,0.03974000734161537,-0.16146695276960177,0.09783774689702146,0.9965817739977803,0.0,1.5768740562380852,10.353579183226444,-6.234254055961362,-2.3892108602308353,-1.9306325838777325,-1.0773520548391418,-1.4297225574021448,-1.5739891374596748,-0.1989696391932877,-0.6470604622956855,-0.3350097574953339,-0.5019796667034166,-0.2622221007626697,-0.7804139819764716,-0.4849222167671342,-0.1768424853177867,-0.3901149236067082,0.00899318752708949,-1.0282602977019657,0.010553796243703666,0.050137622546426085,-0.0044743307107826535,0.0052463790731708156,0.42452571677662304,-0.4059578382212202,0.17784158594462124,-0.18777920172391627
359,9.81,3.808377736370784,2.5758999445649784,-0.02053817840482214,-0.48244094583773967,-0.8959683641615581,1.499644611413796,0.9717600185316294,0.3574934225513138,-0.01574975281681215,0.5200095924665453,-0.22399594858598781,0.43415219337231126,0.6324648924995095,0.09243776386076374,0.13487802907370866,-0.013856947826471892,0.18320981248732,0.7390062555390629,0.5232601222481081,0.20058329177111336,0.5597950611520522,-0.3139064032707147,0.0,2.2350420852088217,7.774172995166653,-11.3940987440913,-3.5576989695616015,-2.017635506874053,-1.9886971500563206,-1.6016872163280014,-0.9714202241760479,-0.38523995908495967,-1.6926176459203393,-1.4354077159768848,-1.0697614037332905,-0.6055258043882001,-0.1391035184504717,-1.210652203341159,-0.4706029083959023,-0.2690264478392259,-0.6258565184160768,-0.6406495304695189,-0.0002033483010378402,0.048777355016184916,-0.00622205464599222,0.006023251514964328,0.4264210484033135,-0.3556378371797049,0.22845075685579336,-0.19222690388238195
360,9.81,2.3976678391357735,4.091475824914915,2.652940522348338,1.4936469034137336,2.05697137928921,10.626666080377303,-2.3046589268259767,-0.9406638500479336,-0.8510700272099067,0.6031580367983307,0.2519489764906624,-0.12914477739734664,0.4882537925614868,0.9646785186167388,-0.41879525793763894,0.8116261524395862,0.34594637629444797,-0.5428993674799437,0.3164677596748282,0.460149947243342,0.6474793779595621,0.0029944668680328967,0.0,1.4517162051645334,1.314062692005155,8.94383875572943,-3.18769987542838,-0.9595739319251588,-1.3319966123711275,-0.7406424849313229,-0.28204161770050273,-0.529637799664682,-0.6859143364512473,0.5566120028685746,-0.3958507758070472,-0.1958100233807369,0.07616533002055631,-0.7995411299470847,-0.378716737381002,-0.8236557754863499,-0.1436425596651661,0.08136188030984817,0.02626673784503303,0.04737638598720215,-0.0022839432863790117,0.008911225055124612,0.47234862884954726,-0.3727352666864586,0.25871312715886996,-0.21240575805708445
361,9.81,2.062056805939336,4.757385912814956,1.1857226385211588,-0.7003312720549343,0.4968766757287299,0.6438797095269952,-0.4203674339462195,0.7140735989195809,0.011925345962018736,0.13405065227553775,-0.11816378038976513,0.09457681977046042,0.7647837532762014,0.5093296772959406,0.49523016395299824,-0.07324414577605098,0.7360537342731008,0.503474803844317,-0.3476688877946876,1.1711129929137982,-0.12359181772500513,-0.2657084959973265,0.0,0.3675401674799177,2.7367828911629077,9.547469872310419,-9.602440742678958,-3.2047263348974346,-2.1692788923887867,-1.7155266209996651,-1.1419708679331275,-0.8935202068833107,-2.0700080183093905,-0.5906535991983476,-0.5328757608673141,-1.1252115304108992,-0.5380863352423826,-0.23645355685008068,-0.6214592388652911,-1.0450472527485335,-1.3704105777816016,-0.47592065912127085,0.011739828104169889,0.04770986312943614,-0.0066734491227898,0.009092712083237715,0.4301740540744737,-0.3675659106625136,0.18074672884654153,-0.25683243626597574
362,9.81,0.8197330494734556,11.967310585197609,1.4224509232587192,0.1376685582103862,0.17268549135995304,-0.023237849106132497,-1.6567318294056579,-0.6699013053248961,2.0971022951571787,0.8286525084628762,0.342898145483225,0.8383773659793454,-0.01851934308360105,0.5633623216484873,-0.37558595991315435,-0.09177075680615836,-0.10866196633061848,0.13509882499831927,0.24241281491854974,0.3251102367722113,0.47079334232333725,-0.10818261137591136,0.0,1.0697079780759156,-0.021614129607422206,2.0705468578156854,2.724977814524806,7.384309641712548,-10.00751104447798,-3.5538595831027298,-1.5138045306458978,-1.4025700844213616,-2.398164461291886,-0.6008835716200494,-0.8811579677117252,-1.0115807157111762,-0.1180992896517834,-0.849480769194532,-0.4188532254119832,-0.43240130145226285,-1.134049516236706,-0.49809121198295947,0.014083672507512067,0.04387654228496521,-0.006804059297276605,0.012468588127563676,0.36440956374569206,-0.4164624231542988,0.23732823171167017,-0.41183230949929406
363,9.81,1.7854353687937734,5.4944581985219445,-0.21602777289760966,-0.9531622302799866,-1.7669834303831753,-4.018023581226978,9.428107677080495,2.79494319494278,0.4329280324560827,0.23398037887699474,0.37797813506225697,-0.06362959633543674,0.48924244111462645,0.8042245095011105,-0.4002409144901772,-0.5316295770586226,0.26798161395671244,0.279280048581047,-0.32115495216840245,0.5702627390419076,0.45107084094020744,-0.7614352447925301,0.0,0.3604027449167544,1.3772559203303762,3.1441244483012416,-8.867080997023006,-1.4689885329518473,-1.6190254046075045,-2.031235420096675,-0.23812988424126957,-1.110918068148185,-1.0769309542794945,-0.502995654432107,-0.8810445886262495,-0.35212310275941083,-1.057826117426937,-0.6214573274916898,-0.14898434803317548,-0.1587078270784786,-0.7987213734805255,-0.2826252309224108,-0.0021388888405703896,0.04675479233383145,-0.005647858114937731,0.008541396126215428,0.37185683157813487,-0.40063596573484994,0.36136213953792884,-0.19438180097553814
364,9.81,3.7212324398318657,2.6362233906687216,-1.1595221181000936,-0.4433384778069793,-2.2282269859406014,2.7085199811126026,1.2302722379560584,0.46865707706352344,0.2992160506241248,-0.18163537451784062,0.4162371328499543,1.05901759864394,1.2182019574913667,-0.26777407087765165,-0.37187758309952124,0.948594713526711,-0.10110275205199726,-0.232252311629037,0.4939388565298534,-0.4925505323414714,0.2524090999805198,-0.3547967325075283,0.0,1.7633160551622398,6.484714262355713,-11.652461639546454,-4.547630048687521,-2.388163324479985,-2.051783961034885,-1.0188621078964502,-1.1293635831540054,-0.4786361535691898,-1.3028868132825897,-0.40866525908123097,-0.48487051262488345,-1.1817468196571905,0.07178853416939723,-0.16872208705132727,-0.3927561916526409,-0.8407606026393847,-0.8130802125263825,-0.21308624569164625,-0.011480417010892014,0.05061056786258666,-0.006058997659574462,0.009038587184996371,0.4892186284942649,-0.40564257293382167,0.2447981253723859,-0.2763204095382271
365,9.81,0.8403569362351673,11.673611030033491,1.2674276300934957,-0.2481770198525551,0.4612114942063567,0.5487786298525698,-0.6593903355071044,0.7797537454151648,-0.02553491250396095,0.4906332718560714,1.2372730409389945,-0.6138758272015508,0.0867525495523099,1.2201511064747899,-0.14957266746256404,0.21686165284345635,0.7471008176845,0.06470389074660782,1.1885336192893594,0.7208469151432699,0.3146467623603791,1.3473581499072078,0.0,0.6463401087823735,-0.05134039452340411,1.3527180117221715,3.6696576594758943,8.272750870834534,-9.639492721798009,-3.780617505513054,-2.367511607584091,-0.9090112246095085,-1.587234942141177,-1.3258594921352904,-0.5831001461359506,-1.100433657170091,0.00909297025616529,-1.4755431193582735,-0.7812027733079622,-0.08816324439722678,-1.1361538642911249,-0.5491707932640104,0.012548788416767289,0.04482375898074857,-0.00422722081205271,0.012197488004194994,0.37479205041663455,-0.35254506715473943,0.24635382188675842,-0.29389068688085895
366,9.81,2.194150772623586,4.470978076073599,0.3855774254988366,1.2790965056266743,1.8699498222440059,4.7669132675137815,-2.343572228218931,0.40315585709533797,0.061197979941888137,-0.6711162271075969,0.7324549334369086,-0.11166013166030753,-0.4524834399877043,0.7581599163651818,-0.240846508091948,-0.18559915614994593,-0.24915421080368533,0.6159652625462038,-0.2771391411118908,0.22406957705704172,0.43653950237541544,0.39992966021344417,0.0,0.8408012163962957,2.2572706316999827,10.803233333713967,-7.291316349808534,-3.0384688794372328,-2.3645514259951668,-1.5313962406888288,-1.4974922640445438,-1.3386450101438976,-0.8592189993797971,-0.9503759019582582,-1.1298154550778028,-0.5464087143410151,0.07708339260192865,-1.3814219112887955,-0.9903145194294956,0.07308727002809917,-0.7663612638094264,0.10991541108834743,0.003817598272265718,0.04979129692177732,-0.004881222586223505,0.008639154992571507,0.3914497914487427,-0.46497211770747293,0.2743754115846704,-0.21117668014259666
367,9.81,3.1620719434464495,3.102396205858539,-0.47493868882269186,-1.822180917994141,-3.5998984942071015,11.063870568546072,1.0111155242600773,0.5459232056449426,-0.3901145638749153,0.2073414056405115,0.46033256484473684,0.06659722878107277,-0.44550929659311034,0.5227242520906955,-0.01108180601338149,0.29457307700425284,0.17937074788462706,0.26029153167629954,-0.2985318231645907,-0.4987153724157456,0.7213677851661813,0.6164776087885253,0.0,0.7773780179960068,1.2282218056782002,-8.397145419565529,-1.8519981713507774,-1.1261939502705065,-1.169324324339913,-0.020568296996233665,0.4555545157543023,0.06435692044051675,-1.039855488797282,-0.695760627767755,0.09383544024418486,-0.4619054346010548,-1.778464382882296,-0.42190257805957676,0.07889536031683542,-0.13153070671543815,-0.10991684670057719,0.08657440504728955,-0.004702363255670224,0.04688276526178635,-0.002174512925688138,0.00863277444135941,0.5355174376073026,-0.4023798932178193,0.19260142798307525,-0.23860022525822355
368,9.81,3.8298043573351284,2.56148854737479,-0.04370091301125662,-0.2994500698710091,-1.570597647035962,2.240850069252768,1.9040668435815553,0.20508005058461076,0.2823479030892999,0.6270918903152343,0.9282971899876811,0.6699156145417824,0.030079889519297964,-0.5779874116805482,0.29247599164890725,0.10918048583134726,0.7332902488569875,0.7040443539311124,0.01688810347979866,-0.19904239111593594,0.4183696304996758,0.6275893654472955,0.0,0.9687078302346467,7.795842607077947,-11.081294536330926,-3.075065891002191,-1.822785599552014,-1.9875195342850178,-0.40649707133449253,-1.1739486804845733,-0.45415265413163647,-1.4029788884643992,-0.8436102615371004,-1.4941516673623108,-0.5532109293824646,-0.8810554567619997,-0.32792761925335845,-0.841750879085111,-0.20679923550935944,-0.6162168192816881,0.006197847695123548,-0.00043268230704214224,0.04658213221448405,-0.005421370532516328,0.006688950872340842,0.39775942765827355,-0.43089163433177113,0.17526434933433507,-0.31130957948525484
369,9.81,3.84270129782359,2.552891635255683,0.07155935266315568,-0.7278391347500434,-2.568575440015592,1.7135504491359674,1.5682666504679925,-0.2436667121957854,0.41756597814258956,0.5877391003516619,0.4325506824643255,0.6266671956632386,0.16501414130566275,0.2958449719738322,0.4115488064003885,0.14141807176334067,-0.05551238011960899,0.1194862988624692,1.0669931955085024,0.5419738382496493,0.6658820685805649,-0.24739918570798197,0.0,1.1593518801487988,7.605273290934829,-10.774625363230287,-4.769632017419976,-3.3173127791076085,-1.8211204185554442,-1.6545391802328866,-1.2587416386326118,-1.2675312146647402,-1.5087100779520302,-0.13207963536404843,-1.4563561753033007,-0.7605150461917687,-0.43889975393006836,-0.3016184731271768,0.4488681517473204,-0.783718500430996,-0.137302995357423,0.43104386638975517,0.0007085084422094647,0.050591669237507284,-0.005304573582831997,0.010569605693448609,0.38148075342300247,-0.45408635620350946,0.3485076563302182,-0.19575358559165473
370,9.81,1.8167354472498838,5.399795559034237,-0.9222207658360124,-0.7432883456230931,-1.7916005114947553,-3.265082686932488,8.388515795149875,2.082739226771875,1.1120639492924411,1.0038045316565938,1.0350295204063937,1.1249326294293311,0.8561526682978153,0.5544215963582345,0.9672088188405109,0.577846741406138,0.25861565495945,0.44347414186558437,-0.20565374265905256,-0.008582106683077101,0.026899813748108875,-0.2225345381304581,0.0,0.27465673200801655,0.6569081901604767,3.4414429649864773,-9.438300184544344,-2.1931960061801505,-1.256068267607505,-1.6695404114985606,-0.4594497967101217,-0.8142201492263133,-1.3396494799391538,-1.2598966508415632,-0.5353241063505969,-0.1326785498487229,-0.6707475450360286,-0.7753171446152307,-0.9279301583415643,-0.7901750915954548,-0.25590881387120934,-0.3215051150021194,-0.009130898671643692,0.044841273693241444,-0.005549256008377844,0.00891628906796646,0.4134552472186208,-0.39678391544996694,0.24931065695696483,-0.2352359862698669
371,9.81,1.981590777839137,4.9505680535602306,-0.392032457253115,-0.6228876821107664,-0.6741651427219413,-1.1134957716119602,1.6924975743468764,0.5574620933875694,1.2259551204400774,0.04955540607627229,0.09777993443665464,0.638048630052197,0.25677751746677047,-0.24192731694192385,0.299140760184312,0.16801893352692365,0.4923791065423083,0.16645247452937084,0.16320954693978185,1.2923536700424272,-0.05296445533692539,0.24193838602449302,0.0,1.4988729798889464,2.5927659292967116,7.971041551786384,-11.008659676128033,-3.8887890210853104,-1.8899611373174985,-2.0081688528909973,-1.6829628179669496,-0.3007886840245121,-0.6527946227396164,-0.5611935381007378,-0.7069871660963655,-0.47234697458230035,-0.4482426078471869,-0.8469755764334843,-0.1541676771867634,0.06587349978025817,-0.5727103166763524,-0.8006133578259336,-0.003881509477753617,0.04883766261744682,-0.005439696564502304,0.009980933473971255,0.4147944916049011,-0.41176173062104715,0.3547257650988446,-0.2635215574611451
372,9.81,1.208067801164986,8.120405154859556,0.3358838582049713,0.4140625694562529,-1.566525155485524,-0.20097853569359136,-1.4887434717215267,2.7513462552985,0.8811209052413028,-0.47335239895646913,0.508263378904729,0.22244754620036356,0.5108221635816588,-0.12863624498268456,-0.006038276854399199,1.053541977701801,0.036340698791931275,0.6948045391691471,0.329692916294989,0.21189295118985643,0.9308267200764376,0.23734791310238218,0.0,0.6218671440096956,0.8115041672140735,1.7885767312960237,8.046599736210188,-10.609944452902964,-4.0956336406669385,-1.6982180909542233,-1.5038017362163218,-0.9100579955637675,-1.6702814184326775,-1.2120352643033876,-1.4087130173869955,-0.9443432227578115,-0.5304525371446095,-0.6187009342383216,-1.2090091778544414,-1.1030303848676253,-0.4091495872332673,-1.18495996487525,0.0033255827545046624,0.0482097293016417,-0.005670039458618606,0.011036619519378841,0.4638193988754382,-0.412337378724848,0.2257218323271611,-0.33188390666058504
373,9.81,3.781795285258785,2.5940060897105677,-0.2282188496311799,-0.706965620177956,-1.5720636769320477,2.185684502590677,1.4937722636258064,0.046672676262536655,0.6101960604601431,0.4711576897606614,0.15445567848215375,0.7386712982321045,0.5374344465286613,0.26182559266661526,-0.279569415216787,0.11444643633664672,0.5307605653294487,-0.0014682608840706213,0.10360558926443633,0.26038684966363695,0.010516004005251087,-0.15037136860526173,0.0,1.702841609207862,7.57040226350032,-11.024240100713422,-4.366573317506196,-2.8167025795935414,-2.1652416618736177,-1.2779176566921173,-1.3484959374326402,-0.29242383917510173,-0.6892670809595997,-0.042375671645434765,-0.6750311019763482,-1.1749233700834818,0.6702986695454929,-0.6660711082905275,-0.3876301569303049,-0.433074653733623,-0.5266774743482494,-0.5659066306917604,-0.0022595925706057414,0.049077566643055195,-0.005127924739066059,0.007969668242894617,0.45497738913097496,-0.38168416785760906,0.20479920019060022,-0.21959893453904447
374,9.81,1.694613034900262,5.788932221082188,-0.35026508048798144,-0.49055441722904924,-0.7753655355100988,-2.0262399369807778,13.036485505537236,1.7676097171562644,0.6490881775607183,0.3637051133229039,0.7001941912144953,0.19922133380575258,0.3949758058558585,0.5286111266818689,0.53563950736407,0.35480948877515883,-0.14501549707198058,-0.058931015650751595,0.5586846287136107,0.8041177564627251,-0.08440415089721742,0.32199206201421443,0.0,-0.2811149101115643,-0.14006806838301594,0.5634536920190923,-6.342101062626203,-0.795999434391452,-1.119128196828185,-0.030915993369996564,0.2394535976617153,-0.38637415416304427,-0.40864899711050423,-0.5049149606878217,-0.38518873166626727,-0.4214652048071808,-0.503872672785599,-0.2793587553326858,-0.6287384729143715,-0.44077206877991937,-0.22229002974791637,-0.4025958284276794,-0.0034679710939404074,0.046295942817284205,-0.0032029300604131975,0.008629071301644673,0.4244179020583308,-0.37905101398673585,0.2697590218448076,-0.19959898743005583
375,9.81,2.6619050353653226,3.6853305695233662,1.1018027347555934,0.6649223537215425,0.6001289760523534,14.727676224294155,-0.2483862449525105,0.42303938106034833,-0.3568077043670079,-0.3886926312693615,0.3509488970693675,-0.034271044146641505,-0.20768353301087894,0.6036325455924648,-0.50191107090148,-0.40927844342093644,-0.17323019101290216,-0.06714177724475551,-0.6268275884336064,-0.059036625574129364,0.16243223091952452,0.26530910559774235,0.0,0.21786447053077979,0.29488059309366044,2.8267885574571636,-0.29392546062152086,-0.09725187615956858,-0.2843228749907225,-0.2553965683676554,0.007496682539069238,-0.580700914759814,-0.34247886260847055,-0.2195985058808509,-0.06020266987979662,-0.3068026617356218,-0.1461644153347774,-0.7652586764925094,-0.1260344988510388,-0.09716327157151433,0.27458703009379826,-0.0361998911480747,0.010908937967877145,0.04673010584938059,-0.0008176785148117147,0.006879297342786691,0.38052165787670866,-0.33763295632866497,0.346963839901517,-0.2048685971960626
376,9.81,4.548766281929615,2.1566287190817235,1.1597611814286015,2.032219658957038,7.068707421267298,-3.0362452899885657,-0.3089269399553798,-0.7807018747859049,0.563196650388936,-0.4804438160042159,0.20944786353564443,-0.5473003896528725,0.3230320192239496,0.8950379298197114,-0.5558841064500735,0.9990061647697878,0.42149425026778503,1.208827989104397,-0.5648471960352294,0.3740627899857092,0.03108789455690275,0.09723395557121306,0.0,1.3422116559865827,10.30318777298748,-6.324903393759884,-2.514698977300731,-1.8419250591538625,-1.3389429967817414,-1.047635054465987,-1.1692220766061738,-0.5646621608469058,-0.25430108307250876,0.4241409723223575,-0.4261462278575938,-0.11572001015198186,-0.38536972988763774,-0.221261913202086,-0.4261771090293645,-0.07176674147279215,-0.35602695748916435,-1.0473270910949295,0.011482783974540606,0.04849890699063402,-0.0038050220309082615,0.007715584996436431,0.3647467746620548,-0.3617989660414557,0.31090486763164576,-0.3008614585131312
377,9.81,0.5289303309258508,18.54686605479472,-1.3967172137603572,0.33509710629478384,-0.7942613208188682,0.6652409659059599,-1.1135076108893776,-0.331360971971689,-0.7256397419430067,14.541854359950594,1.5165863206740542,1.5448545757673544,0.08624197012251,0.5139296654398625,-0.3584638345191635,-0.512471009916984,0.4597816086438041,-0.4800072762605493,-0.32813138296881256,-0.044283121878215925,-0.2155577512944492,-0.1625109048135282,0.0,0.12430079254258983,1.4041451747138174,-0.35232985314728393,0.6007449685601295,-0.35827301109845044,0.3208242317470623,-2.3060931180529094,-0.3255976723064256,0.34588229239664764,-0.3380061663669893,-0.2118032960925511,1.0593169743379893,-0.5644394863725165,0.4269467807020078,0.5042690918013537,0.5141288292864199,0.5957149695074885,0.09044414373584025,-0.19313636004124668,-0.013828883304557992,0.047515128537337255,-0.000767543605250569,0.014912541630790564,0.3836837447106826,-0.4168409247901294,0.3010071515171423,-0.2658047419569044
378,9.81,4.355120572917818,2.2525208741643525,0.7590596063177409,1.8788626799284196,4.010818676199092,-1.770006622846401,-1.2456108293353918,0.17546890160950512,0.1721166825362839,0.16980925066557367,0.12699276972013615,-0.9743243482438038,0.4690226923506393,0.06894833389651364,0.964366105752036,0.5362315671243711,0.4436114487190674,0.34679412187671155,0.37908107452240203,0.2578743857277765,0.049673574922544525,0.04021237994394351,0.0,1.537257648810091,10.350091184991468,-8.40894233739637,-4.260065548203176,-2.3436197089069535,-2.0734762083687084,-1.5667830047236793,-1.5350512878518452,-1.3495555007955273,-0.4759728725598211,-0.9301574380726484,-0.3366329714829219,-0.7557089401265235,-0.6692852692156384,-0.6193992836575481,-0.5815404545419941,-0.06069244758747723,-0.19049337515276143,-0.30505632370173824,0.007515441646710303,0.051411045353460555,-0.004768666322826712,0.010574098163819132,0.49973595529851633,-0.4283710754901783,0.31847249435671227,-0.29015816394721305
379,9.81,3.8293197746130825,2.561812691913725,-0.9896252094137815,-0.8578268876373984,-2.098636902266745,1.2791556696887654,0.8411951642696662,0.1257826289370968,1.2298169237566992,1.0892323490875568,0.3050517060501183,0.8936488428589395,0.2632438785256263,0.24041431879019834,0.653175317599495,-0.7196426296903997,0.6147946864150537,0.4040024144727612,0.17142039342127738,0.36516879551024384,-0.1859725634124499,-0.08630270511344584,0.0,1.8236598237259118,7.619167584102385,-10.695984087112448,-4.1641182267875,-2.364000263794073,-1.1193265140893365,-1.0828654799969333,-1.649976011467932,-0.8664485533398232,-0.7329398793664057,-1.535359267742119,-0.9145399736907919,-1.1018063561258,0.15180328526201975,-1.1466674692248655,-1.1842394861972694,0.13763045901271884,-0.17966228282390467,0.1232614979217291,-0.00979826940013645,0.04712423586635627,-0.006763594782663744,0.006693678212983583,0.341160059588812,-0.3880572709941346,0.17034805363530606,-0.26660415095936923
380,9.81,3.4031857155476657,2.88259319941971,-2.1153077831859073,-2.469780923283469,-3.647414151360146,7.572303935479356,1.0663505857844964,0.03416720054503042,-0.3608258742792452,0.030532429100566194,0.6006922946446074,-0.30817632040525333,0.934726888721372,1.0140922082213901,0.6774387693202464,0.7197586855249154,0.022455383453669986,0.12044531947195797,-0.4244985526387449,0.6245074797539412,0.1932143531175887,0.22713441113754504,0.0,0.7939952111621594,2.7453002216609854,-11.483389952761193,-3.778758211966426,-1.807381048421705,-1.3025243635400872,-1.1232527343515355,-1.2367808714903283,-0.2840964580350862,-0.24620456744452537,-0.029456682851423402,-1.3642344560726631,-0.0951300626014812,-1.799143093405762,0.7455796020839567,0.10086731092361972,-0.1628549450472061,0.06902694533036113,0.2604445147190464,-0.020943641417682245,0.053551440180783796,-0.004868769582248475,0.014274777735173418,0.3805153186639101,-0.5852679124504794,0.36555345099824443,-0.3445182839403649
381,9.81,2.3318475900191338,4.206964486868332,2.1532753420952,1.7508564201134482,2.2766845407661007,8.482775370519525,-2.8455442300605727,-0.9278296316448434,-0.46738582902660736,-0.9160023508356757,0.3378724330564472,0.3360623453204416,-0.41003877963813207,-0.010168713172759802,-0.23981425829042774,0.3907680420955379,-0.5241820256721881,0.3519100584918105,0.1906898355973854,-0.2780953648385689,0.08376702571696337,-0.031525649066543066,0.0,1.1779364618812005,1.8942333346542013,9.774599889856932,-5.057044158130032,-1.5793176773373454,-0.6901932820677025,-0.990079589421226,-0.8177293502134863,-1.537743810867359,-0.501124675180163,-0.8178224751937944,-0.37995848718962,-0.342725355963137,-0.04350046518855066,-0.6678343243160022,0.10789057993622195,-0.2852124762826884,0.2920573465507599,-0.41189850687381746,0.021319557842526725,0.04614589207636946,-0.002612542879774186,0.00707019867615236,0.3852700219708102,-0.3495770181404449,0.2469840561729243,-0.19226723655622707
382,9.81,3.308082926845182,2.9654637495304565,-0.6910359170946118,-2.4908737941079426,-4.106186223621713,9.361922733212339,2.0839156875105536,0.5808144907155477,0.5360657492367007,0.7490119086356453,0.15421846496034075,-0.6715293642792309,0.5005577596553581,0.6805583255458522,-0.37947366024640466,0.9353984736887366,-0.1041074301737192,0.522655047256415,0.5204206626009471,-0.034209241417260616,0.7933335600485236,-0.20765257611526522,0.0,1.1399404999818468,2.2641034152897848,-9.322976650238429,-3.258613920065166,-1.0416668358527055,-1.6845490909441294,-0.45270308282766225,-0.6707419625608179,-0.2625850061711287,-0.1465950630571899,-0.724794112847504,-0.12624437538513736,-0.3976984124980583,-0.8097945424468832,-0.2344247177651535,0.2459114290445934,0.25444552280080035,-0.3296770647895336,-0.20304328061147667,-0.006841939773213969,0.04782653438374681,-0.004797157808252439,0.008587402170383021,0.38761979213626013,-0.4009955068221323,0.23649818880999296,-0.24223242703055528
383,9.81,4.768685990296225,2.057170470012561,2.006175714326094,2.802920201336303,9.104972478543313,-3.1746850768187795,-0.7452954755451793,-0.8450651129645979,-0.27771535080682297,0.38493887398873017,-0.18596455228772168,0.24090532704654988,-0.1290267671999627,-0.4919129058302335,-0.4893909688906452,0.3652114571307299,-0.09030259753461539,0.2426217145254448,0.3025623194168095,0.42648489691068225,0.9480467279043439,0.26899440340775876,0.0,1.166996040738036,10.545855628693522,-4.250485565124174,-2.4690501973859873,-2.234616801700934,-1.2117499485125407,-1.2336801604024532,-0.7030961121185386,-0.4364025871822529,-0.27631035686167693,-0.643655359153328,-1.143585241971215,-0.9488242864853613,-0.964560612669018,-0.4854811578540321,0.038545724715642216,-0.37240857817830536,0.06734374697440902,-0.7491314461250025,0.01986312588441678,0.052127357976403096,-0.003998007561186181,0.0068087826031425465,0.4148162220185688,-0.3839739987662484,0.21134884850413183,-0.2091177752614067
384,9.81,0.9287725694069184,10.562327444989382,0.5301436965902336,0.5589672506426184,2.23891752679408,1.9664766340069775,3.3734943711236225,11.230425449228466,-2.680540071374008,-0.9148740325128681,-0.47937926013340815,-0.6202407963945247,0.22839305609878202,-0.6889505398017218,0.36372504998538635,0.1121645664285143,0.48133892058242067,-0.12782729161335218,0.3367900729752319,-0.08157220752905062,-0.4485958410247073,-0.8357509495208164,0.0,-0.5500453180586674,-0.07365430467060355,0.6690095612147846,1.4401027500559573,8.257451836647073,-2.139278363004472,-2.0741054686467115,-1.2339665340778998,-0.9358703809049681,-0.7393999836001421,-0.4494680964985311,-0.39634583717813493,-1.1693330645708113,-0.5987556526189184,-0.582402501227191,0.5991597196861409,0.021403348909231318,-0.25339479396622844,-0.86360859666822,0.005248947490992411,0.049566692060931415,-0.0004886062556479512,0.011156165758135737,0.39492248682020303,-0.4365672269251733,0.1888402192474179,-0.39772410788557533
385,9.81,0.8049737524008296,12.186732760840627,0.7693130499251215,0.0008489954959832735,-0.3805955765414464,-1.396892414463729,-1.3496716611914559,-2.919691130812078,3.800100485533074,1.8827307802051334,1.591667345428856,0.9377689423565768,0.3450190870249856,0.6595805223383677,0.010271313632135626,0.45936543972267,0.49520821539038645,-0.004658833442017174,-0.268452490961712,0.13014556209324324,0.1380033787641219,0.9225885178947553,0.0,-0.2200975035588176,0.16013810377666732,0.9952339730033498,2.3675252347509974,6.693411660061891,-11.63749977847181,-3.030884236031177,-2.0322464020094073,-1.7610114731931978,-0.7928799839683441,-1.5752461947490668,-0.8126544532252173,-0.21794978591710634,-0.43181616463940864,0.025097449829079244,0.015690463178720804,-0.45392673697487207,-0.9190722095849345,-0.8073508673830313,0.007616960890347737,0.051180039470594116,-0.007105680253676949,0.011920524646571088,0.38306604254032267,-0.38343617368093,0.2943476486357854,-0.2553673085647361
386,9.81,2.032236659146684,4.827193701012717,0.3610640947126835,-0.053692376334742636,0.46582626143045414,-0.9149101770032759,-0.16515346569335626,0.6243104867683954,0.10185270425813986,-0.36386394436559466,0.618848133444115,0.8652053981961022,1.2618280642069422,0.1971467309943293,0.5628846711277004,0.4077689072874,0.8176400609307192,0.644009997370397,-0.1743654450264044,0.8260923507854814,0.3220681845415875,0.558575004109753,0.0,1.334051114786655,1.7657629524862384,8.309913899761435,-10.380031425904267,-3.369696393181108,-2.7124997300341684,-2.007123529978604,-1.6326438305775999,-0.9706088311262189,-1.3030702854695364,-0.8250498672685617,-0.803216446826148,-0.9510777608087262,-0.9854854774172892,-0.6641279727462688,-0.9474998765293785,-0.7190135549451999,-1.0328961997292716,-0.23909461181146668,0.0035748920268582523,0.04571192027441417,-0.005813579385849337,0.006781683001817327,0.35132202559552095,-0.35087346453143814,0.20955076774683462,-0.21467529058911453
387,9.81,0.9637545043923301,10.178940752329284,-0.20557564261557554,-0.2928599010913886,1.1618900670172088,1.843578108557086,1.744485034831932,14.06360305711532,-1.6973085462934603,-1.1498188286357665,-0.7092756376443475,0.08034322561500828,-0.22470730902790081,-0.10679248866528068,-0.23869989363869454,0.7982911797473464,0.18772931925925918,0.049820088708220744,-0.03054394531794602,-0.6901045695838071,0.10888833703558344,0.17141098927608456,0.0,-0.16700744671928647,-0.5811411403465107,0.9480811035259475,1.1805021722711944,5.927377960206244,-0.674261302988185,-1.2301081118674189,-0.5200920522307895,-0.028566046000040812,0.39204322707109457,-0.01196349113897019,0.2766810763504618,-0.6588295377758595,0.6472306266604589,0.08914374292575448,0.48070088767204316,0.28408367368735105,-0.44036068603138795,-0.3998617406761494,-0.0020354024021344095,0.05108879483209312,-0.000248692311170248,0.009445019075208765,0.34763558334558886,-0.4043770506658383,0.2557710275795329,-0.19938143788959012
388,9.81,4.6299048538352405,2.118834038646337,2.0159099037587804,2.584041137636217,7.0061082828000485,-2.461059323702471,-0.6797262108514999,-0.48516997189782785,-0.14871022847840343,-0.2603801135847675,-0.35741951692612894,-0.09004785558756495,0.57460341532779,0.9082778796312659,0.2836970326788665,0.34124755218559616,0.4991690367944919,0.5631079071611667,0.24419998608330468,-0.20345476515175265,0.4168517800429064,-0.5201080458534864,0.0,1.47882488898654,10.714452921514733,-6.051681620952767,-1.92540042396323,-2.127583546509034,-0.8253998238812507,-0.594605480628616,-0.35723705378005477,-0.26867017211628275,-0.030128153036466654,0.18919658566211633,-1.0381468622412497,0.31509686500979023,-0.6863566405071477,-0.8938851916210793,-0.7066486770539318,0.5810109882425925,0.4168892478733352,-0.7153294886050476,0.019959503997611674,0.048126930169358415,-0.003648096916570134,0.007695199579708364,0.43277431654385135,-0.36099791203056203,0.2930292479117989,-0.2322311147477249
389,9.81,4.04320196362529,2.426294824808598,1.1258209499846759,0.26414491796898965,0.5250365695413132,-0.523445957002578,0.747815586421686,-0.29946773601282906,0.0464883930986191,0.6400926010972035,-0.21249159337881274,-0.2801719025070875,-0.08570902373826561,-0.32225669169070825,0.23647854952880765,0.18049149830538058,1.024185924172198,-0.45274423174172734,0.08140989480440741,-0.26577230791283146,1.1600298076241908,-0.08913201538880572,0.0,2.6281347712829364,8.272515033042914,-10.442972230334679,-3.5090287071663204,-2.546266238705786,-2.3632018070600864,-1.245017057859577,-1.455628744125498,-1.6653448387578562,-0.8517159390800774,-0.8893394570691451,-1.0969810317907278,-1.4278013506856908,-0.9502320221925431,-1.1754656997078547,0.19630418997074098,-0.08928385303677255,-0.7781765165836713,-0.4572643175827382,0.011146742079056197,0.04796951043706842,-0.006287193184139295,0.008881674169101024,0.4160355623173496,-0.41225905978438937,0.22022501143819265,-0.2839413089257238
390,9.81,1.212882380116448,8.088170923101504,-0.340643732223479,0.5880562662821759,-0.3521051828607792,0.2957127116725021,-1.5031020698502169,2.6615768439321297,-0.1820855583436956,0.8991349090292033,0.43319667465419287,0.2787490191049524,0.24411239239844396,0.5642863836464637,-0.26748475500214225,0.28061216895225805,0.2542655014006092,0.9183330569712765,0.27338151918447945,0.3873148467082959,0.6418249546058536,0.2907973566995007,0.0,0.8843486729316838,1.5376810316622853,2.488532175719587,7.917774715711564,-10.993067680907268,-3.8279070037965335,-1.1840113251484368,-1.7097850441575453,-1.3612621125777036,-1.6634130037079742,-0.7636393810437133,-0.540182532740203,-0.9068974781684289,-0.3407172694518158,-1.3070222441667938,-0.8616222844946875,-1.050661342584299,-0.23690842545784915,-1.0396681337795823,-0.003372710220034446,0.04986803986326451,-0.005667693425681681,0.012952785953659528,0.39407635299624,-0.4182265203564161,0.3235260405793533,-0.2737432771494813
391,9.81,2.181321117241583,4.497274574779415,1.787073787973807,0.5761538436010692,1.4577538876388527,4.331502910118601,-2.177053608758386,-0.3056354696062626,0.22515021189181444,-0.503836621840365,0.9032558319245403,-0.8492825225838655,-0.49927626372383255,0.5279129195358341,0.4001294292307446,-0.008786163996020835,-0.7813244804243148,1.0189384221158102,-0.44251866381109584,0.45673692252669684,0.6270018566629173,-0.25673999747879717,0.0,1.4203599217131213,2.6590203532250127,10.555404906202082,-7.560050641564379,-3.8340445571911883,-2.3864163490559336,-1.190417266773259,-1.4516043255072018,-0.3865573343851366,-0.9597467409866636,-1.3108656305181978,-0.2821740055663998,-0.9617791678721715,-0.48056754672731045,-1.086407140126727,-0.07113311910933962,-0.9668331200799906,-0.5725359133220227,0.06225837882650492,0.01769379988092878,0.05027187122100215,-0.004209834175266159,0.01174994455891333,0.4072043162649146,-0.4703838694156176,0.3061362849404944,-0.3672379555450256
392,9.81,2.3692608127620844,4.1405319106947545,1.4373414407381317,-0.11364634271816487,3.1476970351818254,9.42132650964618,-3.082873228879468,-0.7747726830252821,-0.12551489205015176,0.5081359823708197,-0.49194814649753965,-0.7627984534427132,-0.6482487953876106,0.7784403076365995,-0.44896699572405785,0.4901045510889375,0.13628624097088055,-0.6331690597087303,0.13078847722576692,-0.08503072340632098,0.04663747378261636,-0.28659450887159543,0.0,0.5981306078285021,1.004036768641698,9.464504947043842,-3.6089779717247947,-0.7838520257234429,-1.3994126873822403,-0.5987229807519149,-0.3727052789728478,-0.5980726696952765,-0.9748330021372781,-0.9908585617064187,-0.32142430616165263,-0.23496569113162585,0.13700446041157155,-0.31679615446329423,0.585515411779134,-0.6138520931004632,0.9562740008547269,-0.011195378570410808,0.014231103373644867,0.04710523995382232,-0.0017288101791049788,0.01200614185090359,0.39439372460004885,-0.5354530513836061,0.2639237649243179,-0.32008017605432404
393,9.81,4.794903087030661,2.0459224768346753,2.4009395482586244,2.5666898709337875,9.32925078000611,-3.234362831338067,-1.3197263518855782,0.5106275313749384,-0.4624827719579192,0.07419153700962977,0.6647359499774174,0.5999442029822633,-0.5366980310352742,0.16380317354906304,0.18009235714976995,0.7359743024401655,-0.31627145861933714,0.34384287547022,1.161924981848848,0.8869599343789781,-0.16592596617673078,-0.4667951197558057,0.0,1.3274454302994751,9.941748689636547,-4.358391441664633,-1.744406566929222,-2.61699469482601,-1.086079880654276,-1.6042883252704245,-1.383894848209533,-1.097742953686783,-0.8104456156577252,0.07999723244416246,-0.4776648166749442,-1.1061014951736723,-0.1858910203921813,0.13420889473934347,-0.16454065968689197,-0.7870992995827568,-0.2755125462035855,0.463478082501809,0.02377167869562994,0.05141022475371167,-0.0034703023220171714,0.008097393405842555,0.43683167203401774,-0.42933481448052335,0.21889692774515473,-0.2384616737214421
394,9.81,1.9814888890525602,4.9508226133383,0.02940724138906206,-0.9609865442789519,-0.18407819969373085,-1.7737200918969056,1.7377023720587894,0.6218741751857005,1.5770795311784214,-0.8502839694694395,0.1531425563093602,-0.01202496259950192,0.6004309530646346,1.1149416461976813,0.5431174309047986,0.5753227843052787,0.10013604726284081,0.8349282488437448,0.3446316939513944,0.6393509756999497,-0.7782849994536285,-0.09017071244120378,0.0,0.9449727096786678,2.1633376880289177,7.934666446307628,-10.884365028290299,-3.9581706545049684,-2.8367300007901752,-1.4929337845696657,-1.6290361141002256,-0.7405136769805771,-1.4187366552420753,-0.4245808060455607,-1.4722310641689775,-0.8065163664066748,-0.6592868959336621,-1.2207164814982976,-0.42205305276182525,-0.3577001115874399,-0.7562576639591143,-0.9545715548143506,0.00029116080583229954,0.04969729879629956,-0.006593663223099063,0.008182292251831612,0.3977321709497083,-0.3832240271420526,0.22144745300322638,-0.24067185987661405
395,9.81,2.660938344275366,3.6866694116024274,0.3339538703631646,0.29132169894366133,0.6690528176753578,15.446350686986767,-0.4521182142527378,-0.8543983171088945,-0.4760214377702221,-0.6748845535448256,-0.4071323541336278,-0.23793437182252397,-0.26259311771546534,0.04364820528964075,-0.5605543178395058,0.29153816807771943,-0.48687651435965007,0.5479908050020669,-0.4339628515419424,-0.33190142173478226,0.34664895202771295,0.4477191879267348,0.0,-0.22145849906295842,0.918284829322738,3.1681985671865798,-0.17819461236782816,0.357641383854556,-0.02956073666202151,-0.862859101025925,0.24026494777276552,-0.21649102498297162,-0.15193107409951034,0.3298466582461401,-0.13797556970136537,-0.7744753080799005,-0.21340573737926888,-0.530610461056832,0.22691439815825365,-0.09666014172690311,-0.542801530984446,-0.24181887383179868,0.0033064739639917275,0.05190738324687201,-0.0004467297792537484,0.0074525401495073385,0.4739861656742388,-0.41326594145993445,0.24608739814429498,-0.2089519222119828
396,9.81,2.8803297900796263,3.4058599934588756,-1.08249661658371,-0.5147977887731807,-0.799341272826529,15.226571263470262,1.0416505643415341,-0.4368573291813991,0.2011025267037445,0.030914205716174648,-0.1444188373833617,-0.13113313330911225,0.08572035087803509,-0.5028910700515934,0.4290715099882405,-0.03693655398614887,-0.12441596199048394,0.3847658790730021,0.15205438277172717,0.6911993537816286,-0.1747495391332486,-1.0952966470807377,0.0,0.8337201179821259,0.35798506131022834,-1.6600801398739973,0.1297479508280796,-0.46276234870998023,-0.3193595081180831,0.9219186506379679,0.47786486870324174,0.5312546831931558,-0.6074282877242626,-0.009688968609660314,-0.6288338589690868,-0.12920938360152956,-0.2284418561590007,0.2494477303427614,0.16146050312032298,0.08553465806088348,-0.4523373104003927,0.0804380487076479,-0.010717788283007033,0.049539147673827943,-0.00036572187493926574,0.008415903160647158,0.36929007902667665,-0.47042237612944493,0.2878507011125552,-0.2566843415290742
397,9.81,4.018114731269721,2.4414434768765423,0.195631127252383,0.38108582051357887,-0.4853211101607044,0.8631445243528465,0.8708117600664107,0.4870517327399465,-0.09520255165563292,-0.4008805022950274,0.5496565084587024,-0.4067412875644265,0.7448946054404748,-0.15773309110144876,0.27118425169442384,0.5649382179295592,0.4737470061056958,0.2877800723194439,-0.09829623494393704,0.9271990548472793,0.4864166695929752,0.33741779931206795,0.0,1.8235982102734154,8.515451435447455,-10.07269957615931,-3.090450388684202,-2.8659706539752055,-2.012742989666183,-1.1301260979797196,-1.1950768586496308,-1.477297430152591,-0.7189782992850485,-0.8199436607994908,-1.8016793989053226,-0.24518452813395547,-0.7046906560049226,-0.7498878452015221,-0.3964455063027613,-0.32906314413065035,-0.47635572435983164,-0.24547454671679142,0.001936941853983992,0.044605996473079376,-0.004706134091021056,0.0074812806939229095,0.37585505772526334,-0.3895801225603078,0.21348439742783643,-0.2593574115586289
398,9.81,4.406200913949808,2.2264077811209284,1.478479962730602,1.7624172902058977,5.082227819420611,-1.5577283089326486,-0.7461035791503456,-0.03325184614269783,0.044303198961750945,-0.22840866031302298,0.05720302624900725,-0.2766184017471858,0.49023598423683123,-0.19739231692976583,-0.1055696003176026,1.0035731638854417,0.894023215972694,-0.9120943809643098,0.36418156647401934,0.0437197582513103,0.21477958097182848,0.1831153693373213,0.0,1.5012311451420683,9.623967114608712,-7.929267017672279,-3.177163132374825,-2.521085693873636,-1.9174855329197746,-0.8015300782401314,-0.664458222899956,-0.8917267048731798,0.23786109011097883,-0.7976778563970028,-0.40777675980007966,-0.5378221387332831,-0.12377126054042092,-0.4958086428559494,-0.37191080232019164,-0.6167278583614664,-0.2666735410575419,-0.6094837571540395,0.01463841547258021,0.044876242626123546,-0.00476110613506038,0.006154012046012875,0.42124003569427493,-0.3391943466127173,0.17091604682673966,-0.30087299469007966
399,9.81,3.518485275383415,2.7881316055617114,-1.3582870991434879,-0.8409130664091771,-4.047832317224,6.593718478341868,0.21964947846834115,0.09153003362765966,0.7707120533372169,0.7641891064000641,0.5952869870085009,0.6990657650640497,-0.04821542750704655,0.4408648471607474,-0.22396282170227766,0.2977534891203458,0.02970708079274781,0.495039984930957,0.6664429073074197,0.3505846997075292,-0.03796529462400494,0.14630439168400766,0.0,1.2864827758333415,4.732906436396093,-11.599331354058558,-2.6601976977251036,-2.291412240789925,-1.2270263886932473,-0.771556653340947,-0.5798267649206525,-1.0033416028429043,-0.3816438541020205,-0.5806223433631355,-0.29853282322838404,-0.36855646327414915,-0.7557369898759787,-0.5261396851286543,-0.14314490308456634,-0.4538430770839661,-0.8403175410473201,0.14653310986604906,-0.013448387120232556,0.04953415223516313,-0.00487963486410124,0.00682676754650749,0.3478703296959189,-0.3965376271098834,0.16289958076342223,-0.2134137052756101
400,9.81,2.134981482435159,4.594887628163743,1.3111211697030984,0.989902650344871,0.4549394091355539,2.3875515455588343,-1.3308005069830635,-0.030012813714344944,-0.8003067400556692,-0.4541290328589216,0.4190079692674407,-0.4269057557820945,0.04815170809266017,0.16613169565878133,0.3116383296901805,0.6159090866787399,0.1745304287394605,0.7667493708834813,-0.29981137926426416,0.5226498884959252,0.5058179137497717,0.3996656117557683,0.0,-0.05680779693067231,2.936419618609274,9.689990047752229,-8.16769786941853,-4.263381039244695,-2.464565316636496,-1.0084393768722748,-2.3107773625951227,-0.41795031012591066,-1.415362054007806,-0.584564414903925,-0.18829416953784006,-0.5055633624654602,-0.3913979163430932,-0.1838083288815615,-0.38209833880401983,-0.7162070035180252,-0.479690952994766,-0.18417658550869973,0.012981397719832663,0.04610527167167966,-0.005321065204928184,0.011469016740315084,0.39320309765940853,-0.3456365371166437,0.3049359238825176,-0.2870291941871117
401,9.81,1.5307070137273706,6.408803194879218,0.71090374331736,0.8680436840936037,1.0501913627721562,0.8863076443545355,15.333052487640565,-0.5010104333173486,-0.1434849213859537,-0.5995135377788974,-0.14602855661701453,-0.4645103031142772,-0.12096497397389372,0.622486796460292,0.1319080715228243,-1.0574320719742836,0.1463483960608526,-1.0159801198682445,0.7648066742715729,0.11375887604908975,-0.815480000414826,0.22091537243378057,0.0,0.9279514332907969,-0.43180091240702445,0.3738610287777847,3.4820321168651054,0.31057344235641016,0.09695860266317327,0.3327825560656178,0.126957257389641,-0.8018893908992213,0.028876414820929897,-0.884594028166889,-0.018262148146927892,-0.4859027404521309,0.02158172885796794,0.14025379346191424,0.6604104005032074,-0.1823283399796589,-0.19410750161515516,-0.1114530732267508,0.007038650923934248,0.05331862244369103,0.00012356565120236142,0.012095470414201958,0.5084523045339626,-0.40359328733297994,0.30325571240056637,-0.3114665359706
402,9.81,2.291339953123371,4.281337645523875,1.6725183436647417,1.5474704991769932,1.9208660086365401,7.528118746213048,-2.5124476722928604,-1.0376725471283201,-0.9684808314244032,-0.5307091784928395,-0.3525846473556262,-0.1641985988273239,-0.45979578153024103,0.1585901756534645,0.5710326721419331,0.3619189298447044,-1.2586036225374315,0.2550475730983964,0.5397236599307691,0.8366106371925958,0.322900271142767,-0.36076015915039383,0.0,0.28920955788699587,1.5080880430473522,10.503874973383134,-4.805178937251526,-2.545974556019223,-1.7654573480409863,-0.9044439530481041,-1.0048756108275672,-0.432861939184073,-1.4619767554244008,-0.8451138880523181,-0.27323559634580585,-0.6184115428204304,-0.32264254074029747,-0.6808854118851366,-0.6490990195559393,-0.4677273781937624,-0.29279454515594,-0.3693847773002255,0.01655958756103706,0.04605825935338444,-0.002468229840109475,0.006288005131688895,0.34874703571204896,-0.3647428018381016,0.2610330976818488,-0.20730608745678403
403,9.81,3.0912697900389015,3.173453197650713,-1.951956343348155,-2.0301977326644445,-2.090037138317678,11.925024362210598,1.4575984400001678,0.2632020590297057,0.42038817440661536,0.5975604863229986,0.33126611290777563,0.05488905825244805,-0.18347640910453705,0.5839733009338561,0.8717881279408402,0.18614601353626034,0.09211441112391067,0.015466189792493035,0.32900356505937894,-0.18473934853436233,-0.11147222972997356,-0.15207708239863277,0.0,0.45315689752350163,1.1625146291177686,-7.014540876914574,-0.09069374720711046,-0.9398628237147011,-0.6674001855068614,-0.236843478448379,-0.9607593245747664,-0.4152843491570233,0.19936293034311608,-0.03374687924237876,-0.6693752218201301,0.025610293279539634,-0.2430141769805311,-0.27425880836097505,-0.553305992566573,0.3582492109940386,-0.8950985963229687,0.4202220896631375,-0.019326300429189657,0.04251410592564729,-0.000864716893955872,0.0059056896294588735,0.3588316730695076,-0.3757669110730866,0.19797372796684662,-0.16774302273484298
404,9.81,3.95114950471358,2.4828217682719984,-0.7513800635151626,-0.48152414489788964,-0.12135660893803299,0.9932573106862983,0.5665843700505646,0.5809913653546119,-0.6929540097601252,0.5451035691042363,-0.10183032023537861,-0.13338816659434666,-0.11010390367370329,-0.2261966983931974,0.3855927906356419,0.45983954885976797,0.2813695716872903,0.18064224892562547,0.23495564073031527,0.697813619991909,-0.4001428957203126,0.7196138865380366,0.0,2.2487271042864077,7.788386654926358,-10.817514307356301,-5.210220459450973,-3.147810077827684,-2.868613174934505,-1.1277496283987771,-0.9729482983455103,-1.2714194923026247,-1.3914676324883648,-0.7698352169240948,-0.30161341565670646,-1.0051271408400275,-1.3445516567702491,-0.8478903755760154,-0.4136964598908342,-0.1327906006717444,-0.6501813971838681,-0.8719940287070449,-0.007439406569457055,0.05131592545554963,-0.006569863668283804,0.008936571476818402,0.3662178212292223,-0.5171118353612418,0.1990363416510087,-0.19080018377514235
405,9.81,4.817736561656067,2.036225907011378,1.81913295324769,2.6788619196362125,8.63097295513091,-3.6581805397136593,-0.7434172074997023,-0.3236536969208401,-0.6104577740066652,0.5608329889583925,-0.40441877671314225,-0.1613033140990346,-0.22312047415906827,0.6410413093878023,0.28452404293477007,0.8706143975401425,-0.13719877509290657,1.6621042524629424,0.8393319902979022,0.02882828693988959,-0.05820652774314927,0.19959732748090825,0.0,1.443842656194977,10.89047013097491,-4.056573309223506,-1.8772979809833386,-2.331569514404106,-1.4531219013868721,-1.2950860624866096,-0.5437354969089382,-0.7312089670454286,0.21181497582950143,-0.3278530846814902,-1.0139151859744722,-0.5094264258300649,-0.2718665923410179,-0.5105051372480706,-0.1601130036004732,-0.6511407735201433,0.2614593921405801,0.17073374252360693,0.018011217358888013,0.05269263509982348,-0.00313350400475178,0.00934573020499268,0.4620415916457239,-0.5599632111738502,0.24752940287566932,-0.3255703264537496
406,9.81,4.430310616176817,2.214291694171467,1.870886310796676,1.850588381075264,5.065812285481371,-2.276625267037372,-0.5327562001491888,0.2642095045249566,-0.4142523487080958,0.31380367486155736,-0.06747000406382864,0.14331943040422224,0.4075152399568173,-0.2667733900573329,0.39751435140304836,-0.5246564708462941,0.7500903812865415,0.6782232470725866,0.06385490368734875,0.006940492415023425,0.4893780891418867,0.5012543876778807,0.0,1.1311290581517286,9.393179316872232,-7.645853165642326,-2.850160065254383,-2.8070852416115404,-1.026055946710657,-1.835626698367621,-1.589475359197879,-0.920644931530599,-0.768910270857848,-0.7229160316591194,-0.344728929768909,-1.2192568046531282,0.1499028214797985,-0.7743921841472241,-0.17267222607645383,-0.4687604411694693,0.032397409393030985,-0.7767818855309362,0.01852362683957104,0.04381534273271774,-0.005342316344481979,0.005008295714690117,0.40288087684586193,-0.371219529165707,0.18284865430322364,-0.15764225286756328
407,9.81,4.0449912827132755,2.425221542979372,1.1472507600545072,-0.1424823708244652,0.07141941602638736,0.22899875165250103,0.09877497850216704,0.12103521216375555,-0.07598937242541672,0.7781371173627475,-0.4735835866544613,-0.35147361387096854,0.7725511165224899,0.15121734891847524,0.02895519327136485,0.877051040027302,1.1018575984013033,-0.08860203709388342,-0.23756043532570897,0.7784817375564804,0.07700720871436811,0.3815901455257963,0.0,2.2569210320661095,8.552601339465841,-10.95875803773821,-3.042866811716467,-3.034235845294403,-2.350511877724636,-0.5349743183475043,-1.7339406486715228,-1.9924407522500465,-1.0899459610658688,-0.5980404384137785,-1.271228027662454,-1.6412791531327313,-0.5162940375616268,-0.7955213810125613,-0.41804813963290455,0.21260958015853257,-0.5633906368577596,-0.36987144024160973,0.011358918416381264,0.050342071727123364,-0.005715167690950162,0.008144108020076242,0.47476132701311646,-0.3926096188716919,0.2500230585651161,-0.28691512740636216
408,9.81,4.552968908391376,2.1546380389111865,2.2408812517645043,2.707804515060225,6.724566994860819,-2.2043482946700608,-1.1002658259700944,-1.195453226719144,0.16770369389991657,0.3494772926905586,-0.04751059752966247,-0.4582464697417227,0.12668150764282565,0.9688761696383125,0.17096446534035237,0.7629724421914146,0.7096902092113587,0.2899529872464086,-0.39976209520971784,-0.035027767566302104,-0.003184032784437324,-0.38750536151927195,0.0,1.7628124846033857,9.95582685122307,-6.479462477427527,-2.370203084787365,-1.9446968237234685,-0.16034879432785987,-1.1147210836057502,-1.4843769985008426,-0.4355081885151154,-0.3488377245938368,-1.2047402502914086,-0.08000571868846351,-0.5486980884715185,-1.4978812049745096,-0.5321253366097831,-0.8045760019933237,-0.6405204767851301,-0.209835438809575,-0.4577221433266276,0.022186943086777284,0.046176924062865235,-0.004534526862515394,0.005777196913369637,0.3503815695085321,-0.3946507908623027,0.16272608940543315,-0.16243971210983205
409,9.81,3.632226505358563,2.7008227558296465,-0.2849471756504996,-0.897222115025204,-3.146628675904374,4.686649037667183,1.7552876454940558,-0.30281590610516496,0.27502437723402473,-0.03228790439105561,0.7672028906785099,0.7006930115215224,0.2834308134243131,0.7288132592926425,0.13442518754704225,0.5872178068559464,-0.2682319879354582,-0.18231668664418757,0.7636937695739383,0.1203540827086261,0.7048982068036246,1.0048381496267833,0.0,1.7998546063353205,4.548593648096842,-12.208875503433976,-3.971316602783448,-2.283811975421294,-1.2189993433380875,-0.9645340881328115,-0.4586732499620354,-1.6557886749171713,-0.5433236697085816,-1.0015934196796068,-1.3889877769020076,-0.12545677528629795,-0.31538725649243504,-0.4744263012463861,-0.8946892680791491,-0.7435642871791691,-0.239700080259108,-0.3248791406373351,-0.0028212591648564267,0.051030127925937835,-0.00606385696791707,0.008288483365813145,0.39284568943178005,-0.36811098781293805,0.24541314127348146,-0.3180286454365344
410,9.81,4.7547060266375345,2.0632190392089296,1.0804943905849096,2.4945910990104965,9.071549156922002,-3.5156148573114474,-0.7731303119436006,0.46202004071409086,-0.17228607660940054,0.6487773471103369,0.35594274637713513,-0.7860347636746052,0.0370025125071064,-0.13516657800599174,0.37827419753583014,0.3642337098891609,-0.8466929940237636,0.4936886034469576,0.5276339411682056,0.5571276412949174,0.3341857722967196,0.15136827444627032,0.0,1.6868068831269079,10.219052070118044,-5.533922230116554,-2.197651212582205,-1.921462181139844,-1.5062776214652716,-1.4922402452377779,0.15239020453075625,-1.1965311180849536,-0.43711630728848516,0.09300369696307387,-0.49188671500061354,-0.23813804158092938,-0.8769303768214567,-0.95090347284957,-0.1051470265980014,-0.7508408930363696,-0.8367279618052085,0.05374551491007298,0.010697964263216923,0.05243996537933922,-0.003933358634893972,0.00454239433577414,0.38398096824889333,-0.43816898303680507,0.17005096665553787,-0.16151826876872144
411,9.81,2.810968118348315,3.489900840911784,-0.33515803999872973,0.16287974962692053,0.599841919275991,16.073762123152267,0.9716086746807471,0.289840253701543,0.1645678958196508,-0.08693600306452298,0.4359838275310708,0.3552624296491249,0.7105936918576442,0.13346147411936227,0.27754176843584966,-0.2133658397363603,-0.6399284844775652,0.09969676393697713,-0.21414281098820676,-0.5893590212489153,0.1644966715148225,-0.42213719737838296,0.0,0.19474797960794576,0.004178048122899264,-0.5113746307790685,-0.045629886180779185,-0.8334839571432467,0.3963381062978713,0.561307348538852,0.05574528206004345,0.4077260658887531,-0.17432349803645514,0.0030049905236722955,-0.6678651885819504,-0.08699702733577615,0.08328090004462305,0.22602293948213606,0.12972642779785432,-0.5466578070526326,-0.41350292384186715,-0.39176560813485306,-0.0033183964356309835,0.05511256962146029,-0.0013063626530186773,0.011308528104751856,0.4876969454713097,-0.502425995138906,0.3586022999393117,-0.29692186722536673
412,9.81,0.9098406203245553,10.782108185607948,0.8526460823134265,1.2743219318717733,1.014187637683982,0.7574134866476374,2.377362872542601,9.148538436152903,-2.765174343675388,-1.3081960782431188,-0.7796473555259256,-0.571503360627113,0.050859484581760206,-0.3243167609768851,-0.25685817259412136,0.2233916223078106,-0.11366594559267681,0.6864496973270952,-0.2738253841382165,-0.35629411782522225,0.7431851009063908,-0.03715102596638342,0.0,0.15086280174386202,-0.06979653792984208,1.2731841019310746,2.5285998085626886,9.414175899218979,-4.010892750543368,-1.7306471239843582,-0.8273475795623634,-1.1597864125685073,-0.17449463149603045,-0.6899736263807892,0.04742508927367306,-0.16567193624081827,-0.12301168884652453,-0.6782795338384364,-0.026005149859035903,-0.05787170134389999,-1.0505017903351308,-0.1917681260565538,0.008442040418944818,0.04652869484935276,-0.002254454704902263,0.011771754178396328,0.3760342772874279,-0.3352626441563644,0.28496147350246365,-0.3342686835561105
413,9.81,3.7828485208077676,2.5932838563425293,0.3812997870146527,-0.8843525563758823,-2.0279150848748464,1.941314218258297,0.7940522009723603,0.9188911068244876,0.9180861942289877,-0.15609230060168552,-0.14308361665232372,0.4330223040508221,-0.04227283613546832,-0.11876706448227987,-0.39243981465245864,0.30540134409981384,0.48766173005218083,0.5488786497412818,0.8536569404424638,-0.5990520270575829,0.33302765940546564,0.2501990580044216,0.0,2.0009801659650712,6.718919939669517,-10.788528918340834,-4.231949711939972,-1.9777831230741751,-2.0782604733942205,-1.116721378673923,-1.449732627999924,-0.7792165876627013,-1.5455808169984795,-0.5202971964777201,-0.2635413331585341,-0.6424868825116089,-0.15939135080945221,-0.7958955447414763,-0.5218510941838318,-0.43344026223788595,-1.0865134193448096,-0.4537712449007907,0.0037752454159866605,0.04514208123511859,-0.006683009445893755,0.006851245051918127,0.3848583424677702,-0.36860072258876575,0.1783733361366638,-0.28202751275161636
414,9.81,4.768150435745415,2.057401529628203,2.8001836250690375,2.959096866718839,8.445017472326226,-3.082069946401153,-0.8301996589978338,0.4738807568440354,-0.7840901717346704,0.13156169320749334,-0.152497942430443,-0.8651565133565374,-0.41235519606749227,0.4417910446108258,0.2334026389602358,0.2992661582777476,0.5472627914941574,0.8843535334276038,0.9474595856912318,0.8775629446708696,-0.23751383371513046,0.5433029913061991,0.0,1.6052684502957628,10.451037889447692,-4.654732667425607,-2.479897330380335,-2.303211604048105,-1.5369666340715695,-1.1631365867751995,-0.7838448939995479,-0.8920615730582999,-0.48505456764158433,0.12556654924176125,-0.9114342542764786,-0.9121549605541002,-0.9125693445581737,-0.6681482347983578,-0.6732963496529049,-0.3928040942518583,0.1411484303144823,-0.15534224180939496,0.02772459034721819,0.05148558865641222,-0.004312678621407505,0.007214063389535903,0.3801953475101733,-0.45111002584621407,0.2123709586059631,-0.26748500278678056
415,9.81,0.6396812203939781,15.3357636385793,0.17452742909886151,1.6330416732930284,1.273157153710401,1.6441744369678337,0.5544719873867212,2.892567703608972,7.35055939309225,-2.9902778825830745,-1.0217753057936383,-0.360420067299728,0.08609647913601098,0.272774317437652,-0.22169226424956934,-0.48027150860669965,0.43746859989182013,-0.8036283710237537,0.4123947620534738,0.26196874795105696,0.27710278224786783,-0.6690987270614028,0.0,0.6984654892410208,0.6813995661700211,-0.04519939808461859,1.5177666864622537,2.426971362189774,11.17664969369845,-3.7879927407503224,-1.4598603699289947,-1.378931461417534,-1.3016954902302353,-0.4807295140650817,-1.0421995157249913,-0.6344773774618706,0.2311674831657652,-1.4202975277165923,-0.7167870584137698,-0.05974849784240582,-0.6873918881375541,-0.9740517849638434,0.0017279943475134764,0.05039276015821119,-0.0018602233971814612,0.016597223055017304,0.5164891048448406,-0.3682567938044165,0.3235932728579053,-0.36956827099238465
416,9.81,3.299417578082934,2.9732520264076183,-1.2679063610020065,-1.9069681890251204,-4.198536117980782,9.839822709293195,1.4859860790649893,0.5831453957752198,0.5901096435958901,0.6005879701682941,0.31525882833019914,-0.11786745950164268,0.6228443243080602,0.6905855836593475,-0.5297266184997351,0.06767310545854038,0.2054052160131893,0.04124517161637084,-0.2750498501761691,0.28298070529213315,-0.10771642529915731,-0.017124292647564876,0.0,0.9104666199741556,2.7883481025591745,-9.642087149673015,-2.9337074774408936,-1.0824286929244356,-0.5646058369987221,-1.2273589442935977,-0.7757785547423168,0.03269969013062729,-0.9181614402617984,-0.7146423164718854,-0.6223359545061712,-0.12264913617965545,-0.09979130961900085,-0.4814508052005307,0.059348820277832295,0.27070286712741687,-0.37467414174664093,0.1514890814069976,-0.012553528326752517,0.048931520332301755,-0.0037903086277668863,0.006929705256388491,0.4004564636230117,-0.34736846162452995,0.20065555483773714,-0.1850210029327921
417,9.81,1.8714582818976844,5.241901513322822,-0.7789740881279582,-0.428847640565876,-2.907396198720871,-3.3437743524076344,7.1519102763180395,1.7321831907384344,0.8120437213567496,0.8972261192322317,0.901488736046002,0.41675386200165404,0.7510712366636532,0.6366433244753847,0.8258648090869407,-0.041819651860169046,0.2662019740411612,0.6302546177788919,1.1101448479294966,0.19540659250177808,-0.7569867906131181,-0.24172054442084567,0.0,0.16812577269643714,0.7001212937425336,5.976226454545445,-11.33081989857849,-2.9766174072043103,-1.5539763975481447,-0.941190819143936,-1.0216970827989469,-1.3065939473807608,-0.9990827083673642,-0.6053718014092131,-1.3608584985268304,-0.885871667148793,-0.9161203452947932,-0.9157435401444989,0.3530067975060159,-0.8324715145741444,-0.019628859121298414,-0.4274870815819792,-0.007712614733940192,0.05613378923347197,-0.005677779313003558,0.013362037875627626,0.5735945405622049,-0.40727110773305925,0.2958379530012767,-0.2813808646998868
418,9.81,2.3188211193249777,4.230598004409995,0.7331485881104897,1.5837915738872432,2.4222926033563397,8.294017170925335,-2.6454502868631167,-1.028378153006623,-0.2630962163663701,-1.1309462390213758,0.45301108186006567,-0.2698529068006176,-0.5362911239258383,-0.823725583070775,0.510975216554259,0.07165826614669182,-0.21431484521539856,-0.29135975055803454,0.5408047925773588,0.3325880553644678,0.27272366185210517,0.17578808177375027,0.0,0.3951793335883502,1.52639794072453,10.327230956736972,-4.05375282891666,-2.890931981842426,-0.7325540773230611,-0.2303640951189968,-1.3607983693296664,-0.8836883719404662,-0.979723540459375,0.1612585914511262,0.2354648231822994,-0.35275197155356,-0.35153468690220624,-0.9757161800089271,0.19590965073384098,0.2150045116464804,-1.0358502127461664,-0.7597048144836949,0.007258896911985038,0.04694715045016373,-0.001639225021473153,0.008390831503278667,0.3620500731697982,-0.36405501766259785,0.20725045910659526,-0.2734017184599387
419,9.81,4.631444716037403,2.118129568950851,1.8817026183859427,1.9330622167014213,7.32138798924031,-3.040392036613941,-0.4941638518796587,-0.6095013664228728,0.29997205470990185,0.09539259222249796,-0.6456680139965696,-0.5425102740464283,0.6511080777242602,0.770550568199164,-0.5657705539916031,-0.006558736401905685,0.7837155109610485,-0.06686389711073434,0.23615409838699197,0.6977144242202389,-0.08852596359542897,0.5792175317268735,0.0,1.4202998909806899,10.731010344812967,-6.53734725774471,-2.5340246251968144,-1.4722293530927413,-0.38142458189847184,-0.455365350658854,-1.5541478192208578,-0.4875358366663668,0.13063785703971692,-0.7566796361510836,-0.5573762531558104,0.27167268472441697,-1.7447084462559732,0.1587388968311697,0.0753883515990974,-0.14708546445105605,-0.34427847784257865,-1.1289739062607023,0.018630718993920214,0.05116710819436443,-0.004142781536847886,0.008118561931065891,0.4759368672686912,-0.4365442488825296,0.26895770816915904,-0.3165888565082738
420,9.81,2.0047528399739827,4.893371294651621,-0.008361309820226329,-0.6847623150020233,-0.2122187943453268,-0.7312821527397455,0.7068429878195635,0.6274318263140619,0.24860777744919077,-0.011269197621390531,0.6723112112513581,0.32638757564682375,0.6222058112030026,0.5715191482260128,-0.06863048027777657,0.14580555901465833,0.5018186015878369,0.15881401048910576,0.4898300948566594,0.2833365139673737,0.18322703925515194,0.8588249516247891,0.0,1.3416841153326473,2.25646507027734,8.313362849170037,-10.551821414689812,-3.7099039606260718,-1.9977954683807324,-1.6053154848935296,-1.6940137212893265,-1.4991197835861105,-1.0279566502962585,-0.3666742933440107,-0.5028866952933719,-1.4628472594481645,-0.2751095742382038,-0.7670484303477438,-0.36756183599168935,-0.1995738646935753,-0.5736411858929991,-1.0792764198794802,-8.27852457448161e-05,0.04593733538353004,-0.005440921412925139,0.007325683193279659,0.36855392948301735,-0.37632229375197923,0.21890902489974726,-0.2148246587187595
421,9.81,3.3161583517709157,2.9582423272281924,-0.8114178013150299,-1.8537918938675613,-3.6160001724446476,9.696666714103571,2.4158954885110764,-0.025245009183442635,0.21963739905281177,1.488710905696371,0.3903125118214792,0.27962681973561376,0.389923952733464,1.1174349535621642,0.2073755662307872,0.11167572832631359,0.15053546200754253,-0.2510222115667172,1.1221016326086939,-0.060400122722763294,-0.5121723221516692,-0.5600732184918619,0.0,0.8729126040845644,2.898573103139857,-9.913814608607119,-2.35624172176944,-1.1764614365842234,-1.4334227158313284,0.08741827247779799,-0.8352919675788282,-0.8875579733170367,0.19767957782458834,-0.5494710220608785,0.3361907302041214,-0.9382455536837073,-0.49763855306771654,0.04554457944700732,-0.6260511689505,0.3407965058502068,-0.2020603872187226,0.16206648754232839,-0.008033839616980485,0.04922703237927744,-0.0033574679460441274,0.0066120490859121065,0.4176122551426123,-0.4169153232265186,0.20524449446979826,-0.16430967251718764
422,9.81,2.405294369332899,4.078502874773192,2.2826157825022606,1.1612483352783873,2.3296949412462853,11.283946059186565,-2.0617845548909144,-1.0384434592820992,-0.7012176017250114,0.011812233242375347,-0.5894256338973589,-0.8557980433860324,0.0017970736834676537,-0.2462810687746816,0.29365382650399285,-0.12630245256835573,0.7036869148416511,-0.8012295496644692,0.07322985970891072,-0.5067275265715014,-0.1869688136153298,-0.347922374408097,0.0,0.601628935243817,1.6703857022174136,8.51965845175407,-3.075770312599801,-1.4039960454127494,-1.3241801948896295,-0.3325217893948509,0.26037728836992835,-0.5344505820143699,-0.38628772514569243,0.07470589500696911,-0.6743396164648838,-0.7410367870974285,0.280027812465491,-0.6117628801324744,-0.05663023039965312,-0.7475554751994533,-0.05013142566893408,-0.6165025568498538,0.022600156262398623,0.04879183909620882,-0.002022959281643994,0.011262446821145402,0.3796074758951441,-0.45628402533611156,0.3773963197866009,-0.31965080212200614
423,9.81,4.670744582323178,2.100307526368871,1.8538735869878915,2.120840671895452,7.846252078107451,-2.3560866617852776,-0.7789427140839267,-1.1478435607269777,0.3806843074489076,0.0879579691022141,-0.675351475292352,-0.569877833066128,0.9719431502123406,0.8573414798805751,0.27179547907916934,-0.40193411593307626,0.5425420455660444,0.9268118557414307,-0.3619419643027514,0.4025592706565379,0.01798877911547886,0.29342436749475365,0.0,1.1917947863061091,10.349560684499364,-5.590244862919625,-2.3778501081897776,-1.7292433627906711,-0.6982986239660796,-1.3353955188245006,-1.0851776278459764,-0.07248639382056216,-0.11675697840425903,-0.04374175276928366,-0.9397279654538797,-0.19905950263909644,-0.7418730855303445,-0.19929409552667832,-0.497069453944327,-0.019217517839003124,-0.4290968684741441,-0.17007402425952656,0.01835518402958307,0.04773921539489702,-0.003076947634015018,0.007017164993945899,0.347737649355763,-0.4234192060862898,0.27875042908439995,-0.2625594420412842
424,9.81,2.159042718430707,4.543680361790325,1.3962719147531244,1.115769310363455,1.4073531778474972,3.053188342226832,-2.885372650958164,0.8187138274556779,-0.7591307503049277,-0.6775679402058461,0.2721903772778139,-0.08350411482632947,-0.22599219488028793,0.24688338894073755,0.42592038579795766,0.16801279911237701,-0.7321877444687596,0.5434261516167627,0.11540846572712687,0.4691447830135024,0.501345480056336,0.16238470299911792,0.0,0.1044329929505223,2.5640810650420587,10.869764630146229,-7.843179062114163,-3.8316371968540404,-2.662439659264041,-1.335192432508297,-1.3570066814888162,-1.002916276000959,-0.8660722205325357,-1.3518336058497522,-0.9513114847375667,-1.4187105596174916,-0.5635253480305427,-1.2306994806906546,-0.4474232981195911,-0.5620533753967629,-1.4377639306911325,-0.10576330317630939,0.013824474403496273,0.05113291799764081,-0.006097149057182478,0.00764026327812718,0.4108912666781808,-0.40471127443766464,0.23188848812199048,-0.2437648198756031
425,9.81,0.9472080883481997,10.356752777636526,-0.2017221262356398,0.9580173954253977,1.1556235272311537,1.054769514485503,2.068149687040429,13.23422251062233,-1.9959906772401177,-1.2248376067735496,-0.39495294305788564,-0.11452599995370405,-0.10514309300091162,-0.8741728946653607,-0.24982579962723706,0.3696874611518161,0.36827298469337594,-0.02856225569322779,-0.2666044873804247,-0.4180767802280141,0.4252535679933736,-0.21518912235406112,0.0,-0.360185970358796,-0.649887361904013,0.5065591909607592,0.7879418475326316,7.218907530384231,-1.6459681774346049,-1.015443734480761,-0.7629023688645649,-0.159265668132827,0.19442559174814722,-0.5200863793544073,-0.017516795348833047,-0.12792867966510385,0.4951135705360339,-0.2933602867800792,0.4012498902745149,-0.44265309332335295,-0.25174077741778034,0.2903788611915065,-0.0019972487746102888,0.05028580785307442,-0.0005342346261795392,0.009505255678065863,0.40149021950918207,-0.39006076517440985,0.21041031000634278,-0.262145622050108
426,9.81,2.385494276278619,4.112355287351031,2.2591502087489617,1.5961779581142541,3.3334894609823387,10.463820915692443,-3.307350830977608,-0.2275444510846294,-1.347341452692738,-0.20349388015296,0.07787436288460059,0.11494946052161659,-0.2685889939386792,0.12959783201007857,-0.46030903160803227,-0.5147210114128935,-0.42446194892567374,-0.18286444884435626,0.1001485147655633,-0.2836959122061656,0.676386266984708,0.0942289209926705,0.0,1.23684558935356,1.7910963613658084,9.139521402423938,-3.5604405372137613,-1.3709576252141369,-1.1807143434769292,-1.365500094678715,-0.5065125556770973,-0.9357763481582405,-0.3807087316542102,-0.2997691035743598,0.20181458220887027,-0.9529281937680537,0.22075454057426258,-0.527409023833906,-0.2545939208412713,-0.34033110830579855,-0.22103272342763527,0.47521932377212617,0.022367823848999626,0.05059021316682547,-0.0017711167935289568,0.008364108443136075,0.4981956400339118,-0.38124130003620166,0.2993010023950511,-0.26084378122856616
427,9.81,2.3230357805800073,4.222922471538805,1.4913527172087018,1.27379678031377,2.9308483474628853,8.356617648924484,-3.1614654737985104,-0.7144129586819705,-0.09472828478641904,-0.4268669728969807,-0.07384573729984989,-0.49032939814249643,-0.10134574322253487,-0.06671886863276982,-0.3222710544373956,0.34181168625462277,-0.1582699511544478,0.3832315306904936,0.31586608282537854,-0.30102829616808136,-0.6125655294625919,0.3663954880737698,0.0,0.1229945834914516,2.8758240526736927,10.906161082872806,-4.3293613624052725,-1.3460193246738887,-1.039285726703471,-1.2991733838859703,-1.095873034820245,-0.5575752382886158,0.1454982226723981,-0.47266296061315716,-0.4184570715924791,-0.2651806230262768,0.3490385043792042,-0.6962005414307634,-0.4229660084721573,0.0186024060630417,-0.17859773292719291,0.026771780199538922,0.014765868487214869,0.05043517847675725,-0.00168593285350281,0.00862890479104152,0.43492507115564594,-0.43892365696860036,0.23147948497073323,-0.2430754692143893
428,9.81,4.484204699082262,2.1876788992277083,2.1693281649120597,2.389224968082371,5.55761751671742,-2.31410905303066,-1.185203455371728,-1.0762689366156473,0.5471432572058862,1.0165923206883902,0.28181475485824115,-0.5701217919883075,1.0360661346613802,0.40922713350568307,0.07351659227421184,0.7712784466340754,0.44505810329511863,-0.19279610193493035,-0.009170861876679204,0.6534571317024499,0.07107524070227605,-0.18267813018182893,0.0,1.376707403689351,10.260873466173521,-7.003508769713278,-3.437816998643525,-2.2369304686108253,-0.7401785319915397,-0.7691914743271366,-1.5805028806365744,-0.5036836814271844,-0.12880833747652543,-0.5490163961294879,-0.1901558498570084,-0.7728116059649234,-0.2861577906975001,-0.42308692137993487,-0.42219906421920106,-0.9504109096728861,0.015371418823642458,-0.4749934865880101,0.021478496682297635,0.046743123900849136,-0.0034037231965089697,0.006693172195442155,0.40350213017613695,-0.44484956399606146,0.2254215195220959,-0.2156028862517147
429,9.81,1.9913645919098504,4.926270176668935,0.04735944515939128,-0.4094974861870778,-0.634793134874776,-1.717299090531674,1.8626263565786179,0.9744716064023016,1.158180091083144,-0.058350741949896756,0.2103001353539911,-0.28456199286480344,0.295051915301981,1.326301019888432,1.0480176714058833,0.38521247487126753,1.0129488486706777,1.662408004968742,0.6419003159821781,1.563205994348295,0.30311126272578964,-0.6531500541412478,0.0,1.429442328200397,2.4083417589531426,7.6768836843762065,-11.407779233146359,-3.8423342311969244,-2.7486814592905815,-2.22306759941179,-0.6811847319652066,-1.2835360144311845,-1.1715944520027595,-0.13082242439051095,-0.583885479078217,-0.5662133578353112,0.27281836275667387,-1.1900693949212293,-0.24408780587231607,-1.0318686202842149,0.28275220002062823,-0.8588127649446712,0.0004689053976177382,0.053723105287656725,-0.0066346869513408116,0.014311867477534414,0.4586011179727778,-0.3983940170644794,0.257900151767292,-0.3735293936728613
430,9.81,1.8230199974547951,5.381180685728191,-1.1805194436307054,-0.02185409862810639,-2.404412859818473,-3.473865508974723,7.698634650969991,1.877036843749187,1.1440082281719695,0.4537948815894892,0.7774940832532189,0.4458571972155533,0.697116264228358,0.21575990970847597,0.28911039190197274,0.18949904053079925,-0.05145683245635696,0.3944543618249351,0.3605756332105466,0.7436448846899549,-0.22694448553765523,-0.13106773542862182,0.0,0.10643446167921161,0.7000172655038945,4.383522946212123,-10.66858462283824,-2.478018838531965,-2.3756451508766583,-1.5239058468456683,-1.2987286626306456,-1.1428782698672377,-0.14249820766712107,-0.7946440959335707,-1.427939234860135,-0.8524452501699471,-0.714894992832818,-0.4184209312792472,0.2759995123396342,-0.13201722301869423,0.1254146781923437,0.06908582379481314,-0.011688311323076293,0.049511887152256476,-0.0033917337185127207,0.010399507025255774,0.41086678116383785,-0.39974541160779475,0.2757037114326406,-0.22593891470722946
431,9.81,2.331641664298377,4.2073360371830395,2.09156110667856,1.1457728262638582,2.6285213989461154,8.462534598042255,-3.097073584655042,-0.9906732184174338,-0.05368890455608,0.03536733959313576,-0.5894272680735319,0.0347139028910034,-0.4337558320021332,-0.4088603731931071,-0.06241036452716586,0.05208866907179642,-1.134342596880771,-0.16814224595404995,0.17065689304979745,0.11222424439044035,0.2957609946062518,0.17655282842981584,0.0,1.506910785744723,2.2646474183449032,9.896341196317593,-4.153635721661306,-2.389833243348182,-0.7947869331310962,-0.5875685202038115,-0.9643973247828965,-1.2222421073687662,-0.9436726963556241,-0.5157600777371809,0.04472061984458808,-1.084917893068309,-0.49632616573344235,-0.14891009513008002,0.05351710113252284,-0.20942608880477845,-0.5620124126338075,0.48125828538521076,0.020708525808698603,0.046975670374415246,-0.0016882181833123568,0.009397111616195783,0.3494838834525273,-0.3990714079812379,0.26466612578523235,-0.27801617428560566
432,9.81,3.6095438226199326,2.717794957502292,-1.6817737726936206,-1.0995982369923487,-2.221181315640303,4.418581124450663,1.428095592466641,0.587789162077428,0.9967993667006319,-0.12387370619403981,0.8384038819215307,0.45835753812970714,0.0857183005388914,0.1581304967588343,0.4763308799775928,1.1294062178452746,-0.1019768216567831,0.6263185770871996,0.23332978027753948,0.3558060011372802,1.188118619090376,0.7601342035912254,0.0,1.5138163527364576,5.142766708417912,-11.48131280758202,-3.336385103758535,-2.680439902992724,-0.6575511571091944,-1.3873048760458326,-0.5413782816443576,-0.7836317417723708,0.007715118299160162,-1.399346060263019,-0.7920373532521798,-0.2018064197911601,-0.9275331521793746,-0.3934673354038752,-0.37958390021511434,-0.5041095994700784,-0.13798016941689992,-0.8298789889056885,-0.01665122547221407,0.04620289240112375,-0.006537018000415242,0.007078811910618693,0.41902969462157463,-0.38649850299298477,0.20056473826496402,-0.22400742167062582
433,9.81,2.4004096205603433,4.086802484031866,1.264835893636544,0.9121006921485133,2.525540023342222,11.01625026971128,-2.7991138258450765,-0.9224116590210751,-1.245497070487927,0.016252098338184973,-0.12101233909968201,0.44576093869887445,-0.27640244459563135,-0.6642229539376647,-0.09012727092857264,0.10647050034660915,-0.2698964955094088,-0.782607472237141,0.7249434718418593,-0.06209999303324065,0.11767320471203796,0.018462335689712284,0.0,0.7962903399292807,0.980371788055701,8.482048769219052,-3.278677017568649,-0.7835033726153682,-1.0385998371113816,-1.0460567584235299,-1.037077011618046,-0.42220336180727014,0.2594827127404199,-0.3491641290041013,-0.7101822273915522,-0.12796456267136197,-0.26400778754190024,-0.4491639956974399,0.04339602534629758,0.06259644819717877,0.16726464173282016,0.12116678053608532,0.01252312765976775,0.047160323128711865,-0.0012873634623762908,0.008104129063691009,0.3790228356864438,-0.36221302801829536,0.2803867906904178,-0.20143775538111375
434,9.81,2.8492388994320126,3.4430247326595165,0.11100370631703971,0.4297526743651785,-1.297454136123703,15.825573212117748,0.41824953418837785,-0.5031018556239948,-0.39827216717077873,-0.2050651682005784,-0.28420719607707023,0.1624464772964016,0.23692570478813013,-0.22699484816011684,0.6417661820631637,0.3322449314417658,0.3189652180823305,0.5916074411143601,0.4752943503818527,-0.05012030251027627,0.14832859687950473,-0.19453304072183447,0.0,0.8541638669295802,0.6426828670242999,-0.718551770395439,0.3905639721497348,-0.08522504138931972,0.6225316766507546,0.1703928367523151,-0.1281250918242846,-0.2739401031880299,-0.05441156203357726,0.47904529057200196,-0.2803469345008305,-0.6661667549995357,-0.04359157153412186,0.4299035328691004,0.7324876214093661,-0.10352754055412577,-0.7549004110074279,0.45047917842544444,0.001099046597198408,0.053209701738343086,-2.3845517759234493e-05,0.009099542071622412,0.4839853478876799,-0.43057644017183194,0.30841467114259724,-0.29794275076439863
435,9.81,3.695979250680999,2.6542356800819347,0.37809625384729617,-0.9211174346483032,-3.1058505349554633,4.170321336742713,1.570659678666543,0.6277042918765143,-0.10966516548910943,-0.20627114500756638,0.9243734181655873,0.6177624384762364,-0.33157488825368236,0.6189324161837866,-0.312233938511625,0.15445688597118487,0.06525537627313112,0.09707998673162488,0.020829675191045754,-0.416958268555384,0.5559083673974802,0.22891733429224426,0.0,1.0745803339542481,5.978809804796867,-12.348917107399702,-3.850367133158521,-1.9601800251325323,-1.855477133528311,-0.4446097438831431,-0.8526301801043766,-0.4721419421959958,-0.4431081183023384,-0.23434095486260542,-0.41318703120008526,-0.5451978738331572,0.23699185230061315,-0.9995151487045975,-0.5106008234577152,-1.1528817007215242,-0.6505571164241076,-0.7630640766906289,0.003743527265814818,0.05223811348919271,-0.005698275132852743,0.00829545589939705,0.46389728109804185,-0.4279271585628134,0.28693121908925984,-0.17470752475531381
436,9.81,0.620591165518299,15.807508300262356,-0.737386436987886,0.5999529016539081,0.08958028138340368,1.947001506065242,0.7974412214169733,1.5524649705361515,3.4436032855912257,-2.282075111635733,-0.5697340032801606,0.5381290978369452,0.44404749995077686,-0.10279769072649358,-0.4755923615007782,-0.6743230755640506,-0.13648157296020957,-0.5910974970351776,0.029465619841345325,0.5287308961545345,0.9155305901322188,0.2728300316453738,0.0,0.8127922039948947,0.1051025261972946,0.26785279418831165,1.7452265603186632,3.8577154859660405,11.569162540648753,-7.004913217213513,-2.5367665029576187,-2.7622066514177863,-2.0081857193758728,-1.491910939573875,-1.0633587484931657,-0.4794861503960326,-0.4485281656581096,-1.4766018542488313,-1.2271960922773113,-1.453704756846231,-0.8162921416867187,-1.0185389978605084,-0.007300855811761243,0.05284741706103554,-0.004144239341970059,0.014762778178553442,0.4447191501806706,-0.5209513830939234,0.24019815362742192,-0.3583101721387558
437,9.81,1.0992165508470155,8.924538110748767,-1.2746609629324093,-0.7172939145628892,-0.43515461932295363,-1.3347481613822114,-2.7653358028282744,9.956023897806563,2.267481403254,1.5267646760528557,1.3325302623863413,0.8597151739867641,0.410598018163595,0.2987045500539227,0.1644414119504044,0.8361165944618567,0.35414928035941484,-0.06458693419030515,0.19450474254779626,0.4355473971577173,0.33520542906883866,0.520773456758552,0.0,0.30076103029408974,0.0846277128879995,1.0001702999793118,2.064177486098774,-8.510144014993388,-1.5639503835585051,-1.2340673378144036,-1.2434606736637486,-0.3812097991530944,-0.5312289471337589,0.08604083874911017,-0.6220940454546622,0.3921430867993122,-0.5220570396169556,-0.1060970485612805,-0.020753286830005963,-0.024980727690831345,-0.6264318176053731,-0.7138022519473906,-0.01262040557358822,0.042490338639500254,-0.0029107807664463347,0.00921454598043331,0.3698442611613123,-0.3436405356646423,0.26440788814504357,-0.2034412035019933
438,9.81,3.763019642608876,2.606948921796963,-0.19266888542599347,-0.4645482622647222,-1.6110058552020046,2.3551911758044173,1.554597607525348,0.24561264418503853,0.30838554216718805,0.22791394291401054,0.15256503624643442,0.7967660269141468,-0.04868330130913265,-0.04512439390871273,-0.10126309578037684,0.5880760482998864,0.5375609325746793,0.2483159146039966,0.6972441348943588,-0.043498748140027604,0.30376926176638286,-0.24541138506540514,0.0,1.6098696792684732,7.805053236465038,-11.369354203173415,-5.214965640252471,-2.4272466060420923,-2.690036132308383,-1.0956893685302296,-1.2507927789483952,-0.7746022337350008,-0.786551155954196,-0.22938619708496583,-0.38532158845320724,-1.6693104618933798,0.26296166862117853,-0.7528586616929623,-0.6244177909435593,0.38140936727698316,-1.3600832335912163,-0.42106014457282326,-0.0019076127269900356,0.053160809187864796,-0.005964590289643318,0.007864963273216945,0.4372770967290815,-0.4319047804309607,0.1974554204550119,-0.2675195444443269
439,9.81,4.582289613718667,2.140851152365048,1.294791152254176,2.223420946522345,6.315233925626255,-2.7882183341010314,-0.5482966161238845,-1.5334226004543656,0.06487541825941312,0.5008022860240546,-0.057336780866699244,-1.158330927951543,1.3706505899651231,1.4990409618723106,-0.4924249833630593,1.2871886664501258,0.4793902976442389,0.6167643917790595,-0.5063186984874793,0.4923318139031054,-0.3300322058750796,0.14552856643553913,0.0,2.1143443879473813,10.172246847741413,-5.585820785031499,-1.6977210070504465,-1.973708668209774,-0.6363510115467756,-0.8336761580091346,-1.575091606329257,0.03987125326944607,-0.14354391101579372,-0.8921719920876814,-0.7263123693648901,-0.08102876750773336,-1.3466341938870277,-0.30614511047793413,-0.22786742261514792,-0.6697278996758271,0.042316157484202144,-0.7026135158376225,0.012819714378754211,0.04538486810990037,-0.0041719320097875975,0.00924138770703615,0.3500934000642867,-0.3894100432628481,0.28566758759976485,-0.2714314817399638
440,9.81,4.4016222269008125,2.228723750994695,2.1387725365630788,1.036578801551282,4.485364914746963,-1.7890707770120013,-0.27778003087413716,0.07879841566374002,-0.1697793185846289,0.10292755110450713,-0.07961028494972877,-0.41505663726909614,1.23152892126821,-0.23698724905703888,-0.047628745738777206,-0.2196482745818196,0.4621682124746974,0.4300166649164858,-0.27785140120583174,0.12610550038712198,0.11161094322299414,0.36768055478267314,0.0,1.0594536166543091,10.616368506974144,-7.9782890083691,-3.742033355757547,-2.615418479817044,-2.124941964219737,-0.6551011228863315,-1.051069868886704,-1.562999918520492,-1.0239384242540601,-0.9670532602212252,0.0869426745556105,-0.09706955507312731,-0.4022312068153211,-0.46776597155400856,-0.6542097323597815,-0.3755279856553651,-0.1377688867295822,-0.46053767534910134,0.02117596570854534,0.048770133246795196,-0.0049639256470835206,0.006811308025261148,0.46594809372096774,-0.3926084093640285,0.28023313406801437,-0.18653390588520397
441,9.81,3.6824123732351435,2.664014511601679,-0.8942814851324102,-1.0809859853124566,-2.2501389738035553,3.501305867969231,1.2220420841679007,-0.17539308171024098,0.3564938637620946,-0.07977780482029806,0.6105430204393625,0.7126820231176441,-0.03122176407428426,0.8382634355511888,-0.2199476411536837,0.2016511259083984,0.9348590289713248,0.4989368271524548,0.30878055128787885,0.48534049494017545,0.3100238132456977,0.9822604465899266,0.0,1.2608646449981475,6.0481369657815565,-11.64969019946628,-4.152532876203705,-2.0280892484841138,-1.836625307749394,-1.6078322755613144,-0.5739070828953162,-0.4089336760953862,-1.0943139661180608,-0.6190036113847404,-1.1292029764704485,-1.7547459321799002,-1.1663986620397668,-0.9968884767055148,-0.38497176530180144,0.04303610445860692,0.2855766998077428,-0.3102947193077792,-0.008854272130023867,0.04872029696283455,-0.005587087524340526,0.008464939617700933,0.3394924231809548,-0.37505830802563145,0.2134482716845318,-0.23284765888894784
442,9.81,4.918345968444485,1.994572985092911,1.9582377025284352,2.755806901846293,10.450470889516783,-2.449442447846884,-0.38720777848516996,0.6216337600473554,-0.2747463814692238,0.9861005245640682,0.13172325468123158,-0.0044080634862855295,-0.09376167712067857,-0.6606989655390987,-0.23298945079767458,0.23365432853613546,-0.18934574029015894,0.5448319898958727,0.5534257435579455,0.3325198863140103,-0.3845816903128806,-0.2248288194220599,0.0,1.2485662203311412,9.686268360352674,-3.5647864976839063,-2.3232267562763105,-1.8453197142574136,-1.281599549920275,-1.567593396567149,-0.4340058823899178,-1.573072762476592,0.018177659052163175,0.15679803689007576,-0.6556687058793707,-0.9339667770897667,-0.4768710421707143,-0.49702796477154354,0.1720927886226547,-0.21936045876955707,-0.5818346757024312,-0.5206414883819284,0.019388492104241935,0.05118071342172912,-0.0038058988639895707,0.005745278482203784,0.42390505564223135,-0.3923381926465695,0.17377529366823968,-0.1570381987590762
443,9.81,4.338074774466239,2.261371808928082,1.5226749078132538,2.0298754704606465,3.7066419160988193,-1.905247824415064,-0.7058292380092914,0.5631205928772823,-0.1504583190681814,-0.06241928640977856,0.7597045642867285,-0.07710778892705888,0.16553513533261055,0.19218120401212482,0.758591900927324,0.3949290804986561,0.3258036683839721,0.2850688880659654,0.3958589227831255,-0.2598858738807489,0.27801332447906324,0.3311465321800795,0.0,1.5886020460756078,9.666563553759746,-8.15868325198158,-3.863611445937266,-2.9467811745378594,-1.1912644348631862,-0.6243285573635513,-2.5285117492914266,-1.1882280882547744,0.2735523278904978,-0.3150850625941565,-1.5649312907668824,-0.7446797255729494,-0.02340476805845626,-0.5677625194919119,-1.1384422325767605,-0.16435455013087286,0.27561733787152176,-0.24929721479602324,0.015075989186269843,0.046534308314399746,-0.004094701112059283,0.008021494468379747,0.3942522488024924,-0.40596147839745655,0.2770912455008151,-0.25132544951681635
444,9.81,3.6218869876557527,2.7085328817367302,-1.9941524160256816,-1.950047623769807,-2.762425083153779,4.884209702709155,1.1418586448989223,-0.0170266014138043,0.8523458132181366,-0.0368930072615703,0.6404942947288352,1.2155175579805562,0.6302918421176781,0.3616100545257314,0.19381500476835734,0.4473075496068063,-0.4210202876005176,0.816044699151405,0.38810808866575053,-0.6770295656222959,0.4950674279901429,0.8948839495444789,0.0,0.7606234256392118,5.371032678394972,-11.874092115593829,-3.8144657114816996,-2.6511841815269803,-1.3289691800184031,-1.3150493443489313,-0.9869733639968314,-1.5535481725149363,-1.0076093247105677,-0.17917468841551953,-0.9461678774015856,-0.6871838277989022,-0.5530395643046713,-1.0637651440638785,-0.3119545871957,-0.979109284046526,-0.27157075027539285,0.48505950490076044,-0.019744083326986947,0.05081798208396984,-0.00595109658859142,0.00720720621971265,0.3665852441134289,-0.41639874630394813,0.216451531300276,-0.21935635324413608
445,9.81,3.3805476328173825,2.9018966941235633,-1.8368506956374582,-2.499447042121154,-4.168143574877771,8.709629666229164,1.6397799376036768,0.997432012541271,0.316493534750379,1.3609371992380908,0.6396077502531696,-0.05676737212384175,0.19802526549950483,0.748588835607386,0.2497013451229197,0.16852514965885268,-0.543405949439178,0.5107655386631956,-0.3742473362990213,0.9564157916268623,0.5342149971627477,0.3609872271095685,0.0,1.1353979900873736,2.624703416858354,-10.40844913767654,-3.5713362939272404,-0.3853400467818915,-0.8515085357313739,-0.884181315658152,-1.2635054202854927,-0.9384068828367889,-0.17009365886460526,-0.7483647678759442,-1.081826833958153,-0.6491727592672651,-1.0764354198455537,0.3377377154353151,-0.34806381451589835,-0.2415412398975364,0.9539824930124952,-0.19450833474053258,-0.01818664055086593,0.050925366481144124,-0.003985096360427593,0.009137835351328975,0.4489699172547562,-0.3868312705475945,0.22714239300042177,-0.2558564746922374
446,9.81,4.339092319032474,2.2608415029499587,2.5281323789572765,1.6045530153963736,4.1660508517198425,-1.4354088199936976,-1.0064395742854118,-0.0989014400068644,0.8443851585034899,0.41325431559196424,0.7797965994254777,-0.6147126128784726,0.06334891343813531,-0.023212346779711512,0.8879466937056506,0.06783569957910257,0.5834925528372998,0.21164206257208834,0.25179162308404485,0.24877144075336438,0.70031024843156,0.7284465013504169,0.0,1.915902177855078,10.029917401626314,-8.154558444804216,-3.755151647126675,-2.778098735102075,-1.6319669639814323,-0.5268767801108127,-1.2170946410565788,-1.4049806546982428,-1.640162449461282,-0.1304162627633405,-0.16256325935611204,-1.5003358880402127,-0.5894123453709138,-0.22798211078062458,-0.2585708604062271,-0.7393364098762945,-0.6192715509801946,-0.10471672034748317,0.025031013653042333,0.04756493012096764,-0.0034364095858591594,0.0075670608777536385,0.45128133274559756,-0.44818141900589065,0.24602044455571193,-0.18277331427845905
447,9.81,4.46070274253103,2.1992050504656016,1.6366427536019863,2.1416403955148007,5.138806303839786,-2.4551021499514603,-0.696070253458333,-0.2621272851412636,0.02656482535070326,0.1452875280412691,-0.2186616660758826,-0.012227864899574947,0.9455860027551282,-0.16717534611322643,0.008221017695353702,0.7904222084728495,0.4172998411073183,-0.5020434643790296,-0.356232573949899,0.26288642914812677,0.5543537495431861,0.38234659555993133,0.0,1.7606299429359182,10.448945305887836,-6.883409879929618,-3.6950070040456904,-2.2191575552158755,-1.868855804601541,-0.5354873490038986,-1.40619842913453,-0.8952606893812494,-0.3940621345030527,-0.7394316212734652,-0.6808149762348081,-0.49445032212260037,0.5752886933933403,-0.8550729726643529,-0.011981599385348957,-0.3155336738558292,-0.3256042819217403,-0.12678601388069696,0.01620438369902957,0.04696190364701962,-0.00434541818009853,0.00677913337059855,0.39655690578084335,-0.3755433017988624,0.21291248251801959,-0.28467259834788644
448,9.81,1.7331709210003667,5.660145737004276,-0.2447967294524318,-2.035992750659747,-1.9126664855565454,-3.2159796248871944,11.543125339775397,1.4525188205288164,1.0215476432313213,0.19456647581349618,0.09506055608534247,-0.5242955640777718,0.08284888275783875,0.7484127892828097,0.12790892992639746,-0.6596828956807889,-0.057658128455395696,-0.30135115659167466,0.09400649967142433,0.3285111338797102,0.11796608684093329,-1.0969517415645829,0.0,-0.004576598770045348,0.521587692268235,1.7384633738846806,-7.01242677327783,-0.793477473872791,-2.077049173341575,-1.1893589941487648,-0.27584646439534544,-0.1671936627805355,-0.4475879649178578,-0.2750714269791449,-0.9046484196957326,-0.8109942265143251,-0.13950260749495585,0.328507670191802,-0.05025484143551934,-0.45606863403248254,-0.7667775002370631,0.32798270698514687,-0.0024237299945785266,0.045437772196069544,-0.003977678177733881,0.009403782600746287,0.47410339596402873,-0.3367436490883732,0.38050290247039176,-0.17093746581716832
449,9.81,4.343086108628245,2.2587624916095597,3.175783634588923,0.9787201160280365,4.035146073215028,-2.3397797023869162,-1.189306809629485,0.2658313703706192,0.8136085629041401,-0.0005724803850118976,0.6238052078958843,-0.4279945556057818,0.5682653646372471,-0.039181009874480144,1.1783471655701403,0.26728426107192776,0.41878629478110996,-0.24477517840951124,1.0237991684106003,-0.6873544962961198,-0.3126363773242975,0.8815057343381596,0.0,2.0101637025942845,9.294009431799472,-7.868507777016142,-3.4317595088071693,-3.2574848553596443,-1.3832730945934442,-0.18021628725568922,-2.3999736586943725,-2.152969660207374,-0.6427011411533379,-0.7667456294496566,-0.8574213581857097,0.00819916449454322,-0.27088768104990135,-0.6241470894846872,-0.7179092338419458,-0.15698115756053246,-1.2658505429921256,-0.208525873522458,0.0314434023226626,0.047058253041337095,-0.005562768537298256,0.01090972502542248,0.46861904646642916,-0.365259213345682,0.239732295907202,-0.3155616660803502
450,9.81,3.146930611979988,3.117323261801358,-1.6486817657445485,-1.9103277290021772,-3.4589148725857544,11.481404673650493,1.0664489391960876,0.9669994727420038,0.06298125503316876,0.27371746900657323,1.1871949139328466,0.6606833544502367,-0.5800361507294958,0.5360774499987924,0.3622243715503464,0.5100358771142999,0.4352843902267781,0.44346250071542526,0.1405954094410648,-0.1366190686016685,-0.6425579446666578,1.2848832645241353,0.0,0.4615981298144885,1.307969645852829,-7.871371693301732,-1.724322135273557,-1.8555063782387138,-0.19996462913024465,-0.19114620055827708,-0.4230085947280587,-0.3077304529160998,-1.2843377203244075,0.056848543145841535,-0.053543422679316166,-1.2217294973473523,-0.36226748984173207,-0.08895730685062539,0.40196479603369967,-0.009461311071537862,-0.7474382893809792,0.21419285390083784,-0.016323581839054933,0.046574351998344844,-0.0031018578952941088,0.006052946814456717,0.3388819337034982,-0.3757415856187572,0.2845314939297166,-0.2294132125646105
451,9.81,0.5008387089977089,19.587144171887235,-0.10506275804202125,0.9166173481977351,0.8080274631169635,0.8043250387301829,0.6565028958667023,0.9373363422193413,1.117186092204705,13.944232017677091,-2.2395033684820276,-0.7765952277783186,-0.9298657240496452,0.029720188798607494,-0.43286113365447765,-0.15880413231834511,0.4409244720838448,0.08789303331615861,-0.3514878591604799,-0.0753287002983764,-1.2558817243220697,-0.12785844305054206,0.0,0.41677466027041843,0.5823351748769314,0.01739354920556524,0.46182015120204706,-0.1263817600344984,0.8549400257846816,6.255579032311278,-1.2673103853520933,-0.48866859911644767,-0.9027677384856372,-0.9690088240834417,0.20111116615507807,-0.9354058504849054,0.3450686628684756,-0.4042220634303356,0.07581595536944755,-0.08477662539314654,-0.842732437549427,0.33304612407161494,-0.0010402253271487257,0.052155232443822926,8.993898893293355e-05,0.017597410498781958,0.4195549883378208,-0.4435371944960377,0.2653218791527584,-0.3865958449083053
452,9.81,1.3869473788284425,7.073087378618884,0.8990333150404473,1.8757750634485204,1.569077834714622,3.251722875687207,9.584112398840148,-2.5946156185968077,-1.290210741905719,-0.539356417969007,-0.8863187572115205,0.21117610192884517,-0.8005178384206395,0.949029264607849,-0.40016960748275965,-0.13418981637333027,-0.3207999497258187,-0.27433689157613084,-0.5297932614942549,1.1197955096512298,-0.5561446133859944,1.0173382860460105,0.0,0.8238374678102389,0.812792443869842,2.468678805076849,9.69320877490281,-3.4280219829201535,-0.764553518221145,-0.6784832988413239,-0.30018714132311863,-1.1285737030462193,-0.4308740669631068,-1.0312821932252434,-1.1102886638405423,-0.5203533778634075,-0.9030253306684579,-0.5496130298661774,0.051436391277668414,-0.7925384908481629,-0.18830243608281508,-0.43402676313037536,0.008901319950895513,0.049218907718845226,-0.002155975041380208,0.008750053887901697,0.44493233062460436,-0.3483816144652861,0.1976893717110304,-0.3096070416766944
453,9.81,4.008191735228939,2.447487707181671,0.15634776840051873,-0.2556700773758823,0.29653922582119113,0.1330064352833321,0.22692699718830162,0.11408692560151126,0.833176612439275,0.26590290294891544,-0.2297638396853318,-0.029112553342199934,0.428989298157135,-0.10860675521146398,0.301691408726356,0.47036360555942713,0.029126632589393242,1.1770262705651438,0.1442168705970709,0.4682926740864054,-0.33124139956207044,0.53822744481846,0.0,0.8168696053823223,8.615911540197896,-10.845717999753962,-3.181201988143475,-3.0444563505462163,-1.7602302947936732,-1.684341685162837,-0.8717085800631873,-0.8186993039104201,-0.153142525207697,-0.9307708704692553,-0.8750958191373659,-0.0743246829505606,-0.5424592016660083,-0.8798280656647333,-0.09419330684551513,-0.7816124934155719,-0.41502819448165273,-0.6401613910524945,0.001547997706935829,0.048050080759733015,-0.005354790987356215,0.010445604846095222,0.37968506705982724,-0.5299261371515877,0.3600151237773883,-0.27396692335977796
454,9.81,2.0398572371154597,4.809160083120433,-0.014080222902610087,-0.6760843034124902,0.04536100500850515,-0.6948236925269435,0.35976441045557744,-0.2322217801220497,0.17834741534635373,-0.43937596407886587,0.3620989550055175,0.013012560085838953,0.42106533161012116,0.22548149895635114,-0.18627475490045042,0.7557163355949532,0.4138160401225788,0.39346796247910415,0.0837180542013536,0.5490431776309875,-0.12719633976129383,0.09237110721681166,0.0,1.4042232286659877,2.1655573803920327,8.553795409255384,-10.55568032789659,-4.113360130095003,-3.0188412319881954,-1.6390538483166854,-2.34976298872379,-0.6245352395735946,-1.2228881467737414,-0.8962244887602113,-0.6405328288820133,-1.0002267864175374,-0.940439539296376,-1.2374725749321196,-0.4251233158056479,-0.41334646508060546,-0.19989794992574442,-0.7617958186021594,-0.00013940814755059424,0.04922940781493612,-0.006757103389013125,0.007914436770048675,0.39978797095186847,-0.4216334192847143,0.23671572575662572,-0.21699530340974574
455,9.81,4.293774320336963,2.284703216360505,1.524605355510717,0.2901361548375956,3.83322922326966,-1.7465211273014267,-0.8823725150155387,0.7828162447028161,0.5967072159863746,-0.11748156880084976,1.0215988345943243,-0.12444515938116835,0.3318073916923357,0.40487667389456683,1.2287727282594147,0.025582190976787073,0.015924454041210068,0.22349454054559542,0.23035118969437104,-0.20714839196988297,-0.5743911587606035,0.9818479192342826,0.0,1.2249808353339475,9.8705509117832,-8.229890828932426,-3.71585703678055,-2.946930535294273,-1.298645753778566,-0.2771603865558009,-3.0560801554443158,-2.084687280037112,-0.6252395681752018,-0.3049158545986712,0.13393634321958192,-0.7022445528286537,0.12467298362478141,-1.1181706636945137,-0.7620174596323469,-0.07522712343374213,-0.2441452505239267,-0.5182151217143403,0.015095102529809078,0.04811877035059682,-0.00548146987137333,0.007484473063447621,0.46530106796826887,-0.3736757089455139,0.2540863247627999,-0.19107988607539927
456,9.81,3.212026353036659,3.0541467976206356,-2.178331031523137,-1.830024493765002,-4.0246231659047265,11.29771751017308,1.7515304600513617,0.3247408309659092,0.7186107746743393,0.478979520888431,1.0401573326448066,0.23644934334476053,-0.5513887665614312,0.10260574206558626,-0.6240290113264713,0.707523655329179,0.28398679560206497,1.0766158161926611,-0.15812149400778397,-0.2852844331960174,0.2261647094985088,1.0238020810838466,0.0,0.48568929207713973,1.8804957731100993,-9.531375219760259,-1.9456890714349577,-2.0132893232726268,-0.8931679760196989,-0.07197134505553915,0.005279969027430331,-0.3013764773707984,-0.8980480660651828,-0.9482101127708531,-0.26724509140633945,-0.6094440531881816,-0.27205922359829826,-0.004867760664354848,-0.27370035367373335,-0.09298209062529306,0.22047869468909495,0.3389758835242934,-0.02156763397547661,0.05335666133526737,-0.002637879135015754,0.007566241613467771,0.42009898296929593,-0.45891958823062345,0.21405840776083135,-0.2554468961955
457,9.81,4.939947216254209,1.9858511782720187,2.023035103461406,2.7129382362215844,9.915614899629459,-2.631489415029871,-0.47575699405211114,0.06416428641906635,-0.5099539674041114,0.34678072696858553,-0.023088815185013045,0.3580512162139913,-0.7718152209730182,-0.29110929218187426,0.16320029196653713,0.6212798104729875,-0.27085191883954485,-0.42777189470312776,-0.36849416257035683,0.39574067555211917,0.12498640328938765,-0.14799775346336852,0.0,1.8956658872763188,9.898258358999831,-3.6312977140084284,-2.628085245440351,-2.5545918162630974,-2.390577643046161,-1.1537638640775203,-0.41993455867273655,-0.8223239277034832,-0.5682733369244601,-0.74352865188031,-0.6957263904692553,-1.1823463615988183,-0.6520793967584635,-0.018261169076802947,-0.2377130486827127,-0.16592152446837377,-0.597956988554195,-0.40735594045360546,0.02003005052932086,0.05242229587661536,-0.0032444994143529106,0.008595785391802195,0.44701866873527907,-0.40137000584069327,0.267368226084893,-0.3812484354605397
458,9.81,3.937344046197916,2.491527254132896,0.027164466627816963,0.4408841683942108,-0.8753130528996105,0.7313951924278053,0.6381014480611091,0.22810555191796913,-0.44016548735241834,0.5448424040591138,0.3747675596405836,0.23097063528661452,0.14650575798528556,0.12829567960235153,0.5662185942802901,-0.06566250586941332,0.7898746571893754,1.3990230673714492,0.11201734338031513,0.37744776241712563,0.7764784112736518,0.2455127001474092,0.0,2.1131033752517903,7.681287445233667,-10.788173995303072,-3.9433153101272214,-2.797348179303291,-2.521565031101891,-1.038750267096609,-1.396939293399057,-1.0547438315569986,-1.4990428505185938,-1.1131794975631009,-0.6655447971345299,-0.6374358201760171,-0.7151688352351712,-0.7418624196437927,-0.19540573934539585,-0.5551339231827772,-0.6637762690656819,-0.5624921546786249,0.0002689551151269034,0.04728648433440422,-0.006389570820175537,0.0073715502301414295,0.3864742555069291,-0.371601988350299,0.2474483566016425,-0.18581779458808192
459,9.81,0.918699924883186,10.678133016335401,0.71669247675635,0.5053577356208117,1.5835228214135888,1.182572030615729,3.0351177098070536,9.669900758105666,-3.3749780885067557,-0.9104857266400017,-0.9797111276041621,-0.5945956850644173,-0.34096119589356416,-0.9193690907543547,0.42077569367045287,-0.24539766189025414,-0.2142376742538749,0.62793999142875,-0.275331692565189,-0.08206722509163239,0.10301947085326599,0.6197103185529299,0.0,0.6544198147650355,0.44159899574376893,0.2543546449936075,1.8351718732665019,9.083235185347638,-2.304405978989078,-2.0944091644952,-0.8369543926862171,-0.8388352978892414,-0.47617810671067323,-0.8955151888739524,-0.20396277077096925,-1.0331925261621684,-0.3135629079462767,-1.18720678214582,-0.07049063175196423,-0.7463217938922381,-1.0631369636445713,-0.7817566431580709,0.007095965116399499,0.04675038580771354,-0.0017205763620310938,0.012365296891679145,0.46220136556583125,-0.36755688812919673,0.3070525170867361,-0.2293335230823718
460,9.81,4.2700455074035055,2.2973994031190514,1.6510655516712243,1.4728283546541994,4.041653777353087,-1.7940519606611738,-1.2472445226810602,0.32973514785497504,0.7613396561031016,-0.07067397352114524,0.7248953259290533,-0.09051515608586846,0.4522562131141546,0.00586194078782154,0.7954669637624565,0.10431767576546974,0.5169818094703914,0.23207351185233532,1.3078087308849418,0.18539543454213972,-0.06064176423025594,0.3129751311665908,0.0,1.851497673875444,8.60541372013373,-8.513904145059957,-4.453813749841049,-2.426552840811976,-1.091909304639381,-0.7503307812335013,-2.3526475369563107,-1.107405916494407,-1.0395234799601463,-0.32724627464581224,-0.2582136214299243,-0.5629468855802029,-0.3366100189390593,-0.6090955845445226,-0.4117785794631674,-0.0875335981205771,-0.8852016478486096,-0.369521499665292,0.016347183679913117,0.04438050613647223,-0.0048885571147111485,0.006601158072362841,0.4146260277212689,-0.41139551201908725,0.2418911927332356,-0.29019507020898355
461,9.81,3.48760470146342,2.812818779572027,-1.6690166354546543,-0.9293897182470425,-4.098814886767215,6.668798199375404,0.7171212223098322,-0.16175832537726054,0.68418951688124,0.7664168251559448,0.010963137707481141,0.9789192720613409,0.9817431573496149,-0.07137869296508292,-0.1652636536004714,0.9701810579872427,0.08944732585780119,0.1305395253449645,-0.32376161114534696,-0.05244673383209214,0.2808844384354697,-0.48876115671125847,0.0,1.4460381557381208,3.7110622294393134,-11.565004319610061,-2.8460731869842997,-2.963973167049291,-1.5461222912539214,-1.2677112305585974,-1.0509174036828357,-0.49261013187469993,-1.1534787914890605,-0.5836944540302046,-0.2447391945948586,0.11692022399243263,-0.7012845351050726,-0.5789974144585086,-0.6893437645445762,-0.5386491880915356,0.13526724494533568,0.5594197665683545,-0.016524917182719336,0.050853318687165874,-0.004913275597247818,0.010067031912614845,0.46476845704417036,-0.47227528545606956,0.27778814546802366,-0.21858834095008636
462,9.81,1.4905523967475174,6.581452635550458,0.25186355715791553,0.9461066664866924,1.5433826102940937,2.0181482416977827,14.65335923848902,-1.5616921473320862,-0.14978372867384726,-1.0750621344191962,-1.2468850029010843,0.5474810872280162,-1.1020765161776764,0.6294505268594468,-0.06911137405445344,-1.1092872638715272,0.1671444480977466,-0.8852401260986833,0.4527207455251209,-0.07450068848509545,-0.38630803618022497,0.26365476920100206,0.0,1.3030779126001393,0.3687962895122421,0.33848782292360485,5.112656924334294,-0.47465625817095497,0.27578066242741983,0.3054205513891459,0.39370069491367504,-0.2038601095599747,0.21191087390246466,-0.9989280512860148,-0.07113573193795653,-0.381182003886353,0.6726392420386996,-0.29685171858064807,-0.48345331466858055,0.0393593524117207,-0.42301736414476787,-0.13895229655921215,0.0024936985857219283,0.05332941291506425,-0.0001735122623216684,0.009755825912715095,0.41626426708769937,-0.45949976550391236,0.24207548617588298,-0.30362414515353375
463,9.81,2.825619857771852,3.4718045928993773,-1.164242124318688,0.8825774503333774,-0.5259435345588972,15.414798825035433,0.9591789232852412,-0.3064293276595227,0.23795179121683296,0.19178453299611276,-0.479245925795281,0.44749555123201984,0.848431021458857,0.4559183490536387,-0.449934347180023,-0.5043937273888748,0.001749446674210564,0.45994336130530244,-0.6709043039321685,-0.42093176582310077,-0.0762119483852986,-0.8838962081799958,0.0,0.33945515100363566,-0.3261948262800417,-0.6147298748913557,0.02673488527142981,-0.45143138773301433,0.5553802481147829,0.31164901754322777,1.1138745966150496,-0.44622047314820334,-0.06857240774816756,0.8419966772167189,-0.16781355229515546,-0.7075090157088718,-0.38564858278639635,0.8196191131610451,-0.05245438441923503,0.2531799002692541,-0.9951795744439071,-0.06170201234679559,-0.011527149745729583,0.050978037810964286,-0.0005530782405342088,0.008641041837389986,0.3745956538492532,-0.4080492878682082,0.2719215115577821,-0.2988860977689021
464,9.81,1.2215830551988234,8.030563258266001,-0.21725359981109035,0.687465615399961,-0.6595653202351663,-1.0430118921877758,-0.9320600926391442,2.1421599730461107,-0.013910875863073269,0.004098695675228692,1.3241123374590782,0.1196180461069008,-0.02984901553586017,0.4344386748588574,-0.09836301648815372,1.0549609364511827,0.24575251680078453,0.4628272784871141,-0.5656088426270351,0.7359447764261228,0.5167216343397912,-0.02625625817701993,0.0,0.9296629037492687,1.5640657295400973,1.7277506181002482,8.809816306286281,-10.354568231850598,-3.663124504334666,-1.973755908014551,-1.8363740182860695,-1.5747040917147193,-1.3462864173133762,-1.554325363772868,-1.855747703644404,-0.31433768858071276,-0.05547651484876415,-1.45692204016864,-0.2798058964060325,-0.9314260031198932,-0.9232014681997616,-0.5165677608008318,-0.002151025740703864,0.05000308707280094,-0.006350026186714519,0.010945120089622421,0.4361042828761434,-0.5866061948163538,0.2548290466324862,-0.3216605387994306
465,9.81,2.178707344413812,4.502669908903902,1.0863831279344534,0.27258316698094426,1.8107130284725772,4.153734256743315,-2.4343772169004327,-0.8737193079346872,-0.9661837325849116,-0.541465621228529,0.8324593871713553,-0.7986799791394854,-1.1721636866694776,-0.4756251297596339,0.07641277812212427,0.3099730483825279,-0.3750772274588565,0.5485655886799814,0.024732487966545508,0.31950429838140826,-0.24102980188899892,0.3768035741877583,0.0,0.620901871321835,1.906717520078894,10.46442407943302,-7.621674933377463,-3.2209682119716945,-2.5507220068621317,-2.126761945094376,-1.6036718331404256,-0.4219489566647715,-0.9771616758897929,-1.3053355815752261,-0.7453245539757132,-0.8723620231476649,0.26771460931126606,-1.088504996411243,-0.5629124422050953,0.07162961366626062,-0.5831507594487104,-0.6034652369405762,0.010756268593410433,0.048203166258233114,-0.005156136854605734,0.007492532659278037,0.3719585974848009,-0.4408892571328228,0.19747661032404673,-0.17874258479488644
466,9.81,3.851548155675265,2.5470277414407874,0.44169185325925664,-0.8955509564993729,-1.266060444670614,1.8525394993618918,1.017635521563399,0.355254584661175,0.41937552211812834,0.015296487208230292,-0.21464469200879743,0.719485624242894,-0.3163183835783644,0.23233488579440137,0.3712071163460048,0.7101176240747461,-0.23668758642786283,-0.25280116825145127,0.18656856258509516,0.6436142777090941,0.35402350657259096,0.2944193295987167,0.0,1.956575353236903,8.081047755232834,-10.063784025942416,-3.686958500686705,-1.6978691933173558,-1.9444478185045804,-0.8256602065334453,-1.777169237139852,-0.5146105977189531,-1.7466369688344423,-1.7049250845231203,-1.2942981389501513,-1.4305941196395469,0.02177664608621721,-0.9219950342700695,0.1874755172232332,-0.5026298867849441,0.01757608714923506,-0.3034277255614492,0.004373186665933236,0.0458149706035015,-0.006146490575466845,0.010412747402273617,0.3824664654383705,-0.45825813543667615,0.221736521662579,-0.27164349619487904
467,9.81,2.5401487857096523,3.8619785010976586,1.3597223052025917,1.1541181153033393,2.883529641448471,13.684857108789679,-1.7175349462372922,0.08150105930630902,-0.2512612412104436,-0.13534506716810735,-0.8834223738857112,0.0739565730919598,-0.7451348690875794,0.5019250433540836,-0.3343410517271256,-0.7407551962980471,-0.08600468687711316,-0.17844282120934857,0.8188549519618873,-0.09311606985603108,-0.29721291591691995,-0.007229948593229563,0.0,0.9900564047771829,0.7039375404454575,6.262064666407989,-0.9139553667877341,-0.5584670807894343,0.34606738663011843,-0.630175098925913,-0.9864559974077082,-0.8391806821480163,-0.4153328678520296,-0.5179133082313176,-0.5033307082494509,-0.5307314674409903,-0.13732873075115523,-0.31594798513335587,0.32162702244730945,-0.22357580885394868,0.060610979592904644,0.0031345735588554496,0.013462597081213766,0.05048334451572751,0.0009473796633605184,0.00747143429828494,0.4342500227680956,-0.377195314393256,0.18404750472281545,-0.2341498468180225
468,9.81,3.4765615295524013,2.8217535966530165,-0.9951754232825382,-1.3604265692786002,-4.062228268192769,7.0350631686034735,0.9108980300953289,0.5013855902306927,0.5697379484974852,0.7945287041233531,0.7898090792517891,0.37109980490924077,0.9935647253106945,0.008068638681512641,0.1262798720357489,0.2752502095673311,-0.09728341747389768,0.6494257017740153,0.38878871454956637,-0.3358796759326712,-0.1431283088149527,-0.04151955523934414,0.0,1.4248938836549911,3.5673667300935037,-11.27193288708529,-2.809096136506497,-2.311354731802684,-1.51715599077944,-0.3944353900263724,-0.7747373168110302,-0.4585290621709908,-1.3267746435804684,-0.938743558385104,-0.7981024159563747,0.06697121051654215,-0.6912401058270007,-0.05722063543008224,0.34905810198071674,-0.650224444396799,0.4986698529345785,0.00398538513151251,-0.009853222012698403,0.04936066313252875,-0.005297703252951947,0.009126297388180897,0.4519036025105037,-0.4889122389296567,0.24308862845985063,-0.27779679502220944
469,9.81,4.547053147491751,2.1574412442070092,0.684826501627099,2.071626963414519,6.508415644369121,-2.864422964081137,-0.8597377425116759,-0.9184664041091675,0.7215514605690672,0.1811375290225824,0.26492690863440316,-0.661998472483244,1.1200572879832056,0.26361488301679126,-0.0672079883549879,0.7814206869939749,0.6525781091572812,0.0046495241170771764,-0.4288522552850534,0.11005130397736879,0.25923634433779863,0.2070802493692611,0.0,1.4916280629351604,9.819969676641456,-6.529856397838268,-2.817449660517458,-1.5871495090673033,-1.0622059713023557,-0.7287376268750335,-1.3337843461372638,-0.5035563402749725,-0.19953355643625836,0.37005211583888825,-0.8019146148200806,-0.5895634800950176,-0.5606349416950449,-0.7004564621846167,-0.6150815582977766,-0.569825582882083,-0.8053819457127666,-0.19653884950611225,0.006780460412149491,0.04574381846148317,-0.004628094509558937,0.008031123398860052,0.3378585760379144,-0.4537225365126627,0.18635313380374774,-0.26533519628843305
470,9.81,3.6568629001419484,2.682627232106297,0.5179567506992709,-1.0051483015943692,-2.288726480655171,3.992526476391726,1.7918401004804128,-0.027042672094101272,1.0670409331137973,0.4288006283661817,0.6622568053769823,0.7568572191270593,0.7326497297869154,0.3880468966149504,-0.48216907478031706,-0.6489938075169903,0.3105767450036126,-0.4455998114135289,-0.39716126799681684,-0.00011355459577332139,0.8419002074129742,1.3901058774109527,0.0,1.1849432795502501,5.572551131463159,-12.129364200062144,-3.931165692106945,-2.4730749944204504,-1.4691559214996723,-1.0476352769869486,-1.301503160854561,-1.5130335624704543,-0.579800148101255,-0.892956436103242,-0.8752801786042556,-0.6655068835029068,0.016652233998455057,-0.8019255875601561,-0.9312579886084733,-1.1521215762941426,-0.5283621509563204,0.7164914013686292,0.005128284660388822,0.05158864583782108,-0.006003902293327148,0.009213699877784653,0.37175046155017205,-0.4055355755280937,0.3163355968871801,-0.22622741661187956
471,9.81,0.9142551494734272,10.730046208271455,0.7968564972508938,0.26623550627704784,1.7363452339081304,1.7921128843063907,3.0250470485507552,10.339623725856894,-2.5197985067585975,-1.0355874829918827,-0.6419237358173335,-0.9353340745146868,-0.633660948169557,0.24819441719391222,0.9600445585834284,0.7489821609034274,-0.04454832268468617,0.0371804241680227,-0.0673805273009366,0.39773927735608,0.0722845570426356,-0.13673185041408684,0.0,0.14800143341182168,0.5396174296783947,2.111814262772077,2.1975551395244923,9.960638494919895,-3.4476114288037776,-1.6574083928200236,-0.30631787657816606,-1.0856462656922776,-0.23504006490910156,-0.5106511609799866,-0.13442183468349644,-0.9646443713031211,-1.6929052741541537,-0.2310413640904735,-0.27354899994392046,-0.38055740716944364,-0.8378604057225099,-0.45907726997186094,0.007889668289612808,0.054314837410157336,-0.0021582881463658938,0.013393749656295799,0.4441171802142086,-0.4047185428176388,0.2253452615374152,-0.26901458432765213
472,9.81,2.3561305678843585,4.163606267715757,1.666709266488111,1.1717865100907048,2.669825164159925,9.754261145367026,-2.804450858160531,-1.4018026152126917,-0.1026164759875029,-0.5510657432712698,-0.09196807389770584,-0.41715182300244225,0.46654954538232973,-0.36278580210481515,0.8379344116805494,0.007606662083585347,0.3957797664835532,-0.16262656530774178,1.244735927527484,-0.24703258677640788,0.715305859983567,0.04696396945762871,0.0,0.7052072659540691,1.273821840057986,9.68956717546071,-4.212811170023795,-2.0280288843552166,-1.3440295284135195,-0.913503074560393,-0.731590091473614,-1.0603819940858377,-0.5865910382597993,-0.10895690294601024,0.08436678089049199,0.1995779523074056,-0.6597501389745044,-0.24441896336997343,0.4825423818760176,0.6221751502360066,-0.9736074671194312,0.07434379062589623,0.016502071945426838,0.04963761687309208,-0.002435803648197771,0.009445776313550813,0.3740613639292422,-0.46961771539940533,0.3069015505561392,-0.227195034561205
473,9.81,1.922597751732543,5.102471378196375,-0.021433524320465636,-0.8902561608647669,-1.0312770381514547,-2.9387040769587167,3.8316722286163936,1.6869565652990015,1.0803371380399915,0.7574345196208864,1.2904776257312016,0.3835780258007757,0.3234883680178367,0.093873776837821,0.09302014059849317,0.47274136752758644,-0.02012297058597566,-0.1387497639586718,0.2523898052478001,-0.13632852917451216,-0.5596525240752903,-0.03041556537680254,0.0,0.5278694582797934,2.1845338585900627,6.475004639565503,-11.359753911019114,-2.9901409372574532,-2.2909296325095276,-1.3249097163313883,-1.3496435847036472,-1.6483674606486218,-1.0685424915258823,-0.9135986943452526,-1.504726661902488,-0.7429061970469188,-0.06539260917447781,-0.7335942755687999,0.0070985306484877,-0.9012373320497291,0.3200650359360233,-0.9060704137465273,-0.00021221311208381735,0.04916203249065432,-0.005126250936805478,0.010584659509986464,0.4067694198848957,-0.35360608357709206,0.2404268597150003,-0.3137318873159362
474,9.81,2.653033983009971,3.6976533519070007,0.24249187740377987,0.41519201976986686,1.5843232013043815,14.99054317873731,-1.0686819428980479,-0.44842655661748787,-0.03948218743264564,-0.5761400002355896,-0.036634138750274214,-0.4313522125334174,-0.4481527945797916,0.18903245951790432,0.0073559787462200155,-0.4692300887197516,-0.019871758035575865,0.09098291757772214,0.06584189336870322,0.07986521449108147,0.46607446181493345,0.641798149265213,0.0,-0.7440758692925893,0.5039433369888578,2.8460271046800774,-0.628384426148696,0.3805050632687471,-0.9359551767794154,-0.26753331570083433,0.19458496693618915,-0.538999939980233,-0.14968740600318206,0.485672535483192,-0.23749540875720776,-0.23953355820903993,-0.2543772856323341,0.3350637529057419,-0.833179426283423,-0.43562280432315936,-0.5120988915009246,-0.2915453630597218,0.002400909677265144,0.04922947768877389,-0.001353926572130311,0.0069318701682168134,0.4494131296931596,-0.3768397045549178,0.17949811306777846,-0.2066051128675837
475,9.81,4.535815277471804,2.1627864892831234,1.413429681906139,2.2504855441460334,6.031310377666853,-2.9387808119501933,-0.4952251403791028,-0.7095600003896406,0.250956311969457,0.16258594552168681,-0.23115460715181513,-0.48664762264137745,0.7573327003905987,0.33342882534250506,0.484812445685272,0.9878329629115303,0.5906728369592438,0.515022679996987,0.2258786844999851,0.3800408451772384,0.7399308420991138,-0.0870282690258431,0.0,0.6974502822028528,10.889738499087363,-6.354587018301746,-2.581419283593604,-1.4459170637004402,-0.6637003263750253,-0.6685133731272719,-1.2718111462889579,-1.003251849537005,0.2757173491361887,0.024973967887585213,-0.9111706350362918,-0.12282591704934004,-0.8698523777141915,-0.8009533084519782,0.18411636169340576,-1.3337735272825437,0.0040777038413473445,-0.39203454840018354,0.013994353286199397,0.04803243357222863,-0.004100990254805277,0.008188194302480833,0.35466942370456794,-0.4579233902295674,0.3277660338677974,-0.1935859168895454
476,9.81,2.0430514161201323,4.801641271774615,1.010818150643611,-0.5462939201291863,0.36491634505043197,-0.8137560886992139,-0.35454738670776303,0.36258043915981225,0.5213838467574128,-0.4172880192127024,0.8792993930064231,0.9746938173724464,-0.12175222367919881,0.08732851198521632,-0.02514680595799399,0.8088817638834205,0.5837655798140352,-0.384433307755215,-0.4719741510330276,0.31626233634051376,0.37217701154798527,0.1160361812322159,0.0,1.1814056146182061,2.501710560331691,8.598860674837782,-11.152741153164406,-3.6355634331809337,-3.1294506936894675,-1.8359915817235726,-1.8497736781827432,-1.0839858654219867,-1.6956458186481909,-1.1625184503925452,-0.6845256663533449,-0.7393635160642358,-1.1425507181512464,-1.275194907329533,-0.3993072784988745,-0.5417915562425402,-0.9522048582574334,-0.1912410413206693,0.01000810050142189,0.05269689799828109,-0.0056523048489303986,0.011206920412843014,0.4145745775312738,-0.4475873685699473,0.3385297530730748,-0.2820698211770821
477,9.81,3.8364340284316554,2.557062086119165,-0.3038956508500359,-0.8838415269856275,-0.973875821318906,1.65180198557051,1.1795685788702583,0.12328769597920788,-0.06645167211543634,0.8264687218436534,0.16758329799560542,-0.12159691481979304,0.7984541374849874,-0.09765340406922976,0.36993320070104496,1.2028651210668966,-0.10187746567438793,0.40800415981192956,0.887156865592495,-0.008179687168682698,0.6994245628380784,-0.33689154079899586,0.0,1.3843858754654776,8.16342107483102,-10.457098230164366,-5.2964954311959795,-2.2197981578034676,-2.2164918375060076,0.17475814780573562,-1.539212487994219,-0.581520154381707,-0.7706106637169912,-0.23305142580936,-0.699292087503044,-1.6078706367452467,-0.317428334967682,-0.8876436184756464,-0.4180306718927342,-0.7706828066784214,0.16923743533409466,-0.34826962563933506,-0.003008867830198377,0.04927128254406788,-0.005870978891332254,0.009307740941912388,0.5039406725550046,-0.4335810828075227,0.2787443608530998,-0.2836383821330022
478,9.81,2.6072449836073184,3.7625923385331945,1.9428662284976435,0.2943592506667152,1.7688887234300632,14.75668300373206,-1.518705890225187,0.09012850473755041,-0.8496023795786816,0.26856138258969664,-0.3832530661807807,-0.5069301633731481,-0.018025374114288173,-0.12667803488343543,-0.0734835792431735,0.3701477140411416,-0.9389091089800673,0.27527373637112706,0.5382860087129999,-0.017287895565879452,0.5096322014091803,0.4611072228871741,0.0,0.8088391144048447,0.9237046824284182,4.414006406935683,-0.6747056652480777,-0.10895281103319113,0.908672253723081,-0.933844462723506,0.12940589792771554,0.023875508747345425,-0.42877627073251373,-0.1444424344919557,-0.4284005610077429,-0.444510818181031,0.42425283787185186,-0.317488409760458,-0.09507038431819521,-0.4457361401930673,0.31388317850873526,-1.0497827340747765,0.019236299292055854,0.05236834420989645,-0.0005669012099371367,0.010905813548923124,0.5114488609968657,-0.3528448959716581,0.25809769722200027,-0.2694352483386794
479,9.81,4.269733762165012,2.2975671426936324,1.3239176673513475,1.4885558886002617,3.801635870386204,-1.4706706259039226,-0.7024304934015845,-0.2580540068090117,0.5190539184567535,0.3638743941930359,0.17618628730853925,0.21630126873899513,1.4196242608444691,-0.269808324501203,0.4339091209545226,-0.0829846610159802,0.47182937946160614,0.2731999876970042,0.2668003216242245,0.15281565215132284,0.19165375559287964,-0.12495823263891567,0.0,1.1716300561607726,9.321504904551913,-8.718460057775546,-3.586542831205282,-2.8492013555452416,-2.1738677922107272,-0.9026547913117235,-1.242620349821296,-1.1858030959486832,-0.7165050213973253,-0.620766075556387,-0.039497996055525175,0.17009300148931372,-0.20931537852816168,-1.346466886991462,0.09340530291992133,-0.21508798230176943,-0.5456213674806291,-0.3939212505911751,0.01310809571634997,0.044916843680308696,-0.0045893127018931555,0.005391805126417956,0.3830852395764456,-0.398953180497215,0.2275660554711174,-0.18517381076365094
480,9.81,1.5606517348930433,6.285835449811173,-0.913045582607158,0.19193736617922763,-0.056581569190994774,0.7853356611167241,14.985799950649021,-0.5985713023830431,0.18550973303528617,-0.40336487350215766,0.1588628745564613,1.1981211760733015,-0.5288089759165391,0.512188317760581,-0.1293084551298328,-0.9394525546305204,-0.7669028807290386,-0.6255695348625059,0.7216012637664042,-0.40495202931601904,0.06240963399231536,0.7027234496626287,0.0,-0.08281680956327803,-0.2200936010001286,-0.056524545391509556,1.2467790627764501,0.6177947451175508,0.14143812739298814,0.2951696290325022,-0.21115318697385213,-0.6472767461703877,0.44500499483254197,-0.530726668605549,0.10448429099309416,-1.1019565180636166,-0.722181285228938,0.4922024447547095,-0.141527440062999,-0.01624920891347561,-0.6004639133359959,0.4162863097404753,-0.009040055273338198,0.0485352172263555,8.258367282410362e-05,0.010241817312334828,0.3726039575294844,-0.4451716067718874,0.25609993439355916,-0.3548890876483116
481,9.81,2.8555502712963334,3.4354149176111535,-0.6506099838344388,0.2926743456066814,-0.3150937569639676,15.461157275046654,1.131920038617821,-0.7609536536077552,0.5012243804758798,-0.176694020216432,-0.028510506251377743,0.2715605354714372,0.2985298694457821,0.07306267071772399,-0.4203955703173018,-0.04489813047656177,0.5074698174714148,0.27346755176763726,-0.7663735769659166,-0.4085812872509696,-0.4183742464182352,-0.15611684230159412,0.0,0.8155609193004071,0.055187816920767935,-1.5393901606973468,0.08225394133427935,-0.506398673899723,-0.05504936882079517,0.06467333302669194,0.5633649755113689,0.13649918422673543,-0.84302684477528,0.0069251811590205214,-0.5766733832423032,0.7425983898878319,-0.5278887526656795,0.24296348316437127,0.4340908256876511,0.02288197072797038,-0.7694245026044649,1.3070749131710835,-0.0064416830082617725,0.05170018048063363,0.0027830201325754244,0.009203642540108279,0.4589080274983417,-0.4821652474108903,0.17909584691903568,-0.24730883403262666
482,9.81,3.3431528384132885,2.934355823425643,-0.6862852394770758,-1.6266940831930328,-3.6215523893890706,8.520932380686771,1.3739674840424805,0.4924331207327075,0.633186314157328,1.1163869430273523,0.8279332778515883,-0.020600400480800363,0.26918195187101573,0.9059430230564158,-0.6065136467742553,0.23955321311565533,0.11524623982254822,0.017965152642744175,0.5658569111305342,0.7909390490657651,0.7240987506747472,-0.006451630585122992,0.0,1.3633064866213207,3.0860797015396417,-10.432276179448182,-2.8841239744649507,-1.4217523947862114,-1.878386074619631,-0.7137514239951791,-0.19720738305008412,-0.5112246473490633,-0.1641956542929952,0.3473504886636218,-0.23372025982357608,-0.19010885122718835,-0.9847168836109649,-0.13424676222962692,-0.5387799313717869,-0.2869532991943206,0.2631490882044147,0.012657170298422962,-0.0067949033611591735,0.048331867773510416,-0.0033841357161743836,0.009651591999320497,0.4613760551114422,-0.48125659350292427,0.2924660436885247,-0.26237655633169715
483,9.81,2.195148767376417,4.468945406249003,1.0328681798461576,1.1733609709090032,2.16858642721421,5.0929711541735925,-2.202622006106396,-0.12234557955037662,0.13311491866838715,-0.8856779408521249,0.8939219625850191,-0.2037364666669405,-0.26476696442161424,0.5822441454131801,0.18756027801050656,-0.456468463990067,-0.454037455056616,1.3102703369987916,-0.08574174258655554,0.4907747964468856,-0.004765200456760155,0.24263709596937647,0.0,0.3057408771402992,2.668512877050101,10.231557436739706,-6.960800714717265,-3.1626565284722616,-2.1823318421843108,-1.4440275236146611,-1.6161034222376682,-1.4515471928366401,-1.243059393133092,-0.8139572657100926,-0.8443483082222513,-0.44944909200461197,-0.11322350116069702,-1.0437975953365028,-0.24146703822043808,-0.5309621721245343,-1.3429181975971176,-0.8271354584185548,0.010226417622239189,0.047208584297128174,-0.005050204097046822,0.006827863192819993,0.4084162845542833,-0.38526862137719675,0.20371866416442452,-0.22162391106876592
484,9.81,3.035761928041879,3.2314786971215583,-0.8958825640625157,-0.8242823422185985,-2.624037672164114,13.003587121961182,1.4761146006632764,0.9493630767235948,-0.050529749654572687,0.08452592126372305,0.25229604751617285,-0.5510020335161323,-0.581481412288896,0.07483013559527496,0.6713401841948925,0.03145000081523336,0.3426936293590404,-0.3287689010149971,0.49451658547012006,0.02063769716513192,-0.14692412439067626,-0.34506613484757265,0.0,1.0952342798271026,0.9944717286259012,-6.101817513313463,0.3560867483174364,-0.04227937471515231,-0.22757117620511444,0.303499745458373,-0.6793554675717557,0.4752604324189571,0.10103460509887532,0.32601676639434296,-0.7365712116722489,0.24360554098182735,0.16452693195902973,-0.2068668204589511,0.44378246116785824,-0.06148683588822483,0.5215674930422679,-0.27989728614702064,-0.008870124396658569,0.04579553515151077,-0.0005897188411551576,0.007418742166268187,0.35877393891781395,-0.34923751433726574,0.2771070571549558,-0.2545707532920336
485,9.81,1.8353238649428507,5.345105671747732,-0.9784424988532052,-0.7159496494937634,-1.4573417272720512,-3.370103514076186,7.945762922023194,1.2588575675355553,0.631205356716199,0.8544864598439775,0.966929031768888,0.40979972156220124,1.1257707884428916,0.6249084717139477,0.4726622821864218,0.423726575290538,0.4922104935179091,0.43365227261428857,0.5118171548654205,0.36299673199940236,-0.13205539179081183,0.022440474852616882,0.0,0.055493874684382355,1.5266450087548147,3.909265582997842,-10.263409237789837,-2.9718215308822256,-1.5322037636001582,-1.8108662760450598,-0.5378907654539886,-1.3269718680941518,-0.02892937063911294,-0.8331510869570239,-1.2914550557015185,-0.24816889455477628,-0.3094471521607838,-1.2090989535878998,0.24029704941835142,-0.6180133933347897,-0.47876978246721663,0.1934242510465073,-0.009687549493596084,0.04712981197065098,-0.004898503357233947,0.00827857278959247,0.43497090977605884,-0.39584761114812095,0.19956844035051838,-0.25086005215195784
486,9.81,4.9434159655173024,1.9844577248666622,2.126704231500787,1.980656606561897,9.925744640419001,-2.8492121325557065,-0.44812812894706044,0.497145431007473,-0.08138669878395532,0.2805290590129613,-0.16842761468069,-0.3166702133771758,-0.778236371776728,-0.2613721281004281,0.2547452335644058,-0.2207143168103769,-0.3381341975354598,0.4472755729162113,0.8896650581860148,0.7106188099396946,0.41919847209619493,-0.04972169170447449,0.0,2.018622043235272,9.998220192467086,-4.083571484840138,-2.7239780359739436,-2.1612790495692726,-1.138277761625063,-1.1337017743294109,-0.3317376285280881,-1.686356759419854,0.020668962982050454,-0.02414148361443169,-1.2872518898236605,-0.6995848954302428,-0.49281429411918004,-0.9135573632512322,-0.35496189164819847,-0.45580238715659277,0.06308444785643152,-0.4334144485875312,0.021056477539611755,0.05305081753212941,-0.003584179733512898,0.009574534414272914,0.3993419083513432,-0.43305423200875015,0.22013354316410189,-0.24079014930839387
487,9.81,3.5926731281825903,2.730557345461189,-0.7395829878544455,-1.591346232952761,-3.3784192872140824,5.713738723731859,1.384322339000282,0.2638531815040148,1.569458926802437,1.147073937397209,0.6896348394656244,0.8669495580853119,0.5259339257148401,0.4957631767261254,-0.6237412114833054,0.40212663017014294,0.6911694792238726,0.9127120645828036,0.5416696294770991,0.22939952140231656,0.02482475217670707,0.48273414522403124,0.0,1.7110568982884813,4.678982557412391,-12.038371086988342,-2.990225930177013,-2.2988529833158347,-1.8760635994360468,-0.6006967528072605,-1.1801177573543895,-1.33598915440591,-0.6306792558115056,-0.5135287220601701,-1.3014507166925378,-0.9974311011946565,-0.9446113512781887,-0.5608004848574849,-0.1048497921551101,-0.10263807406583923,0.1969164456373786,0.0999955352103277,-0.007322603840143025,0.05343511577074695,-0.007151414510170892,0.009491078625799905,0.47309628910806106,-0.432538218176408,0.29121225636790526,-0.3325956143268924
488,9.81,3.332570238559071,2.943673890648926,-0.8045809775024608,-1.6614589567631146,-2.830127508047275,9.12455004869666,1.557225997981146,0.045806953181313226,0.29072421628319334,1.413816392509921,0.06437331718077899,0.10827912954530028,0.3492144955182476,0.6007917148155211,-0.011621513660725419,0.5579032790892117,0.04357073910659509,0.060538105012832605,1.172650917366683,0.4724162580159543,0.006658166266415244,-0.14991438498673798,0.0,0.8410791299551841,2.6008556619137537,-10.325271525740634,-2.704351687569308,-1.216855947800195,-1.0429471375402157,-0.6053196509114283,-0.6758986893989447,-0.8860346200876619,-0.17084260231367326,-0.24793436975735583,-0.40755743515983306,-1.0785314159957635,-1.5521836318693456,-0.4451749884938055,0.02959666058782706,-0.4476168372545687,-0.1556671704085663,0.2852003472627581,-0.007966148292103572,0.04730881538808619,-0.0034173666395490047,0.0076583918412870015,0.3547392607579354,-0.40001239130849464,0.3438679093578586,-0.2710390292804093
489,9.81,4.7054638598783365,2.084810401721722,1.9522985222516935,2.2799541170932067,8.153498510650937,-3.355232304102741,-1.1274636145513293,-0.5037362844338721,0.5221457315054043,0.22369790313010784,-0.1068551369072629,0.2554428446552309,0.379248549943945,0.018601068308273433,0.11598510510254606,0.02538346033755623,-0.4916336966240042,0.19438580058687308,-0.20115500247687834,0.3542830007507566,0.48484710052371804,0.21785487669313963,0.0,1.9052446282363849,10.405091316230305,-5.776696932622464,-3.0718400485183763,-2.635003757129105,-1.824054340865968,-1.0955250440829327,-1.4509742355309192,-0.4217246047770683,-0.6681187904224168,-0.3114946757760517,-0.7739793110595651,0.01769476087504751,-0.9305993861010413,-0.5260228034338059,-0.28218604582730134,-0.9963223557826535,0.3712390177445352,-0.9474238173591185,0.019329688339125684,0.052777611388257345,-0.004820461709691951,0.006328842196805204,0.39339821643497286,-0.4319823078608172,0.25601103042059087,-0.19403113276806244
490,9.81,2.483028499941505,3.9508205404130896,0.9611497834922702,1.6333656704542387,2.035705899864861,13.18680441046349,-2.3718256721852007,-0.7597924255195041,-1.2895053877192462,-0.14918748706010132,-0.28743715233554434,0.32649144618852377,-0.00444544480320308,0.5664937869295525,-0.40444663635359135,0.2660990198426171,-0.06494389298686434,-0.8506035455419714,0.0637538668032612,0.42693197260406157,-0.4612170320679688,0.16331275485625985,0.0,1.0107388731276805,0.6821539033653359,7.174066365757234,-2.019953795584413,-0.34972523807011663,-1.0118944248605715,-0.6400298407100559,-0.37906524578026085,-0.6239605439576664,-0.1664111544525283,-0.002269211899481982,-0.5506740452368608,0.027368722959044967,-0.6353046888883651,-0.4716607451896068,0.4007874532038752,-0.33194795505697366,0.18130380608431693,-0.057224560715837314,0.009516334490022479,0.051743508107456405,-0.0011371906934839165,0.010060518898332966,0.3858568837483188,-0.4841671316457401,0.2751454067036503,-0.303348011329595
491,9.81,4.9157120812785156,1.9956416970313162,2.7697459469999957,2.55862855356052,9.932943604008134,-3.076595571416558,-1.0938320753180575,-0.8069475914849588,-1.034476145761811,-0.3650281807279493,0.0504895831597465,-0.40108487979893115,-0.2646755338004445,0.9135006543862377,0.5169565635372829,-0.06526216203948065,-1.0249636363120558,-0.15203091137057467,0.10227885716223095,0.41066430888634364,0.1585182319805271,-0.2315091229771215,0.0,1.6098818625789006,9.95910292375273,-3.466795587665379,-2.177976274329915,-2.599708193998476,-1.449780900840661,-1.105885163721586,-0.7043117148255365,-0.9727872762108468,0.3610082450304817,-0.46999286014592356,-0.5159387897174088,-0.592720775341801,-0.7947325314687497,-0.07848072567998415,0.017562696015915424,-0.20715937329550121,0.23593853616738303,0.21186344458353834,0.02742322719801974,0.05138679092943917,-0.0024392896732769714,0.007192431578197624,0.42707674784233296,-0.3771224759503715,0.21046648050933023,-0.1847997016332933
492,9.81,0.90506283417049,10.839026451672916,0.612140193849308,0.6063809170147896,0.8354212222230422,0.776138009649433,2.7503802305025102,8.848475788854408,-3.2765377226210166,-1.0009996555477545,-1.7636768724673677,0.28679913712627014,-0.4292663966167563,-0.6393435249274345,0.5024024669533245,0.3045880420020242,-0.14154130138626547,0.474911998600073,0.3726581253357724,-0.47702509351115124,0.41953510333736677,-0.022560130961080838,0.0,0.4978962403116037,-0.6203618773005022,0.8119625726875808,3.1797012758075907,10.083539431193056,-4.249306938098531,-2.603478285683128,-1.8758135663785458,-0.276429480228335,-0.768174976432987,-0.6026566923017274,-0.5889480070116868,-0.814417701034431,-1.1410041907940522,-1.4567692367233605,-0.11387013961986509,-0.5809561745842791,-1.6773969821929302,-1.1711905934007025,0.006060793998507996,0.05255635700394826,-0.0025635738229702752,0.013380639921835741,0.45632574586218366,-0.36862359250625154,0.3956908537782948,-0.25644858368807066
493,9.81,4.946951873408266,1.9830393040070704,2.145068519895231,2.068374502378764,10.27646735702561,-3.4007417516858176,-0.5205058831379004,0.4227400317128538,-0.30375284025651283,-0.43176321886673774,-0.8260005222024354,-0.41769301376953605,-0.8581194307749106,-0.5234891385521871,0.08214324713502907,0.22303696968427636,-0.351659261092084,0.8208503128909233,-0.8255155404155656,-0.35564586110312424,0.15519501041878847,0.292963099430568,0.0,1.0102407000068963,10.132775908794212,-3.671728924579162,-2.0350111762841525,-2.374501587109638,-1.4187872565456543,-1.1000588348020848,-0.21131928231816843,-0.8729621486366087,0.2715930957717131,-0.32735604891189285,-0.11260426101988297,-0.6747410767202374,-0.8301131375548194,-0.875591196349436,-0.19147623223586246,0.1343431292452993,0.638216834181093,0.5261571699084758,0.021238302177180517,0.053158406967202414,-0.0038088149325236063,0.0070544421580171915,0.40277442156044807,-0.42270233770177074,0.216505509063533,-0.21686366085321174
494,9.81,3.7386143896841806,2.6239667902280503,-1.0471289960345425,-1.0962818484265218,-1.8273353768616776,2.735519303272763,1.2218890069103785,-0.29616678632936,0.19490356766644718,0.32874960925006724,0.619841435727599,1.1132275399579532,-0.30917264317750176,-0.015076702625812864,0.6934320896684729,0.3406487109676255,0.022882017031009838,0.09443960741886243,0.03282731197402622,-0.17021201017622584,0.14535421138883534,-0.2086742709726942,0.0,2.086698506776308,5.8350331684051016,-10.533783671739778,-3.578401448667429,-2.432620999572904,-1.9481720098589437,-1.0519560788554578,-1.6769451134728497,0.6579746676140092,-1.642865693423583,-1.5382340432031962,-0.46121284963707454,-1.5995477830295182,-0.6209513116634624,0.04742588908517252,-1.1678413453434724,0.41313709385174496,-0.4416340402549689,-0.4377258372960481,-0.010367613822124174,0.043064733751299336,-0.006214120798618813,0.00771067216899102,0.3471042307845595,-0.4364814525217551,0.209242490768443,-0.27294766856476094
495,9.81,3.1097294644246523,3.1546152526213405,-1.4210159580212887,-1.9118243632160044,-3.5037442542586663,12.80941614821048,1.4684022960175345,0.5334711521573414,-0.18670037167499753,0.30559996618957297,0.4584500677114669,-0.09744025402681245,0.26411825963760016,-0.33987925147157655,-0.12506165701408822,0.9223381610724348,0.5303887751329751,0.7829924923936915,0.4724210286211604,-0.48680212597937217,-0.11616213323844665,0.4204869902744017,0.0,0.21422634475955066,1.0624261413773717,-7.399082628231168,-0.40166265740274265,-0.20891235383602696,-1.3032253875316955,0.1735786018736064,-0.11104557748166138,0.16604992661529394,-0.598307473645141,-1.174925062226797,-0.1007909433901873,-0.005399503625455243,-0.4221246152370329,-0.6635035076428331,-0.11459123710978478,-0.22097149331544128,-0.08227994035552608,-0.3827977983582083,-0.01406946493090386,0.05063452366957193,-0.001689540282292073,0.008966056285441807,0.4664117703049022,-0.38723400007046044,0.22364261679056838,-0.2888842953819517
496,9.81,2.104189420783573,4.662127802328215,0.41777125704716744,1.1025319334168604,0.2173240543198941,1.0542415640089409,-0.7543000847243674,0.30314972615434305,-0.4955001909738483,-1.1286355125838778,1.0001659918204724,-0.0031695846291947827,-0.2711609810540571,0.497566195983753,0.023227715888512218,0.7161008983084,-0.12898243912398027,0.49366693152582025,-0.046490622753045135,0.3858067620380099,0.9185170282986908,0.28368967447606025,0.0,0.23008099543078658,2.1660172234825605,9.467057116335283,-9.504423608246055,-3.9096035155826963,-2.73356072606452,-1.8241658071173905,-1.6331726542063227,-1.8958276827428122,-1.9550129880188312,-0.5847647896609709,-0.47535555592229506,-0.8211098462629348,-1.0149573430211998,-1.062521583224776,-0.41465171690314984,-0.28185184397272356,-0.7224310053991253,-0.6461749335478358,0.0041363490796749265,0.04833947039331178,-0.0061789026266754424,0.008005727227525858,0.33940849586052396,-0.37168400437612215,0.18687784411463196,-0.2582407466935401
497,9.81,1.413890095017126,6.938304493802381,2.685489309118002,2.007080919898939,1.3177609199141016,2.209552882045573,11.04244497218838,-2.458634007339975,-0.8801246655756816,-0.8016573222959325,-0.1282997039535515,0.013263065319681577,-0.37514297887949755,0.6038202632022263,0.05450065974866297,0.22901849657435602,0.355076937592906,-1.2339616358553367,0.2376400134562236,-0.05655712398686635,-0.15000823888306544,-0.06428355321416823,0.0,0.25790653078020864,-0.09710609490189631,1.320622852857851,9.867899787977334,-2.652946032083685,-0.7071197285712433,-0.09135475022746908,-0.3427409857791569,-0.9441807730582642,-0.885440926234492,-0.021700851056073334,0.1565734673425513,-0.654804192732126,-0.5524469643286807,-0.3847461963202289,-0.2955649596889012,-0.24803667393466536,-0.6957383510065828,-0.36750678358942257,0.026589003060574268,0.05087306590314716,-0.0015721290841257118,0.0072529455641613515,0.48813355496251765,-0.35700831897098617,0.18563997276560898,-0.18625643422404337
498,9.81,4.921510437130895,1.9932905000032797,2.1089891749606537,3.0811855674270854,10.070318112246683,-3.7547881003574908,-0.17772298684634746,-0.8059081201683765,-0.5225650415003413,0.927074264311379,0.8030540303570858,-0.3148872198686221,-0.018536160083931608,-0.019835188078425076,0.219841215640244,0.8889149537429006,-0.6104413763847781,0.22121342639163252,0.029434407610819002,-0.01716710221296247,0.4762972665641625,0.792731158822678,0.0,0.876382742844966,10.117465640375226,-3.99749457511153,-2.3497573995286927,-2.3965333774453583,-1.0123907034044033,-0.6351594098313844,-0.9742450982057659,-0.8340474549840968,-0.2658503081180912,-0.7669294144531977,-1.2398389941170365,-0.6097230685201669,-0.36510661790147986,-0.9730066692232906,-0.362738590748961,-0.26668584930035655,0.2756492902996599,-0.1370410956568655,0.020881080940204483,0.054304013701310265,-0.002796657485973238,0.007085778443790133,0.388634011269275,-0.5218205168935037,0.24426537416682437,-0.24837199468438872
499,9.81,1.5584975278754953,6.294523940228989,-0.7442096725585534,0.16190153724752454,0.15400111879744594,0.5651441493947222,15.058448974007078,-0.2318349529831054,1.1952702426946888,-0.3902318197943928,0.24595077130872656,0.39352863536458016,-0.44065311193504353,0.29943408113357717,-0.319734996298166,-0.9506365169561786,0.12292242906119683,-0.5435216410447035,0.23766101348531615,0.1141154607072064,-0.10395056417348877,0.5040384914500262,0.0,0.6391900873778735,-0.7159062415581012,-0.2246886816330239,1.310705304351468,0.0529984104638348,0.1522456290040345,-0.5052675055914952,0.5038906677005939,-0.5915759176477656,0.20495959190734842,0.12233641024399472,0.017783148832919815,-0.5249092523588434,0.4520018568002493,0.2757894077518086,0.03159244593078947,0.13850658326073678,-0.020832098365718033,-0.8226666834959926,-0.00736841259958964,0.047897630806760995,0.0004091265279672346,0.00786141051876581,0.4994035820726649,-0.35378527968958784,0.2536687100674373,-0.2375697594212614
500,9.81,4.460484577753608,2.199312614805748,2.6861363816542383,2.7770353844268465,5.663506514031004,-2.007804560265179,-0.9728416251710347,0.14680955204999924,0.11709701246078363,0.22673100191948942,-0.16667555500627407,-0.5147648787498402,0.31235623482027697,0.23952160455137328,0.8554783223680409,1.0191410601136588,0.4051679693100838,0.017283881196265782,-0.3525029905632424,-0.7395291229922342,0.08650442169544414,-0.26043463017396706,0.0,1.2465906914438147,10.495659188207863,-7.194567110742876,-3.7396220013211843,-2.60790449907812,-1.647480947497425,-0.9670063452198046,-1.795073473411683,-0.2793069569438564,-0.09749466903760906,-0.5590062498583639,-0.23987061541641508,-0.377475546306122,-0.6338811200259105,-0.3511710723091248,-0.8965522436922047,-0.8417035249834733,0.6359839929866907,-0.6144821690252462,0.02659540971934891,0.04960455852993377,-0.00438105370796041,0.006700198025958594,0.374749981234814,-0.37436747697379336,0.1762503433138742,-0.22313391597808863
501,9.81,0.7567134325529195,12.963956470158147,0.35507039502420334,-0.2181064878268857,-0.28956280370896703,-1.7277681576472383,-1.404416303289921,-4.26992243135741,10.404275316947956,1.5510327202380911,0.7477701642981175,0.4885371730937307,1.1407739654988993,0.5209652998602103,-0.5770847391585568,0.12325006514428333,0.36377209735627875,-0.00024765162037826416,0.19149527262969246,-0.15792312984318696,0.11043382165891649,-0.724726852752783,0.0,-0.003445016929413569,0.5505581830473574,0.5815986079731136,0.17470745189119047,2.6963520305482893,-8.232089200369932,-1.3538988462571775,-0.27191619689535407,-0.7506266488391136,-0.7696355102970092,-0.6276376438805565,0.47646782743639116,0.22133791609922693,-0.09224701643056793,-0.03723089521611461,0.3003698559486576,0.07191212691013696,-0.16619298711188696,-0.8165101127087054,0.0035155484655861697,0.0448158590678351,-0.0013205836728748936,0.012690964833099307,0.34679453117332826,-0.42748505790224367,0.25980531567327836,-0.22274617914203437
502,9.81,4.105689414078846,2.3893672927037457,1.3420943909699503,0.22892462197954944,0.8394647263921826,-0.5758463603758263,0.05381773972534126,0.38191877170522653,-0.490895048700528,-0.06222843558459462,0.19434611207925823,0.018689682311150813,0.7831593077291169,0.042164906263907106,0.29388454003618497,-0.21054885191792208,0.9124771828135111,-0.27952112575732563,-0.5080402326626532,0.3250265409668519,0.14055727094301007,0.005320303460976367,0.0,2.0334931145309554,8.934742004450014,-10.395114079099367,-3.231443950887513,-2.659259790586787,-1.3041827167312636,-1.100354130260122,-2.3061547643710254,-1.979965464199712,-0.6580772438352209,-0.768383713873083,-0.5911505132181101,-0.5383945611837568,-0.9864992584076031,-0.5600154977772241,-1.1372375947122986,-0.11252361740629567,-0.838126193976834,-0.6659167804864857,0.013288063276930204,0.04780400700237699,-0.0054469848465606655,0.006856755819883218,0.5011925346718464,-0.36302683748436304,0.20008292597775817,-0.27366779520989404
503,9.81,4.413130220796779,2.222911971591183,2.1778724853997296,1.66383347541659,4.843544067635961,-2.110905575855924,-1.157907925843444,0.601867866878565,-0.3815043224658411,0.5576566863586176,0.054721366599782884,-0.535075786351099,0.9078247495387571,-0.6416239618411057,0.49650440532209417,0.12431332137513021,0.9466829697852137,0.3367683558850162,-0.6973423455276969,-0.26265475170487274,-0.13064572544761657,0.49023363581217205,0.0,1.4850725598328451,10.130178415827036,-7.9570343656956455,-3.773706592787796,-2.600351130234266,-1.149089265518597,-0.6969473724630973,-1.692384506083546,-1.1513149661502347,-0.35339640257263405,-0.771509574966663,-0.30448210046964874,-1.1601246642013918,-0.08253476082062661,-0.43085888091302,-0.14374566784547932,0.031044842442082277,-0.3792370312758739,-0.483252269281391,0.021563093914848803,0.048968629092736624,-0.005749613666482698,0.007539284135963713,0.6100651438722919,-0.3883386413303379,0.43869169490305027,-0.2354844514336295
504,9.81,1.6021059192234757,6.123190659425818,-0.5036678450224763,-0.5102901741532331,-0.08779813510045997,0.6049960734116735,15.440973828179006,-0.2130182395861402,0.733988385629927,-0.6449985842195503,0.6413431780928747,-0.10774480397776443,0.16242816399823845,0.16173335634301333,0.036991478299778724,-0.20526443373187725,-0.1749101862398031,-0.35519103425816645,0.395231161925501,-0.06536624634720853,0.1503148726723137,-0.239148466272468,0.0,0.4038004086271842,-0.7591782242697852,-0.3390710126554657,-0.9829613981221837,0.08208521481289482,-0.3274248441727512,0.6780442868029,0.10361095239501056,0.27454900841989693,-0.7233522646395887,-0.5021266756144969,-0.3045303713844808,-0.32930547570306384,0.6974666388427004,0.6686738629621388,0.17566470697287342,-0.27057350960388765,0.034360807230803814,-0.9440844462797935,-0.004986810346757195,0.04983848451831177,-0.00044386785970887356,0.00820793207940968,0.43507717649473243,-0.4169248777359236,0.20727852483884915,-0.19025814066884678
505,9.81,4.896289293408765,2.0035580849370813,0.9610285146195646,2.2890873005182124,9.633585957445462,-2.9237764922221587,-1.1753405770818108,-0.2730846159525949,-0.7370473170602857,-0.023524530746316108,-0.6519093699393315,-0.2591810327739839,-1.010662638635726,0.028400713929536026,0.04876037813849554,0.5239915609006824,-0.2535859629798299,0.4592735748374349,1.074402493275809,0.005088552936705182,0.43439082892279973,0.1442347165717413,0.0,1.594376501848261,10.362656339535944,-3.7860363850797514,-2.451574989076473,-2.354119302240084,-1.101901928089521,-0.9159790095598658,-1.0751531521162283,-1.1092354123260946,0.08726634516373821,0.7371752253536883,-0.8078352798929718,-1.0822095789981125,-0.626021204631938,-0.1625860497397621,-0.7449121166704967,-0.12163417138434807,-0.07891036434636226,-0.8091062411123763,0.009515133808114489,0.051956902846530234,-0.002627553593236939,0.0069119709163580146,0.39198070194709755,-0.47609013624734564,0.28959719121701444,-0.2393803109208759
506,9.81,2.173239924359275,4.513997690748402,1.7386639386261908,1.3004858266955681,0.8978385351905214,3.7797274710497457,-1.5130655781406877,-0.6996628838036028,0.8221988172566667,-1.042240017860057,-0.2595337105418972,-0.48511913966289205,0.23987045310799243,0.3034363138229567,0.2732547256920531,-0.007706440312369729,-0.4964287102683092,0.3485875298231538,0.2899815867735004,0.8687443152796794,0.19516315218978533,0.07950348132293725,0.0,0.9363007044195301,2.1628766080095247,10.078544300172425,-7.558263469142713,-3.9700676668702197,-2.460572333128152,-2.1779174214192625,-1.6575059289332326,-0.9611750200350351,-0.950740730860078,-0.8978781720019879,-1.2539294212406014,-0.5340692370308799,-0.7492025909584442,-0.6886610388676845,-0.8668387970870466,-0.9906251129562769,-0.872518848455856,-0.02359605230668295,0.017214494441843482,0.046993144339224274,-0.005683230420429519,0.009061857665105786,0.38676920293165035,-0.38970153139963276,0.2539661686835716,-0.3382264548853766
507,9.81,1.2126015082312505,8.09004436610776,0.0795183549443389,0.4784872185013237,-0.3723881008837736,0.6031074254616177,-1.8164059038653655,1.9651565074480948,0.471760763094177,0.49703684446060625,0.3264412695775649,0.5670899685497223,0.29153365365996303,0.1627361490302578,-0.36250103546545753,0.5080026507022656,-0.2154839422074889,0.7075457252192966,1.0446137763039718,0.8237700915650973,0.37091764474848243,-0.26867070296884377,0.0,0.7427422172293192,0.9016329669116806,1.3505169967893447,8.1506104965401,-10.667795975534004,-3.5672784024286432,-1.5002716160595908,-2.036887919764176,-0.9771074984345902,-1.2109669429125098,-1.4827783812347208,-0.7235439875188742,-0.8690268298162913,-0.19607449538392085,-1.1250818402610792,-0.12128769866404365,-1.3253133375053276,-0.18671207601369277,-0.8382133148526263,0.000787310444993455,0.047095031814867905,-0.006794685477756743,0.010259404083720513,0.4300412534713921,-0.3839212052813726,0.22020133281715246,-0.33044995361422835
508,9.81,2.387705704755607,4.108546535053029,1.8926737104359639,1.9955437327263057,3.3562842796249726,10.449602031682604,-2.731877067757484,-0.4963275515631935,-0.7649379765674617,-0.5874812609015423,0.14253448633367982,-0.08889783123634243,-0.24836719173089222,-0.31212044114256454,-0.7246704115244738,-0.1778839686840728,0.10520249297154946,-0.49771925072891376,0.42769129052588556,0.42640565314589285,0.14560704025515714,0.554958689655688,0.0,1.2830841379310296,1.6871163788653374,8.924039678639954,-3.243629106188803,-1.8581700228712656,-2.0052470478034956,-1.162053763867059,-0.431778405260753,-0.11265355567826418,-0.16679176340675106,-0.3027634026301246,-0.5637251463739319,-0.5653573823768455,-0.7439445791504046,-0.9312148873186937,0.1533362345469153,-0.8654149981996031,-0.4914935160587884,-0.3552386461091911,0.0187393436676828,0.04935328923204317,-0.0021142619465431304,0.008235337532316539,0.3759048959424489,-0.39800366262178155,0.21383763189808513,-0.24173840177282258
509,9.81,4.875465382083756,2.012115609732264,1.789708358658075,2.4490024732684814,9.800744765939244,-3.365515018055704,-0.7121781033786074,-0.29644471882006806,-0.879387206353968,0.2717066992929844,0.0460622722469759,0.3777340446252173,-0.09327147056298835,-0.6383396532447588,-0.3273525104725639,-0.6147366822810356,0.4630627900447366,-0.001537841144680141,-0.6274134610347912,-0.014561140150510132,0.019639747773111615,0.6122226728939371,0.0,1.4024368366130333,10.032373984478307,-3.92486121997722,-1.9423975001824032,-1.6949890757403303,-1.523292879509508,-0.7632418155235501,-0.49074097536486005,-1.5450205749690862,-0.37898698153302746,-0.24382478797717655,-0.11165702198250804,-0.917710151129511,-0.8637457044291259,-0.7841045870582415,-0.5896398846492334,-0.772675027632705,0.48628020919259846,-1.0900123986995818,0.017719884739188854,0.052438611323753,-0.0029337783737787455,0.010916778129843272,0.4112319489101475,-0.5127056229295531,0.30755458121328977,-0.28912102304629894
510,9.81,1.0107105299671626,9.706043134149123,-0.37786359987404095,-0.5197305261158096,-0.3321339785857109,0.09602316245088383,-0.7504553911687022,15.088670701726272,0.19853799872273292,0.7627204036005741,0.44560426765782246,-0.6084611974199357,0.6369330663382877,-0.32018804833950765,0.7306179589301323,0.4241947999681442,0.13021706275663603,-0.11374283242355698,0.2880362260246348,-0.015239978010588018,-0.05136022497800452,0.486787600885879,0.0,-0.6426811650415133,-0.3941796250086601,0.1175187207700333,-0.06227282871585138,1.287839940487769,-0.09649921364105196,-0.9716769858283749,0.18777569834727156,0.24003853345025097,-0.29095948513246783,0.05551944358144522,-0.5379528918772384,0.09987768764502594,0.8784558231224338,-0.6562130784229335,0.8757986075152036,-0.1875006858544117,-0.6578363963051052,-0.09153811281564683,-0.003741223761129106,0.048806482127956664,0.0005388498844768674,0.011308837847791449,0.46166961379167454,-0.3948117996224192,0.27879311312670074,-0.2087657965194628
511,9.81,3.618375302276387,2.7111615519341923,-0.6068642732963891,-0.8699286209638475,-2.6858651067317254,4.676425127841607,0.18652105947556885,0.059341815841286505,1.2169435351914555,0.5297598788925819,0.10018538514632164,0.5574912166022811,0.25149540056338326,0.19107340307107348,-0.4339353755901779,-0.23029047637919692,0.2975144407115726,-0.11757317331488513,0.519625276015445,0.3319318215510706,0.43919141051727134,0.426591163572761,0.0,1.8043971889222081,4.448318909997212,-12.220242384822983,-3.614840109342002,-2.2773353198200854,-1.152241818056869,-0.8748526198250463,-1.186369514787411,-1.4137265963480905,-0.4709511235975836,-0.9398004063898646,-0.877103121524969,0.21589570676244468,-0.23725151693706403,-0.6862394440487208,-1.2524403669281696,-0.6247184174931104,-0.36454034709455513,-0.44129547890446463,-0.006008557161350386,0.04851413621682029,-0.005338550467885354,0.007577432401711288,0.3389137685215151,-0.3536263953491572,0.27901283952505757,-0.23963615915187586
512,9.81,1.112414142508462,8.818658110439635,-0.7685718346410517,-0.893759155914915,-1.2721188343785852,-1.7918178726028688,-3.289826418169679,10.405226591732749,1.0604746996123948,1.5688208586347687,1.0241192442824416,0.781933000119635,-0.32995071488469524,0.2948375852888295,0.9278573083665935,0.6770817936919931,-0.2313962930887417,-0.10004698553462377,0.8563278825715226,0.3525938271134463,1.105993121838888,0.4048829601239832,0.0,1.2409587103813582,1.2228963105354396,0.6016552838960512,2.89509777207955,-9.178686132757784,-1.7433750136573134,-1.5760659472978245,-1.1988740217698262,-0.004992739659447354,-0.6978505823670589,-1.4026865201545191,-0.2999184306614654,-0.20876199718360045,-0.6204055955369332,-0.40359919033580804,-0.21264756663383988,-0.3569737665938289,-0.28458461331593254,-0.7593978793140707,-0.007609622125158922,0.049678512713423675,-0.0035144900896447594,0.01216670913848788,0.4197165854047503,-0.39473517450389994,0.22619740263812113,-0.2930606330902633
513,9.81,3.583837185560415,2.7372895285325254,-0.9002351232075094,-1.2088438785292221,-3.2928981664707817,5.834230273187391,1.642751514403181,-0.32098134377470067,0.15684025203799246,0.08796266308432088,-0.02218895704653545,0.9829637126187144,0.7027308065600915,0.78313554327988,-0.09832273844879355,0.0310646457307948,-0.16272583983393646,-0.4009526894729515,-0.009423398416523454,0.0555847091080926,0.44069842828076544,0.41220821054205214,0.0,1.6704085058240152,4.428432198669345,-11.713522103850513,-3.2782351337586273,-2.5634610835690816,-1.413716204657827,-1.1362812751517553,-1.0828407828714912,-1.6150679705796311,-0.32464876301969214,-0.5153130871670334,-0.5855179661485457,-0.668664888782164,-0.6984647602070158,-0.5403818900787773,-1.4033514494943504,-1.101982380761086,-0.05888038836536382,-0.48922906058103444,-0.008913219041658503,0.05003734487785872,-0.003798676494509945,0.010158861403924578,0.41965534701641327,-0.3535629419170061,0.30507269216475075,-0.2899343691894317
514,9.81,1.1939897044533279,8.216151247712427,-0.05962381183547033,0.0700971804478886,-1.6634550938895065,0.42862683785656364,-1.9655111342775726,3.2873042993980897,1.3191654918829891,0.39263560074582365,0.7020461511142335,0.2805902606898797,0.5975226090568446,0.3916891872931471,0.3352776470593767,0.39206000915761824,0.4222597860407442,0.8538797187706075,-0.013650969174158048,0.9315725692280299,0.8820261217067018,-0.5974020751375624,0.0,0.6440609842885827,0.707680111782431,2.649934350685617,6.636040599611993,-10.874771483948562,-3.2566493647089176,-1.5841049155529296,-2.029189548088143,-0.7719261167796823,-1.4782365326295812,-1.4018728351666638,-1.784079142126148,-0.04765524253928238,-0.43363377210215326,-0.6206261977416152,-0.6143189634788164,-0.5759023189706755,-1.0541888138325255,-0.3831704464536052,-0.0005903347706482227,0.046252272009172146,-0.005863199886864845,0.010164546143111804,0.37412917452029343,-0.3942187448495071,0.3385808253742181,-0.3108993095221904
515,9.81,4.746874202437482,2.066623125374303,2.096619542536907,1.6554882337955572,8.339100187038131,-3.564034061725466,-0.8128018053676318,0.31938399313775245,-0.3406008877746368,0.20348355356643122,-0.8307492507765251,-0.10089127248601587,-0.3510744665925678,-0.019527358392109923,0.2424201709930655,0.5615470213830249,0.44460811556988433,0.46191244961521805,0.32790229547782557,0.7308734909376914,-0.20771023627868246,0.20361576305127316,0.0,1.6846847481183953,10.62640190906965,-4.759427455301068,-2.9354700795470174,-2.0712314486936387,-0.8243031352606112,-1.1613922553362928,-0.7603685206742784,-0.8313615839563632,-0.26631886909495084,0.3079928854812294,-0.21792173603949572,-1.0399873273024358,-0.558977811054917,-0.5043230279800401,-0.9719893400569867,0.21814297898473423,-0.288539370556493,-0.8107831339696949,0.020758609332048594,0.05029704705448622,-0.003627706110373443,0.005980710953135263,0.4003886355859643,-0.43605440524460737,0.17557189367435438,-0.2362773957315499
516,9.81,4.611700178220665,2.127198131033965,2.1923410256244837,2.3507575596126986,6.719283403241528,-2.7468478487039723,-0.8999025998860428,-1.5233634294864868,0.5396679122354606,-0.006721413492004502,-0.2875453464583543,-0.3619409655238972,0.5622870681391183,1.3491964479019793,-0.475668739447107,1.0820726332012884,1.1314235673711033,0.04839409713207182,0.06985661657587594,0.623662476671378,-0.14732843506285542,-0.11704313259452848,0.0,1.3460006036255485,10.564822840034129,-5.152664037016669,-2.645738104531973,-1.7817159678888916,-0.42635720174817926,-0.8556543676505657,-1.8754277706821654,-0.36611932095125765,-0.4121121152932918,-0.6483685643741419,-0.5991652128078668,-0.44168985409889316,-1.0095355058765556,-0.02528715541532256,-0.03462441069830173,-0.6931283804727336,-0.6202204059056178,-0.8366936503252228,0.021706346788361242,0.04727276461286343,-0.0035999967445150037,0.010514806618556667,0.3872264999557443,-0.38235336277582777,0.2747001850794453,-0.2850778845318783
517,9.81,4.929860328985764,1.9899143881056451,2.903342205649496,2.7886988474364864,9.404297611071554,-3.5680411468393385,-0.9682816824575351,-0.1654001844687487,-0.7142211879392293,0.38742553642930755,1.0474380944014716,-0.06472919424141099,-0.5108051363566696,-0.6063545650405147,0.0414035091261602,0.25222645846790076,-0.6826642652063137,-0.05815575830641956,0.6725077739774935,0.3754310397836625,-0.06534155546692694,-0.15683600419055893,0.0,1.1429051858254247,9.921286901947127,-3.6285440269573708,-2.325829607657532,-1.5469900989253464,-0.2275985553076193,-0.3129242831598335,-0.3591281520187344,-0.7906397194943873,-0.5818929006767068,-0.36875127551253506,0.0132949161796041,-1.650087412352528,-0.7368404485330342,-0.5271564053396205,-0.16116698070116012,0.027853156899149967,-0.45856170477903957,-0.5811793710363933,0.028745962432173214,0.0496157716483258,-0.004125077395547156,0.007648573263035775,0.4339893641472852,-0.4130837592844095,0.25087391520851454,-0.2585124283908985
518,9.81,4.45286999322859,2.2030735267182546,1.4879420898503617,2.2871353940556536,4.9008957390563515,-1.8549418695103,0.31362579121685386,0.32590776479141836,-0.38625034183211293,-0.3959421847657095,-0.4508511324629857,-0.06510763609877773,1.0310427022769995,0.23834590088926277,0.25175139561478566,0.24731414805953555,-0.44759734724411937,-0.08268452513675242,-0.6283710620651273,0.0891640231173284,0.9141700521613058,-0.07841500923882022,0.0,1.9960632419347584,10.134113303966382,-7.430320683388319,-3.3323291385861866,-2.4904470236399,-1.474913398989054,-0.7399604075836346,-1.5527943453005606,-1.0919155692859475,-0.24814789644311808,-0.5215683088357501,-0.5829902236991023,-0.4325409576060853,-0.6383562776832088,-0.8738169627690555,-0.37973662220751564,-0.0247603095269601,-0.13347832543537408,-0.5230747809646562,0.014732099899508534,0.0470850741025268,-0.005308997208790396,0.008448863261411588,0.40211160136113877,-0.4110302853607991,0.21403681333847935,-0.25146371916987476
519,9.81,2.236639504617838,4.386044322183328,1.6300021659598887,1.3037763861145732,1.4746906360430032,6.756346086068359,-2.6481428304183567,-1.1886194103561902,-0.1767761927882322,0.30920333770920094,-0.32149350387025766,0.28781929161825837,-0.4242603449991928,-0.22721553477028622,0.12865161641367528,0.7640982768126193,-1.216138981774027,0.7050072328326338,0.45683516892882264,0.9816281354666622,-0.3754900371031168,0.16404279602182564,0.0,0.22628054722576638,2.100511424629191,11.011644913233098,-5.7243853490515,-3.7277114795373407,-1.9905464983253007,-0.7129519202968899,-1.0054987559681594,-1.4744243280681446,-0.8816038759623377,-0.3566050575358264,-0.539399153775014,-0.9518728064729622,-0.2856560426570359,-0.7878760495711665,0.19573351703070366,0.12258288294522265,-0.39092391406708793,-0.013528107274632967,0.016138635306533547,0.05153393169147365,-0.003228636955010776,0.012347599897359838,0.3631541807195025,-0.5355382648130583,0.43855051417232066,-0.49558350565081016
520,9.81,2.5961120210513124,3.7787275435161605,2.0655674965194737,0.6389653305851559,1.5765483925312447,14.485709313545453,-0.6306059065130528,-0.44293921062802766,-0.8150588846575524,-0.6031904367924459,0.6673886004284997,-0.48984790152810986,-0.5412029321797999,0.12703033585455425,0.36452720425305846,0.799483225576842,0.36071376228203966,-0.9870764213955188,-0.3865878637688719,0.2646147617327726,0.059149206894201445,0.6554872113734354,0.0,0.8049576417362693,-0.25853629246215515,4.757025836903613,-0.04757418394280449,0.5748490676125881,-0.4355318982795318,0.1444369906658442,-0.11534855758329265,0.1677035685283163,-0.8436971574587828,-0.6190449010307149,-0.765173029980463,-0.6827035118545612,0.1320118634200289,-0.4952584927587148,0.8432042907174713,0.274319576502511,-0.2451582093233727,-0.7806714895831044,0.020451163331875983,0.051221243863267374,-5.136759452453316e-05,0.011950448972566911,0.45563221948766175,-0.40333915463337827,0.3626889953279227,-0.3430519231751987
521,9.81,1.9125053238184035,5.129397486023145,-1.8653039135601193,-1.3023725769090326,-2.032904041515474,-3.27805510031706,4.444466424637798,0.9380906833848456,0.7011600967061369,0.4134086973850668,0.7277220951024292,-0.03822690816663871,1.3783402391870982,0.9598398757180656,-0.0933694511065652,-0.20687933856482887,0.13470180043094984,0.3663469441292476,1.1197005349832099,0.8335495402055955,-0.07112181826613448,0.05590397624034167,0.0,0.8066807825064738,2.217078068010918,6.161815121306536,-11.063193963035568,-2.8415577387021056,-2.091881304964761,-1.6264247976189963,-1.568176209306814,-0.8810806519282692,-0.8172537487401663,-0.48251799571824516,-0.3761297378227423,-0.8260876711688094,-0.8499683148915627,-1.130125842918281,0.25096820772671635,-0.28390072028445235,-0.23134696490872295,-0.007704534795475802,-0.018468355579803166,0.04877569641552361,-0.005792334814415665,0.01030688598048628,0.42243054592490337,-0.3822518623837197,0.2599610831182848,-0.3426642750357881
522,9.81,2.7147470455073934,3.61359634454137,-0.8786624530358267,0.4773607539993694,0.5968152502753226,14.51316845447804,0.5306081455826948,0.2530160264058199,-1.0645271021753961,-0.3782485675234124,0.24916162410756848,-0.10055762217303044,0.6707194600098835,0.4554860907781553,0.07572072427756077,0.10706906146704231,-0.6325727279846555,0.1369057728981023,-0.14731045301622203,-0.8266934516379761,0.2781973113474527,-0.15538790909236244,0.0,0.052611986960911815,-0.40049994090813706,1.5276149749032923,0.020618640305689877,-0.32944026471253,0.5268591637403065,-0.2240195023326777,0.13001108311637838,-0.20107902104494813,-0.45847655629004125,0.04666847514648356,0.06643346440535014,-0.7208664770300977,-0.20256232475889008,-0.008636082938830614,-0.06469694393978627,-0.526124864497771,0.15631722928223224,-0.251509564451251,-0.008699628247879475,0.045006007247120706,-0.0013995014210476707,0.007688853827607392,0.41090747593734883,-0.4177446327150617,0.22531962855458335,-0.23680194114387512
523,9.81,1.5705524633610477,6.246209680258749,-0.6143108773214613,-0.09899415945446366,-0.007011779071866453,0.0775959751737818,15.886860760872352,-0.6342109791557642,0.07742567359262287,0.2080886634115906,0.7241879997815435,0.21202415893412763,-0.14924463324883885,0.5402962281282129,0.13259398483443235,-0.7250198886390222,-0.00303868188697462,-1.4562888120697415,0.20865773048889855,-0.6133008478092906,-0.4029340686993475,0.16140633855240377,0.0,0.7463475706601922,-0.6794184640087573,-0.1387750483267102,0.15041785433669846,-0.6311514500768499,0.5539748042165069,0.5735679430034988,0.7811961625818277,-0.12827676173378255,-0.39909336380090676,0.058491849100819365,-0.5547919343009606,-0.08854145219043068,0.8304598597181154,0.07457847883493783,-0.13695438817704697,0.1468198509812894,-0.47175162036102936,-0.31817716305701127,-0.0060822859140738815,0.052406515835490546,1.0498306246729261e-05,0.007410910296361182,0.4072267817604034,-0.39066895207620717,0.19315908454377007,-0.1751419063108865
524,9.81,4.820264373646432,2.0351580825387248,0.8284734230269326,2.2535298064497358,9.721528155816324,-2.987361998899371,0.007098607639871135,-0.17320155628630474,-0.6869164507997583,-0.13971437432571088,-0.34990104441447145,-0.25658152636947135,-0.4019697271322263,-0.4039860699189527,-0.44213867702044757,0.19608928692086525,-0.19157371155313652,1.4363844969255575,0.7956069237235734,0.924391234512139,0.4432047601271991,0.35201076986325863,0.0,1.1481941319167008,11.194455099409804,-4.775929615568192,-2.2912721182276172,-1.7421644285547138,-1.060462477191161,-0.8690111576416626,-0.13284409523015828,-1.1191724483533498,0.03316679387306126,0.3560655331024603,-0.8255418906264573,-0.8118048212874241,-1.950515657795066,-1.3636458835386047,-0.1675835717631926,0.3724444777578525,-0.23199898021215487,-0.12068632093349596,0.008202707158682493,0.0598536810499403,-0.003950061257156428,0.016192446759003595,0.4341440895106106,-0.6694854499732734,0.3673488901475053,-0.4633172052143972
525,9.81,2.380341676711992,4.121257085054582,2.238988701582371,1.6493932276429482,2.509682190870705,10.252904075162098,-3.049206303514132,-1.3979454527365367,-0.25434147835972154,0.5053980951060821,0.28418367796120836,-0.5441718863629976,0.28727514340092863,-0.05536736625134303,0.37117888492286133,0.0209367369588771,0.09225064403195765,-0.6514308663654296,0.11710814018195709,0.2838086504811178,0.5157531250511422,-0.12244821504590958,0.0,0.8026965552942174,1.846727458183197,9.302736242328026,-3.683149235346154,-0.7480240970502634,-0.9804632670238441,-0.4975658426684849,-0.7328516396659428,-1.1764594093712477,0.3000097547668188,-0.8570166437597453,-0.7576933910070808,-0.3193116372760718,-0.15506401135269604,0.0018022459216409381,-0.09640169177897895,-0.2598475641555743,-0.6264454179275438,-0.7463425033026674,0.022168204966162088,0.048290434015952934,-0.001768762923546327,0.0072458861792576365,0.4219169171682463,-0.38627596788420343,0.19229581980671484,-0.20486761036629014
526,9.81,2.0120946292543493,4.875516219451086,-0.3564721942003556,-1.4557597417816615,-0.39140329732617674,-0.8053389392235788,0.9034591519226376,0.7629089103164299,0.46996125385146614,0.32449007930001805,0.9325474126275393,-0.010541957486367243,0.363063165109774,0.31011462947220786,0.6847184475074682,0.4938727345426104,0.36511539478810373,0.0784290711258758,-0.3252844338946249,0.5606319659998562,-0.38117468182816516,-0.27468195970000275,0.0,0.6994224039316179,2.0144217630640195,8.511252953957868,-10.809173367358945,-4.049052625468313,-2.5048235130989442,-2.3746878205205886,-1.8020813135959068,-0.8906374280554067,-1.669149994906919,-0.6695806647112247,-0.5807919593361217,-1.1331380259801564,-0.7023905974744655,-0.5535786429599745,-0.33958506394492377,-1.1156492139858027,0.09307302028238548,-1.2670440778789094,-0.003529427665350054,0.0505081612387929,-0.007675706244603708,0.007233201037539823,0.38548123385509525,-0.4272925507404405,0.22833595808632023,-0.22989706983125208
527,9.81,4.7087380951472095,2.0833607225065487,2.5076198925998288,2.6625978697479056,8.42193291022565,-2.0993471424349393,-0.46696660728114203,0.01978781781931238,-0.13882352083890603,0.13077693548797853,-0.07827896918401811,0.11550334983085653,-0.3683556843901116,0.46840692147722046,-0.7261016640170103,0.5278417270376572,0.030756090291636173,0.11901234188316473,0.39082768731822637,0.04867823860213438,0.019021235560112038,0.9760925740391183,0.0,1.6599538574955786,9.828061313156196,-5.320983011617648,-1.9239042237547657,-2.5524327109166576,-0.9984344942683865,-0.8835884336215132,-1.1617032503843103,-0.12300033339959371,-0.5917248199650984,-0.13151605291732305,-0.19976826200868525,-0.6463615858865346,-1.122806110215376,-0.5371024665873312,-0.6187430657672102,0.11090743187526314,-0.018120856036231023,-0.4042557560121481,0.024827919728711175,0.047023732394568654,-0.003926155052072009,0.0062506419058736854,0.37881653330996035,-0.3569565764551491,0.19618605781388662,-0.2006462383179071
528,9.81,2.0638890334755438,4.753162520312527,1.643264884164198,0.4986571485307833,0.5161580729960505,0.7564279832169056,-0.6588918581612306,0.330429582436228,1.100945396297535,-0.10664605788607286,-0.5974344741008455,-0.3621232846134031,0.32149593164519613,0.4661769482909067,0.7759871592638486,0.01582298837573614,0.7778403429003871,0.8052102179299557,-0.6636848585335331,0.6001597801091929,0.2431636974644794,0.4474706595929678,0.0,0.5412385604953052,3.2135977165180494,9.426306993265413,-9.84975051204897,-3.704290765120561,-2.622358201496118,-1.6016405451119824,-1.6576726401814992,-0.610648861425616,-0.7854649221668195,-0.42316632265947374,-1.0604076124769992,-1.6598437503058296,-0.3707132119783848,-1.4037098303600617,-1.2974583994934328,-1.5677646623537336,-1.0323647804059872,-0.43566700847802714,0.01626994934816037,0.05114260765845298,-0.007189869907446225,0.011090631130361411,0.400466131621797,-0.40685749659823195,0.259935449109853,-0.23652810016449796
529,9.81,2.3967435080572344,4.09305374856396,0.8445728384902285,0.6933014195792373,2.349749350677481,11.01204187512869,-2.3406600031661133,-0.9207724361622838,-0.43581872016821765,-0.2322014318718093,-0.4425537042740876,-0.225467227472822,-0.46597559423335944,0.19944412203662398,0.0025434285183678906,0.27124220674564326,-0.009439046485403668,-0.6753693801056624,0.2654378513107025,0.8667861337876137,0.2458742994816968,0.1462005580353643,0.0,0.6995385796520116,1.613397229097122,8.558277409518867,-3.3593479151767074,-1.0463212236305561,-1.3324424880551904,-0.42105481912181475,-0.21583299535050438,-1.0108987220326697,-0.8815796829170717,-0.49091810493354854,-0.3004453660166668,-0.19791483259195936,-0.021659247281626437,-0.46140171284455844,0.3445360708934922,-0.5578483950714528,0.15755314456036867,-0.28849924489233236,0.008362107311784444,0.04685814649202406,-0.0017206631573526516,0.007345705186486784,0.34560017234942697,-0.4156523719497285,0.19970934888269215,-0.24341038745205731
530,9.81,3.3256778270632577,2.949774605396076,-1.0819077079206598,-2.069857894095924,-4.569403297432524,8.830755086685357,2.139086277806381,0.9292316358033599,1.1518015529802532,1.6990998942903546,0.999461922717298,-0.20167279908845415,0.0032450377841198863,0.7975606703117293,-0.32086291284800983,0.35566551432239873,-0.7475980070683057,0.028457101320450207,-0.4635121618289513,0.5400634011982912,1.2750040141847867,0.19691237363425612,0.0,0.17263609605647823,2.5589894853451436,-9.760989251831075,-2.7959440780316203,-1.8635236571673688,-0.7563519503126983,-1.092792195163981,-0.6565932567383239,-0.9330966447048791,0.21914659462767366,-0.3605148455844842,-1.209903933356658,0.32616178914264676,-0.8387844092525638,-0.6552261611605297,-0.39985311471653034,0.19487732433408364,-0.4602722635589143,0.05926653233088319,-0.01071195750416495,0.04910778562357065,-0.003980542023266178,0.009364383595270406,0.39044406625175004,-0.46412616680115104,0.4243530900338331,-0.2667318283867741
531,9.81,3.7875044795450736,2.590095946547449,-1.1631654803426397,-0.5283437218586905,-1.2389061177729173,2.094550880667851,0.6291440964277542,0.07136276377301504,1.230928324078465,-0.03323399968821866,-0.2692450102177891,1.169554809671013,0.7799037143526837,-0.0026479908089718437,0.2980906362011032,0.3928888224561822,0.25749317323260495,0.5738522117359204,-0.34547402829920404,-0.057525695863116094,0.25206052754675046,0.17502927257423817,0.0,2.3900750946041307,6.772228138821765,-11.072425583486645,-4.608299198684855,-1.9543754607110553,-2.1972123133802226,-1.1085189441410483,-1.4175465933055826,-0.5444732418962179,-1.594956967487662,-0.3021544819298017,-0.7106986772218724,-1.1970883679688227,-0.06913259553064272,-0.6609173026106193,-0.9448568413781478,0.2956195473923781,-0.05217689005658016,0.004237140946592166,-0.011516489904382567,0.04724187438094467,-0.005232601429486272,0.008393900196088995,0.40195669561347097,-0.3808599733929065,0.20771953985300895,-0.26460541830051254
532,9.81,2.415505236360964,4.0612621543222485,1.4602618743294609,1.2857684295427998,2.6299628377723026,10.816248705041998,-2.677355126327968,-0.47357112598641526,-0.960368795274529,-0.15348516961512515,-0.331856044962506,-0.7834368546677197,0.20901090957849777,0.41894054126342534,-0.2563487527995147,0.11362520206676632,-0.09669328905826735,-0.3503247694763028,0.1235661244523063,-0.024990742883092387,-0.04166797605690259,-0.020407900978605786,0.0,0.6723712706572843,1.471763041477431,8.262919793357911,-3.137042279753252,-1.003440693350956,-1.293804687843091,0.1102171849013528,0.5479738757502883,-0.47364774614055705,-0.35437741882206597,-0.6456216725919127,-0.7597100575895848,-0.6766698645539275,-0.8635479122202497,-0.6111595110909442,0.7271878580852149,-0.17036952145953183,-0.5790870125455907,-0.20618533270627387,0.014458038359697613,0.046132029147927724,-0.0008011475291013351,0.009792433139585374,0.3535024715365377,-0.4124790416799977,0.2837172142398948,-0.23735649087738483
533,9.81,1.5001604410198266,6.539300551966994,-0.131077895449893,0.7798057825570872,0.27509117922846693,2.0140033064783176,14.419556424932647,-1.9136995187921264,-0.2504488115133021,-0.7069889077072424,-0.39094395931906345,0.4870134312858959,0.11875837838352576,0.9018183873154413,0.07658212965125971,-0.6348636211162111,-0.6625018276152366,0.2954476179337847,0.7824220070286384,0.061821028922529386,-0.6327800534171678,-0.10745152108985001,0.0,0.5869331089235647,0.04291392444271788,0.2278979196854665,4.886600775575818,-0.994037259890542,-0.05709001214823417,0.43282545175249515,-0.49477573444346656,-0.02472937740112069,-0.23883781013754635,-0.7696026827027765,-0.6422290447662593,-0.5019455778926207,0.27407637016325365,0.2811324596383986,0.2723540856351723,-0.2147108730820005,-0.30773920236007224,0.3261091994303417,-0.0012978009450484397,0.05056913791467055,-0.0001487050434200815,0.009506645279212666,0.37531394016180375,-0.42140260824773645,0.28911832005968674,-0.25052942366159725
534,9.81,3.2985234732663664,2.9740579624511927,-0.9238618223025983,-2.1323262968241297,-3.510816729707652,10.19463106633596,1.8529796616158123,0.5770674347964307,0.25836260408422707,0.4150818058683311,0.09114801873999823,0.27596330115612117,-0.12847561405364055,1.0523501231917627,-0.02292451521031552,0.2233200382638748,-0.24002199962642778,-0.4096056321295971,0.08924064359481727,-0.4032406010965048,0.3155057104770215,0.2729389268654754,0.0,1.0686717172604272,2.3882522804169666,-10.360104235389626,-2.03621864947191,-1.7587506748935051,-0.7155191896583422,0.056270631596077036,-1.278523388231338,-0.9093100868693655,-0.008786616716941809,-0.2589324600718124,-0.5534993993896956,-0.21908615177887425,0.15622934946817538,-0.7860699165224183,-0.9495711604492725,-0.010982150368299581,-0.1580176077337368,0.2765001296246289,-0.009147146755471272,0.05081150815578582,-0.0024358432470555254,0.005183422664433408,0.35126316709629424,-0.3636858317400875,0.17835154942596398,-0.17360649623126964
535,9.81,1.2656101915166031,7.751201804281067,0.49121774035709787,0.8169191353323678,-0.4127078094465655,0.2813087233138347,1.494753338612033,-0.5488712286401453,0.20145873951731663,-0.009454819408038037,0.8394939518873152,0.48835581169376274,-0.37510735481946655,-0.43828498698540597,-0.6836896503926806,0.5364553257784641,0.7167410875774891,0.5267956981898236,-0.10371433130678176,0.9332198129084467,-0.08518978363396365,0.013766750338818384,0.0,1.3707969422754314,1.8232267031566387,2.6035818505517674,10.192952167760996,-9.20740064635661,-3.7435081690089325,-1.6585895631989942,-2.0853133205951417,-1.1727103080550065,-1.4243155680696136,-1.1477333380540644,-1.840265202235146,-0.4465755814703961,-0.5704771224388753,-0.9382408244579064,-0.2901265170631348,-0.6298972544051029,-1.1437824272546373,-0.6336133209875682,0.00486354198373365,0.05024906723876652,-0.006256449009462781,0.01050378733998987,0.4138153149790318,-0.44107187614253257,0.2291058015652262,-0.2708393247099803
536,9.81,3.2849728182871565,2.9863260802002953,-0.3725811480616078,-2.005104973319214,-3.801215469960105,9.743940251148373,1.991474096241511,0.350535736181928,-0.005277319193495278,-0.04665961667487861,0.7902084390017973,0.09897091011722292,0.16660679615893453,0.16666163597148698,-0.9748161306491276,0.24442152645815102,0.5617489975793344,1.0574379685308182,0.8087093452438487,-0.47447985128306014,-0.12764273477635585,0.8143325118249052,0.0,0.5681411211811305,2.225985024198355,-10.094440333685615,-2.6729019397342473,-1.887698123016079,-0.5243458637271996,-0.9202360945784911,-0.2683031872196927,-0.33867059178980863,-0.4143966238136685,-0.08025631210744322,-0.6372407250823544,-0.5073087075055532,-0.1874279561734949,-0.7555980941171516,0.3305920280175807,-0.003487042838290322,0.22996503258866452,-0.418341872961369,-0.0036889222580357185,0.04968773993178644,-0.0034956089176688453,0.007273619007107895,0.37513273711367034,-0.4117499718780613,0.16938961758632898,-0.2511910687588303
537,9.81,3.391543273619959,2.8924885247090804,-2.5091780322602926,-1.908044043217418,-3.7872997589946316,7.382808777368105,1.6659988366623035,-1.0686419701616454,1.085185827457387,0.13215578837018327,0.5585196748478939,-0.2990860159168524,0.5322406604936318,0.3732187927070405,0.422616788960227,0.11088953895783549,0.3303186240642693,-0.2901576707550073,0.029658523093268774,0.10797380736536544,0.07718331900867537,0.21311803847842992,0.0,0.3378410107968718,3.180820917159477,-11.069602288815481,-2.2471137273882906,-1.9139548880163058,-1.6029432033494593,-1.0806332193306567,-0.5732293973897347,-0.25723902684260086,-0.6248178906050743,-0.7466891683811251,-1.2912433810836792,0.07223461444194268,-0.5482059132385486,0.698911724112833,-0.11873924561584998,-0.2965772266036854,-0.44632234230430595,0.2777504641215035,-0.02484334685406233,0.047340705193455714,-0.003859931323745579,0.008589305713909747,0.3494031827149567,-0.46101372832126547,0.19735256120328837,-0.2544604892420238
538,9.81,3.3750276183386534,2.9066428809933536,-1.4991893770631857,-1.4290139767920622,-3.86950110016176,8.085020345931827,1.2614328457856854,0.546432078984523,0.2955016137452886,0.709032177251437,0.11297663776231881,0.2896125137181117,-0.393628104007009,1.26926397266324,0.3572265942654109,0.32835649440492853,0.31751094069950947,0.365854930504658,0.49748005372590665,-0.2947998586402689,-0.22399048034582236,-0.051050226470865184,0.0,0.47017266988568635,3.3455148037071814,-11.111106175387672,-3.1985890493314977,-1.0165103291574071,-1.1982712506696234,-1.2635334400123335,-1.176102718431804,-0.775795666375127,-0.18274613271927603,-0.16622392670031505,-0.4849984697347773,-0.5064868860752214,-0.6410617913217739,-0.3313560313835432,-0.4705495388227668,-0.14163878244785125,-0.05861824842155455,0.5563049185518731,-0.014843459178843424,0.048834099027463336,-0.003107938374411246,0.006309590859938784,0.36390533258641716,-0.3967500143674084,0.17724780743362362,-0.17695553799896965
539,9.81,2.083921539006204,4.707470898678012,0.24788524532856474,0.18484719043145645,0.03652952263442313,0.7056921636208703,-0.05520571721562097,0.47607309979183365,0.7067777928695783,-0.07533140476334844,0.6557827307253384,-0.1869692342521199,0.7424375018111852,0.460101671564517,0.536389270869171,0.7817553200268661,0.2602969251531177,0.7093983555128619,-0.16415654520488035,-0.01919568789377472,0.5110830978117581,0.25041733695057655,0.0,0.3770472001212143,2.447900568275625,9.26591906709785,-9.904549347309041,-3.869198761138199,-3.043248414534187,-1.9601251134559776,-2.1952761100921547,-1.2989293971695348,-1.1949167544118873,-0.9566973856172978,-0.9246398632030401,-0.8884564359855509,-0.7555753918510223,-0.09356771292133981,-0.6887865803306603,-0.03285351835742306,-0.21901929499792988,-0.665690409537995,0.002454309359688761,0.048247441188352426,-0.005931122704543597,0.006730182691687257,0.385083184830607,-0.4056837551817175,0.1755485233917342,-0.2235600178137269
540,9.81,2.283443667933712,4.296142767943589,0.6923366402791413,1.0963486310271136,2.4039351789243275,7.390393133320849,-3.0888397410574684,-0.3521543786451147,0.0839227799117036,-0.3155893212113735,-0.4310606712572798,-0.48171300558529767,0.02376040756100839,-0.48227461168510355,0.09382666031394232,-0.07838433590427421,-0.32250744757875954,-0.3564835199809129,0.7161439699677976,0.40297456105112134,-0.2611593816743225,-0.2020925314814288,0.0,0.17214454216017114,2.0212097867201333,10.662826477470816,-4.948039423095417,-3.312804031135255,-1.5679265323230256,-0.8276021603318591,-1.1724539852400242,-0.85677014481453,-0.9261432481961963,-0.632686013163732,-0.6392589926293881,-0.7040533157029799,-0.8290666133936034,-0.47097067341080234,-0.7349223048736884,0.3406456661294967,0.20632659620363233,-0.03643802475027311,0.006854818220585561,0.04779173086043994,-0.002853940891726935,0.006348621469168793,0.35386166234098615,-0.3923553944970795,0.14933546354732574,-0.24854099731018964
541,9.81,1.692569544282886,5.795921374773606,-0.7896283055390952,-1.797748703502903,-1.6857018299075728,-2.4840616399232642,13.177587044846257,0.6329974420957347,1.123908674625909,-0.1016343713983967,0.3868784043343664,1.009965237510423,0.2786385990380921,0.8156543241311319,0.9745655038862255,0.26623324820713995,0.7896743862379234,0.4917710121555775,-0.10818905344989999,0.13032251346840223,0.004388426155505443,0.3169571839332435,0.0,0.5254198551492965,0.45487988132828017,0.17965511654493063,-5.86473642610062,-0.9048456835075867,-0.7147188674303432,0.10561330646359418,0.22794238026250546,-1.5727130267278366,-0.5005358232914552,-0.2872264060432471,-0.29813251964443205,-0.4542857046644745,-0.251242312250284,-0.31195911158451384,-0.6792771061009912,0.1904088822911635,-0.37830725761914896,0.221315339951837,-0.00781810203504055,0.046837849640279566,-0.0024294480657527876,0.007020028649978078,0.38253221309197727,-0.3379505116373836,0.18253470614212758,-0.2037727458729443
542,9.81,4.052153809733854,2.420934757322137,0.5015322275205817,-0.06863189013068102,0.5505577496657232,-0.15138595443902905,0.6150872333913806,1.0915960155263411,-0.5887011494960179,0.17046211483863938,0.8418736098411069,-0.44201829391156455,0.34197823397453164,0.11555927243850245,-0.0492644513539659,-0.1923384215564398,0.2992151405870499,-0.3202241108346386,0.045362589507652915,0.6714802418192223,0.9246514085337135,-0.11034310222181903,0.0,1.2545233184755338,8.532622209337825,-10.511568067358137,-4.085968196649171,-2.6075599003472747,-1.4274391257269956,-0.5809551619903517,-1.5189318878622111,-1.2042789207392977,-0.32824554159517183,-0.7828174745147005,-0.1730693724293077,-0.43323719920392323,-1.2190537504426413,-0.6874094365396852,-0.6189103047249165,-0.6816440959478932,-1.0043228378166125,-0.4761380573260774,0.004965665619015659,0.047165344772238466,-0.005915512804353911,0.008797318449464775,0.4721087570679699,-0.40171327201466067,0.24534420825453884,-0.24348240224470297
543,9.81,3.723076404691363,2.634917722246754,-0.904300314485502,-0.16928317331460307,-2.5070556002631874,3.277381077724281,0.5659293396427811,0.14983892697361134,0.17106532639424332,-0.12012516616399704,0.6561572391336796,0.7755170298900123,0.13760976644808603,-0.3659814784783017,-0.2763871703640675,0.9246725828778963,0.05664686038661329,0.6531979675263782,0.8068034527435732,0.33197680497210874,0.7463268496714837,-0.2594748658081917,0.0,1.5936914812693224,6.411673995611678,-12.42919110962541,-4.66467849618823,-2.507671819205814,-2.431547754097354,-1.449322859672956,-1.6496598082086993,-0.11963765059222245,-0.9149134695332736,0.26959954482143467,-1.150226085347489,-0.49083863987985804,0.11936333489461098,-0.05221885809461292,-0.9434400676703313,-0.10509306396674525,-0.8775074589947605,-0.09110623460252337,-0.008953468460252498,0.05501183153985723,-0.006196628600313798,0.00926889642565169,0.4465385714320115,-0.4627112176110785,0.25209261996795,-0.23096899109169294
544,9.81,3.6114690651744272,2.71634612479401,-0.631550251404521,-1.332062836424062,-3.3532196353148818,5.307172523339098,1.2159434979627128,-0.38278709470795946,1.1578547935913162,0.3084332783551658,0.7301069665233544,0.8064526484459584,0.608636538968611,0.43007630262248514,0.1989463410640021,0.6693131888736278,0.030105851911934156,0.2315122823824346,0.9657539260457927,-0.2666718884169139,0.8278216691490538,0.7454343916446272,0.0,1.7379358385825499,4.551243596238717,-11.835648884557413,-4.007512764889258,-3.1124682761118874,-1.8880332268267455,-1.489297333653814,-0.9505144455369966,-2.065637376454907,-0.5634573374775991,-0.5646352965138066,-0.8964310694961664,-0.09969867338753952,-0.35105131079765384,0.3828227448349424,-0.4145671523782155,-0.6551783536413242,0.22526872434729783,-0.6605185588611215,-0.006252972786183387,0.052013867593965826,-0.005295805399516445,0.007824770629470955,0.4052566645163498,-0.4809914051894908,0.2160285950477715,-0.23621610293243944
545,9.81,4.870917224941226,2.0139943971473198,1.8840921161838264,1.8688386843845841,10.102749960692467,-2.8904232398092775,-0.5801598547862483,0.589312153606161,-0.7181989015299345,-0.4842645745690367,-0.49660234275991266,0.20166888119353243,-0.5571289126642348,0.04003092614884485,-0.3578255118496885,0.5144144798857138,-0.07045367284091109,1.014405302812067,0.7794146175106111,0.5590847198401105,-0.7253936198834764,-0.23312277118113678,0.0,0.8519014515640309,9.635687531149523,-3.692499425439218,-1.757495339903838,-1.877258083710546,-1.2002695179904455,-0.2755104918722858,0.2484832428160107,-1.25503018223242,-0.7323981212416671,-0.07135355066135596,-0.49713277644278,-1.2920473768967462,-0.42358519146701545,-0.4823166551522281,-0.40086815493183414,-0.03734493047143602,-0.8617329561587365,0.024789395667302344,0.018654377387958672,0.04948460388131002,-0.003581935884458674,0.008000701722817046,0.42906469451619866,-0.3573123608205131,0.2889631525471615,-0.18761466277628167
546,9.81,4.490682039170767,2.1845234007730996,1.5218836828258344,1.5568520234497853,5.3288669304870115,-2.3255783268189583,-0.3825675325534764,-0.36230090619312505,-0.2111709379588349,0.15290356822740003,0.14106412132947949,-0.6815147777511406,0.6360238357748977,-0.3999409530319375,0.2764217347034882,-0.15800163640589124,0.8866946540836542,0.12562208334744185,-0.11241699586018072,-0.021145997179538356,0.19057212923752628,-0.14363302900015643,0.0,1.0644154730172517,10.438843910096194,-6.992099604495772,-2.724261922636485,-1.3120052058216494,-1.4881860390143513,-0.9898316103965563,-1.0869498451087525,-1.6512013345653478,-0.09972190724867303,-0.3559749586645927,-0.4504393408043539,0.00847805643171784,-1.0789121590390707,-0.7093298465749982,0.1358760917697835,-0.7260931801205517,-0.42891204308052194,-0.4983910910714827,0.015068155275503307,0.04444036936040805,-0.004395375288217585,0.005371186654460503,0.35561670835872794,-0.4063105777989804,0.19182671475214363,-0.25536366239771097
547,9.81,2.431222418539961,4.035007214967715,1.9158852273888958,0.8026821958209867,2.741711295906302,11.143444960408754,-2.7140974118498593,-0.6258168183937465,-0.5073327145169438,-0.48564529631240316,0.020460734984475648,-0.6023028559879862,0.16831772759209196,0.1592682129465593,-0.21073564018746782,0.2663178439611742,-0.9750244923358335,-0.3388529215406248,0.023583604256850604,0.04525133258300812,-0.00922053381435295,0.29636471969061295,0.0,0.6632492053656516,1.0360060806225515,8.504552987386239,-2.496305837917266,-0.9768549495932244,-1.00275239794339,-0.4393850190576176,-0.3476979783129434,-0.8058089828743402,-0.7102319215976034,-1.1693805803705377,-0.46756132630881614,-0.39798814499341256,-0.7783502261353643,-0.7043722293511386,0.11625990834829442,-0.12266467767517791,0.19663666450800085,-0.026907698900040813,0.01896916066721679,0.04738760725417377,-0.0021210554914484936,0.009640685291900044,0.4033074496891566,-0.36588996922618927,0.26919324321175997,-0.22130485293004154
548,9.81,3.910571790144555,2.5085845565406104,0.22040478743037176,-0.03414928536200185,-0.8277232940638031,0.9870032141505453,1.2871114886806791,-0.019495292929533108,-0.5374736440474819,0.09382452709311974,1.199287725854139,-0.3642078028507203,-0.42697646822960805,-0.09712161227763763,0.6822898120065327,-0.3713706429510099,1.0435653737154444,0.39484983481315056,0.6496097525320426,-0.24721618975011897,0.42271158857167274,-0.3612410301593897,0.0,1.8146129607935355,7.709432152828008,-11.213545131008908,-4.092401657155735,-2.6267351573055113,-2.551584690609702,-0.9226637720585755,-0.8009951276991729,-0.8941481033557763,-1.5749152451098642,-1.1292556734497174,-1.0675387848629962,-0.6357267403948821,0.04127178767608364,-0.808364012119185,-0.9452922248934726,-0.5765956770393238,-0.5495837643253886,0.053780414416502505,0.0021822256181224923,0.04977038197716291,-0.006913760349576713,0.007933908867607925,0.40449532090164986,-0.37378322943481096,0.260504273390994,-0.21795035383951167
549,9.81,3.3982262766989293,2.8868001131253482,-2.0743416223727063,-2.631716171322469,-3.7082751830277814,8.568897173818142,1.9722602648757912,-0.3934082059103381,0.14291813316384827,0.39073659950063755,0.03293667874334061,0.45954738047820143,0.07064162412751851,1.43044077072729,0.575067309302375,1.1902303826730471,0.06005943706108735,0.6824432366669595,-0.07016097359566498,0.677391378274127,-0.21791479842163197,0.5453758828039647,0.0,0.8173677953241104,2.7878161570511013,-11.556030283028749,-3.1290284580205787,-1.841647867608993,-2.359761490272197,-1.1100544424493806,0.024870705587226594,0.11603028839209983,-0.22671441853207258,-0.31258135047281843,-0.4200923113888912,-0.879887601948788,-1.246490043925951,-0.09561636408173033,-0.002015596485949761,-0.4266589948703869,0.043183108698340966,-0.13561384035281596,-0.020538035865076305,0.05567467396009784,-0.004482687042607219,0.009696733016298606,0.4505631589468365,-0.4394924703546709,0.22195559037916818,-0.32483182157394747
550,9.81,2.91663657556183,3.363463272111749,-1.090700213687239,-0.20036884159856605,-1.4956929259713958,14.743134159861182,1.4275897081182949,-0.1993740369896011,-0.4106451630275454,0.16718048476137004,0.22864732937495869,-0.6600035974408711,-0.16035044103569157,0.10836406242284469,-0.4425397305465695,-0.5541892013520937,0.534420998082483,-0.021640089098720228,0.30619334629797257,0.4393978435818768,-0.7323984660526326,-0.454294322220998,0.0,0.7885750488454274,0.6613497437837793,-2.6949243538368077,-0.23711774056779597,-0.12177050578201243,0.3733389785194353,0.7560553318710694,0.12298090003145248,-0.03937888268318533,-0.3481442189479944,-0.08537232825845258,-0.45190255439822496,0.05414210790490218,-0.3144486594655149,-0.9604764570055524,0.2405189713408085,0.39650618095261225,-0.5504130434852667,0.10453126035435195,-0.010799012016705337,0.04832580084811514,-8.437573526311026e-05,0.009064376032677356,0.353750414994776,-0.41308602791298926,0.31727770569642777,-0.2479828456242811
551,9.81,1.130181121794563,8.680024653414092,-0.8067675877212379,-1.1932686176623797,-1.684546376482413,-0.4932229267298023,-3.729865398159912,8.892684542976111,1.8063095058651875,0.23327015716506483,1.0322178070852241,0.5936379036459275,0.8350824409177277,0.5091886700201582,1.0756916795556348,0.6465599962185192,0.279450755731027,0.16349868276332385,-0.45358261336208744,0.6921737456221191,0.5577736680241492,0.8464000467862948,0.0,1.0170466664493696,1.3178005834660438,1.1653413966415906,3.3459645723998888,-10.066688810028849,-3.4084414325237415,-1.3641428930065074,-0.8981408234005518,-0.5290530567748062,-0.6568338613531705,-0.5157212664685761,-0.9947932692057436,-1.0467235280213503,-0.022478274638895845,-1.0733459142438735,-0.25925076811582226,0.12119664528308638,-0.4121664752958394,-0.47965553695188656,-0.00798779789823007,0.04907818454319313,-0.003990912320172887,0.008791231704022759,0.37483203283841815,-0.39587086586881626,0.2810610077355309,-0.26867713523202663
552,9.81,2.7214188854263512,3.604737239288731,-0.12677092819646463,0.712501088251398,-0.11599977214182511,14.742953453481256,-0.6577813448856777,-0.29596766526748564,-0.40052960044472896,-0.3273381523880339,-0.07480556405099192,-0.3164690595138405,-1.037667338865469,0.3204004592085091,0.23495299242599044,-0.7201813682390553,-0.37217855262572896,0.7848838699156222,-0.6608501246442962,0.046742363990812885,0.5401458448041502,-0.5116196205821831,0.0,0.02408917498352833,0.2985061320706135,2.1615094986983374,0.1718220082910434,-0.1703785519893778,0.18603924572283043,0.027065644746385613,0.4255122755408625,-0.02340772629024357,-0.3094479897613422,0.3827998255466507,-0.14477163304949117,-0.7292626768955868,0.02977548156592255,0.28678268368899157,0.6775741494489806,-0.04328534225955852,-0.4821606907431309,0.06654357881473492,-0.0012551577049154875,0.0464317681495089,-0.0003517190266678971,0.006424523160620458,0.3925381027815524,-0.4008193746672434,0.2422656420927726,-0.2585947942270832
553,9.81,1.4763063313912788,6.644962357341519,0.9455827442699964,1.276255309037443,0.8928508820389425,2.3557172491647917,14.528056737764652,-2.0323207518557784,-0.7080861915309582,-0.17237660230979734,-0.9059073754356815,-0.016164970617641217,-1.0146724982542674,0.4059092430293819,-0.15376557662450802,-0.45035447664334094,0.14580475709551194,-0.2997326705277904,0.5412151394681908,0.2840477037677739,-0.3722613075740491,-0.39276034519701075,0.0,0.6138490291807046,0.24188410489399534,1.1028948335732172,6.012238924629941,-0.8832210853884503,0.13974208445516217,0.33485774086192405,-0.002292461528804912,-0.11058855299419179,-0.2674360695269062,0.25063008696973194,0.3734204437814165,-0.04476915145872945,-0.3798863855615999,-0.582951237750337,0.415170750464544,-0.9579948222794581,-0.44208734925232124,-0.006904858139501091,0.009362205388811846,0.05466377481996893,-0.0002355647436043229,0.010584887555474215,0.4593246709999784,-0.45695133267663696,0.26026461506718,-0.2919671321494493
554,9.81,4.138061763637625,2.370675103548086,1.2767350686205026,0.5100530383808353,1.51186942572536,-0.9719664979397096,-0.03623673143702483,-0.052991933058178786,0.36876138207336606,0.10111192850842998,-0.39179622310336804,0.19668712311798536,0.05469991491243478,0.05970726086379613,-0.5066688836532294,0.7232162403043495,0.230679553363018,0.5811077963488872,0.046654182185427495,-0.012936365887133733,0.6074580652126543,0.556986716780022,0.0,2.1250290307449573,8.174282786076478,-10.014553199927962,-3.9248192486303557,-2.466359309269954,-2.184888105466878,-0.6416846021124033,-1.5323418478720043,-1.8423955056240797,-0.5646184367167927,-0.6084459621878813,-1.0753387261387004,-0.9166730088512633,-0.5503408354078168,-0.6948745607956331,-0.8488257514705796,-0.33020475877816735,-0.853144762360756,-0.8070212544327646,0.012640941273470322,0.04594678601164462,-0.005300835211128747,0.011189693473276056,0.44782949562496727,-0.42354982744028324,0.4193558048359256,-0.42391152838543955
555,9.81,3.8268304839017637,2.563479109217796,0.20483302468295916,-0.30162180978864683,-2.202440075757633,1.585218671574792,1.343023604648541,-0.07451634042237451,0.4720484951519863,0.5380601007381262,1.190917974418885,0.6234783643682416,0.24013578470500302,0.18081271788406722,0.625996060100624,0.06585609091377576,0.11990442550710259,0.5249237109777563,-0.009215146015699976,0.087151764386823,0.3135051944668189,0.31328301793169966,0.0,1.6253266262438277,7.1719332595350505,-11.17474615516694,-4.282010382897146,-2.3302029746005517,-1.175828361379286,-0.44626594455911356,-2.0529519457173198,-0.4715197147933945,-0.9430312181099496,-0.8306704941981613,-1.0300455630658985,-1.4601194268137037,-0.18578764902452624,-0.8016672927657675,-1.014446957170269,-0.16892554499042645,-0.2714392602354434,-0.006102778506356571,0.002028049749336228,0.04741260228580079,-0.006389359959078626,0.006361071641641394,0.43701984579803665,-0.4041230666429909,0.2006795647912707,-0.24748886255980657
556,9.81,1.3059108299014794,7.511998350408111,1.6854859952825383,1.683442493805389,-0.04298453990832646,1.8821177779125797,4.592889217738635,-1.7676107392624125,-1.0236156313853937,0.04877586658988242,-0.48122733115135685,-0.0244422434233334,-0.30122407190389544,-0.22243211933731905,0.16541377804469087,-0.024069253122128077,0.25566457471878096,0.20957295126292733,0.608424200496154,0.25675625177200656,0.8737090676286071,-0.10943251415522817,0.0,1.1815069594680816,1.2154086746847832,2.541949557533466,10.596557183550006,-7.320958815416457,-3.29452284079286,-1.9028176231748577,-1.352236702156806,-1.1744443764727532,-0.9319051220606483,-1.1912734609078905,-0.8224840632069554,-0.8036659255810294,-1.2649074770264932,-0.7710985885424296,0.10658968594173168,-0.9900983039156837,-0.9875905585010089,-1.615103763704244,0.01668798015131226,0.04946920026558007,-0.005898871995210484,0.010742158369874829,0.36823211335882555,-0.40506699539449675,0.22789673778287578,-0.26227587515980955
557,9.81,0.906478339148685,10.822100844917063,0.010679908896939538,1.48046668797005,1.0203449634192494,1.6775835090877962,2.313493399074963,8.813762935820774,-2.8588309307543485,-1.0995377002894238,-0.46252220129386296,0.24435881377579366,0.36570023462098533,0.17699539153596147,0.09589291335537659,-0.32418839459388715,-0.49145126441038195,-0.017604757577456553,-0.16898183932220057,0.4344361527090007,0.8268669833957542,0.130221013450675,0.0,0.03988947315866287,-0.6480420396820362,0.8121654591898153,2.0969546877637977,9.638963264141825,-4.357217750924656,-1.934019216748891,-0.8237303463621202,-0.8141473540527153,-0.8734116633300377,-0.8570030617263305,-0.3122866875358049,-0.9638712676842124,0.11240998914361572,-0.23218416888595222,-0.5718955180497479,-0.4597834498648269,-0.6685957264674589,-1.1317803669827091,0.00010574167224692997,0.04601067608865545,-0.0019523189581113496,0.009817515242941987,0.3722466483923651,-0.37909751969554684,0.28443696308011446,-0.2691179442656711
558,9.81,0.9886387590829671,9.92273457809754,-0.1830109727149789,0.3861428191884331,0.1706548434817976,0.3208742678190142,1.0205484971899843,15.354201574693514,-1.4152608037983299,0.24127498876190723,-0.2921586930551723,-0.20484520971605358,-0.5846888183146115,0.14136375853351502,-0.32748342618532444,-0.08385787632176145,0.44343376965313314,-0.4787804370290947,0.9166520143314415,-0.21528691893476104,-0.5374091175372149,0.287896633289243,0.0,-0.3199101433736319,0.057169000681651296,0.22112497865773698,-0.0039016454913110843,3.2918519139951883,-1.115148412624594,-0.8029584480790037,0.8878439135587551,0.3042713137742797,0.7892043035549884,-0.8394108334560273,-0.6750909621451152,-0.5855763460928223,0.0024571971389371894,-0.06293821737383079,-0.22141344350535805,0.6450817988464554,-0.43738815453130897,0.06276457409362002,-0.001811989828861186,0.05499151773125615,-0.0007741592272370232,0.01916712933620275,0.4757533102067282,-0.5024136346639013,0.5630249070578528,-0.3110251353484843
559,9.81,4.026141406945278,2.436576118036317,1.509906604033576,0.8620938039092455,-0.10572292785334403,-0.24876144053633054,0.4714041837132906,-0.2332970287472822,-0.08531271423893227,-0.15631442277320462,-0.34183315747428483,0.4623233416559094,0.1011762133580545,-0.8744623230550229,0.3171494590198295,0.9346728406572747,0.16378891931548012,0.2922887393441608,0.6200035539202597,0.36711574437532546,-0.14133245723792065,0.45377471596380203,0.0,1.9500367371881946,8.603279664446385,-10.020844996028753,-3.410012007381927,-3.124162938658687,-1.4259522259252821,-0.8939516739124064,-1.133433075952265,-1.5053042669570504,-0.7122609205162592,-0.8516587855354701,-2.0177936853164016,-0.7516726137507285,0.06529280207331678,-1.3678002842215053,0.07465148897950802,-0.5732983624253924,-1.0842469301813524,-0.5224256228383982,0.014949570336966093,0.045864121985458646,-0.005975496263350266,0.007546600150135232,0.3889500121784354,-0.3618750531416768,0.19452940039533873,-0.21150742028388772
560,9.81,4.736822220825017,2.071008693733788,1.3880109870824406,2.5472061541252398,8.472246597976572,-2.813571590641936,-0.8068872335818518,-0.6637832458604277,-0.5272624864271979,0.2046701804458123,-0.01225853389613929,-0.24253934006353833,-0.020353864396047,0.6620356505495805,0.09370776552743951,-0.13284381622261077,-0.17640813466824184,0.5172514846208316,0.18465496193422543,0.09243888388584354,-0.3041800339281846,0.0053333265129951735,0.0,2.1070562632605343,10.214056218547963,-5.4539285761862075,-2.031185234634487,-1.9886560702509022,-1.1691127695650068,-1.027992781938208,-0.8787254422248993,-1.0135594700256665,-0.1914357627492007,-0.633849298596102,-0.4140970520199476,-0.6420089601345559,-0.430638770208287,0.04900535196376116,0.24242370650787792,-0.35558191229976793,0.8095530820353131,-0.49708749199392416,0.0137426830404202,0.04966952741497734,-0.002806038655003595,0.007842842048393308,0.3942907804310708,-0.43815072280909995,0.18624745700047124,-0.24677764722525963
561,9.81,1.8037712727292332,5.438605297863946,-0.40157788056415344,-1.4082672116864492,-1.113032485947098,-3.2822187148435855,9.143840463888878,1.6445771095909252,0.8252627872852959,0.18987336050849812,1.435480322550117,0.6477534274655121,0.0027020375536837005,0.4665471453338078,-0.08025076299396791,1.0459663585709313,1.3820187364094094,-0.2058406390603062,0.6162033673839997,0.4457285236564851,1.052044520606897,1.1228497854111024,0.0,0.09312238171050535,0.4414187377937099,3.353682549242676,-9.791370133536521,-2.630389042418385,-1.2726347318600217,-1.46502217290369,-0.4357701245070894,-1.6660152459770292,-0.6826693814389289,-0.5566050918165184,-0.4292448018928248,-1.72256574859566,-0.46217679041184345,-0.8798049396583181,-0.14762978462132922,0.307809025776046,-1.1468077390343194,0.09313819933097736,-0.003976018619447059,0.048549707694553954,-0.005922189562883365,0.007380838788198417,0.4888812147134236,-0.40015616585442404,0.2033826930646511,-0.21338550802111309
562,9.81,0.9916024315538374,9.89307779795151,-0.9408965701760226,-0.24119297973598197,0.0004012646123325858,0.3099897361754753,-0.16253238313620644,14.982610460345946,-1.114058427282699,0.12584073697089027,-0.45023973445004273,0.08594101712121183,0.18908609057324943,0.8210313872642241,-0.24725981591712198,0.2669784729914587,0.34850910668065055,-1.0028753565625692,-0.30555076869340925,0.18424416289626072,-0.10589335486716221,0.6979476878805448,0.0,0.7529359703504966,0.8329343540856955,0.12982684067898792,-0.23672952216486923,2.533538669273581,-0.7977083143573603,0.3901530773817362,0.3313841996743054,-0.04066494089543796,-0.2051812385582324,-0.12264998862581317,-0.5603100446065522,0.09158033289988231,1.1368390186279096,-0.353365148385424,0.00648164703099717,-0.804273883539831,-0.559750785363972,0.03599753507341852,-0.009315807625505178,0.049379590518306156,-0.0005009230092897515,0.012156636174180438,0.40457159939356135,-0.48033601821096683,0.37008329001209705,-0.25897225234912313
563,9.81,3.684740396216439,2.662331384342054,-0.7930702657030728,-0.5599440024406066,-1.7435440983535146,3.522803583321247,0.9012359672033399,-0.22939969096362284,0.18325962956687986,-0.18276383008965863,-0.1863324733401802,0.7202106704769712,0.1256412061119696,0.3033837819249209,0.12136488759432357,0.3024337522488161,-0.19992345539846523,1.2330619582070061,1.3289376099108454,-0.2736953737768185,-0.17931441079086502,1.0524991403420219,0.0,2.2804769653133525,6.242503935530741,-11.97298911783799,-4.01424762093836,-1.7752243603487106,-1.5733457745586996,-1.5125209858118587,-2.0430005045790733,-0.9218312065263614,-0.6403334814873975,-0.9514093173786874,-0.48895332793670043,-1.177752883840815,-0.013060203316498653,-0.2584936176832503,-1.206502237988877,-0.26392475879045835,-0.2665647868958142,-0.19405104556786348,-0.007852180848545276,0.05004824393325146,-0.005490563910917804,0.006527571724093954,0.372380611148613,-0.41619628040672046,0.23982562496580506,-0.2263305075863709
564,9.81,2.851685110010674,3.4400712636758413,-2.0178385669815366,-0.5687868378481404,-0.44639440027379607,14.803003798492764,1.3741562431875138,0.03577095597261226,0.23507221343809537,0.021235786485146235,-0.4470795110816034,0.16988542298544784,0.33535348888039684,-1.0859566688139033,-0.4068603947189601,-0.7069973865362811,0.14339157504292233,0.3565988236852073,-0.0762471351078004,-0.3476783906957217,-0.11876440238957053,-0.787194986934113,0.0,0.6627131496610338,-0.09880261405733418,-1.2744130717396942,-0.6138553017015976,-0.7765856680176002,0.6875806741085427,0.43882913991426015,0.04371814356623124,-0.03358969912746296,0.1424475755409002,0.3233029329674225,0.17034200468935437,0.4016571269710433,-0.27650140577355514,-0.02075131618022104,-0.09193834713969301,-0.11249578626501834,-0.978973739793122,0.2500730402409229,-0.01997859967308452,0.047190449129624334,-0.0002126502605663935,0.008930456427085027,0.37374028577064883,-0.5281951248647632,0.23002835288685541,-0.2427191046492289
565,9.81,3.2255171028799583,3.041372805383972,-0.5280247552729715,-1.37481074018365,-3.9928833870123337,11.223808941511539,0.804917080319929,0.6109365603926014,0.45395080934500887,0.6041432082478638,0.8241621704376083,0.6541241233198942,-0.4173508389992433,0.09557851166151371,0.14351701948153384,-0.17995672000429042,0.8709741416785771,0.2229059523214113,0.4083628048102544,-0.4785621570307633,-0.18974984310746523,1.0037995146666523,0.0,0.7400493724048389,1.6537956383232215,-8.815290927968109,-1.9103502628252869,-1.6401822129391042,-0.5398677751883894,-0.29039937508033775,1.0040242115150284,0.4742911365474006,0.4658199221181057,-0.8234559665728152,-0.12757064505356108,-1.056109716667737,-0.4946886105762863,0.19319616037220866,0.18411543504188915,-0.3175296117385459,-0.6716665747155959,0.4368167744383819,-0.005227967873989824,0.049032592693192,-0.0020431015054323772,0.006984396892888764,0.42039455074232596,-0.42119626880865135,0.21063560259473282,-0.2098836166496717
566,9.81,2.7581964033424105,3.5566720296321694,0.012587699316981671,0.2398941333078688,-0.3536254856388439,15.138378253432963,-0.20306911407217543,-0.09701215152669729,-0.3498187730385478,-0.01322933254628178,0.21905279539900513,-0.6698605339461221,0.3021286302120222,0.4592512460078524,-0.4942823377757675,-0.4321130993791632,-0.2531475918965821,0.6016526054996784,0.02803964223199315,-0.769335388843423,-0.3069983314221777,0.15973630215597523,0.0,-0.43668724210410464,0.1573205204427423,0.5778793860464856,0.3896303820856333,-0.9627392779060918,-0.44739700158131124,0.13786333241327586,0.2738505756495952,-0.6873040486571178,-0.13510205149853066,-0.3067911952515535,-0.21372537258631824,-0.5508653512438247,-0.14575476626147416,0.6034722079090676,0.16935926341039648,-0.7728485611794362,0.46347263616869366,0.2673328713953518,0.00012463068630675004,0.04816744032664626,-0.0007088648931074451,0.007774411097315138,0.34701974264581475,-0.4177348457115672,0.264716659131637,-0.2491529675368465
567,9.81,4.143833777558484,2.367372951378368,0.41908682488464255,0.4376015532208477,1.5364917726780418,-1.1891210663585805,0.007204587395403139,0.29560027440076503,-0.2730699000298259,0.1873761011083579,-0.08787502300785965,-0.375516748468786,1.2156958147715782,0.19599774419780785,0.18554911117113548,0.24396998322244148,-0.20972329238512644,-0.5026190035425493,-0.07430541426424137,0.47454325993654534,0.2855126999665281,0.522778270160257,0.0,1.6263528614678926,9.055989632021646,-9.50636107219812,-3.748801421647621,-3.3695461188162046,-1.5180049240412123,-1.3170898257558599,-1.287372631846893,-1.3851363506815706,-0.35774574236823153,-1.1012237383202872,-1.1279749340764114,-0.1485543997155399,-0.8058884759563733,-0.6536340276854992,-0.7922606655292652,-0.32907998332463256,-0.7598146826786885,-0.12044762323129532,0.004149374503808343,0.04526053122501748,-0.005162014971463045,0.0065487234856646025,0.37591095135711217,-0.32896754778342735,0.20187516626069585,-0.2297409369030972
568,9.81,3.1320363674688774,3.1321475388639404,-0.7230932058459348,-1.8440504464791179,-3.473866255158217,11.988367446712129,1.6683969851784144,0.28468611281593814,-0.13941624633915417,-0.20030992370489265,1.2607232783339513,-0.6917307483826701,-0.6280929872001713,-0.18439514429677661,0.12930926147961158,0.1787094219993921,0.7587070217982222,-0.4206217763425161,0.13951363453810905,-0.34884029150306717,0.23032888549266733,0.41505130992380024,0.0,0.48364145477964376,1.0761463285221353,-8.742194027329,-0.8558016818832244,-1.718112800137627,0.14680386057234052,-0.022860084315289186,-0.18743785974617472,0.320348519449928,-0.1568280755111906,-0.4587280206722162,-0.2302092261511402,-0.5010190625850238,-0.4995883422408795,-0.3540416539832654,-0.19559251995835758,0.5540158515026514,-0.3921389661684058,0.117304103031947,-0.007159338671741921,0.051091935715721806,-0.001556817063301642,0.009054520672147735,0.36785072348800696,-0.42635407934063,0.22720240329366986,-0.29725926462125873
569,9.81,4.109957815201653,2.3868858127242545,0.91981569260116,0.03898955403988397,1.0980823433454863,-0.6779309984888278,0.13571330705782725,0.4899047591064238,0.04827264623871874,-0.4261109904726179,-0.6521645290823042,-0.2002436646510951,0.5108148463601351,-0.894170554567669,0.32318286556287035,0.04943251976967235,0.6315967161669566,-0.6620677276266403,0.08500974930674213,1.2400642992054383,-0.4575935642376375,0.5974729218481744,0.0,2.528034665017665,8.301041785436784,-10.048835416220644,-3.2096526700980936,-3.0427779423016608,-1.347477904878732,-0.9917182274741828,-1.1305969594006484,-2.275366350716455,-0.8657788660682985,-1.0008214049948165,-1.6663510942006141,-1.2475811174938127,-1.0974971345632527,-0.38712109954935936,-1.0354464556734713,-0.04517433717811101,-0.16658320304361726,-0.4842611289037927,0.00910708606535802,0.04602301130491577,-0.006588224035484578,0.00731558684963143,0.36512171464167087,-0.4202176233348089,0.25913228912009856,-0.17795687255944764
570,9.81,3.4599173422066536,2.835327850272693,-1.3455130870070637,-1.1824907398510294,-3.074969441301742,7.339055261736922,1.4666940324486684,0.7183711892880325,0.31692599434456026,0.2157380791382686,0.20525614797622815,0.49518315103202126,0.13605620460802015,0.35125344727842195,0.0005293553427009323,0.3727058359183208,0.5085624909798323,-0.051306893726734165,0.5890463479800869,0.2694773891532627,0.26757414082795716,0.322056810595291,0.0,0.6657632701692519,3.582935542604936,-11.062026701825701,-3.0547073417583146,-2.133074846948713,-1.3204113110442464,-1.7229108509443636,-0.2300007896759274,-0.5328535293775003,-0.4205418138249102,-1.1328066113763242,-0.1917439905374173,-0.09665502248409175,-1.1650584686121843,-0.14775403872057702,-0.3922942152622012,-0.5119199900116811,-0.18007186738345016,-0.26459552223453303,-0.01332191175254519,0.04673695470280235,-0.004877876626448847,0.006025176134421483,0.36466000375796415,-0.37842804339517333,0.17216106708346576,-0.20167557983481893
571,9.81,3.5822893057644087,2.738472290391043,-1.6792198596235552,-0.7170443219153242,-2.778898660364183,5.1578385583561435,0.8598073435084435,-0.5729537046628157,0.6948584474339015,0.34212574810926166,1.1695095395916688,1.2110502138935284,1.077065945485566,0.9771717245943997,-0.07194595592584957,-0.13084387369639197,-0.4998917234032947,-0.13200266616864967,-0.22915209360112715,-0.9695631421975913,0.5007717474638264,1.2989157281338624,0.0,0.5719635515306021,4.449411937317516,-11.887640292769984,-4.583737231606924,-2.483052520035241,-1.119071571624711,-1.2923576447919007,-0.07883198364160654,-1.5207922800251923,-0.7723253996199839,-0.6175851668541525,-1.8327356065304736,-0.16078388485802353,-1.415156126410127,0.11831786646974335,0.33496916242058683,0.006725580816161078,0.0900269815164738,-0.10250985540237323,-0.016625939204193613,0.05206368846151919,-0.005292207011806213,0.012487086395345097,0.4047298602036315,-0.4297959504389577,0.34896881574968186,-0.3045256860425661
572,9.81,3.8146128439204685,2.571689553144212,-0.5051843327826682,-0.34029585844103805,-1.6794555164610228,2.37047544512823,0.40684265102354134,0.5553314681373387,0.8224140811169395,0.003134342666253176,-0.2819320126502368,0.3316777024395928,0.14950457335682502,0.6232489766965018,-0.19410311342935416,-0.26917189124056184,0.8251185091531292,1.029639878417677,0.8217261132318716,-0.5788939558558115,-0.2987675486755901,0.6304662922648019,0.0,1.6448162574344178,7.4176424283776825,-11.552621634564789,-4.409538064113849,-3.031928327671373,-1.8992102064007033,-1.8156365269200538,-1.2489923098027353,-0.46217254513585004,-1.2672880952846266,-0.6070787604590293,-1.1775250624514544,-1.0357772691589977,-0.01246202415065989,-0.9428817099078417,-0.541051070226146,-0.3896753928860574,0.456525746261623,0.03166702453352424,-0.005001825077056125,0.05167324890943418,-0.006138191274460296,0.00710927386541781,0.39684821379723245,-0.4206296296941465,0.26727599622700887,-0.23838146221081302
573,9.81,3.1018441311391305,3.162634737676953,-1.61813452567764,-1.5590811782682887,-2.8707131181498746,12.12324483251758,1.4495533959667837,0.7405861682049312,0.35531518072598955,0.8212088215666662,0.1929891449358363,-0.09926277773438952,-0.25667836223532225,0.1957046391908669,0.15086976354425907,0.10697646444000558,-0.4435769505897945,-0.4991767986865346,-0.2939033447691786,-0.28947274602297546,0.48691758110877936,0.14840159534657427,0.0,0.33803250843677335,1.5229529363427443,-7.623903924473288,-0.6643222176921568,-0.6072323926255023,0.34672665848091067,-0.18287548599281234,0.2828528214883951,-0.02221452750334646,-0.3041458456502051,-0.402562943078,-0.8870799801313423,-0.6007162626246796,-0.4283509914119518,0.12775922025807698,-0.6656623082114491,-0.3981032794854553,-0.34559160565565805,0.36538471305058373,-0.016021133917600402,0.0471599563303613,-0.0008935133064296159,0.009753820240332256,0.3897489889669051,-0.4610623160655183,0.20428166217279323,-0.3515984811692943
574,9.81,2.1189245147257294,4.629707161262322,1.715502199460856,0.7369620230682159,0.20087807321363188,1.5814470321102756,-1.1073813757398834,0.2704451193458178,-0.503234297564734,-0.016860060606989025,-0.03118044634314429,-0.2110105777174143,0.3655229013368482,0.13912060870005122,0.5286989189526461,0.8524281092327121,0.7314100752993165,0.602480007038313,-0.2660286113604754,-0.13369483788628947,0.23047449977577777,0.40272756312328095,0.0,0.6229039860269847,2.6689509531371463,9.589071338791062,-8.487828479836558,-4.180146929567342,-2.5979608891815094,-1.5289454400424982,-1.5661254948856707,-0.36367657904556194,-1.092013626338649,-0.29773204161051103,-0.48434570244392716,-0.8381787814818222,-0.5751401140767848,-1.1199050004354707,-0.5142470229082187,-0.6414665651402964,-1.1871863458573593,-0.4477083133976299,0.01698517029169165,0.043943127293104525,-0.00496966558601581,0.007336317517223568,0.3844404617506793,-0.3085477850893158,0.1867343782279035,-0.26564118058995867
575,9.81,2.2831842818737247,4.296630840480952,1.0577420553657855,1.667629899467758,3.080967298638993,7.711325744752533,-3.1600828575733892,-1.0025920252505243,0.12544090851759593,-0.48000761323351393,-0.41638497821812454,-0.3226678215072041,-0.3879330159414591,0.4731805869750898,-0.12651088396033047,-0.30417737791674304,-0.38530891934332306,0.33358867171882,0.5291506788632349,0.8422420961719894,-0.22524560742212796,0.32523986700582314,0.0,0.5560198294416423,1.361402996116136,10.176690259972027,-4.804496587167302,-3.0928228643397673,-1.3423002645272848,-0.7685055305691145,-0.9557151343206015,-1.5075236815471453,-0.910081819679555,-0.44051310646527164,-0.51095099856951,0.10181693179307794,-0.3676342812049785,-0.8225647396322553,-0.09142902334257512,0.32981507685833783,-0.24351890976590826,-0.679245424446078,0.010472693617483023,0.04709875051049249,-0.002729171127186423,0.00638325309965014,0.33456771181572303,-0.38850601039951654,0.2013642393009471,-0.1706527367691238
576,9.81,0.6004673161922283,16.337275544335395,-0.723545049152207,0.4239281440406498,0.6993824201114556,1.4029480588072318,-0.820285467805645,1.304293008464324,-0.8574480790591357,0.9013916592891977,1.4232826120019615,0.40035583367578115,0.7989463982012232,0.7941563862534917,-0.22298825729028715,-0.18990833857008094,-0.21108677368348422,-0.23404063059543712,0.6077531476613889,0.677916997171927,0.27526748799325573,-0.3303835990032302,0.0,1.1989806650573378,-0.19198087721081197,0.6464412199921559,1.3312237262255926,2.544688494825218,9.70070215621151,-9.665732801442726,-2.1340457008788953,-2.396933154148666,-1.2054496084953363,-0.5863066903227003,-1.2387351673715088,-0.49058940091852743,-0.8470783416540323,-1.6092003699053197,-0.8549757599330405,0.03919860380859841,0.1820248144595235,-0.7726720547450756,-0.007163812367843634,0.049692487574739236,-0.005944330442434875,0.02104954618153633,0.5150027031057214,-0.44863242488393285,0.4796705350023317,-0.358886147333922
577,9.81,0.6673019404255901,14.70099126902494,-0.22404131007247052,-0.07467273817155906,1.3767114240313671,2.110688105355449,1.1495193325485369,1.8457792245285767,12.782423857863389,-2.1659018999736825,-1.6259703543415784,-1.167158927661927,-0.6218235328831192,-0.36291603686091056,-0.4994424950942872,0.7387813390633126,0.18136003874838125,-0.007542395049300987,-0.15448406845918472,-1.5613238710813642,0.5828717482077624,-0.5772887457148714,0.0,0.5982968225868606,-0.21430633206954633,-0.5837237281264674,1.0631532141760758,0.4243792972787427,7.201555722915138,-0.24431102507396207,-0.3516770415649796,-0.8813203509777452,-1.3326800675972699,-0.9448111429967269,-1.0955618687180317,0.83407391094522,0.20648857928210368,-0.3122394632302119,0.20429271663069692,-0.1971101766814809,-0.43583235779894075,-0.3461355778954829,-0.0022182307927967417,0.05123034510727089,0.00039770647953729724,0.015333947560576974,0.3606968085808461,-0.5122812251499842,0.35277956167756896,-0.3831472080846042
578,9.81,2.591692710538009,3.7851709657212966,0.8359719122661371,1.0325104643246497,2.0494541326635405,13.6438401158502,-1.0174986715363827,-0.48379697844010217,-0.2161960511997667,-0.21168396660615363,-0.9784647436981659,-0.7834602391254175,-0.05794386961159126,-0.30852880894899604,-0.3365536051924335,0.3690216199206671,-0.07516474717115396,-0.07591103312882366,-0.5599646481900283,0.4121900303470277,-0.05642475420220122,0.22014565808156156,0.0,0.7044273555918357,-0.3914634206393998,5.376751821699161,-0.6545374297592566,-0.547139220728492,0.24183534905239595,0.21049567958554338,0.03780867831019746,0.7941249385293071,0.18248996595979727,-0.8853089179808561,-0.5072263102923219,-0.7646785088834083,-0.7426860937714979,0.24809222726803487,0.042678392508161765,0.34597010435164294,-0.195040984888908,-0.25308241389461367,0.0082769496263974,0.04668640777536922,-0.001275564206032928,0.007600938616229355,0.42519549008985796,-0.3759594276453748,0.2592177178040914,-0.1853960178980243
579,9.81,4.108879484379658,2.3875122249980216,1.26824900758505,0.32584578911393247,0.7483989941591623,0.06886371669812019,0.20023285478149094,-0.8840290492920575,0.2260893305700908,0.3116243325783243,-0.6829054179771324,0.10947654635745041,1.1836716974227057,0.260532473903967,-0.09816753418875435,0.4517547719454965,0.526553044121682,0.31751597214970617,0.7220828475323708,0.4020861332472652,-0.09736999809476721,-0.258301701993789,0.0,2.3370566110615374,8.57913719005428,-10.742658682244235,-3.5597445058397557,-2.730941065163847,-2.8141129034912993,-0.3109458699140166,-1.0647711846864394,-1.857480947577829,-0.34109475136441103,-0.5785811965249674,-0.9676558192222211,0.05143294862493164,-0.11868679920802805,-0.6932502594410055,-0.4043332594432516,0.41494477530181,-0.9509355382444145,-1.1622761547791258,0.012556920867178713,0.04863594048212662,-0.004479818067184289,0.00792024490683061,0.39958535255524097,-0.37948923802553636,0.24505568656382062,-0.2098690695182986
580,9.81,3.6825188583056123,2.663937477977708,-0.2132483424871382,-1.1056014509282164,-2.044388507750076,3.6036695947245607,1.483061107346968,-0.08880053282189015,0.8180692314153888,0.1412939758269808,0.3350707372200132,0.6594916676708511,0.4858321051263218,0.5719620151189472,-0.43399693507544757,-0.29795811196073674,0.8692312283585821,0.5180799888397041,0.15744639949063316,0.39399617999132525,0.6629725666283381,0.8773157773174731,0.0,2.072894139576045,5.781338443376145,-11.39330735488399,-4.340489827331921,-2.0721164695203194,-1.3286308777977842,-1.591136174243978,-1.091017113509233,-0.8253935053255398,-0.6818516132159854,-0.4373497474862895,-0.9103934826116813,-0.9549264003608666,0.13724853395943015,-0.4234459483647444,-0.1400878314990715,0.012084866391546156,-0.8672099966417589,-0.59179480921976,-0.0021113697275954293,0.047487158294443714,-0.005590078626771709,0.00935923506069897,0.3732741287806026,-0.3844554672341116,0.2862723923107463,-0.2486899007053297
581,9.81,2.232002773083119,4.395155829689769,0.5726574653639476,1.1612706368594135,2.1519334301229893,6.576147342037814,-2.7381354417884576,-0.5927639188321732,-0.00978325436167582,-0.06636336932171116,-0.3168657814588294,0.025505161614891247,-0.5648750406554408,0.4049204838267015,-0.005274995229789137,0.4808702384840161,-0.5305609429085594,0.3748974078428199,-0.06814769266169793,0.6383189478932748,-0.2785777228569962,0.1533131218923188,0.0,0.5164470257167652,1.966086298218849,10.60295071411227,-6.682933139431953,-3.269693022005847,-1.7392846160561537,-1.3184987766398955,-0.9565179679560957,-0.5929308284515334,-1.3893251036679137,-0.7775157213134234,-0.8002073935736839,-0.16631325099651673,-0.17470580228071253,-1.0116704775723862,-0.21814260561297766,0.5032358334950264,-0.31673792461423206,-0.15754239227470027,0.005669875894692556,0.0495858517589904,-0.0037172551660119347,0.008509560590998928,0.3620493449224196,-0.3790780070409051,0.21554588868062965,-0.27005121609884136
582,9.81,2.657883537495196,3.6909066411709666,0.16086975718452057,1.2077840995744107,1.4633552868467383,14.292973811324782,-0.0594303005893122,0.19452975156002728,-0.581145706593044,-0.19261267055178632,-0.2138584088267943,-0.44340320894247576,0.35445973062195457,-0.4025742044931364,0.02229712562643682,-0.44170455273446696,-0.4495395865485101,0.3880959313171035,-0.31812153131738075,0.1882930610633482,0.7301467942215562,0.4477086763079138,0.0,0.7828220054804216,-0.1629013442004179,3.624692978233041,0.13413425114269048,-0.38987446451088387,0.0737570755147735,0.3136492211264045,0.015324783638881054,0.07540000645989119,-0.43249573895827265,-0.276432132174105,0.45659841367926013,-0.5326461188373789,-0.18564431538249385,-0.07039392701781198,-0.26927433659030814,-0.051014878636365876,-0.02016624668143359,-0.4121684195679983,0.0015927698731140838,0.04651211608772048,-0.001217871845005685,0.008353566990786487,0.38205452258062267,-0.35683356313968234,0.23714731515358245,-0.24572040335915468
583,9.81,4.271513967054601,2.2966096039162505,2.2758488922861777,0.9382664082716315,3.1331746660918305,-1.2850162848580486,-0.41767430649862347,0.23200266694834715,0.556337302128937,-0.6532595978210167,0.6535118179122845,-1.1830856862406502,0.024683949173028574,0.5598176994167203,0.7048673729867296,-0.040090236711313704,0.0363426993802099,0.459653959216213,-0.2682435705747649,0.09953168988341264,0.17925849932977206,0.05043648152816292,0.0,1.641014175828402,9.776489200620594,-9.142401956347433,-3.717913997250912,-2.6417489147903046,-2.393485669204283,-0.2969595678472721,-1.7578455922525542,-1.772425342104646,-0.7872050539459092,-0.09326813909231774,-0.39407309397138723,0.07568875696344066,-0.2847565776752084,-1.155214219427634,-1.5710742156504012,0.06489379559812436,-1.1477985715390169,-0.4570673879621423,0.02253315734936808,0.04926136317498238,-0.005897397922818351,0.006898171088275573,0.42070045176422105,-0.3649294293722922,0.23090587664695245,-0.22293097481361734
584,9.81,4.044617927796321,2.4254454129230703,0.581146294986818,0.28320897022885005,1.1224727840093576,-0.32349811982265647,-0.20343056014271518,0.12431885182288838,-0.35010176135269644,0.6675111831276416,0.48124324568337296,-0.8388372015682257,-0.26848354772300087,0.11055358536869284,0.3137014595973999,0.028476174669289575,0.9071121804960384,-0.29448822584849577,0.12009246059902914,0.9774124395335608,0.4624663449276561,-0.22817261078622234,0.0,1.1373384624687057,8.204810993258503,-9.973883574949262,-4.167382111430683,-2.5087870736225724,-1.3809138649638362,-1.3267369370988802,-1.7841842994882042,-1.0823161499142278,-1.373753442258376,-0.7701081322745622,-1.341661984982068,-1.1628574248417543,-0.8532179677102345,-1.1250595413584163,-0.04866900745608049,-0.25266006990879614,-0.8539686597537295,-0.12367412492595306,0.005753923712740777,0.045064580669406946,-0.006081984592777749,0.009333471199456298,0.4180723364055808,-0.5135402853709746,0.378065593733779,-0.2927951017682076
585,9.81,3.2459998318225933,3.0221813026070903,-1.0399256181019816,-1.2951278665860224,-4.142287911313229,10.269719204740962,2.0568710044045337,0.6198638242638798,-0.147676932212089,0.43655491153597226,0.453689593819639,0.9458484981255683,-0.022776422972198174,0.3790695856839007,-0.023666290490532815,0.23992116156926183,0.7484153129043891,0.8825477690252191,0.6336858302906545,0.044669569943500576,0.1544931679990726,0.43157480647931706,0.0,0.05732575471158728,2.42579764604254,-9.534178784996756,-1.7387277736833064,-1.4848281113425403,-1.043098839285597,-0.5766188014876563,0.20895833953930687,0.21797263531029143,-0.40975148794477634,-0.610563207849978,0.001767766924918479,0.3192378084183144,-0.845736103906614,-0.8596018659812095,-0.2642294924333459,-0.475175269223181,-0.05585497136607963,0.26477493640304123,-0.010296293248534467,0.04911909196968304,-0.0029570204001879217,0.008950947121059212,0.39754887271783146,-0.4120735071263737,0.24708614103580806,-0.23304500370730702
586,9.81,4.32078383768812,2.270421379202562,1.362728231129854,1.0220368804382787,4.450907768547828,-1.9173068257375332,-1.1084441491174861,0.1932005733301766,0.5842745424278248,0.28603960497482506,0.6311168575321933,-0.563243038292908,0.9302581003156638,-0.3058774788015796,1.240745144701999,-0.07257996483648887,0.06842848764066817,-0.11384451915749688,0.7627849667664183,-0.3908399379945405,-0.5004337661233119,0.537523182568033,0.0,2.0385105435611925,9.73024635316541,-8.222175336713109,-3.265568342971158,-2.835878721547549,-1.5233479002173556,-0.9059020638816462,-2.3514038908544945,-0.6485707899136163,-1.151281818480573,-1.0300222170663602,-1.291774280378655,0.4358463416120448,-0.7859113843446804,-0.5468511200215957,-0.1937160120793155,-0.29297452637365007,-0.7760705333406871,-0.11546360992637737,0.013492358724057964,0.04817505190753436,-0.005491444476471958,0.008599904509340457,0.4054675775600041,-0.4487639425643202,0.27840365714190163,-0.22966550934523247
587,9.81,4.906434482290072,1.9994152648750332,0.7938983706118423,1.9349164191355945,9.72478502242604,-3.1403453315727465,-1.0406460813251277,0.06829201942857788,-0.2436718170797536,-0.35618157228945213,-0.26292381232051676,0.2755818590499421,-0.5227983473903921,-0.9101127290940259,-0.24045996427378058,0.40799527540103175,-0.3989585390723973,0.970659290355833,0.16298808300544138,0.20993530044420666,-0.010368530786687202,-0.19816879285193734,0.0,1.0659880917120614,10.091494295438617,-3.800789086239821,-2.488369278744459,-2.4707899959184103,-1.3400213648606343,-0.9719387823943745,-0.5157666657624573,-1.1004277216591674,-0.5571819400551861,-0.05334493504225757,0.4499517054243214,-0.43341154230406076,-0.8271605285252099,-0.5301880434699766,0.28250386070073563,-0.24438231364933088,0.11633295519631837,-0.1086354530229007,0.007860379907047936,0.050771560939304086,-0.00413963358660208,0.006352083337439439,0.40237434725197263,-0.4057657838868793,0.13883988490351212,-0.2534000939790234
588,9.81,3.3033486287944958,2.969713797232478,-1.218527761691679,-2.686379348121288,-3.7809415687906243,9.062475135446935,2.0284617385134505,0.5813915913408111,0.598121553731467,0.930223601735001,0.6865409138256848,-0.26366816551987604,0.07950648172082547,1.0210733595080383,-0.1727421353242044,0.24878008029006055,-0.12647388881473276,-0.11362752251876679,0.10637419663741093,0.5677347585028031,0.13323853850897582,-0.11372184667899093,0.0,-0.05670174829408378,2.0404089926887234,-10.09594820806144,-3.2283370099834197,-1.7371397780493736,-0.8534278101945434,-0.662312745794968,-1.0601474718745854,-0.42138320297845916,0.2281167267423131,-0.7956414945211787,-0.514821554461875,-0.4557398392197979,-0.2481070617057844,-0.36647545259082265,-0.24338379541417557,0.006273001579838122,0.004760372200850765,-0.5069097117622633,-0.01206463130387802,0.04808838618967768,-0.003765938571891303,0.007163641087380227,0.3637902893335083,-0.3865893769126778,0.20561101976584073,-0.17419750411312562
589,9.81,4.864467419155532,2.0166647558106185,2.454216969924297,2.707217394289597,9.3695617077568,-2.6945777956274477,-0.45429744210684486,-0.36980693984045887,-0.3482166898105219,-0.5251632401712384,-0.5819948499836192,0.10955351740318309,0.14855903554843775,-0.177276495380557,0.6736557187161714,-0.6748341837685501,-0.7848844813872471,0.5262497430643975,0.11066174952481805,0.17953423457804812,0.6141910273742398,0.06795817041929109,0.0,1.6564481161376015,10.309169919628825,-4.256905143850112,-1.9807000227067466,-2.213168392557054,-2.1725142103633615,-1.4504467724615207,-0.9857246792492058,-0.6506207618137145,0.06433892470421532,0.2794739453916212,-0.9405650576052886,-1.123227383722293,-1.333280805249949,-0.13835772401691693,0.14997759762710786,-0.08790675257111946,0.38888999567079735,-0.2520207784698723,0.024299177920042554,0.051834708771760996,-0.002883691337711476,0.007493205073114768,0.4433411085850315,-0.4127937511613208,0.23989656690761912,-0.29077314370755697
590,9.81,0.8510407555982291,11.52706252370273,0.23421861715077127,0.15950498520572337,0.3480263257764814,1.0663459654725296,-0.20375499734548866,1.9684263583203134,-1.070315132373876,-0.03626716613976072,0.0035153984500294055,-0.23921496864564573,-0.39268095802679315,0.38240631552809046,0.10074551125109577,0.12409285705758141,-0.31973475087231173,-0.02689970017338053,-0.27486044204509585,0.01884248695869807,0.4458599705513594,0.13425468571435945,0.0,0.8894430282005907,0.028070329802424188,1.5406944633217958,3.399954005941752,10.191420878432515,-8.607417122950354,-3.669623199106038,-2.24554120195442,-1.4492230769519427,-1.7521601520066676,-0.8288748192545528,-0.6872814702715979,-0.8653312567563163,-0.0379171340972807,-0.8985285600254022,-0.0603832140102068,0.08685115695100748,-1.0909354938955735,-0.89502059478604,0.002318996209413576,0.04678029570499608,-0.0029115671896957074,0.011254213181681256,0.4012939338891428,-0.34748821275742475,0.2105708197387226,-0.29149854249459284
591,9.81,3.991350990413243,2.4578144151096883,-0.06170496888244329,0.21373318301287,0.5164277078950819,0.747005038761989,0.20023620829209987,0.7781753377114357,-0.20901268462419986,-0.04395696555921004,0.03252328238128799,-0.2506889065153185,0.842236978747404,0.3878580729749006,0.29475732047653347,0.2913193962762332,-0.05473992637961443,0.03134215645023876,0.6404316557715797,0.8536647189131612,-0.22512520574656228,0.0286272505539681,0.0,1.6550718752778666,8.366487718532726,-10.390949351870205,-3.7603383469814524,-2.8981293542040687,-2.4250605208348506,-1.4535221165715362,-2.016694988627086,-1.078128530175403,-1.5669694717365679,-0.7302457162299276,-0.9152433854298605,-1.0486072134880458,-0.7559021783219512,-0.16155081428128773,-0.8558294713864402,-0.3141534999181033,-0.3161386642153481,-1.125545073400719,-0.0006109402859647836,0.047557621057659885,-0.006900003025154641,0.006594717245518086,0.365242156771445,-0.3879993904693001,0.27185436513952727,-0.21246582279404974
592,9.81,0.9324716212227491,10.520427406826771,-0.12909980612403293,0.2522185481063479,0.5886637183623109,1.2339672509655077,1.855049494274537,11.843405308298886,-2.860973437108677,-1.3442209148172508,-0.4437419100156951,0.4813720636854067,-0.23372008021297586,-0.8867311736413191,0.006520326849785929,0.10630711727080472,-0.33892245227305134,-0.8991758089965847,-0.9067029888196568,-0.5243275670596675,0.010623991242438346,1.1253795485272804,0.0,-0.03125903413967937,-0.46774807225888815,0.8583385019790783,0.9327023411836053,8.604673871736097,-2.250240072130965,-0.6554485680533358,-1.4999980121784626,-0.393849126371157,-0.06183955180765455,-0.6125621931496144,-1.2995688573901467,-0.26726564570384925,-0.5365998245936563,-0.5697174391227362,0.2144718524612197,0.06182749371626925,-1.019264962059616,-0.8450894186087056,-0.0012782159022181499,0.05143703288980593,-0.0038005448701881315,0.012584323340507424,0.400514058161474,-0.3805797886634217,0.1936666399351161,-0.4032146164236872
593,9.81,1.4976109304568768,6.55043295991921,0.2677504135469245,0.7208647352786581,1.4581151021201757,1.6097253102932445,14.956311125429112,-1.7350640795631225,-0.24276020618014127,-0.48459069227333074,0.16689428183653,-0.06405710014866184,-1.1924037331348716,1.01753202855873,0.37733788246299876,-0.6875752372434244,-0.05608792191318368,-0.7521631042276624,0.36642128848862826,0.16047245794988013,0.0380336266687854,-0.09109790254768008,0.0,0.3977775819348563,-0.20594200045825659,0.16913318551379403,5.238987503336111,-0.7490108996975153,-0.34563887002054555,0.08497425512458578,0.07501963685977764,-1.2069586053256913,0.13332791090060203,-0.19125431799620474,-0.6916831439927276,-0.13766486327600763,0.8446189025467388,-0.22748774092956334,0.2575713027878531,-0.3686834112732197,0.09944666420342527,-0.13839841087179913,0.002650994193533917,0.05447162883028797,-0.00027788444729812844,0.01003027822410871,0.42586689899127533,-0.37588704740617085,0.2349474616900446,-0.30450797946642705
594,9.81,2.0262654026680953,4.841419089070283,0.4941007334277461,-0.19436830681956338,-0.597563961341985,-0.5535269511871289,0.7257658134251858,-0.2529469509095976,0.8476242282778074,-0.1983975506967204,0.36061094532969307,0.4744651308509903,0.9390964111096228,0.08188178128460082,-0.5099398804382332,0.41107051845055964,0.5755726399662148,0.6515509150849061,-0.285844827462039,0.3334810538350006,0.1607475898155173,0.615249515106094,0.0,0.7786062751133613,2.1911366569747766,8.365453146706894,-10.410564361003065,-4.410486472226728,-3.0464641713988367,-1.5002238463948618,-1.5085392386728753,-1.5653248972940172,-1.0100210785723034,-0.3289129722233973,-1.219675405480765,-0.9670996163459389,-0.6032666035517956,-1.0141746745234494,0.2726492203458025,-0.8384960896449432,-0.3417259113420941,-0.8864930887164384,0.004892086469581645,0.04874261718066693,-0.006869635578936341,0.009367123246921584,0.3717044566169146,-0.3692416894471426,0.26075019200686217,-0.23437637453896465
595,9.81,1.0251535488573986,9.569298190435855,0.049460252561493334,-0.29167686424657946,0.1003724258409191,-0.0188659075771882,-0.30559908424427285,15.592338437570355,0.17776161390600076,0.4520563482705875,0.27514436836349176,-0.7833957848200501,-0.2546563453345545,-0.1983832294226317,0.14954996698334572,-0.7535943157948785,0.1444303958847486,-0.4850750536526076,0.7316148035753816,-0.6517883156998314,-0.3711298400637719,-0.6054708023634623,0.0,-0.40543486449400434,-0.7027406580808837,0.5264108426964805,0.7589663168809949,-1.0057796923861868,-0.42953433487129017,-0.9280583059072525,-0.5108309983640895,0.6540003441791961,-0.1238215784526851,-0.03884436710086525,-0.12406005239571571,-0.7152489867061982,-0.0006578669727467096,-0.1704413774847086,0.5237150195702134,-0.3461170439219395,-1.145616885623796,-0.4032033080066938,0.0004897054709058636,0.05224655218833272,-0.002154070637772515,0.012447191059071227,0.4671196671236895,-0.4157626551132635,0.281668305360222,-0.2964352466420532
596,9.81,3.721832717774021,2.6357982058546767,-0.5788553111152064,-0.3587389028084912,-2.2798539400696196,2.848787305149614,1.478833241392811,1.0040486072397847,-0.0431218945636363,0.2986197787207683,0.42065421100847644,-0.08831927715501503,0.36803966210210304,0.260194460903027,0.927681717779185,0.969951473964881,0.45832480658205943,0.8258297053705026,0.40660299846988,-0.638224911274539,0.13299442410228135,0.21452221194703236,0.0,1.7023513242209158,6.371054387223992,-11.136718124118618,-3.573731179369328,-1.3407423563477956,-1.5197938538107243,-1.132024159516276,-0.47710963917287874,-0.6750061338295337,-1.4377718344411203,-0.7172760113366078,-1.132345239743493,-1.791349232816225,-0.6164741936113253,-0.4347620317548257,-1.3843961003370433,0.05647152160647864,-0.8412050280026002,0.07262120697056915,-0.0057312407041109495,0.04591178124963174,-0.006259406975449344,0.00835718860669068,0.4510412963777318,-0.34050026298358255,0.23749865480371077,-0.25115386486120617
597,9.81,2.0724595065118923,4.733506236998078,0.2798144168051263,-0.006761932554997477,0.1604111195304237,-0.05444821598629848,-0.8713186172053585,0.4419287605522124,-0.4666523034865764,-0.3636646156409241,0.1516367686364338,-0.28156959181022356,0.13376265441828802,1.1632163385683525,0.8030738207724317,0.45873103489785505,0.27556573099575676,0.603294514721973,0.8685950471699196,-0.34622992146798853,-0.11186444281492722,0.48562017300368715,0.0,1.0083755112862818,2.4479774064977153,8.656435802208108,-10.034932587763441,-3.443201312082093,-2.714314409716412,-1.9734312486401733,-2.104477222515311,-0.46811377003899457,-0.9708557960118558,-0.9366478925646277,-0.7103685179911354,-0.2823260789619655,-0.746524966928565,-0.46664298251471203,-0.670612676970431,-0.4386763857303132,-1.2192085092485287,-1.0389142524948054,0.0027704397703477842,0.04600880956016703,-0.005865395201740617,0.008124713976773912,0.37650187318624473,-0.3675421185498774,0.24710536696562457,-0.21685859330035212
598,9.81,1.2588490541012165,7.792832641880222,1.5698120909990354,1.1519234010474266,0.061886762483985974,-0.17164384430605814,1.6977769046935924,0.2790147146013498,-0.388015981407203,-0.07215248395641102,0.3776342571025647,0.7055281247205325,0.45834893534230947,-0.14920808717252113,-0.3037733683782907,0.6218781651371179,0.801674435139109,0.554209580410853,0.11776304026049159,0.4914832124089682,1.1585371994301215,-0.02223683352611361,0.0,1.2544544841618621,2.0027101174647615,2.516914584384339,10.01906385747348,-9.813944945298305,-4.126125054973475,-2.079794327528729,-1.475909968787517,-1.489677968080305,-0.8147350650610496,-1.5200036771233256,-0.7703433728638034,-0.7018852205408274,-0.3103122939223426,-1.0264154176691211,-0.3180844613505466,0.11181848217086365,-0.857301858600319,-0.8369681077027802,0.015542693970287473,0.05185628422732596,-0.006693683981143922,0.008767081672192216,0.465708995740028,-0.44235185773856533,0.23696729739937342,-0.26709149843131474
599,9.81,1.4663416527951925,6.6901188964385145,0.16824164817233178,0.9459466636486786,1.3765319939641938,2.9865955742362758,13.429134017922218,-2.048474790561232,-0.6444794633885189,-0.7308879070679024,-0.4283301717874268,-0.23301416761466176,-0.14642192051629677,1.1131109379884183,-0.19521880681785103,-0.26892456517213054,-0.0988469716076868,-0.7045695225350199,-0.20170342725042967,0.05582059433572453,-0.6372686840975013,0.4291233539460277,0.0,1.2350947791205025,0.07961321864146043,0.5655931106312415,7.014862601488044,-0.850821735312735,-0.42097975163995477,-0.28490208258440086,0.5064827839492329,0.2602941289090992,-0.9971482691563534,-0.1825739421844384,-0.5740038928340407,-0.7841833175891127,0.13180712056793265,-0.4605686480788307,-0.9391467975856129,-0.20700545094398248,-0.10440738981458028,0.25944988573898214,0.0016657588927953704,0.05387509426613664,-0.0009664638441434001,0.01598659768970405,0.46273606084126595,-0.41800761913338214,0.34955070297855295,-0.33245817501038083
600,9.81,0.6114528060112225,16.04375661303278,0.04969038449020951,0.5305043380248367,0.6361541132959739,1.701249438888821,0.330514084889746,1.5658800955107761,0.8825260323049556,-0.7119820712352214,0.6637176257276249,0.5546697886992901,0.9080250494615175,0.6835229535813682,-0.7048282704108597,0.12585754718079636,-0.07970325023035571,-0.9466816431711242,1.0251499125988996,0.022316959180802565,0.5060554968237108,-0.14314218213327146,0.0,0.30295092363699694,-0.21437411908412995,0.19737873225712055,2.3007995553392435,3.599224135307245,11.47570780872605,-7.346036982986809,-2.7824439138172012,-1.3636422114252846,-1.323731380038585,-0.4986316710414085,-1.5112430802886765,-0.15261391453984974,-0.4095412283700771,-1.2528381203235965,0.14859520866507858,-0.307551589617488,-0.40696478415064363,0.4820452617432406,0.0004919840048535612,0.04944406470055725,-0.004288918926675384,0.018464596476313152,0.45689131711167,-0.4570756455588115,0.38393407739733476,-0.354166185873387
601,9.81,4.822408421017252,2.0342532493194865,2.2567745813031106,2.5444807969187253,8.882913207788537,-3.2427636654416228,-1.0195421406669274,-0.4079688824314198,-0.7511021624943717,-0.015758920010187416,0.4305926073392671,0.15759596881947313,-0.5166848656770208,-0.00447864003314391,0.6753487228373545,0.40056094124194197,-0.14101130905967602,0.775754350692416,-0.015221571796674493,-0.18655239514929434,-0.11039580225953424,0.021494653542313558,0.0,1.2020376056089224,10.708363023511538,-4.163269375348658,-2.427002194975984,-1.8207801641995682,-1.841066370066351,-1.2984767010538316,-0.9590324701534684,-1.2092153674292714,-0.6738408680642309,0.1907192931218415,-0.6065450214076163,-0.5827630342900786,-0.37657219026575633,0.04733408568837459,-0.5381301846612289,-0.027822757034987197,-0.38026512617274844,-0.2091144284910426,0.02234430278517929,0.05261239594173794,-0.0034406292270453276,0.010508727220710891,0.4320320360847171,-0.40546185092301473,0.26606165193380465,-0.3678218687298446
602,9.81,4.780319417936803,2.0521641217510984,3.202967455220634,2.6484359970385216,8.73075033732921,-3.868528013605645,-0.3340764458322105,0.4921362106536087,-0.7319373311760717,0.4062404463173399,0.17857754526952097,-0.7558708804118998,-0.23066086264563668,-0.5467771625535818,-0.3205185942776195,-0.6305949077643623,-0.49828419622368253,0.4056910164493022,0.6110152108734068,0.10564890724568987,-0.4538096467610195,0.8179465208462853,0.0,1.2087034205138714,10.437379547922957,-4.205342548010148,-3.125413463801373,-2.0958634435266372,-1.3085954998224794,-0.684835673064022,0.42286102292444266,-0.8926188485677501,-0.31935829061854326,-0.2920022648823579,-0.19296573271290962,-1.0239856522994493,-0.6640068661930271,-0.9985450406054841,-0.09394606594711147,0.2221927174427269,0.4889043541351561,-0.34488480366652735,0.03171254906159045,0.05189426325599186,-0.003615095847617086,0.009337912421187717,0.47416880029479636,-0.5415402149208475,0.2512513078030139,-0.27029536337883253
603,9.81,1.644985164840868,5.963579617418007,-0.5264677352995049,-0.6189922291909604,-0.07123242760033355,-1.911533250089284,14.376248908821289,0.6986120831858234,0.4632015298704193,0.0854013155708313,0.2827353439524156,-0.1829140113529487,-1.0469979811448267,0.8390069940468518,-0.309551875720785,-0.898257308044403,0.2381567269396201,-0.7296669188820871,-0.4534281637585374,-0.29059620333466246,0.5458285113392717,-0.7528059140300779,0.0,0.022528681955287996,0.3368409128168251,-0.02200967292743969,-3.2500251300936736,0.09629820334881814,-0.14081135021782196,0.3881971002517525,0.40025056043679486,-0.07881904035203188,-0.6066908843023331,-0.29958367416638676,0.05572782177249741,-0.5354989621959629,0.5158269587643672,0.8260117518446198,0.04500025019401828,0.49824370708602606,0.06353229093848484,-0.20802303638867134,-0.005212551834648557,0.04622314853711648,-0.0007204313604755777,0.0072469299243362595,0.402069283220402,-0.34736238703483563,0.23615503871159862,-0.21215426267559523
604,9.81,3.6467310573324005,2.6900804709125046,-0.17625234093909536,-0.8549382644558603,-2.7178176683377337,3.9829668038592727,1.2973083500727567,-0.06955533668198477,1.2334430703702388,-0.41443847259710986,1.052236438509343,1.1960455721775163,-0.09334493172664249,0.19395540655893334,0.46006086687565345,0.00921468806573985,0.7920583895402085,0.7402975507402799,0.40165043341103235,0.3234491410510819,-0.0578528684902679,0.3495828139566754,0.0,1.7119080245135996,5.674334487301201,-11.999121153607033,-3.7269462559939965,-2.4453647235498903,-1.5687130851372966,-1.6158263795372068,-0.8166918362116801,-1.5374720723719317,-0.5077802276157198,-0.476135226939862,-1.0846056710784202,-0.33975695070234824,-0.11753329137477453,-0.09946290092498689,-0.5319983608753023,-0.08023626192627421,0.06876519065637553,-0.3819451944535082,-0.0017450726825653038,0.05014511922629559,-0.006370866676634517,0.006891897166680389,0.42268548443759324,-0.37447550063723806,0.17662612291688934,-0.2256304708008509
605,9.81,0.7089411172285356,13.837538494522995,0.09439888646687433,0.6858443007771127,1.065949767339489,-0.24831548323971897,-0.5776316050355401,-0.15443320119406834,14.655224175397395,0.019342539900692346,0.33730682023823844,0.04538607944381068,0.6088477483557192,0.3500783476282586,-0.7836603880831032,0.07747692950543938,-0.20730195076876062,-0.09943008942996984,-0.45786684174813935,0.07515480873126751,-0.4006662425808374,-0.8064509772655879,0.0,0.40863872945165913,-0.24960218536194903,0.47570965753117345,0.1260111611671573,-0.2509022949429427,-0.5902454943612975,-0.100076360863705,0.0011229730553077577,-0.04748198852577984,-0.7291917779160244,0.20174534054008594,-0.5093442310146382,0.8026679070345196,0.2898503244557736,-0.34717843206283455,0.36068210546094404,-0.09691619909743651,-0.5195619855162267,-0.22600534909201728,0.0009346424402660844,0.04590990569477985,0.0001853531492177729,0.013724131238555698,0.3612767286386252,-0.3813383731693546,0.2471975833668718,-0.25037629454377097
606,9.81,2.07307157283735,4.732108687677074,0.6829741139690896,0.9607125560118152,-0.17971654517049723,0.9004372667502304,-0.24848102373229686,-0.2603299410833313,0.12233363868241476,-0.21474723019700895,0.06206885848071855,-0.26713423877772313,0.30630611203497987,0.29092585920386405,0.10238555031161001,0.8220596999796531,0.07278963299479083,0.8686241999808737,-0.1079922716173401,0.3230693039086258,0.6904199036249727,-0.5698308826270462,0.0,0.8172766673789394,2.402419680358128,9.529330738205445,-9.907812994036117,-4.330993090517314,-2.9472958111869816,-1.9435968014111582,-1.3521432432758163,-1.0109582345308814,-1.1062739942749609,-0.389834195942515,-1.1489546600164453,-1.1426837302398698,-0.30298919645390165,-1.272992353896743,-0.9255925547015174,-0.3612444383694383,-0.45091111190764077,-0.6322787740564096,0.006762119940288015,0.05017137975338082,-0.006776611632734925,0.007882940768674745,0.4207342744316973,-0.3989275380624066,0.21165703157208343,-0.23761526182227627
607,9.81,3.543197975595585,2.7686852576593646,-0.9133980458835027,-1.559198576655101,-3.229027167554806,5.967175475792651,0.9704744014873554,-0.05672290883220632,0.6378280120012729,0.3847910336590578,0.750652893708695,1.4311774255123635,0.495036417984703,1.001866986248281,0.96667714031182,0.1688979597014706,-0.4950245710484264,0.22654548804536745,-0.08315079085491744,0.9024304478174539,1.260477964628699,0.384562481564719,0.0,1.148211512270918,3.4154703369186543,-12.158137652529453,-3.6852987393335868,-2.3744345591214904,-1.3090619980763691,-0.7213417647600073,-0.5618983917106607,-1.682263535094723,-1.0648113902430416,-0.8150145676416161,-1.1272492479901681,-0.11152331355186856,-0.19489480739105702,-0.3485038254974673,-0.15290749590705263,-0.6231533624013207,0.8899875340767569,0.5297094086332668,-0.009043545008747553,0.05300365752938013,-0.007035843830703516,0.011813425376892523,0.47878152092580395,-0.4146988187392086,0.2928853390924822,-0.2557242362611418
608,9.81,1.5245451316625926,6.434706192857476,-0.1691623512540521,0.766172308827813,0.6257253382033507,1.5774777810891765,15.30790670858659,-1.3897000940680542,-0.23379685199790767,-0.46828069061788713,0.10799581073298248,0.5277904502303872,-0.15931689225967982,0.017421483577362007,-0.6355794641680274,-0.44803068273274865,-0.15664599900440346,-0.8965428217175117,0.4657927448605774,-0.04799180122833385,-0.32268771939688434,0.7839175111917365,0.0,0.49262207161512844,0.37318998570743805,0.31115385906830284,3.3548258453585986,-0.2619900175761263,-0.3706800391789603,-0.21045737972699524,0.4601759056867778,0.4199596501907909,0.33426182518050307,-0.6420157780021829,-0.5764700885875992,-0.03077332150633419,0.34564075026911406,0.1365342757537609,-0.26101436689032287,-0.8943497390076072,0.01564085970317315,0.3503560318326297,-0.0016748747648915967,0.05294577237890227,0.0004321392455086026,0.011179223196579342,0.3455067832374342,-0.3657755137352975,0.4126396414214093,-0.31617299665137827
609,9.81,2.0261701127681646,4.8416467789062025,-0.04383458866949699,-0.05941597610307699,-0.39999574349928363,-0.5581695116124489,0.3859366912993522,0.7173250092785441,0.3221448581798783,-0.2776567061673318,0.2590295562187033,0.9923770088770045,-0.33386271433889403,-0.16630489873940874,0.12537414033635053,0.3679686849788238,0.7658964441498859,-0.013680572092205925,0.36014099816482725,-0.12080144113964188,0.5510548595162232,-0.08830575392678827,0.0,1.0903745191134846,2.699644040244727,8.693366939811927,-10.652484240492074,-3.7920094382793996,-2.0397973208252456,-2.0579892587458297,-1.6717705372711171,-0.9791763585114981,-1.0279788796226543,-0.5738417215313532,-0.3941634069779919,-0.75926849453089,-0.4618762033139542,-1.0521901261559736,0.12774562063107256,-0.39117592689969255,-0.060157853990541924,-0.12068893321771715,-0.00043400582841086215,0.04854534984018029,-0.004678840024857078,0.010842369893274471,0.38892332868759627,-0.404707968314344,0.1823035269529342,-0.3243480992336246
610,9.81,1.090113764057856,8.999060761771421,-1.1515663513214254,-1.1598427583050746,-0.7169301734385365,-1.4158552195417586,-2.731815176259197,11.771935809384974,1.0099813596919822,1.2736725317249296,1.2658462073709584,-0.07285328080665332,0.29841617158587785,-0.14271466289994394,0.10120626960089213,0.4417752704610572,0.49296478685880063,0.750470265956695,-0.02438594332165611,-0.14284850932212306,0.5909705759588089,0.7744084883051161,0.0,0.46970114455953993,-0.5113511892644946,0.9646004448218541,1.36438904629004,-7.437533375746997,-1.3500637939946571,-1.1867126787575897,-0.8095279866630286,0.13090615546083278,-0.7833141322055148,-0.9789223846318611,-1.3002975128854157,-0.0591750904107691,-0.1666711396326242,-0.40573578526297643,-0.08412157066405206,0.00948130133233243,-0.8863320366152824,-0.11790111469468231,-0.011401647042786395,0.046924806006187855,-0.0032790112350346164,0.012979672806013809,0.5097127818082683,-0.3644942482618685,0.2691498089951494,-0.34243069146191624
611,9.81,1.1809248901577467,8.30704821429379,0.35411820835714775,-0.5511879897096823,-0.12598753218066683,-0.7001197756962481,-1.943915324554964,3.873372320098161,1.309299961777298,0.3103893740718802,0.3293904457671513,0.8847544986822675,0.25536775074289847,0.8141832665594095,0.14251143221313578,0.5960751345780773,0.5365380978144767,1.691515804160464,0.41763987937532554,0.5171993631614917,0.3735789007252031,0.7156238859270273,0.0,1.8658385566694233,1.5695534971210616,2.573691793261943,5.688901521071549,-11.403416188978714,-3.5885710358047134,-0.8607646511853632,-1.0826731431257612,-1.108714115709416,-0.8930660050365222,-0.898106914253593,-0.9880615410095377,-1.4114687410776423,-0.6306215274391082,-0.5776670779694643,-0.7718735560664121,-0.6069020839472496,-1.0621608245948293,-1.1027259962910065,0.0035061208748232426,0.04818516278917017,-0.006269319551868879,0.012750924356434174,0.4597902190495253,-0.3947628336764955,0.259891625530524,-0.3421613371619647
612,9.81,0.5279457971253934,18.58145297001012,-0.2610718735105887,0.16615215175205145,0.32558584386832345,0.07399757814787566,-1.419398295208194,-0.4328485069528043,-1.5915366235644801,14.773973290445767,0.9879253714330336,0.1636631152534065,-0.48896432796967193,1.0875668667656693,-0.14263897870168518,-0.5388646131998645,0.26768586603063776,-0.2587190825773437,-0.29048244440585813,-0.479506358572906,-0.0037759376506015796,-0.41919502293404415,0.0,0.6947242561666719,1.420368721352777,0.14454874391090106,0.5071312997890258,0.8882053351872388,0.17770552901944175,-1.9013908117387046,-0.07709223828174347,-0.5636832585739425,0.1071394328500353,0.3440518370985795,-0.1337784164541012,0.40249047163051516,0.7135074922167706,-0.5094836750466206,0.7174477296730122,-0.2644384064540104,0.15827278752456364,-1.1795997086107792,-0.0025848700347583012,0.04858348097953379,-0.0018649793242069984,0.015301015239707361,0.3925768725318336,-0.40353008389352296,0.29169534383243356,-0.31773360153185315
613,9.81,2.0238390486421354,4.8472234027611405,1.1706028505592836,-0.43883378577789456,0.06543104410027523,-0.710037687860911,1.2996973229076434,0.16997871147719545,0.17824175189294672,-0.21844416014860307,0.714110234304886,0.4745836268967013,0.47113121758690935,0.46311778990269165,0.18239182046142424,1.0719575802614458,0.8405539266003377,0.506473846845832,-0.42706136745569934,0.5604880113113682,0.25749342990502055,0.5672832894848286,0.0,1.2952730981098983,1.6172320041874106,7.965261535738259,-11.537162950720035,-4.182935864600106,-3.1241786532631677,-2.1558307498022082,-1.9972335048313012,-1.469936666516662,-0.625294226179194,-0.5185333460913507,-0.8604508110783827,-0.5926904537847247,-0.5013618322421021,-1.1255159174366345,-0.971266505718768,-1.3685891646439616,-0.6155914193002284,-0.9305370007664127,0.011590127233260236,0.052957404802733234,-0.0061497994887651265,0.011213569338657999,0.40132286457694055,-0.35776679648224663,0.33874743091220394,-0.30911886313654513
614,9.81,2.415825583660105,4.060723616121875,1.672417234532698,1.5908753826144815,2.3790420222454083,11.254746052958572,-3.0160845784710153,-0.9743687774947416,-0.8068993028832444,-0.25397104184685326,-0.7191111758352648,-0.19408401730758484,0.169412481929051,-0.34376215231861695,-0.38938302948812237,0.4834126426769691,-0.20038843331517717,-0.6531747887807484,-0.08779355273459105,0.5537054520955197,-0.06325643826243277,0.719406810506185,0.0,-0.13224922794279642,0.8651459886452033,8.40940709181779,-2.7079195011795703,-1.4086659200822063,-1.2636329328222415,-0.5593488191948314,-0.34020499742142496,-1.3438107856287158,-0.22455968723662428,0.018302249151511185,-0.6570835557197705,-0.018755509123145664,-0.19343351062461,-0.7767631853888886,-0.17373040930540162,0.5023363650089916,-0.32596276244226763,0.13433763968113682,0.016558586480521758,0.04779297550138104,-0.000626607758840528,0.008336336940034333,0.3717959026429496,-0.38917103312840845,0.22786960986733806,-0.27049040505655314
615,9.81,2.4016988775458357,4.084608645870002,2.453041369852411,1.803740474499826,2.9930124805705813,10.774193869561373,-2.490063730010875,-0.2885011306176406,-0.9085625149984518,-0.10100240341900069,-0.5695401578418544,-0.10148296882118135,-0.6705322691706612,-0.06873027703666534,-0.08706598257826187,0.6992372416610487,-0.4439495442130901,-0.8624457693806888,0.23568659625282484,0.2745823163701209,0.37569574549794604,-0.3254582616360235,0.0,0.8028892193850341,1.5554170649482026,8.949580465638354,-3.3757047820601813,-0.9011515517621784,-1.3872888201361309,-0.9784482502492315,-1.0683879398400138,-0.6615534023628977,-0.6845972079688794,-0.21712620003608452,-1.0391432918659884,-0.25097255357890147,-0.4885575404930265,-0.16088610624203548,0.4921197512384801,-0.7169706720152452,-0.1569079501616687,-0.1471888608216911,0.02428753831537041,0.04943381752262893,-0.0019577116532733525,0.009102141474148267,0.4517946136045715,-0.3805421431258936,0.2515157011430168,-0.2204419634136041
616,9.81,1.7821242608866728,5.504666658383946,-0.28841403338285954,-1.0988185665533283,-1.926999306599483,-2.888118829615374,9.993080377348958,2.7007011461526576,1.1925314339122886,0.8086628734017944,0.2672888512128604,0.39530948380517883,0.25324939959041287,1.077289086340452,0.1499175253047249,-0.2788155728823495,-1.010498858906883,-0.06803632839436524,-0.3710470681406921,1.2978334380663805,0.3274000882855445,-0.5016956430234086,0.0,0.3103093189033517,0.5953924123643156,2.770743255792829,-8.825152383828517,-1.6554888556293985,-0.8664152286858386,-1.5504798505059534,-0.10389372724938917,-0.7966427891423011,-0.6970416806337911,-0.32670676791897557,-1.0966886235266284,-1.1577144385135962,-0.7857171680037051,-0.556593118708822,0.24652049656717995,-0.03596540603338906,-0.3082712559850348,0.01085655253957489,-0.0028555844889391973,0.04729585988737531,-0.004483807886741129,0.011850797252665392,0.3838038123579649,-0.3710627542183542,0.5486026015209662,-0.32871296650944415
617,9.81,2.892792125033242,3.391187329054026,-0.5060784085398806,-0.6317943376453217,-0.1503386804848006,15.109741641591286,0.8950596833327393,-0.22016704148904265,0.027195957311876295,0.4104320235163711,-0.12525080889882856,-0.445589061934772,-0.24779815333662458,-0.41265329270472767,0.4117164852440992,0.08890494820698769,-0.6193588456974989,0.8287874849810603,0.08962995307397592,-0.483429209647319,0.1051800745659271,0.031066427294462018,0.0,0.03517214195880537,-0.18253193727021552,-2.143049046296504,1.469809339627514,0.2154346171445757,-0.025303569114465033,0.43753570145105003,0.22069037406910644,0.6231012389803395,-0.2174175387743594,0.3617155695785712,-0.11759818560951446,0.13619304095378842,-0.7777234804403388,0.8019341874944184,0.08153727013629569,1.3373683711885627,-0.38745347112512096,-0.4960136192609718,-0.005010677312276044,0.049128987470381594,0.00023299883863127314,0.007188980825070049,0.41683214615440956,-0.3847789044720553,0.14762144960153534,-0.20002954209975554
618,9.81,0.6142018167255803,15.971948849482187,0.061288247465082935,0.8349017805058493,0.669335692034295,1.0266188108480732,0.7661729857714242,1.3225136993346753,1.5508495004909777,-0.9252718717400452,-0.05863469648888188,0.25281507812959886,1.0851562955912102,0.47862462389849064,0.26145688150871393,-0.12659696596972642,-0.24395039785160605,-0.33776261512333744,0.2907154622598429,-0.16064450446014855,1.184755046573737,-0.1986540702663904,0.0,1.363217729744563,-0.14708525826054025,0.34555859835114844,1.7264125689637324,3.392967598806035,11.64897061509552,-7.300924025781432,-3.462521292903305,-1.6319432840102959,-1.4456769022334148,-0.8663649491491736,-0.6434928433386224,-0.46366834140694413,-0.38545989389708957,-0.34259387192676694,-1.6592347864685906,0.07635731185049258,-0.2010073451828533,-0.5472478928685617,0.0006068143313374531,0.050164420848736506,-0.00477768647217886,0.017509413194416373,0.4891724639774977,-0.43136433088172715,0.3251356984161135,-0.3917320665558473
619,9.81,2.3259849588616244,4.217568115660205,1.2494918290922545,1.6761353718628553,2.4104042075100267,8.547204661637462,-2.6405940158148766,-0.8257359534805533,-0.658502980428832,-0.06766423527163923,-0.9929040364390276,0.3044171982887313,0.11573906603890627,1.0041950747443984,0.4854583136378094,0.8253283288701995,-0.8439098074179852,0.12598361539220393,0.6382736838678663,0.4104022014603752,-0.09700506011003718,-0.22502071129237572,0.0,0.8497162694416207,1.641303091497825,10.139795581567311,-4.707814170087565,-1.91701971838258,-1.6040521104976129,-0.02381818729318186,-1.155898921514456,-1.0654038922841302,-1.0905522017719542,-0.30161267140766657,-0.05739910894664213,-0.453342031339949,-0.07580793508548533,-0.83793432695879,-0.9576273125355108,0.2971831232260214,-1.010677826807537,0.17553130560342708,0.012371206228636186,0.048482053678906165,-0.003497367484470634,0.008498504887998503,0.4095342439448723,-0.3919546427270959,0.4263476302986473,-0.21097666660444242
620,9.81,3.2580428928202583,3.011010082653692,-0.3954766623158787,-2.271045709710415,-3.674086701694725,10.337526641732026,1.6396382700886822,1.4068166076040445,0.8334179538734732,0.6868291838004645,-0.11039959711847724,0.5523792926605697,0.18384077065211524,0.7812371777308604,-0.28508042833995817,0.5184300449092425,0.4284451211731427,0.1950550577692461,0.21026613587615753,-0.2545161950254426,0.25386831112281316,-0.3417523786957454,0.0,1.1195612818719813,2.3873921273576535,-9.40258375673992,-2.246585979614487,-1.3005144841719962,-0.8949008135231755,-0.5048596683506575,-0.4492276757312839,-0.27789806737813966,0.13758169275882737,-0.5355436700206639,-0.21087695078929292,-0.37017210046802623,-0.7470742535785659,-0.37601801051359063,0.418320650532252,0.4049621961220218,-0.12109742446682994,-0.11010077161020704,-0.003915610517979002,0.04851642491088696,-0.003016207100086935,0.007031550790060677,0.3986347696025569,-0.38498485377474284,0.18444104118290497,-0.22818520338219866
621,9.81,3.938340769279775,2.490896693480896,-0.011799077872857056,0.06761233856674123,0.21654892269290058,0.8824976383841718,1.097858956532637,-0.2620349213483539,-0.039760917300414735,0.6326583078771444,0.4305934103261655,0.38215493404113343,0.37579358762282594,0.34321138268644696,0.3708725449292589,-0.02331357139272765,-0.07511042410749592,0.0013779366745979432,-0.08416764843899821,0.3880365985721024,0.44651315020606164,0.6615648669389818,0.0,1.3419718528747828,8.399090592574339,-10.089823102975956,-4.271022251941514,-2.828641119193301,-1.8117936386011428,-1.4281614223659709,-1.6877845951822037,-1.4023086679379946,-1.2027562163862884,-1.245997417531079,-1.0795967288823687,-0.4828881676667877,-0.38640328137382646,-0.6847159805094134,-0.3965041522001194,-0.4226713214013307,-0.3753000093084558,-0.2162319703895931,-0.00011682255319660341,0.046523509767688216,-0.005840049419697974,0.008573554362918184,0.3529667767956891,-0.4604978354221437,0.24824458424215556,-0.23705032184795438
622,9.81,4.967272403399227,1.9749269223259782,2.433751127769561,2.5364748827249253,10.134620304004743,-2.9566354072751966,-1.35901204387459,-0.4180324929637138,-1.13449804143021,0.2309134774635324,-0.6663908156789442,-0.1757436451150831,-0.29655469229482345,-0.25168200138343777,0.524330026192342,-0.04712098940027701,-0.027270050555901038,0.6390039710779318,0.5042155126047467,0.18656987480338827,-0.2548916189701653,-0.31638079149071674,0.0,1.9169618098727081,9.772359851100136,-3.1195704957452937,-2.141896504677455,-1.7025999114447163,-1.4242848277743505,-0.6794051401360959,-0.4994749639442442,-0.954356204646207,-0.22272942978987254,0.1547379305357734,-0.4952989442323518,-0.6878394504569598,-1.0719622931406079,-0.30705951411235666,-0.26777992369477716,-0.6507373037469014,-0.32533287319737636,-0.22205676237974067,0.024096545819500596,0.050039460056346095,-0.002252428924328821,0.0068589170776253835,0.395307938696695,-0.38869979778363484,0.18595991904356476,-0.1913941115854384
623,9.81,2.477187163192383,3.9601367816542887,2.304683462457054,1.2106239129267458,2.5908085003607404,12.882850023818975,-2.6211650789057517,-1.1737265219163953,-1.2100303155839325,-0.14508416905955657,-0.10630961531163718,0.2730036828816703,-0.163195515397199,-0.408552032547707,-1.3381869857875064,0.24507245060914695,-0.5787597622995888,-0.23122126748576316,0.4924129326073633,0.38454841330030143,-0.649197190320018,0.6536689575434778,0.0,0.6898380964327779,1.0602828253133159,7.032830672546114,-2.0989478660427383,-0.09127203554903862,-0.6795106488261837,-0.3652318024243831,-0.4426812816661858,-1.0568660462744957,0.1795643974582905,0.10984978579389887,-0.0001709349131070459,-0.46979110437402255,-1.3295239099044434,-1.5273490927276656,0.4029106709654831,0.14406887452797462,0.1559161550709641,0.00903847330901042,0.02281864814313916,0.051645297835110245,-0.0011140667974058208,0.01122343883979477,0.40933821288328365,-0.47740820483941404,0.32388665748815093,-0.29045117032199474
624,9.81,4.730848731774881,2.073623689151347,2.1412974716389477,2.19626822969179,8.802543786404573,-3.0288523357238972,-0.9272988700378626,-0.22620338524459316,0.1707944910009893,0.7510430525727649,-0.9245100485824556,0.4029758843891474,0.04769632373606711,0.26563018128708527,0.2863705230280544,0.6452635122045687,0.26072768937837343,0.6608252020185361,0.2381717604550666,0.2401544875924005,-0.22760424721801076,-0.5287035949093805,0.0,1.5514240704295363,10.787392340036252,-4.470363391799797,-2.045234163950774,-1.779291915086921,-1.7382050431132026,-1.3694998907954063,-0.5785210628563033,-1.000283553120694,-0.0433965272051699,-0.2082880748973387,-0.24784581469747602,-0.3118958366840115,-1.5792930422931275,-0.30101094777263193,-0.07449231346356303,-0.21103597057460607,-0.3508886891823156,0.23886913008089858,0.021200965065732137,0.05135672478495745,-0.0031916863404902567,0.006516790746334736,0.40119266338907783,-0.4214128494151907,0.2177770287196269,-0.2626259541847166
625,9.81,4.623673974800364,2.121689386722723,2.351441369530919,2.307213118359745,7.213565360725868,-2.9600692392047545,-0.7727686376923186,-0.39494660902914736,0.17402238255032954,-0.3626818967631549,0.514371566464074,-0.7038785144176847,0.2382726090489054,0.34290750043891055,0.14691574737005791,0.3858161386750539,0.5493439454209874,0.4889048307510215,-0.09105073434001676,0.45434162679925355,-0.7266117103821057,0.029873748657637367,0.0,1.928146045247297,10.655545733630744,-6.395273856332411,-2.2492125423948592,-1.779373992581453,-0.7336165677885034,-0.39430608190702965,-1.2952278295452644,-0.6026473268015454,-0.14505914871692527,-0.3705137221940492,-0.512913105854352,-0.5037679103762962,-0.8936872898336565,0.36454617592634087,-0.2151678188881645,-0.474676486932086,0.0072641297504434515,-0.3251414063207898,0.02328159771812791,0.04893989119546953,-0.003999622599668728,0.005514038841334056,0.3818340987940466,-0.4654952913653258,0.15834098180907524,-0.20972942087289048
626,9.81,1.1263587978983345,8.709480512163989,-0.5366116928313334,-1.1167223856085438,-1.8409652400809295,-1.310722557492108,-2.8321435869044236,9.446583246156898,2.0200330259707044,0.6111824588650299,0.8637474111232627,0.3027337189176579,0.6930950337898896,-0.20438713928739577,-0.05126364517005333,1.5262933140198358,0.08166160158637628,-0.011062050980799515,0.0977102023297837,0.5547308281995047,0.13698848903510757,0.9492829381333153,0.0,1.031095188037126,0.3719045505852866,0.7553084497209502,3.0430069137512104,-9.940136201491002,-2.150126959432024,-1.445806520356669,-2.1356308363684118,-0.15014580232130104,-0.0340887407494016,-1.145889135622464,-0.07815796582926948,-0.3540927143849424,-0.036570369316144435,0.05024206438690859,-0.1579545686766648,-0.7741289353522534,-0.2041805590022419,-0.4955911322945294,-0.005312987057735967,0.04852968900530878,-0.00400178009161923,0.010319659542723687,0.36439361984524876,-0.4254176031921959,0.2986659768088119,-0.2731988838819661
627,9.81,2.75379490694712,3.5623567954359565,0.35030403864629056,0.5501150189807986,-0.08611500083972379,16.23053640886877,0.03945009111650566,-0.8103975466403259,-0.6606986276954482,-0.9751494995520829,0.23965266936410412,0.6549548539418641,0.10450275268149001,-0.15843260753317345,0.18462532585251917,-1.2543935389752623,-0.17505464601665077,0.2056328196315365,-0.7435931690669432,0.2786850953865415,-0.18391688654013028,-0.2439584867708986,0.0,0.42508183932108046,0.7804444897606886,1.3205856262628894,-0.010160178600369857,-0.6933081433623709,0.6671121976195105,0.4065922444741073,0.713543969083124,-0.11501925572607538,-0.06484979578943073,-0.10140835576536301,-0.5968246050272865,-0.5286427799658293,0.23897730161605948,0.13519073358617736,-0.31130759260774105,0.11144217986293845,-0.35766591444432355,0.28173538051196845,0.0034683568182801035,0.05553508076906889,0.0009203042997697288,0.00779514104890801,0.4384345465928061,-0.5708695036704919,0.33178482154709943,-0.20852713139877865
628,9.81,1.5092631467938722,6.499860558338938,-0.10456765849638938,0.49570833162976435,1.101117656801954,1.3919297719575694,14.377755727417217,-1.1539335398478974,-0.37501975241887275,-0.10279648434543676,-0.08498106777095615,0.5980315219814263,-0.47472453297848716,0.16382893019305506,-0.2552746242277953,-0.02918502993205857,-0.13297626916133276,-0.7885221891323015,0.7511570879772993,-0.5308929490035073,-0.4845844324871606,1.1324967113724425,0.0,0.5666524232661946,0.5153580390010566,0.34076069640450135,3.683419340588343,-0.03828306835363593,-0.9324057842688602,-0.42137895380673074,0.2401012170028664,-0.9312301195856836,0.5700329430742105,-0.04626433213139042,0.5676761728431217,-0.5816581334266241,0.11222297020131178,0.7540993083131993,0.01038890024474659,-0.6417732768231125,-0.10718299073652293,-0.2191630609321575,-0.0010353233514494092,0.04778269316658465,7.515807418529142e-05,0.009615046198387904,0.42621194376449734,-0.46271542400811533,0.23585059975561293,-0.3220228699820576
629,9.81,4.068848806656688,2.4110013584065144,0.6970313202233558,0.8004196780057108,0.7358856100179707,0.11132731645210879,0.32923523361945106,0.2561464589898058,-0.12007106274152418,-1.0506265427578452,0.3905842981230493,0.4094950500842915,0.5457826561616653,0.463727034274033,0.19276477343081727,0.24489703606095556,0.3691623342597228,0.26134468404850036,0.3773219577053684,-0.23218062084957714,0.5719256318324893,0.18080670819954703,0.0,2.6336184912740417,8.875500856638023,-10.232506636491628,-4.141059108061727,-3.216498996444405,-1.8140617496651623,-0.6777293276417207,-1.0007938962768064,-1.5305672110861654,-0.8790871064058903,-1.23286926163735,-0.5528525161829682,-0.719138229065162,-1.1521498184952053,-1.014463539128636,0.15510868819563506,0.11180103811667716,-0.7701232750024455,0.12906613095552294,0.006901300200231247,0.04899936398503875,-0.0061264026093371384,0.007693623427171881,0.4729175135210989,-0.3981276176926304,0.317579371909092,-0.18784664614632068
630,9.81,3.8082562668170907,2.5759821064245547,-0.4349144529249429,0.06574486669702456,-1.1727578946627395,2.167276578584894,0.822286569937531,0.12714168884772648,1.1749910405348183,-0.09386879923084562,0.3378524609525081,0.4324012783964726,0.07894696095427725,0.6868501116218614,-0.3587300033704459,-0.09364785153164612,1.0276939909293152,0.4958550168999112,-0.044099099536066916,-0.06246767257590265,-0.016479931291318348,0.21358188648049745,0.0,1.4020790783685917,7.3876869754561785,-10.85742103273002,-4.688074658777063,-1.7801923207440415,-1.5640677709507376,-1.0053625106438768,-0.80943890909338,-0.9208437767787503,-1.0804465570114865,-0.1900157440808874,-1.7560069302620258,-0.7363495901532637,-0.08421451511968517,-0.7064259102334564,0.21238847081616338,-0.27774148173193014,-0.32998273982857124,0.19059738904262724,-0.004306083692326169,0.04639776875620793,-0.005449110463848083,0.008028536616005088,0.4817066935525389,-0.3836292075243417,0.355103143176537,-0.2619256164699956
631,9.81,4.88055451326338,2.0100175038185464,1.8216633938855837,2.9774593545376575,10.009491899289628,-3.489931968246548,-1.3434802100606684,0.24482836643700856,-0.7680514858541337,0.7872877564389686,0.12259829536335598,0.2820238410293271,-0.2129010298765086,-0.014372957267987457,-0.16280173705949974,-0.5281991048440926,0.9807994884414424,0.5381681909903675,0.21473839179790472,0.48871505924936215,0.21762495227839795,-0.1753558154491514,0.0,1.4248774491220886,10.730996300158266,-4.033745333833725,-2.40967676533111,-1.4875304878372562,-1.588202691597502,-1.2461787119999477,-0.2570258877327971,-1.425968720267856,-0.8470375366979439,-0.30329032624987984,-0.5381190159616016,-0.3703251628120772,-0.23448845446611966,0.09061467903878345,-0.5726505771321412,-0.5729094093623562,-0.4283762792228555,-0.35934464117287446,0.018036271226589934,0.056983200844279144,-0.003906343622576642,0.008753779389488457,0.4456241976600741,-0.48360030176928304,0.2571357345016044,-0.21064802446950853
632,9.81,0.7670039962947532,12.790024624891393,-1.0622554604882897,-1.90719924678623,-1.1711859523508807,-1.9918333253390437,-2.7750811465205056,-3.688147045474121,8.483652420762109,1.3927859344535027,1.132929539404238,-0.5902532387016737,-0.6178933515175197,-0.11700888855753244,-0.9803523717483081,-0.5278560364370541,0.11081385134383115,-0.44629733803642824,-0.15037709885449485,-0.16241958011012964,-0.3821957953581175,-0.6141970048327068,0.0,0.32801817578947956,-0.16655170473950653,0.23706152013956794,0.908435719767354,2.3619981132669965,-9.549052301748171,-1.870437183973677,-0.6340534480317281,-0.10490352780132695,-1.4239140237616665,-0.09060659955193617,-0.611708250953719,0.12137746352342282,0.4348567318030374,-0.3795743217996159,0.604090715534422,0.6616968872813989,-0.03860266250665503,0.3706103934454081,-0.010517380796913752,0.048009726797917616,0.006516635774159903,0.020421901249082292,0.44868539461932283,-0.6082703046766982,0.9117365405207767,-0.22102468032706452
633,9.81,2.4486563631204072,4.0062787689403585,1.9407717534028028,1.164182778083655,2.2235980079209123,11.444033848709493,-2.5051340349080142,-0.8022165946739725,-0.3570311574471483,0.11364990348959614,-0.39215790062547173,-0.32917150433085096,0.03902407554644105,-0.2506610318739308,-0.4478257522164847,0.17011883365426228,-0.19963287399794993,-0.3934232135039124,0.6839103990020732,0.5907993129601086,-0.08153017019233166,-0.3557758215040487,0.0,0.4596869069185205,0.7389580761251229,8.19322403991087,-3.2630148070772327,-0.6116420923588761,-1.205474794553936,-0.6961537120384842,-0.2133529254698182,-0.945089784853183,-0.0014712903676488143,0.06280388642302859,-0.8068035993582383,-0.8233715169180226,-0.6645197509405251,-0.33351962552801984,0.3381581119744122,0.014734730266192153,0.09407639219707807,0.5007469035720091,0.019215561914879237,0.047398885458685994,-0.0017038549366508468,0.00865078310862037,0.39391918320162334,-0.3783053464111584,0.22127969027692518,-0.18856362269606816
634,9.81,2.140393081296935,4.583270281389527,1.224287854725961,1.0723415789198267,1.2290135316157862,2.5939466317253426,-1.6108921312573958,0.13448710313498896,-0.47946174335212194,-0.06063749438541122,0.7776445114151822,0.2647818460434621,0.17320774775461614,0.2682048736334466,0.5998268345920484,0.8900638076654361,0.5636496348477119,1.2058297754586023,-0.21755268231031455,-0.3511015358369858,0.11991645341764139,-0.1414490048785947,0.0,1.3182941379775222,2.1514359901988143,9.752394812451405,-9.017699855020414,-4.184187046162024,-2.767060668887049,-1.535343229641514,-1.6664797770233273,-1.0828191579255528,-1.177262535607654,-0.03838321024399982,-0.33828494924293506,-0.4091443410399872,0.21722644938201885,-0.5766354234633166,-1.38061813313653,-0.5522081569194417,-0.22387540182541338,-0.26401368042457235,0.012121661927979803,0.048702795158852064,-0.005117306470476345,0.00854272437324872,0.3609266162606182,-0.4467776274771962,0.3062879848950148,-0.28483893549629424
635,9.81,3.450551470479148,2.8430238134189523,-1.4201497915511192,-0.7967871202946624,-4.016590637874025,7.564614496119406,1.3308974956486763,0.47772306213430904,0.9732700749356309,0.9816030489178962,-0.10060959856375584,0.21743864720756173,0.21864813120357274,0.4649920923806051,-0.4502128378781867,0.6207538272815993,0.05436335202472761,-0.26934959753743787,0.7229622930670812,0.1438983696995812,0.28255849691902973,0.43732111228705234,0.0,0.9621110328850226,3.4981635581200994,-12.193701639249024,-2.958576116836179,-1.9993220207878801,-1.7598834847010452,-1.2289060590638226,-1.8868049785546213,-0.8814553928673001,-1.219158436661785,-1.1697512737457538,-0.2442609609799643,-0.07290217753272188,-1.3979571721552615,-1.162862360376388,0.10814450889236579,-0.3553763542043484,0.4811861153069033,-0.33932287835208896,-0.014060889025258611,0.055745148062936956,-0.005379827188593684,0.009430824067718512,0.46682513970950823,-0.4562307937614879,0.23286314683617995,-0.2719369005822176
636,9.81,2.88869512457122,3.395997007976443,-0.018725683849020847,-0.7720150484007333,-0.8585062783559411,14.819055198549453,1.2727769546155434,-0.28666350374311067,0.5507661633325063,-0.48776606698535474,-0.6294778525615994,-0.043493495994122,0.7730088705771527,-0.26393676225558516,0.18365428502165881,-0.3628111699390139,0.010912830670636253,0.1546265481238565,-0.4235756720382604,0.30815325139322697,-0.6035903194535488,-1.1175675625377077,0.0,0.4059130905237344,0.07865460815158377,-2.024391192964898,-0.037445603715898876,0.07401100880757212,-0.3094148090180586,-0.36772497197066845,0.2349817972130741,0.7296153250255707,0.2879871212371375,0.5552485784035563,-0.6042931651974707,-0.4257481785386381,0.35869035220160284,0.5051369136540449,0.08583850565139453,-0.9575386942537737,-0.801075598865812,-0.22351952068372932,-0.00018540281038634886,0.04805788806461642,-0.0007041412573083372,0.009210494272200354,0.36468160363941304,-0.49727184571009947,0.3222672990402781,-0.2838869929506043
637,9.81,3.065846694766289,3.199768604459794,-1.5589897757639832,-1.6962574696574282,-1.9554377727359964,12.152012229243558,1.3091109046034726,0.14123325023367772,0.47055903577393754,0.22985944554037796,-0.40156622342843007,0.3653812019327587,-0.09849870817021678,0.6749421123459808,0.8691091444359959,0.3149953097848277,0.33971772144789475,-0.45473292967295004,-0.15023990524860986,0.5804370126192218,-0.500336697558373,-1.0167814156606687,0.0,0.6700010039577539,1.7910193683882873,-6.544002541911157,-0.8949082958440624,-0.5958722193597717,0.4540461589152318,-0.09338972256972439,-0.2825264161743348,0.0070053155434565695,-0.7015554209948245,0.2555828651113493,-0.2395424176180142,-0.1373441823388729,-0.12137949433305628,-0.812600013290662,-0.1155952220692764,-0.017699361477129555,0.4717443931781153,0.0291309838094547,-0.01543554233429687,0.0428098805562986,-0.0017384637596346752,0.006594617401091682,0.342983173154401,-0.37497472910976404,0.25122065562443263,-0.19400357747264288
638,9.81,1.139191064943111,8.611373721132454,-0.9601454833560054,-1.300349823130049,-1.1875608136469997,-1.0994336949225132,-2.5367655591344818,8.32473995882825,1.2395592886798272,0.5215106159351685,1.3027319889034599,0.7733933162326857,-0.013157825355973984,-0.17131083901936212,0.5652634281065276,0.116031145251979,0.380814956174085,0.24711421975476044,-0.17344585053227493,0.6342126678536332,0.8088366087785501,0.8438289119957814,0.0,0.7333735988222012,1.064817717749191,0.8532523405799528,3.7548809947782953,-10.547146550144127,-2.4649859912967123,-1.5690785768353857,-1.0154697064531457,-0.6795116760455877,-1.129329939357577,0.06347284350455273,-0.8547784922913311,-0.3921408243345741,-0.5668075038031499,-0.49179468558768696,-0.013361226351446154,0.05977744873677776,-0.09484422948986532,-1.0135498253617077,-0.009506390924316892,0.04692848237188683,-0.0029692578069715576,0.010698563293668507,0.4030599009730816,-0.3584524790570738,0.3410276834447485,-0.19269096467838218
639,9.81,4.735085169777924,2.071768436735445,1.4305240777642045,2.2950091358258153,8.128053776074495,-3.277643015977858,-0.8525952572367432,-0.06662401274662177,-0.5489181210752481,-0.041002004471656917,-0.0659595417907024,-0.8058754632588391,0.5187713807533665,-0.12820659709558585,-0.45843567305969324,0.6805155365694148,0.2789084620115539,0.46626043703400066,0.2227790478177854,0.21381748350630642,0.6204623346368021,0.5046552778626126,0.0,1.602834789918121,10.05495865477152,-4.535461798047063,-2.501404934647865,-1.5682466363034373,-1.569599243615157,-0.9921076661229571,-0.4360684396360739,-0.10698906588200585,-0.5754332048733775,-0.19527635008116412,-0.22936071496991706,-0.1663761048717589,-0.33971914337082165,-0.5514294304935898,0.27107115264183274,0.019618253004329927,-0.07360340356640058,-1.1876805864593916,0.014163604730338666,0.04623608689488956,-0.003357776544337407,0.0069050978787964686,0.360814588175903,-0.45522877814533946,0.2995716780984462,-0.23018853180637444
640,9.81,1.9624177939837082,4.9989355121396954,0.06490574928029691,-0.7076756904568394,-0.12787890163561022,-2.3579252492862754,2.938986901302859,1.085584272936761,1.1526463157648092,0.3314692521134264,0.15132198519633527,-0.008613334430022879,0.7700128591048269,0.8681718092826896,-0.12913742374272844,1.0726834140304926,0.2877185281783036,-0.32894520293478247,0.5713900104637516,1.0512160734431908,-0.9606119479534321,-0.3952546820516772,0.0,0.8537675225507835,2.4434241331118427,7.3606570529521775,-11.18103187147577,-3.4833589833701804,-2.427491822978382,-2.022451074871637,-1.6291923221195987,-0.5129808119931768,-0.2026017388891519,-0.613270760201089,-0.5281306479393777,-1.0432630911318281,-1.0269380229041634,-0.7302374186222396,0.31107703539590864,-0.32338036728491176,-0.804532468170107,-0.800430795000321,0.0006426311809930359,0.0495628079948347,-0.005002035162669647,0.009531726677237708,0.43989601104202575,-0.3972914483171125,0.3070289306317836,-0.17698166351224515
641,9.81,2.269467972620813,4.322599004854551,1.5569046873377783,1.1366049243770915,1.8970624346825216,7.460481335210911,-2.740115176475979,-1.056660326068006,-0.23537129084589437,0.07285336548996357,-0.3014436192496345,-0.051485234349121445,0.011061833067189664,-0.10725531309709563,0.48847245354453234,0.5513285001271521,-0.13098346387370507,1.0692379325486332,-0.021411607128837773,0.4732152556141977,0.2225006144301382,-0.18392314654432562,0.0,1.518089654499166,2.218095636194384,9.989199663771409,-4.712793875170358,-2.7365495146701315,-1.1830245150820367,-0.723676332565596,-1.5084643339758095,-1.0049718425361451,-1.4290246616333306,-0.8074278879594355,-0.621972744132823,-0.5647516384411486,-0.6599818465622986,-0.9638752087900361,-0.44452708838995636,-0.07580210722423625,-0.27020363474682885,0.663120110072674,0.01541489789443346,0.04454683408167004,-0.0019298736170946954,0.007398639888192935,0.3703661141589599,-0.3330899970251689,0.20736507870825588,-0.217883279133952
642,9.81,1.528686224727392,6.417275070133768,0.44230628614807055,0.5094699059603607,1.0128635515544375,1.0244613095714552,15.286128337295477,-0.6828882909624701,0.30567225859302094,0.1690388508111742,0.04216339951532522,-0.18264303080747724,-0.159218246794118,0.0380481958461758,-0.7599853215109125,-0.9200863737676513,-0.5811439551238338,-0.4887472757616804,0.6882007990693306,-0.42192363078024653,-0.2543367501341639,0.31070287053090884,0.0,0.7083963933070966,-0.07102747575673554,0.5418283089667072,2.5964243809912237,-0.33938018986142293,-0.02113806315677741,-0.018716123780513738,0.06070772274515335,-0.9257830384173342,0.11996837396356652,0.24857978861488994,0.37616950264172866,-0.7840854769174653,0.15242790829488273,-0.31191929264748997,0.40135537912888297,-0.31578051889085823,-0.09312493880100847,-0.538066984187079,0.004379270159881889,0.05183754619663229,0.0005818211781496507,0.012291964655488598,0.4505239882111685,-0.3647624785998356,0.22634456147000412,-0.36643911906969595
643,9.81,1.8651260886904462,5.259698022286449,-1.2204916025054744,-0.9130380155574227,-2.345830608155934,-3.1842011592636155,7.1983684791131815,2.0471982249372207,0.947421846723324,0.6748332855330055,1.1882598807634335,0.3570849826742044,0.2401703076650834,1.698432793429734,0.4792968732967995,0.31269619518442937,0.2423251001326153,0.5308174567810857,1.0185153299537426,0.3555245648116565,-0.3213018082813771,0.24409267082588187,0.0,0.2459398046834495,1.4734049545495351,5.666368107659428,-10.75457587888408,-3.2318160226026533,-1.5430682677637404,-1.502923002986244,-0.7558696000678999,-1.9142109668397624,-0.34893754138106814,-0.5255447325101404,-0.21392548380990234,-1.3572535042548786,-0.5723139813892235,-0.18598967487110246,0.031825058311315796,-0.7696570225861461,-0.44030693158206097,-0.869360940906721,-0.012084075272331431,0.052245446111163066,-0.00516517479108006,0.008977038923080953,0.44744741185918013,-0.393761614143506,0.2501653381585633,-0.24297773096602432
644,9.81,2.2043515912754374,4.450288256567972,0.5438600979563011,1.3570253427367005,1.6970832827216003,5.039927591662332,-2.5309792567031186,-0.17553871739977323,-0.2934619296088519,-0.5699178364217942,0.21969333246799372,-0.6746770143621804,-0.3368164484639654,0.1269723200028296,0.26155337253456057,-0.03237378287051734,-0.8219747093027925,1.3768217920715866,0.7643136844086007,0.7910768989340096,-0.46226964262420234,0.16681105525015275,0.0,0.7059081594499236,2.4575215938042607,10.393446021544847,-6.662203469304971,-3.0238353843636907,-1.9953920443266222,-2.3866715856969316,-2.1775869310589084,0.07714473322487703,-1.7043404950690966,-0.7981259218244201,-0.674029361942286,-0.3183797496307429,-0.18914601943040793,-0.3109101696434851,-0.36277434442790646,-0.10887584113074614,-1.097077221479952,-0.5153970177681837,0.005384753445111896,0.04803291489048887,-0.005188608337845374,0.008991744066446879,0.390469625015774,-0.3592528731673316,0.3282112839148926,-0.18871485247139042
645,9.81,1.672720504381918,5.864697643330955,-0.5798502633094361,-0.45047012421621946,-0.8490330380196465,-2.3827988484159004,13.592742306863409,0.9800774871907829,0.667984474091139,0.07780926454491666,0.4849411070297558,-0.4831544558723482,-0.08782240212827241,0.7877077533325842,0.021597583870182457,-0.7091483286852893,-0.006104682268055661,-0.280317451904858,-0.4202652426629155,0.3876754649811475,-0.5864370004798469,0.3718594838503237,0.0,-0.33573898813118985,0.1325422510181762,0.22361548391964217,-4.718976496178344,-0.12692417905038023,-0.911196025952022,-0.3701022643121606,-0.3212821406813618,-1.3796420667701876,-0.4537007021633568,-0.21597191779391045,-0.8378394119342095,-0.1757062751297725,-0.07288593052665054,0.13659997733867021,0.1521870241970036,0.516360239989727,-0.6923341757362969,-0.420858008170244,-0.005741091715935023,0.04527809439351141,-0.0009541320492593478,0.007943343556354128,0.4241908201513774,-0.3731131458964218,0.1947468329645265,-0.22791639216775003
646,9.81,2.5407434528640414,3.861074595682505,1.5803118582218836,0.8296058503275014,1.9443059690863378,13.393127104970489,-1.4929841080431119,-0.8343139802835045,-0.10211949507349338,-0.18764655947106035,-0.25859644019556705,0.3790896616372713,-0.6492209022790897,-0.5206527381094026,0.604688234706888,-0.14436773070959563,0.30809985006488194,-0.21031767597856227,-0.4012508579946695,-0.040080363129456203,0.13504898931613174,0.17151257412337678,0.0,0.16240304969201616,0.331781827657586,6.129546108995211,-1.2882916336084436,-1.1609927322437208,-0.6909093193118376,-0.18624845547635055,-0.7223270867555033,0.48860824099116945,-0.6614623090490952,0.029959789086171584,0.25966129197884674,-0.5100200891645079,-0.20318176506031677,-0.47150689859853057,0.4625014074228456,0.11215629588887756,-0.35319936089148757,-0.2996627279439611,0.015646652061602814,0.04724412118796784,0.0003334018408634565,0.006976764851938203,0.39684555413209843,-0.3610947192414946,0.19125998456846321,-0.2582190314910833
647,9.81,4.24890337808387,2.308831038757116,1.145804162458809,0.8617716918159973,2.963548825093862,-1.6210741992804771,-1.0390111345091249,-0.14138519196014904,0.2343348204348013,-0.44620301146385644,0.22583568486804004,-0.6448896170039047,0.4243941618118012,0.07644906164381304,0.4521011871845563,-0.6142824138498837,0.27109409917859767,0.2658813866836175,0.21681814549919573,0.0442058747137124,0.04662622196060237,0.040640537170429786,0.0,1.3175571868926081,9.817920457711242,-8.995009322323922,-3.859712814088165,-3.8816546129134553,-1.8079240527871936,-1.423194843606702,-1.1982330223473658,-1.4675808153149132,-0.8259444493183629,-0.47787362335493544,-0.5996633379301537,-0.6747751569997329,-0.05121240220980616,-1.1081464539006451,-1.612071304350708,-0.11345885456798604,-0.6915083394857557,-1.0064926379938375,0.011344595667908996,0.049607663436350494,-0.006507046259666654,0.00687344573907363,0.39501802741827363,-0.4180111431753829,0.2042198642221814,-0.19481076094591157
648,9.81,4.296497599803386,2.2832550867592527,1.8224383474302877,0.8108033987276357,4.133119316303097,-1.2239260047261618,-1.083286815383568,-0.11443397557734802,0.32342356170981873,-0.9295563978743007,0.17788909419851284,0.394423743660883,0.8513412952224523,-0.10565271181738425,1.0238974792211224,-0.22989329260817915,0.840191633167455,0.3607391241797229,-0.18742503972119726,-0.18047750793703687,0.061645978734362776,0.29540173598286645,0.0,1.3101787098065445,9.424804662511129,-8.407781370112057,-3.9634037428901108,-3.176454469661068,-1.3086085222632593,-1.093208712744563,-1.8438147149081063,-0.4199820278486969,-0.9597198070078108,-0.6628007010322948,-1.0170427825515405,-0.36074397580101386,0.06477726750460316,-0.5182207077948521,-0.7800619197327673,-0.6082487601066265,-1.5589274710522074,-0.1871532726681725,0.01804394403396325,0.046977600789349844,-0.005010720881246291,0.009241757244819815,0.40790427992093314,-0.36237811879280146,0.3322031084181467,-0.21714911760490607
649,9.81,3.2554274117286286,3.0134291935543116,-1.315295702078909,-1.241269501391359,-4.6485357705671895,9.983500131425997,1.485988917913399,0.6946137011136517,0.8273506395268138,-0.36114471890810385,0.10474148648108128,0.9854806160133008,0.3629318451504957,0.5268058735359957,-0.8320191978511473,0.6959183486159627,1.538390193956841,0.5897167933257375,0.11243669438079287,-0.6321643760327404,0.1646342968040892,0.44424756937376164,0.0,0.7315380027605617,1.841105908316901,-10.02325288451696,-1.9410916404838263,-1.9291935337394581,-1.167377872933995,-0.8298672269578602,0.1431160475721711,0.31296357448809287,-0.23862877536725058,-1.7796048337368158,-0.35989459332436635,-0.6614143259293377,-0.6405370472726246,-0.21186541364856348,0.04673679495453256,0.47917948558256196,-0.4006879501014593,-0.43848100094577924,-0.013022729723553547,0.05139788077845321,-0.0035098663993003904,0.007895989450887658,0.3682416113129632,-0.45419859350004116,0.20399234717405812,-0.2841609676401926
650,9.81,2.9871926849991315,3.2840198254579125,-1.5293082551088315,-1.1365865361574778,-1.892599906932496,14.101261826427834,0.7285261029116055,0.8763953348239268,0.3341142995839308,0.4844620529589603,0.2912262153203313,-0.4189528449243499,0.19046073439897893,-0.30167198141035356,0.44784390980200106,0.6637001894455179,0.5171808048233308,-0.3428261135319822,-0.6387876275442897,-0.05368121854741792,0.1597091651329276,-0.5928768329688685,0.0,0.7510745457250867,1.1148210369857667,-3.809178568281491,0.094900690726442,0.2924956013663661,-0.23649298832681898,0.6820861821558409,-0.6494184303849414,0.6696794984657986,0.37624956930283915,0.026267439735036792,-0.6414385534320273,-0.18921240371849032,-0.12794736662824513,0.1315726409019225,0.6004434081881118,0.39625811346366774,-0.7592373306909966,-0.11016252170664599,-0.015141665892166655,0.046828581617334254,-0.00021935155920366252,0.009104833330495027,0.3595868899260813,-0.4997221753098281,0.34425275322239235,-0.3897275720931758
651,9.81,3.2102720398811786,3.055815793219536,-0.6675833154177999,-1.9303280405508385,-4.438727190259581,10.765449981644963,2.187512495818665,0.7689916055649846,0.023214611778860528,0.2931544531428605,1.396560001781583,0.11594660091142195,-1.3260475611743021,0.2175930206093486,-0.2588809854681007,0.5598440832305244,-0.28004179539625085,0.029011574665934542,1.3188502626495249,-0.9254719907519013,-0.9236502120503358,1.2034103867198258,0.0,0.41648088949785556,2.105753898697478,-9.08829899666438,-1.790807192282545,-1.9777751838299378,-1.1676955900123664,0.34559410694134113,-0.326930391248078,-0.6065600298077637,-0.7938821335734401,-0.27832112502246353,0.39917613814787917,-1.8059532935177858,-0.727830526888285,0.24025853802396147,0.31306357469031887,-0.49600451827891373,-0.2290883255158837,0.4332037462202536,-0.0066097357962158374,0.05386255244091698,-0.0022862269199928863,0.014818500977316573,0.4997035473617264,-0.41392555976336665,0.659091139018828,-0.584064721617261
652,9.81,2.769074406202637,3.5427000365269774,-0.7736465355337906,0.12382523078628616,-0.0130199640300237,15.30730962546782,0.5252928792147549,0.022243225904022612,-0.35296311060435404,-0.22598009572356026,0.06921250869032503,0.17982910532927132,0.34836181853755477,0.18977160544243915,0.16047354907286354,0.1832616423704035,-0.09063494865309679,-0.17813974268132513,0.40279397551694773,-0.07255898629076629,-0.7962492031290835,-0.23715903785193265,0.0,-0.1265154517969578,-0.11729465832624023,0.44596870310147463,-0.3311898358460078,0.08767124667865414,0.23857196653956497,-0.3609411432708982,0.11248424538977679,0.5761469991637176,-0.0393294234483104,-0.47655517315686996,-0.2979625828772432,0.23728522729851229,0.11854581758504062,0.38247919053790175,-0.2950977680327854,-0.06944093036316601,0.010209179113298404,0.2782990794601936,-0.007659866688453371,0.04826442707774397,0.00020897407305731392,0.007263491382497169,0.33935229703619657,-0.46250753729415894,0.22306983506218486,-0.24145813391321794
653,9.81,0.8195092589926074,11.970578602197946,-1.4546305613540618,-0.8376633589582558,-0.5757519243601658,-0.9228073634066436,-0.7369253916210132,-1.9947664354799877,1.9146654372319647,0.27373967199751637,-0.52109285379818,0.6392307019707468,0.12718589797451973,0.5383879499476465,0.18993415233587413,0.31423682691531246,0.5008266019330007,0.9090357703702384,0.2956721356952907,0.5254260377981362,0.4286795746549875,0.06916772120057144,0.0,0.7568023553727476,0.7969787661488554,1.0835303369464149,2.386214264590768,7.433935365948644,-10.950479822983102,-3.579592942795913,-2.0839291829962048,-1.228439613979379,-1.2192734704433905,-1.620422767403175,-0.8287947106337361,-1.3281955482465726,-1.071327589351204,-0.7503037624761929,-0.7018414721661055,-0.25018694073865494,-0.6968536817875897,-0.8451341698926766,-0.014402282785683776,0.04656490456119606,-0.004881664891746149,0.012184174943138665,0.34055348115887957,-0.4821007217011658,0.2914693167319351,-0.2936358756479658
654,9.81,0.9589818963900987,10.229598741048024,-1.3351081603671573,0.07409330407598747,0.4136432001935324,1.7679224728946308,1.6425749147722857,13.832337825932205,-1.8531278831350075,-1.3179727792296645,-1.2355318566733495,-0.5196629793851826,-0.001804527294892666,0.8041437457988002,-0.06551834436001824,1.1409368785787577,-0.11729104087061365,0.5511079175416196,0.8229488717628997,0.23214011824222508,0.661572525217888,0.4302108011764646,0.0,0.07719523472050563,0.1820526202514824,0.6412703267956694,0.6376667365006865,6.057542202420744,-0.8156280440007151,-0.9963336195608813,-0.9279368631754632,-0.8478577426958825,-0.6796287342603327,-0.6493216427970119,-0.13210794934317904,0.4304445057400199,0.7440536195919694,-0.12997001981300635,0.4700381124796052,0.3980613725890616,-0.3545893687434306,0.1777585927633892,-0.013218892676902547,0.05154993678088593,9.660230056617175e-05,0.012508894924093189,0.35583279253246836,-0.4590349092604474,0.2256847182958669,-0.26831090361299814
655,9.81,2.6540023414985927,3.6963041993628183,0.38797153219488834,0.4679863038322256,1.173020831324825,14.352492612663816,-0.6221386862121683,0.006738672910750143,-0.6575781173794953,-0.5455101349162068,0.4502632382388221,-0.25897183486248987,-0.15942754371338574,-0.3056762178415978,-0.7422703474061767,-0.4212179468260493,0.06744650526139134,-0.2116393745861425,-0.16231812909748666,0.4537338258752172,0.514372044994184,-0.17856677950540795,0.0,0.07521146188084787,0.28136495565345404,3.8299657821524953,-0.4494777136311845,-0.7094863250674397,-0.6604971757878507,0.22795051083471685,-0.14437406777154094,-0.19841662249563913,0.043551060614188564,0.3069447769264071,-0.16145631325074433,-0.7228842793060765,-0.016923455409940905,-1.0930020386231805,0.04134795015863865,-0.029248008550120056,-0.5541309080382872,-0.23163182994378673,0.003841302298959293,0.047055242898332565,-0.0015322495575119533,0.008252070725575851,0.39298797105789535,-0.3652288817323218,0.2040037640879621,-0.23842526940110262
656,9.81,0.8322882864154674,11.786781287347083,1.0457319113881625,-0.17258701274621485,0.5088553667388576,0.7075756885789305,0.6474643571758094,0.08898606656839575,0.7834952896093955,-0.33433164865707765,-0.08278562893048247,0.38614064719529434,0.3829644678684712,0.04152357100610336,-0.006229256805296943,-0.04383716013113074,-0.24211860321698092,0.1786413578073946,0.21271229112069878,0.7393524459728417,1.0442930156695187,0.2690755385021294,0.0,0.4952383804894497,0.07028877645080067,1.0691253746165197,3.1489929575093893,8.79230613464399,-10.065315585681331,-3.525849394801737,-1.9531361442152333,-1.2528131280273662,-1.648640276925472,-1.13316873181999,-0.23535203416163897,-1.0736150775625581,0.0905875292563828,-0.831896213136511,-0.7122076901047,-0.16128457598206142,-0.4632529548530132,-1.5530193832319723,0.010353781300872897,0.045647316921069284,-0.00400715175263313,0.01167204407460683,0.3518000581266296,-0.39443685246167093,0.3029947484959086,-0.38208250823844003
657,9.81,1.0837269393597255,9.052095729756267,-0.9465932323276245,-0.8044828004580857,-0.2732848267422485,-1.0252108079647786,-2.632570151351377,11.826356411425971,1.6895182121242438,1.0929401153312353,1.461726749986603,-0.16312254981224827,0.4806938629435309,0.12277377795603683,0.4821219403321739,0.7075251033839283,-0.42737926803290804,-0.0032206220772986738,0.6249127857821832,0.06721438748619613,0.18759762733663898,1.0963349066947028,0.0,0.26966984363747293,-0.25386675911916023,1.134642949615897,2.310282610659045,-7.12471074617973,-1.2084024695237527,-1.30354425019035,-1.4736652087506092,0.6659214396248596,0.07616543926597463,0.041084938404279125,-0.9413161014715443,-0.23781628469316007,0.10425656465553568,-0.2019427358159191,0.09124688559519892,-0.8237687537242375,-0.7824075069006081,-0.8711875548622529,-0.009372210221065588,0.04696448172936749,-0.0036143118240155496,0.013013647318034859,0.5356464409325501,-0.4293550375330605,0.30191021045104627,-0.25461485947616647
658,9.81,3.315975213893349,2.95840570788884,-0.7083535320685859,-2.304955412444164,-3.542184703177322,9.063411192606736,1.9898865679699673,0.7124414005264386,0.500346322032919,1.2254764679580825,0.4330552725006884,-0.11195128010410249,-0.007265597496960208,0.9222704292327017,-0.7677299143748553,0.08617735451284675,0.2902770365523568,0.4744300928663051,1.0722061278859032,0.7324127952025878,0.5971045717556052,-0.258032400841417,0.0,0.8832249529133205,2.490236299802496,-10.540716365733804,-3.0622126009800748,-1.4523000933169843,-1.192665869827445,-0.9691665675852119,-1.176867195615381,-0.2738328264545059,0.6060673654205352,-0.7320452101487471,0.3512836652170456,-0.6602618052470616,-0.5488637504701077,-0.12312112256302266,-0.2182959580290001,-0.3484002193683594,-0.3050767037108178,-0.021389663105474264,-0.0070134013076097665,0.049955948270720044,-0.0036554800924358554,0.006321415619042501,0.3705146378845582,-0.41854952010851443,0.24369793542626567,-0.16766092365954352
659,9.81,4.755127750368011,2.063036056022003,2.6635826759902823,2.664089864820598,8.597347125886238,-3.3859727623404594,-0.9632342862583507,-0.3462868256020878,-0.19650462286987525,0.2800441278621144,-0.3418353563651165,-0.1386832833969993,-0.07713030716184732,-0.6124882339178882,-0.1455571398791569,-0.1711367789934301,-0.5687272858395356,0.6604691552090525,0.6227103856075686,0.6810700784779564,-0.5220983291169533,0.47590494034067604,0.0,1.1584160682279467,10.470266431423514,-5.015174997887795,-2.5636296018514972,-2.13969279474611,-0.8192140835379874,-1.1306851223884382,-0.5954305552518675,-1.7230784198589468,-0.3120490538662257,-0.3608309334088905,-0.2035775060748839,-0.40619845078389216,-0.28766372363673703,-0.3902416155098879,-0.40133551006793344,-0.7049879997927284,-0.44675678142244585,-0.017068004441107468,0.02637210570287408,0.05169416200887686,-0.003341088673220331,0.008425931302273364,0.443235978833852,-0.4429966829773263,0.2835380806112021,-0.22589618698850938
660,9.81,0.6564334013874263,14.944394936738066,0.27075380227432966,1.2851136933624465,0.5746477440063266,2.0808461356759773,0.118906167223365,2.291992485194384,11.017737439266636,-2.0710907343503155,-0.7662017255521063,0.21392565460951507,0.214617746623036,0.027327126936094848,-0.5152661485899933,0.49331264470239694,0.7814629092509489,-0.4706233003417737,0.347199118120265,0.1378296691666565,0.5947509513828884,-0.3456144625891527,0.0,0.4018026443493119,-0.7791020861341977,0.7577897169564035,1.100468155249665,1.0303920401003381,9.7269591050806,-2.1925038547257767,-0.7619572075458358,-0.40806405276604174,-0.9462401533048019,-0.3827652106443491,-0.22426775154956946,-0.6713800360249953,0.27684823164949346,0.15338087672892997,0.5621836266343114,-0.9921869620874548,-0.4837892331496204,-0.06568104800574318,0.0026807307155874197,0.05108706364619257,-0.0005412820988718747,0.01456075544935322,0.43853728015222687,-0.4334871583114663,0.2956428101304434,-0.27034316897151744
661,9.81,3.210417697766755,3.0556771496818236,-1.5968699319816348,-1.1368731958797016,-3.5189328657932424,11.077931868212115,1.3987699994434148,0.7205161381271752,0.7539800815381847,0.8577359172463734,1.3335816065326251,-0.23260389563808193,-0.7076637688613161,0.5028716576111886,-0.5694026415857443,0.0668011159733759,0.10956875284910284,0.6838313328065229,0.450486459308562,-1.0050848777752448,0.17434269814655,1.467671401817828,0.0,1.3447555779419236,2.017478812260106,-9.191932391200094,-1.9864598737531522,-1.3379733235588374,-0.6087900877466281,-0.6206482404687598,0.16691473464319495,-0.4518217884434084,-0.7155266563465766,-0.7146723775326304,0.4315416989377423,-1.1631667449941077,0.01740938883240778,-0.7744765606905032,-0.07571370708016373,0.6460418873298008,-0.9220429178784295,0.4326432486221744,-0.01581059338595677,0.05204984507018685,-0.0041888458471129025,0.01125924442506635,0.5741871489760229,-0.3956325956120313,0.29216855887857984,-0.3112792586042752
662,9.81,2.5362026405908717,3.867987456126343,1.820722677733996,1.8225266557761972,2.606173621747965,13.350814559522613,-1.3733030557396149,-0.5465639012722106,-0.7874653294892269,0.2886367874384521,-0.4383871993362439,-0.004446151423917244,1.0495211752812446,-0.031895479487449196,-0.19745375816370492,0.386095173546636,0.30072517208577393,-0.47466426910166,-0.36221871599916655,0.12502560261662465,-0.5511724181961355,0.5277411773246828,0.0,0.7732186249901857,0.9531712028556316,6.067864620057285,-1.165014452423151,-1.0263164810927272,-0.919551197754143,-0.1662247570003521,-0.14757889407083136,-0.06933375223836463,-0.48853001578118077,-0.1708159268292343,-0.8733974985084529,-1.1142944899365967,-0.6724080256909948,-0.7276850837994648,0.07601130726299926,0.6669953528526181,-0.5495703321985437,-0.32277587018641796,0.018026957205287075,0.049411072954922454,-0.0007347094035361657,0.010166945829347901,0.5155451106368183,-0.39116334315833523,0.2519461128017655,-0.2953466249161181
663,9.81,0.6777882454694453,14.473546960386518,0.7814040486526118,-0.07935198373588714,0.8233248870259123,1.306404479402277,0.2746804737345183,0.9255758553567324,13.732597380917326,-1.598772712507425,-0.0745671697319672,-0.2133368922715626,-0.7542012472201552,0.37314806192524586,-0.028424274481882006,-0.16824876092707852,0.7822685407158813,-0.22278300290011543,0.757973998450966,-0.53377251780473,-0.10057881427618612,0.10770279731295054,0.0,0.8647686561963259,0.10505124402763516,0.46773469943266,0.4810759797761568,-0.0489566942161378,5.931785290888573,-0.14497871642374766,-0.7448199947437975,-0.3089452821326012,-0.5943974624945021,-0.8844659753946784,-0.12581762049007272,-0.4327596800992075,-0.17564708603539933,0.10318164243677566,-0.013459937124582787,0.23059136455796791,-0.5665747975380258,-0.21254296499644346,0.007736673749035759,0.04801616703339199,-0.00020266241008972842,0.011797448672841064,0.499987892643007,-0.3700929478832461,0.3565076593354836,-0.23625855250177713
664,9.81,4.011674202684857,2.445363083930034,-0.07459437619438464,0.0775843149865062,0.13816912886574173,-0.394144301280903,0.696465274406717,0.8464574657856121,0.5757243794550004,0.5681064674044416,0.6668583912582247,-0.03258391522575502,1.1284912353945142,0.4462623689727937,0.8769005301557948,-0.04330567027367564,-0.13059131149511685,0.35620037728647846,0.2504764592957787,0.5434698022112779,-0.5571494812059768,0.6332664170426633,0.0,1.8917463153112193,8.458108677618355,-10.018173863382165,-3.468771630349526,-2.673171035016771,-1.871513275384936,-1.3240657770678248,-0.9054006304552454,-1.2260544495751224,-0.8933592465791887,-0.9199033533025625,-1.295867429587957,-0.8062786550279137,-0.370719704420079,-0.3207442969215236,-0.9215880559474723,-0.9441604216413372,-0.25752436328121125,-0.24697881794391002,-0.0007385581801424202,0.04520057011020927,-0.006290580594233392,0.008531975645934626,0.35868419184235123,-0.38333150112582703,0.3207760369788724,-0.26069492970366054
665,9.81,3.6710628403610253,2.6722506332894183,-0.41164537278550295,-0.9811149902018929,-2.39686646667469,3.417170987010482,0.8041668064259968,0.16699301811832223,0.6623761997476176,-0.6044885844340468,0.052498338473611905,1.340148652813367,0.08535896207261301,0.15645531707642918,-0.24776304502723087,-0.39817189806358533,0.3932509382880286,0.72242012002402,0.4622041586667342,0.5067131509420844,0.7153426189894919,-0.7706726544878768,0.0,1.2944212693208548,5.489433841011111,-12.093621555252149,-4.192578217605073,-2.4340115472531227,-1.3685156864822265,-0.8027536438868512,-1.0326573375103822,-1.4250023623231374,-0.38027218086045833,-0.26688276153875334,-1.0627560925455086,-0.9451465097619893,0.6781092685611163,-0.5149696821782261,-0.733147978866399,-0.4213288197250391,-0.6471694184156385,-0.43024687047233073,-0.00407569676025251,0.049005051198014016,-0.004783203229531509,0.008712200990894658,0.47547060051077833,-0.36072982683798316,0.25662394297099733,-0.2830698915085706
666,9.81,4.704521458609754,2.0852280271879087,2.0914313489425016,2.9865684017950427,8.14160101493228,-2.0722655679539583,-0.4950554866541439,0.006379316956976688,-0.6216893014037858,-0.42412203254484193,-0.14369422668244114,-0.3077149199326226,-0.2376663643578559,-0.07852098854810183,0.036456420375620524,-0.3608385207305483,-0.5091088221997506,0.7379503160528602,0.5339191841023002,0.44227614166798795,0.6220101318493598,0.5832493953026938,0.0,1.7671415745517118,10.2452539533113,-5.278504770858554,-2.73051015180055,-2.2883418824466997,-1.1765245914248859,-0.6531046562729399,-0.7381573265298544,-0.010037313974269269,-1.0981817570825694,0.04498383779237486,-0.2836292884997448,-0.22136297836639995,-0.7722834908114438,-0.5740398298545626,-0.18665540966831257,-0.3662289508192498,-0.002765812366407744,-1.0395583237467219,0.020707241078638628,0.04868323571328265,-0.003760579848528498,0.0075657643095544715,0.3613365679664029,-0.3774175635528545,0.192829541238708,-0.2800921610880423
667,9.81,3.487732039536728,2.812716082770812,-1.8907532085357621,-1.1309701992976482,-3.8574755070438784,7.775340873446365,0.5377541747530843,0.23058056468460264,0.30838343802365187,1.3472290513676746,0.6719668664718542,0.6570898369488672,1.2237049097639279,-0.1591119266672425,0.041463970679201656,0.4582728218379423,0.48493090244171316,0.26020325330348504,0.5400966708787203,-0.6579532139448301,0.13318138356092157,-0.14928747990533398,0.0,1.8135532209263814,3.1451151617523925,-11.610907188558125,-2.888660074795944,-2.686749089451138,-1.9921245195829864,-1.0954120059211474,-1.066350008385835,-0.7080779409763418,-1.284990717683898,-0.38226912615299424,-0.7187700945571901,-0.07649726201431445,-0.5421076895347802,-0.7776064942816072,-0.0785774512735572,-0.8765875541313531,0.11689173260024568,0.1341886700173892,-0.018720328797383792,0.05269969031894982,-0.004234347934244801,0.008580374501472178,0.4806634375214958,-0.4271460190511339,0.2814708939533213,-0.2500317376477722
668,9.81,3.71976995912191,2.6372598595628616,-0.20045145053519764,-1.439361763369992,-2.2444517385801888,2.4551363825824595,1.0575522843190084,0.9242227953271205,0.4148133697461579,0.7732116021913489,0.5953674494614543,0.1927179145517552,1.0378969944788659,0.19264146682937333,-0.17376451351333763,0.3300640736078919,-0.12593610673937583,0.9058051023478323,0.394749862467291,-1.0402678070124816,0.3311632995892471,0.050742291700568154,0.0,1.3554759485109538,6.6618808562350535,-12.00800994193245,-3.930871866348976,-2.7782000283882873,-1.5225970956417456,-0.6870629792794338,-1.6740154201567714,-0.664504849820498,-0.887730405884513,-0.38793473899087416,-0.8422995642926777,-1.391705543791036,-0.3120891811773933,-0.31711326646976457,-0.8377884552339303,-0.24310573958950565,0.3990233688078804,-0.4648623264178932,-0.0019846678270811673,0.050785880274351256,-0.006158192681436647,0.007139241897237686,0.5146560019477644,-0.37865707011499206,0.2120402052410274,-0.24352927004812513
669,9.81,2.1204733852771955,4.6263254554914415,1.2949844235565298,0.7408020778461089,1.0220662748121554,2.066432934816498,-1.7617762561969734,0.1866610491790175,-0.6968804660081499,-0.5988437930358119,0.06356485299561554,-0.2632277529049854,0.14822504413815946,0.8213619350473638,1.0810799582528834,0.10396299264035386,0.6560260370722276,0.6139766231422217,-1.2545613227224643,0.3676814039941424,0.1413924725677586,0.5946154759351249,0.0,0.7610122636359764,2.5354767886991865,9.354644202435342,-8.15756622103811,-3.5083730664089323,-2.7450976823180517,-1.0635492363392482,-1.5258154320710144,-1.4128655376864485,-1.325357091153016,-0.7747345579357493,-0.996974383275165,-1.1748809256016781,-0.5752631016923243,-1.051712496594556,-1.7594091664611071,-0.45854825100388363,-0.6992270182257155,-0.520461963230291,0.012821627956005248,0.04511612294108894,-0.005294429275030501,0.01229021192732626,0.41102046572184925,-0.39577611931009204,0.2979896825945235,-0.34160391661486994
670,9.81,3.1059433350685177,3.158460712800992,-0.8651171141826476,-1.5258091443762174,-3.0679957502813364,12.76756808803224,1.4021472418238012,0.6260396154641977,0.5403818019970619,0.26509025043326095,0.3809652412408573,-0.048399426595831185,-0.5531425085815105,-0.20325640741279172,0.24999440324792416,0.005563175631951661,0.3363715278061798,-0.47463642746078083,-0.16189745295491376,-1.1071818683683148,0.7372503866218332,-0.26570674271087974,0.0,0.6489748891514138,1.495550582775198,-7.306580837804014,-1.1965824675113002,-1.2549146721542717,-0.7850037015593668,0.031075489234252296,-0.1494851542279816,-0.1054216186128773,-0.40452185378365235,-1.398139930432637,-0.0802424727539075,-0.8027625691870159,-0.06972594541190852,-0.9541338321035275,0.11037717780562017,-0.015836631929250722,0.08349778489699225,-0.0841826666963751,-0.008565515982006415,0.04985555293540194,-0.002568898839452537,0.008324116134379115,0.3848781488224386,-0.4097200441803923,0.2144845918155182,-0.24888829133499954
671,9.81,3.2921290859885075,2.979834551977907,-1.694290978174029,-1.7842141726749554,-3.7392398908255053,10.369812200786757,1.3389427585627525,-0.010863089782549462,-0.11725670493715401,0.2273411306779468,0.21108604305822865,0.20959010175834458,-0.5387515986272557,1.037236471763361,0.36062739344648165,0.44641058718713567,-1.1313789491186945,-0.03617251571926172,0.06122142343779835,0.6857160314846373,0.3547869480543925,0.1648760081879475,0.0,1.5391738825692491,2.6021572923627554,-9.486260921004785,-3.218162732543913,-1.2017736587825127,-0.5511656888495975,-0.06252745123217268,-0.4329679264562552,-1.1220813203628885,-0.1144075313829761,-0.6242750118492078,0.10762815172161772,-0.4460097055543393,-0.8585164743827896,-0.05261881611689445,0.162714747490527,-0.40953032539869344,-0.0025013076753379326,0.13481846581668355,-0.01677515819974285,0.0507988126092348,-0.003901507100839413,0.00933909478846814,0.3607753155196729,-0.5403213920917425,0.2724345316771224,-0.2344123925543088
672,9.81,1.0242749043481858,9.577506935252655,-0.8715729651594355,-0.1461092470701555,-0.4755299086193643,0.9541510209725721,-0.47769404772171864,15.850163576442126,0.056191053689992776,0.5226052616697323,-0.10313701857634605,-0.19777783304223062,-0.28776350745859125,0.3320531549903383,0.39276321891923205,0.1287219540324977,0.0702676396057208,0.4411261987862879,0.8782606240227869,-0.022709758960533344,-0.5371194424108859,-0.026431216229777732,0.0,0.08127093204868646,0.8104533352179798,0.21349570763421502,0.5490341630075999,-0.6283926276108064,0.43442389917094515,-0.015748317102132106,-0.1664162925746211,-0.16366172886302183,-0.7056834624519679,0.09960529301866188,0.37490873315722395,0.023462249856422444,-0.3152892788787704,0.6389663904982292,-0.37072116334710153,-0.3140170777768154,-0.14082361205691477,-0.8868512054489452,-0.008629435298608282,0.05236898551997615,-0.00027721614192074723,0.010659266351661307,0.3646615685109209,-0.4373415071922232,0.21361979283226892,-0.2609836389936392
673,9.81,1.3964725559631113,7.0248426709927685,0.7069080085942869,1.0527209350583748,1.6152105300524364,3.311237500758484,9.779397658600294,-2.0832261381889197,-0.6687636860959627,-0.5473865564680112,-0.2213242975142693,0.06549354158327958,-0.23670288109796722,0.7209958309353536,-0.6514578657736386,-0.5297424336972653,-0.48725918485838104,0.07668468974911707,0.23584992088402817,-0.06280713245235581,-0.8196434785842615,0.5950130018903597,0.0,1.5765083546928065,0.58922606301699,1.7762356174248977,9.85740500951802,-3.5862127713994423,-1.638265151589387,-0.7392919296237123,-0.6406004357812424,-0.9583670469415612,-1.5596791890466652,-0.5867252131270732,-1.3489806019569568,-0.9197637779387677,0.07890810579479252,0.07146900742277812,-0.20001904094705664,-0.4878293866632444,-0.8235410680844246,-0.8478699260797337,0.006999089194002842,0.049944236571855136,-0.0026155539037303306,0.00899460431454622,0.46500274484542453,-0.37144445277448057,0.1950388976096028,-0.2513676687608992
674,9.81,1.5623872613429088,6.278853036454018,-0.7407782182671662,-0.020863212831773836,0.41929584834650035,0.34584998302735137,15.324803601513338,0.16455696337201586,0.4095365452004027,0.08622971919799283,0.3140782548669572,-0.5218122047888196,0.04873544038405253,0.2808302296351619,-0.016555236015146024,-0.9203726259922819,-1.30826445397468,-0.09225421521033739,0.0044408943716156835,0.5718183160856761,0.4861090627015987,0.23097711928826326,0.0,-0.07008831585414983,-0.7110523181518533,-0.7188967319271224,0.7966162006685247,0.515154142188116,-0.3798909752301872,0.325810268006461,-0.17957124261831287,-1.4747557604864432,1.5362679289069516,0.511830136028428,-0.6524776737605869,-0.9583538344792166,0.396516166427988,-0.35805770801743464,0.41117643675653603,-0.1645333161676953,0.3919033474014647,-0.2705486752093187,-0.007334437804625411,0.0505580753040769,0.0005277792138259381,0.009312501936862717,0.3783433092068685,-0.4091650326291316,0.25535578553399946,-0.21902454400557345
675,9.81,3.2444610862642693,3.023614627875044,-0.2414755519542292,-2.158385992335716,-4.450120199835107,10.999571779744873,1.4951928812020179,1.6871793518615616,0.2695643096243048,0.8595758096145392,1.0357058716583496,0.2561196663025318,-0.5845251775309778,0.782295756014799,-0.8216296805383672,0.1930110753981618,0.2409076831587661,0.4822029404786681,0.790109230450141,-0.1478974979023392,0.1914726005889087,0.5578995087149492,0.0,0.252136316667795,1.6875631406850924,-8.35395593093898,-1.7744137254570724,-1.972819476635794,-0.0008080345127473021,-0.9519263818364871,-0.9428217908283506,0.09102661754503372,0.0567557766746411,-0.6035410256721375,-0.6007714846101363,-0.5353566155322405,-0.12940937526778712,-0.7975291423589348,-0.7634844722742176,0.05185817399426146,-0.12613021561561003,-0.1646023193820594,-0.002390847049051793,0.04895572497881824,-0.004190380694550415,0.006725085335049618,0.37256283601573204,-0.38802024501422616,0.2934338160488982,-0.16371839181427558
676,9.81,2.942981143157747,3.3333546913162038,-0.5935720400327105,-1.1216500726919674,-2.2541794483886908,14.01878678294636,1.143000013875544,-0.19210876480889683,0.10177567999104764,0.4358080458019328,0.3764624449453944,-0.6209509973658591,-0.7626421012589679,-0.8264886163805756,0.02449047962222517,-0.12567312672583114,0.2795049897282311,0.35318276058548775,-0.035571821346329635,-0.321402255964995,-0.6342676936484676,-0.4902774449929691,0.0,1.3176512335091066,0.12861444634504102,-3.921703797322767,0.20444852800918067,0.039557082586452116,0.004199829504804093,0.7221107854953648,0.07880212540997591,0.520094427710205,0.18373331969132878,0.13438252096939235,-0.391747514569382,0.20034137190894338,-0.7469789225149286,-0.05033196805491802,-0.07394593939000696,0.42131428150240435,-0.3597142003035079,0.37734288592676407,-0.00587695089141298,0.04584162310249254,0.00022061909848777872,0.006325208563638908,0.4345810842907061,-0.3494904562617038,0.24198462153743033,-0.18618283895991275
677,9.81,1.9523563631918932,5.024697429705765,-1.1870524066411836,-0.5725605345283269,-0.893387269346072,-2.230434988032228,2.728071180901812,0.6670275894370697,1.1270649104440675,0.17613047476059868,0.9891205264287979,-0.077713125767641,1.115015105147617,0.20421453912366005,0.16944715481969044,0.6319177131364653,0.6108062089451626,-0.0741489220232269,0.147308254187121,0.2855169183778353,-0.8368990413802502,0.5045576251048673,0.0,1.191770317462923,3.1527340697267667,7.163284119050075,-10.570040214073412,-3.9640435899276216,-1.416061578816,-2.3738550536489758,-1.3933587703281134,-1.4137046596424658,-1.0310574811527062,-0.744363455792299,-0.6323584065105737,-0.5718579857891483,-0.9605427572610181,-1.3404834353454416,-1.1551854876266483,-0.4745481102690617,-0.35034897689492717,-0.29586639280826443,-0.011752994125160234,0.04791766141149741,-0.006661437720401696,0.009248632228660769,0.3886524192429832,-0.4174319966775002,0.23393652652465718,-0.33726353666468756
678,9.81,4.054052495516394,2.4198009302665504,1.4776977482261318,0.2504449714643503,0.8866208484557135,0.4503216711744895,0.5952121981997013,0.5231140679138877,-0.6920653359758441,-0.5739470340878629,0.23101404797786385,0.30838905024616314,0.6798548300759614,-0.3382030781172383,-0.7830928139612663,0.6826970635687345,0.3325589349421606,-0.1432016808517035,0.06463919418391556,0.10953263804765691,1.6339652802118922,-0.5177699398269876,0.0,1.7459224396796034,9.368789926356744,-11.184417681753205,-4.198299233997417,-2.8501237301218887,-1.5771781323761518,-0.06306524830020199,-2.0855887256741568,-1.60756747589792,-0.8608907940362625,-1.4138561792138216,-0.9781504775629696,-1.0378371233844939,-0.9700498393535586,-0.7243856239147641,-0.16281533848070412,-0.7589343416310961,-0.8198816850776015,-0.5894974101675081,0.014630670774516165,0.05526220446572157,-0.004843352113567596,0.010430230413231198,0.5804530627692007,-0.43046528804248113,0.2922114712883723,-0.38128038003196607
679,9.81,3.613162333066882,2.7150731397316408,0.11929329400748906,-1.5627413407893462,-2.9584331027575814,4.830378291053223,0.8496137547385356,0.6963562336758339,-0.21526775200056308,0.35681105400920077,0.4897466256270486,0.46475700586549784,0.2785184233187475,-0.40412269167489245,0.4967514389599383,-0.19730738890157265,-0.06707571616219557,-0.16321182554140473,0.21896689584624768,0.48605319406184677,0.5948331300201676,0.28399472062937636,0.0,2.0429594267555977,5.2792801469453865,-12.073823694001343,-3.200021854119809,-1.8579739892175373,-1.352909302529969,-0.8420921955196393,-0.6190813488933097,-0.9045931419272843,-0.43530889036926124,-0.5606997087866085,-1.1814273029805618,-0.8776141751079216,0.12503982690847093,-1.218950063465093,-1.1039034542322272,-0.8413653130648503,-0.05799362594303953,-0.23023230302135553,0.001181121722846428,0.048996188818587444,-0.0058786379803299335,0.0060456850273793074,0.4128766428133005,-0.33454971994359434,0.18113917812907204,-0.16360808426488377
680,9.81,1.1269195892076043,8.705146395492088,-0.7240289641212242,-1.3472313933321107,-0.7455367340847967,-0.9684056510629291,-3.5529841878928097,9.248773031439205,2.2590888182388156,0.7551346013345974,0.5635492755176801,0.05721336114735065,0.3564808746023443,0.48643449627679575,0.21165548928347533,0.1926273847785323,0.7141328133859777,0.18117019497169146,-0.15902926721325608,0.7090807313261247,0.6264339965062757,0.6638883778817412,0.0,0.7059100161876445,0.7865799192355766,1.6177936518045761,3.2403747801618112,-10.04400545908488,-2.173519371322115,-0.9863709221324846,-1.2811076878735022,-0.37987793526256897,-0.7134828853085997,-0.36904904436606545,-0.48738165802436617,-0.4776847529632303,0.136270608532909,-0.3679224650665219,-0.18663360158806708,0.026394455035821468,0.15266957012089052,-0.704267729068839,-0.00716860360516064,0.04762839106568323,-0.0029880384013180657,0.009224222068315144,0.4191208616075651,-0.42829942222033207,0.2208595302883958,-0.21078119839806844
681,9.81,4.054110358673443,2.419766393140309,1.6656762853844724,0.20039410296296656,1.2605036872760138,0.05630748079197606,0.2424179332603431,-0.05408335090969185,0.08311139936791032,0.4861327948879618,-0.1757575700625754,-0.11959966588573492,0.7157603975969626,0.06339595623153729,0.2639326558489614,0.1491552659055076,0.44913015689736724,0.00932290346981629,0.9022825252396477,-0.035534536837252106,0.23401894479970542,-0.24599292300070175,0.0,1.8674773903849569,8.219714345054449,-10.182785620456805,-4.038361993623692,-2.8505230255484926,-2.4153111248451835,-1.5992265053606842,-1.0617453911000951,-1.8231829904438706,-0.8545659131900571,-0.9185218317164547,-1.6266263997244357,-1.3073100294715612,-0.5876108712448738,-0.6460973439991545,-1.0132313633677916,0.030060821031032248,-0.35081911200744315,-0.8558725042705109,0.016491844409747256,0.04737056419435443,-0.0060981913181763015,0.01017643463308695,0.406759609118745,-0.3269338128244657,0.4211953222335272,-0.24441679810885553
682,9.81,1.8929895036614868,5.182279130985752,-1.8191310376706489,-0.6162269348679893,-1.9993671527287669,-3.041416892291594,5.0480277410146615,1.432044080326991,0.5884457662447882,0.603475940113789,1.1267166815338592,1.1770946260282478,0.015760470403314852,0.9292760249200993,0.16920727058422172,-0.17343366901012086,-0.06511821526665368,-0.20156425127724692,0.7929869326435182,1.2768797616476422,-0.05041050351871121,0.3782283641858008,0.0,0.2771670997721422,2.042288153223988,5.902333738872159,-10.326008379936308,-3.782947209470518,-1.6944324024043107,-2.6701930615732192,-0.598268183009121,-1.2393550160178588,-0.681917171588285,-0.26684766180996167,-1.1038073548512366,-1.3488617118065014,-0.7015922541739571,-0.6639496063194488,-0.9030352982563085,-1.1716372017466021,0.041706694950370354,-0.27349817507009605,-0.0180111983927787,0.04750045538261239,-0.005484148640439449,0.01014069329391919,0.3533216357591174,-0.40874409692262526,0.24633888263242049,-0.401793534115292
683,9.81,2.597540840272331,3.7766489935039878,0.890231952824341,1.1183487384364383,1.5346589880805375,14.026403482045854,-0.644093591366818,0.1867313868955327,-0.2614898557746197,-0.1795461835024501,-0.719117481528941,-0.5379755567826696,-0.27437196356242766,-0.5357757016522087,0.2623958492334658,0.46955888536127144,0.660244154860177,-0.3258308976799347,0.24976931944782071,-0.17879571731389085,-0.07564938198973326,0.10493465221413634,0.0,0.5318805687851366,-0.5460900961429349,5.122012778549417,-0.15171568484215314,-0.4124440882746585,0.1618306078559656,0.47989819437732567,0.015937508417185553,0.3303635802795454,-0.618119070269501,-0.24885027493278322,-0.7020641787438973,-0.5335734360811059,0.3789828359731736,-0.7162152148421697,0.22038201646301672,1.184678879417759,-0.08180910790255978,-0.5418365014633956,0.008814177750736046,0.04837311388755654,-0.0014860920108866987,0.010070251904055656,0.3784128164658142,-0.3318012551694192,0.24956010824192273,-0.24693196880317517
684,9.81,1.3178692579444218,7.443834007708309,1.9625394960944416,0.8818067589079059,1.2006052056080843,2.050972545888702,4.990897115392682,-1.798803099781202,-1.4234443402420707,-1.4537400168608023,0.19507967830914505,0.39955958438596206,-0.3774081958349177,-0.35267846232400246,-0.7201102135497988,0.18498853773098142,0.1665133307405333,0.08296296578172199,0.23097996480352948,0.3318719628324338,0.46675765329870783,0.46109238619997905,0.0,0.421203764191983,2.368936135940332,1.7551989347443344,10.601758566940523,-7.3500703448377935,-2.2744144447990107,-1.6507426657215953,-0.961631447834586,-1.5027088436373914,-0.9857777868018331,-0.756764049231353,-0.5959225901264142,-1.2410299925682813,-0.40708117970973434,-1.229407769369541,-0.21498102258351637,-0.3223028799648392,-0.8498736444204056,-0.8106751479654423,0.01943108411974694,0.0478641915287416,-0.004962310143776731,0.00781447593472358,0.38715331852264684,-0.40023327564286476,0.2709825940002735,-0.23643329274183558
685,9.81,2.31476114949948,4.238018251741098,1.1252434881078537,1.9884552761107135,2.1753997574395507,7.779378271011582,-3.2384852414867287,-0.6984239031809478,-0.5579356559174196,0.1338755660292652,-0.25832949004162187,0.05040461513407768,-0.17471089199011292,-0.6879760854318798,0.40440063084310784,0.16930893299097172,-0.9562699727626085,0.4815954134405793,0.3165541338257047,-0.06355261189596084,0.054616588861787524,-0.4924535441156502,0.0,0.6685339965709108,1.8306129977891121,10.725900225039263,-4.291202547504422,-2.8849373625224373,-0.5785216574418903,-0.8132721050937651,-1.3538216984551827,-1.2996274846818454,-0.7828799568219768,-0.45846585614951285,-0.6267563286046394,-0.9473262198753081,-0.49970962370864624,-0.32248417219523445,-0.6644344642110342,0.13018012147311836,-1.2072361482555367,-0.12479580266915397,0.011141024634731229,0.048431534838834146,-0.0030106221772459862,0.007438129514953444,0.36126871605225186,-0.37911997000057307,0.2791653308030273,-0.24595317000752948
686,9.81,1.5332691128353608,6.398094057904222,0.4477398983218903,0.04771062224410194,0.7156563844561061,0.7040745968173114,15.855772220036485,-1.0383636615826617,0.5993434400484501,-0.5835219678154706,0.4544007416177319,-0.38167272438446953,-0.14122721164592655,0.35308302550788717,0.43877668274653353,-0.7388644019527905,-0.08339667626091807,-1.3816111056471048,0.3802325765936458,-0.48257564544296383,-0.455066502145797,0.1820018978559682,0.0,0.8233364898623046,-0.11115941389572029,0.33884944880050794,2.7698079679240712,0.21640358885019453,-0.20677670830269038,0.33748126398782596,0.16126280337468404,-0.8216260376152011,-0.3688025010504668,0.1222566804407968,-0.3023026876879078,-0.6502306920631714,0.4696507366596073,0.4841501422090388,0.053522565693738616,-0.6847622230018426,-0.7034905850455316,-0.44395773769442454,0.0044330683002167335,0.054367882924018035,-0.00017541667754489065,0.00876266011423453,0.44902598077436784,-0.3982169278484541,0.20795682640679794,-0.24665323734998967
687,9.81,3.8001606478229366,2.581469813814325,-0.553646368574009,-0.5523957492116885,-2.293197174199606,1.6598611009487547,1.451508793880962,0.4579814270954936,0.35901874425046676,-0.15600864484936816,0.36013698258074645,0.36368137596393496,-0.009499706569291659,-1.090294197608095,0.05511691529164493,1.2072862801929696,0.4483931328704529,-0.03741086799455606,0.33440296992528784,0.332992029453253,0.07683905025674867,0.007845743768408894,0.0,1.158313526761799,6.777475551155596,-11.169681841163408,-4.100824149062371,-3.214893939396207,-2.2262978818568877,-0.8823663541283815,-1.1864149942967845,-1.2565637325487016,-2.0510492276999837,-0.5105763732460851,-0.07960790714801003,-1.6677775656217337,0.27219227589894524,-0.3504413870279308,-0.759217923688472,0.02228632741885596,-1.072163822465274,0.06621677769749115,-0.005481647213604049,0.049850521894320286,-0.006244510125376175,0.011757286365218216,0.400501277596944,-0.40974750403193727,0.35334359566997986,-0.3653786502465119
688,9.81,3.147109019601509,3.117146542715624,-1.3318236907685874,-1.9249717834288371,-3.5206386543669956,11.128713109650086,1.39285965482759,0.35056720447268486,0.5291783351752848,0.16172175928603494,0.6007429371244485,0.6271847798054299,-0.03872024673435848,0.541419874821614,0.30193426903862985,0.49214126662504487,0.7537972995317938,0.4998274434880035,-0.03155721756794899,-0.02639427647886111,-0.11897744872749683,0.6196456475119616,0.0,0.8027644667362431,1.2156206464743637,-7.765998685900822,-1.8588871558726607,-1.246611569477741,-0.5338155243872756,0.08991883225412539,0.024416881235722332,-0.3717037142941313,-1.3269737410287954,-0.8615603827414168,0.1884335903739237,-0.8335942339792226,-0.6216422920400528,0.09469674576845102,0.37383290198762226,0.39743240398656104,-0.24897788628169662,0.5002248643977754,-0.01318637317592661,0.044621307455261175,-0.0015776575976623698,0.0078051217427450355,0.38284183737479366,-0.39298961080766787,0.2754785993913453,-0.18693050715786
689,9.81,4.46651267784414,2.196344375929324,2.673303723506748,2.0359309839376234,4.7196530867955016,-2.3857132899569,-0.7965535826880892,0.48438371582693374,0.12046888601676853,0.6778129278655635,-0.2336798548249256,-0.3287204338417195,0.1810400695314203,0.39394835514495613,0.03596520305443515,0.6114803125699763,0.11485138135996495,-0.1816227783912023,-0.993033895355252,-0.7487558977074067,-0.018400522005187325,0.21671463428960724,0.0,1.1414310880066494,10.292216834162197,-7.266466917148428,-3.7197009524214186,-2.0542344381173026,-1.8560641174162869,-1.2355865049116757,-1.4009614104500827,-0.9915837185003351,-1.2896978969686992,-0.5655414307737348,-0.8142324991172337,-0.9720573041453773,-0.6092267275153115,-0.3228640082558322,-0.2707637397427824,-0.8971029361272103,0.2494414172882884,-1.2730414534940317,0.026468353698086613,0.04767082233759188,-0.004832571484939763,0.008848332899543579,0.4865461599876736,-0.3819451215180304,0.23130935467819908,-0.19924249581992826
690,9.81,1.2112708671711303,8.098931680665963,0.8722573307752567,-0.08723442411240429,-0.22586414050823875,-0.4060661468441933,-1.3434832416246607,2.474342633697891,0.8301387001079733,0.3963212733720839,0.7834379823488791,-0.16615669346129958,0.3228323111779412,0.6981800759544032,0.023904034523448678,0.6773816791676511,0.3006218094751007,0.198486288048054,-0.12274230088883958,0.1644301384674111,1.02803100821473,0.280026980950082,0.0,1.0602777331196838,1.393448586537407,2.2178988087451494,7.891052390269692,-11.114938005154482,-3.9359888681450577,-1.553019513905388,-0.6630825593782037,-1.1693735657132882,-1.8090376323678043,-1.4215726484537932,-1.593467540906667,-0.7407493564539714,-1.0990269156939572,-0.9177705802405244,-1.0995366855361957,-0.03157477431429545,-0.4148767640801436,-0.6147312318484527,0.008636211195794618,0.04867236501595112,-0.005453083212652286,0.008887987126172187,0.41765488879731183,-0.4231752703493388,0.2272597680080583,-0.3550460076872025
691,9.81,3.0861116727491136,3.178757297288998,-1.728051357485613,-1.1368761552442987,-3.0614168664168737,12.694643847633621,0.1622688162172099,0.5925945746835852,0.5126413326358432,0.7873077831045967,-0.42249761162578614,-0.09291786844639782,-0.7225484607067282,0.01318731918788757,0.29367607899774495,0.7747906942867329,0.8642343118418176,-0.004459710416630153,-0.47334910958222454,-0.4851012086472562,0.5673981242449115,0.4165487663873767,0.0,0.7103907708239627,1.045680129096523,-6.386270248927215,0.2589744206231199,-0.6870142821846423,0.15585165233465803,0.4784536449111046,-0.5009733534051302,-0.21800505608908022,-0.20016166429399784,-0.8478152548236906,-0.7762784915911651,-0.016542894550884646,0.12495398814188491,-0.36037971445153255,0.631506259661092,-0.23791425402878186,0.346278969760115,0.3442395906378858,-0.01710941938104567,0.04529786101935119,-0.0012454685986074854,0.0070807959028175126,0.3702772251260161,-0.48305448348819147,0.19371053704919994,-0.1972631647763065
692,9.81,2.6243385130168186,3.738084835985155,0.6072394819204205,0.5047747267102194,1.178064938824373,15.093328300826908,-0.4908425642652561,-0.03663048074931918,-0.915374862964233,0.06965449411638103,-0.18162757946626717,0.14126811437994147,-0.24940067751108053,0.11578834341421607,-0.46223411665404995,-0.0957680012321111,0.17136519604392542,0.07037214943886688,-0.2884722461162067,-0.2475060335391922,-0.40213417001261265,0.293673364551096,0.0,-0.066838438728506,0.14081989144426155,4.313331395287364,-0.21518228170928078,0.04830842204202454,-0.45827622349860014,-0.4962374784798868,0.6624842374616308,-0.12975039903033608,-0.3846628522565856,-0.09995992252613609,-1.067678836117421,-0.38273772843690396,-0.14020618071382135,-0.7938108186329581,0.5351681649728963,-0.1796256758398611,-0.4961872055171012,-0.8136214640618616,0.0060122720982219826,0.05239685706123325,-7.046812715817558e-05,0.010371882804958156,0.3876273546966934,-0.4126361711790486,0.25361876990937793,-0.2701069159995731
693,9.81,2.6427216577076855,3.712082190490413,0.7905307252321665,0.3652535913538768,1.0504950730774305,13.98353876555296,-0.6202505512747385,-0.15564381041183073,-0.18877693503023663,-0.4757524639069184,-0.14444815155719182,-0.40901878298077865,-0.2331092240139112,0.4581738656004224,-0.4434111735325982,0.128628056611379,-0.18794449277575934,0.28665199473020936,-0.6151390178245926,-0.7686022918703456,0.10878265371487417,-0.40657562513555195,0.0,-0.33487036870116965,-0.324260997346929,3.8921574899167033,-0.35859302386994346,-0.09986144215558075,-0.01236093616284821,-0.47527441572189727,0.551758549943944,-0.38008407133248856,-0.15009557931999373,-0.09967918726023564,-0.21528731213529756,-0.5831030530583141,0.43971243889793127,-0.39182075838548075,0.5807532689374658,0.333985307412553,0.22799178882235405,0.11557545722219681,0.007827036883486786,0.044645583581203366,-0.00019481640687360162,0.008145247238913798,0.3779069026230877,-0.40021704953128917,0.23615017231319732,-0.2659242714440756
694,9.81,3.8995064108638036,2.515703006070178,-0.013798430837847181,0.476579643152912,-0.3865531361796262,1.4149489263293873,1.207540348913287,0.3944208061617047,0.1648827177769162,1.1296351965699731,1.4571943659762328,0.4702793453713797,-0.00012036242674380582,1.1368721448422818,0.39016794453604864,0.09050049077990673,0.5291391404669465,0.6009831044399142,-0.06476204824086902,-0.3352413699351509,0.6250435675447934,-0.5107993062830863,0.0,1.6662894062188525,8.493690579385246,-10.727493389969085,-3.7805328915321925,-2.695471564045339,-1.3026257452738417,-1.0545142791875195,-1.3004205134506035,-0.8832268462750791,-0.8858140931803087,-0.9508502551631172,-0.43181629567331603,-0.9052228778364785,0.11243891863074007,-1.031817069907181,0.5142977987187001,-0.5069044149032791,-0.1080238639208212,0.06393121202190005,-0.00013661812710739812,0.04773303234461545,-0.004942658746450913,0.007276575331239943,0.38648311450004236,-0.44083138404789346,0.23292444148391916,-0.18301091538368683
695,9.81,2.3660567709849083,4.146138892481618,1.4329005309851863,1.5659648090139329,2.6879045475854566,9.925631293290964,-2.9199189146366096,-0.5661006606869678,-0.4260925182076136,0.18409582837866756,-0.016373011417931904,-0.6114789795786271,0.44434735635726247,-0.6803126220053626,0.0018629425865855365,0.21084704843965635,0.2718934079215677,-1.4587885149569844,0.48980087077163814,0.23002565204755698,-0.07257414041954358,-0.5326631984282093,0.0,0.5360559277007226,0.6713660825669283,8.814372593637756,-3.5185912626908857,-1.6244155812636623,-1.1424993367778102,-0.18703228752296563,-0.3683506986477074,-0.9560131295191607,-0.951477412464396,-0.19989248724868192,-0.6829219685355874,-0.54530504756487,-0.7473014449318154,-0.0157522569163715,-0.7003728722143674,0.14246280511744672,-0.2901713887549955,-0.15871368373710482,0.014187133970150357,0.0460824504380301,-0.0021046685657708673,0.010921870492728747,0.38909157538854366,-0.4168899059316422,0.31133627693465626,-0.24568517571188853
696,9.81,3.6287204987257455,2.703432243801875,0.22105028754287023,-0.8900022278169366,-2.7616511655537366,4.717499151872262,0.8115713569106257,-0.7729372670961503,0.7708518160358057,0.08395809342713217,0.4049225225331707,0.9364994209367001,0.5520678576775049,0.5985189258117225,-0.0770749801463714,-0.21789514236667035,-0.07231227561412956,-0.1866275290351326,0.07206699643777809,0.9329343987658807,0.4499726358869052,0.244686484546826,0.0,0.89317057080857,4.344092195610895,-12.491143364286579,-4.441670061737903,-3.2222517943421463,-1.7127741109057657,-1.3391300220625997,-0.597417727731176,-1.160065635988007,-0.5623241045161199,0.3437711626414942,-0.7464571433507436,-0.46654978209283593,-0.213629579565416,-0.6732400482206744,-0.6568524925880639,-0.30985394016911283,-0.19316471870442292,-0.5132551483054344,0.002188616708345252,0.05186119641532706,-0.00542077357458576,0.008044612177691455,0.43855859331581193,-0.39884728248481954,0.192791186123202,-0.3281426537466948
697,9.81,1.7542017452811607,5.592287219180522,-0.6657471293511179,-1.3492199861261758,-1.5896049577874485,-2.578433475191531,10.842254650611883,2.0221831351217268,0.8068253973099672,0.16550573430500393,0.5022605624979469,0.8449370669519608,0.82510811952711,0.6559295875861195,1.1311658223909444,-0.17950219023744118,-0.2824588902835948,-0.06145689062279197,-0.5148838464075747,-0.10726800163673617,0.35610664126846975,-0.24411517545165812,0.0,-0.4132595790617982,0.3888227912092904,2.4723738204087975,-8.16567928806806,-1.5393934671590355,-1.1717587318878022,-1.5907385133956569,-0.26444543990185865,-0.6204750969202082,-0.023000178442371344,-1.2767151266773815,-0.34759848225660755,-0.29482636155802683,-0.35246780028999114,-0.18646635486465143,-0.19100049870855668,-0.2826933576265779,-1.1624822160629236,-0.3714026633557112,-0.006591555736149677,0.045646223107817636,-0.0041268913122356424,0.00892526366652261,0.33770745350550635,-0.3581785669277897,0.35564881361853645,-0.2045840437659045
698,9.81,1.0718417885313423,9.15247017327235,-0.7759333873366232,-0.6386198258933191,-0.40085076942368136,-1.1595017917661967,-2.320388659644382,13.00415321628046,0.4545296442219011,1.196140780606282,1.089589500360004,0.6139019930779334,0.630494857310506,-0.014400880563416152,0.2007415890387625,0.7016745502505474,0.7856914367358252,-0.2832045113284802,0.010077555927268,-0.17325044533742312,0.8153602452952635,-0.05063060649886908,0.0,-0.08137212754166451,-0.12240640931282692,0.7131222757719188,1.2243654808662967,-6.22304864860431,-1.0332463123048963,-1.265001396361282,-0.31466279570353206,-0.369200186417046,-0.032935223152419035,-1.1110040648871362,-0.7947499966957153,-0.6303670407027799,0.31035368221325665,-0.4721680912953057,0.9303739809564726,-0.7144436796056508,-0.4805707721851973,-0.8857200140509233,-0.0076825087855111295,0.04737487088894959,-0.0020826556737049166,0.011489721035357489,0.4677249119509855,-0.4139278474310212,0.1993322197138393,-0.36393107341606445
699,9.81,4.0678604471983,2.4115871543126666,0.6739131408280171,1.058367468226784,0.7854074288853443,-0.6368710180181887,-0.004608237597808096,-0.2153457343598208,0.6277979740563644,0.15814614986258463,-0.1796766158102015,-0.5808599910513056,0.8754366168706231,-0.5191138867542455,-0.3381695937119865,0.18404822382200875,0.5240106688112192,0.28073269714764204,0.860642624563924,0.4099051776203294,-0.28925746114733836,0.21441637618025683,0.0,1.9970534666606066,8.548846972939469,-10.091328439023268,-3.153438168592466,-2.9157165135466965,-2.0342236299149024,-1.5085214825855533,-1.331802902251285,-1.704175816450594,-0.8010589031104288,-1.2806093450400544,-1.8992087286140866,-1.5717744885292455,-0.4366571969455595,-1.111079772053885,-0.5058876691928323,-0.6130469318980065,-1.0294462489124983,-0.5648423638694222,0.006672407334930866,0.04724837934250867,-0.007489855963317107,0.006150361011030717,0.35560790624645544,-0.41865163249930415,0.24739944200328898,-0.2440827768040735
700,9.81,2.86635387620711,3.4224664586708458,0.4672874015582317,-0.14664919886396977,-0.6240086957971642,15.561338420278979,0.5368360930595306,-0.3797130668826818,-0.3407078256502447,-0.587317263520202,-0.1351371918046823,-0.6511486159298899,1.021936616770701,-0.37488380003247845,0.04189431713581204,0.45668866728247903,0.10158206071195358,0.2741538080184974,-0.038656439133820775,-0.9512802904513703,-0.014751190677733117,0.06486061475013072,0.0,1.0675937251503163,0.6137244888242356,-2.206806699322429,0.833760016009519,-0.2062492630692006,0.17440893460835494,0.8923935725374073,0.0406036594839774,-0.6927395314790125,-0.720061401532112,-0.06660863401426409,0.4175957279220868,-0.223365830159341,-0.08120764251774872,0.03527059815785648,0.359807144474978,0.37059706389920066,-0.5189964789901045,0.5278825809337527,0.004626607936220117,0.05191980367598932,-6.207113304199652e-05,0.007402819073737231,0.49815188624555506,-0.4556429955736379,0.1987740017060561,-0.19166757654182437
701,9.81,1.6149028977550037,6.074668646416828,-0.4912037318720952,-0.9159415534720341,-0.22117215834560167,-1.258629328809248,14.769292466080724,0.44438461810670216,1.2843605869335835,-0.34474471968053044,0.21144266778263954,0.05469643938132118,0.01140228234982199,1.11374458122824,0.5639774242943619,-0.8838065514187335,0.11197691440371654,-0.04583598612635198,-0.2977125720686951,-0.4282592853674765,-0.4304267443159286,-0.176974999301035,0.0,0.43213126031570853,0.41035442525870314,0.36526962171505245,-1.4088980270536233,-0.41788683041389535,-0.12532981251980066,0.29375602747212765,0.25934880445922337,-0.4655346733069669,0.377658432649671,-0.4890080994076328,0.015328157120199887,0.352772873937538,0.9099328127662858,-0.19212875253619335,-0.1546390716973126,0.24280897644226077,-0.35348366098347384,-0.6559889526469347,-0.00486340328586234,0.04694858159731264,8.414928056323893e-05,0.008541250175814781,0.44998017952967617,-0.3787090999545533,0.21466886771653057,-0.22719395469069623
702,9.81,2.5330739446689643,3.8727649544719562,1.1263272092278216,1.7847065361003394,2.66600961922442,13.985305599242318,-1.3165097321505734,-0.4807237432325455,-0.04244398411997197,-0.7958703880512492,-0.2556705708030288,-0.4704392567439253,-0.00757703769533713,-0.5560437720241651,-0.1427961185555808,0.3567107624390594,0.07508196315878382,0.1849335520057918,0.008751119213531666,-0.6195507167142928,0.12024503990078056,0.639294129645487,0.0,0.2555747286336537,0.6612576962604988,6.724534881316877,-1.0850362954081907,-0.7175292101025571,0.14119164653189908,-0.5916281903913343,-0.8746765661790304,-0.6900808686037995,-0.6915344956264521,-0.09225601533842759,-0.943629966121437,-0.12221371140432988,-0.3329575651009692,-0.35768147100225867,0.05129299311242498,-0.2619274840846989,0.2825798297125864,-0.08881798714651197,0.01115175454681012,0.05310680516107418,0.0003116695286434562,0.00789993506866619,0.42130966419125715,-0.33951042989355484,0.20721784483671696,-0.22814103569892186
703,9.81,3.346909215984796,2.931062471951006,-0.305560881680421,-1.3225375567988955,-3.557273655413873,8.333384790331129,2.3873827996351062,0.35957561306455654,-0.030696959240467447,0.8275868128878489,0.6053746177067565,0.15264827434228467,-0.5364486006571841,1.7621032900146356,-0.5469862729117239,-0.39564122517418304,0.9353730982933512,0.18359349117979262,0.9054117800522654,0.14553322872251773,0.9276080343577626,-0.17797196972992285,0.0,0.06518634586359666,3.391981086280962,-10.397941310793088,-3.8692627718286965,-1.8110577680590303,-0.4596516756086121,-0.7671484674468272,-1.5937427411746488,-0.8321885159329259,0.4997508895837039,-0.1314774251446284,-0.17725213363777537,0.18279334604631575,-0.469076373463433,-0.47776820455816593,-0.9998475646699662,-0.014291583499119728,-0.12996962417634883,-0.20004421842105402,-0.0030253552641625763,0.05048958101999512,-0.004032484621312993,0.01066034838160789,0.4785356650442588,-0.3898809148583189,0.311884451785098,-0.3988183951795986
704,9.81,1.6112090766028757,6.088595293097352,-0.8785010014748635,-0.044529075150580244,-0.20447944438856802,-0.9048350366787025,14.49986766985875,1.358876503491162,-0.3613446970356051,-0.45384420936358927,-0.9251289480261818,-0.00765236166442973,-0.09571925093870082,0.17711541082491455,0.12982044808829418,-0.6581658281901874,-1.0370997296092377,0.10431690476483638,0.5301022744473856,0.019679051651042778,0.139926982661924,0.28167198716343234,0.0,0.4565194406094066,-0.1791698210307366,0.3183115130915966,-1.9320586840426945,0.9439780598829135,-0.6625807950827962,0.48491053185662375,0.5226167198966567,-0.7692942932725189,0.3960843037204409,-0.26083350461750177,-0.6520887534264819,-0.03922152533818135,0.08319082055322385,0.23997834767674572,-0.3327597231093081,-0.12875500683628932,0.13202060949430008,0.10134429756280122,-0.00869802971757291,0.04527794246451508,-0.00076669229853048,0.007433213180563091,0.34124283525447585,-0.3975023629713356,0.2576414823444318,-0.20944720516745977
705,9.81,1.312815637411295,7.472488688011113,0.6654600344807545,1.5976722840743396,0.5506912995629694,1.741747362763024,5.237332353592764,-2.004752877710481,-1.0067751841706634,-0.06101139622959495,0.3247251458060154,0.4844529831584688,0.26399307399195,0.3304367843249504,-0.2848266759485499,-0.8088222184335765,0.21487259244613977,-0.0815796177395644,0.326712023736866,0.3902613034485558,0.4657920743887321,-0.010909043873994662,0.0,0.6643363619024193,2.1405795127501692,2.137271155251075,11.213842004480945,-6.82756697165879,-3.1508330669691333,-1.3411614751153267,-0.9547931794346046,-1.114934700916228,-0.7932642543391314,-1.2863536961836475,-1.4290600887765619,-0.7101329666345255,-0.8391119578569135,-1.2021965123432825,-1.0209809248800334,-0.05572398407721513,-0.4224014502297961,-0.5097682400130681,0.006588713212680733,0.04985387896669476,-0.003862294396383984,0.00849058693714807,0.38171340822312905,-0.36971849553214914,0.17619975379256392,-0.2598842441895405
706,9.81,4.957568173355181,1.9787927582568758,2.111056540132787,3.1695517014377392,10.840103570310799,-3.336674174521171,-1.4591062750365527,-0.1664394053288789,-0.33600298101125325,0.24569699789432708,-0.5379874664427895,-0.3133096921445739,-0.5674908556104049,-0.5745176736632452,-0.635556896250021,0.3504171386667283,0.40637694838432864,0.2562419642348152,0.00727861512522987,1.097592984158738,0.6575564266718965,0.15639452002108006,0.0,1.2917037891519296,9.595430627904731,-3.640475706940063,-1.933956900154991,-1.9304120437099543,-1.0752647455595632,-0.9370100072508423,-0.23792606520439508,-1.022590779479858,-0.9469401547700673,-0.4501797808904603,-0.5741924160279632,-0.9192948168825457,-0.636921952415544,-0.9500401838082515,-0.29747779791019235,-0.6933803863465644,-0.4124874908303209,0.10926536359480452,0.020901549902304806,0.05441951054719219,-0.0027635338254715603,0.007628322756809434,0.38675396875947976,-0.37999040294514735,0.22541128556588275,-0.2501539008857606
707,9.81,1.3299608490139923,7.376156980314833,1.7744985026194442,2.1252136043900753,0.9618401237809624,2.1857274184162394,5.925283607652033,-1.866694803045117,-1.0827394313733607,-0.2044817406128943,-0.3593300629091848,0.03683304384052355,-0.33637006476087605,0.4528189179064537,0.02460943671249935,0.12219312514053618,-0.16946669021625915,0.14926800308389473,0.38737318178316227,0.4256697049243073,0.3699936988041247,0.9054077065820777,0.0,0.6002694754929343,1.8295584766316388,2.3672863102057438,11.063451647342037,-5.492765127477564,-2.647486013624402,-1.4149274757811698,-1.0226940445865547,-1.3702929955121301,-0.5956458636450757,-0.4888640993655041,-0.7518845880568484,-0.8619105751675757,-1.067939861746999,-1.2058967723123473,-0.46110829099209477,-0.08185168901170195,-0.6783623049291139,-0.937792804149524,0.017569292105143013,0.047316870982964464,-0.004385379062193871,0.007602204726472006,0.409897715189419,-0.3642837358892875,0.24102557289348525,-0.2560474834992791
708,9.81,2.0041930168699804,4.894738140201999,0.7905389476282294,0.32430837747501406,-0.38150978031816346,-1.583780131327864,0.32054090278580644,0.7826124579558412,0.5580888425883601,0.20819763074394737,0.8428363029746935,-0.1674025859002139,0.47901517187850395,0.6719855588001722,-0.16375365924322804,0.19241568659786581,-0.3607887271912963,-0.3057880411594595,-0.13224679438575646,0.6202276687449041,0.27721825756525975,0.09883291185666002,0.0,1.1192497541545636,2.2003801263866984,7.706712701111141,-11.102792526848317,-4.318524116328986,-2.431953306246564,-2.1815351562408276,-1.177933991051611,-0.8788622785412984,-1.66011503511899,-0.709724477411506,-0.8948475333432165,-1.2251621359216769,-0.20279400802915465,-0.8560618415463358,-0.5636393048618296,-1.1480460715634047,0.3604778158443095,-0.8799078376453794,0.007827118293348805,0.04971577627011721,-0.00604743445600355,0.010881376347654457,0.3989750770824072,-0.4348531787332672,0.23540370125244417,-0.3015374522003272
709,9.81,2.292558577723448,4.2790618723214955,1.4189209913717318,1.1689417953695438,2.369818050894641,8.34034421354468,-3.2915864342754455,-0.4956381594674981,-0.5721692758091126,-0.01923991140879122,-0.1594971266784242,-0.7702988977753136,-0.78924424780222,-0.08151794581667843,0.18595653342079765,0.7958344688448928,-1.3067182223705063,0.20126469303491307,0.13955087889367557,0.7384203155070515,0.1304137899167917,-0.3930027031856222,0.0,0.6168035654286819,1.6891596646435199,10.14486887483453,-4.9613321204696135,-2.970808042069116,-1.8822309183637098,-0.7933306325800352,-1.2559484272123318,-0.9005512449728489,-1.2271204102168416,-0.6471652393657631,-0.2635896844768384,-0.7921354555874394,-0.5422428350525252,0.02358027664866691,-0.14353509245544627,-0.02716379090016091,-1.275102790756478,-0.4664389931517731,0.014048722686848817,0.04915639954967978,-0.0026378290420455783,0.006986977105032208,0.3524095993053806,-0.37990567182404117,0.19969182132707844,-0.20654667921047226
710,9.81,4.375218294611422,2.24217383897899,1.4779335294088956,0.9955102282087978,4.459539578911225,-1.1730841807200831,-0.23083096735131425,0.5242288190766093,-0.21034998549697748,-0.5634750227585321,-0.1932069472672232,0.10168474277878287,0.8347461937861603,0.42171665432550454,0.2690453488531167,-0.021700742613117108,0.5679908797257749,-0.639169530336312,0.2819506541379879,0.12522530182265867,-0.35533370176273643,0.3768841495565981,0.0,2.40233199823865,10.23662566457926,-8.119791908812498,-3.2376821965334197,-2.499463818814597,-0.9661064437323685,-1.1644153574364264,-1.5239517918898233,-1.1513716168387957,-0.5014449098744165,0.24599355326025663,-0.7209667676926765,-0.5930102410092337,-0.26445172045115,-0.8936306878594196,-0.3546327306515485,-0.6359141838007929,0.4041153020358859,-0.38247726319767483,0.014633005241672232,0.04696765193224384,-0.004657232860530086,0.006874220283251194,0.5130624707131118,-0.36860607065911905,0.19227306249848886,-0.19685783511751387
711,9.81,1.7520520862825997,5.599148607969913,-0.609791529072597,-0.6472883285865083,-0.8237487786705693,-2.8658002862838883,11.503615942675186,1.81698035923348,1.358418352881839,0.6983793624103802,1.2747305168637229,0.5301323124121062,-0.0669616004474698,0.5883267779978831,0.3138068474278315,0.2607206224658976,0.07461552515684311,0.04902298206117717,0.2034565842980922,0.2227207955674657,0.21102488969216632,-0.6869256675704999,0.0,0.0040173496722839125,0.8425578689106078,2.016570553832551,-8.69019076061207,-2.076617385082169,-1.6264474185403166,-1.455051926891776,-0.3569506122338166,-0.771284736069668,-0.7104681300668989,-0.7788456817681073,-0.9774958895375699,-0.8478020917232406,-0.04463862254575665,-0.9910242607553937,-0.05491838675849081,-0.11597085036879899,-0.9880025252494377,-0.7356910412707739,-0.006037539891807886,0.04971991242681659,-0.003258349036505855,0.007215077488699111,0.49884122771985,-0.38124182313760696,0.19285862978390772,-0.14831172715756782
712,9.81,1.4972819625316378,6.551872156005294,-0.512224771408457,0.9423814922495675,0.8160364413981815,1.553751274470223,14.202126777591225,-1.4715557818927927,0.08933387698675332,-1.5201498770635915,-0.03765195027845403,0.5386844939574991,-0.5653120910262169,0.4618523196073654,-0.16664027488690947,-0.4714784316720597,-0.8357299961671556,0.15765899938686972,0.7018226126526719,-0.24785160485551544,-0.0764410352486336,-0.26904912966633615,0.0,0.950025594114933,-0.30473482486757164,-0.2626648313421023,5.119739248813793,-0.502000459902302,0.027693964840967422,0.9540092006986793,0.5477073931758389,-0.007306673662757501,-0.6241779215124967,0.09199350718276122,-0.2697538989162065,-1.518992848544188,0.014345155243722096,-0.4321162953033968,-0.533564747938416,-0.624642080914966,-0.3802930205792948,-0.3040214963887052,-0.005071532390182744,0.049855450274858076,0.0006233662922334252,0.008960669989560853,0.4282830932991122,-0.43820989948244027,0.2988592898361403,-0.21726915172648803
713,9.81,1.0700731071722307,9.167597927887238,-0.8682741261828942,-0.7399565485676873,-1.140263683030108,-0.929845286728681,-2.273766082747231,14.12951712993301,0.9724277482242489,1.4614342489243968,0.6664363296842106,0.18898296193030473,0.47386364299042905,0.4168339594179,0.21823571141281894,0.733949707792679,-0.09361601770806238,0.5213877389948904,-0.3190535045507124,0.416787837095422,-0.22267175251669324,-0.2590897642089136,0.0,0.2849103924565337,-0.39059902968675186,0.3874350761862875,1.2248663088569036,-6.202083512132252,-0.8894541233879718,-1.0106539482695167,-0.1778835663048613,0.18128309012291088,0.035524874048130484,-0.34391908817857203,-0.45598568008592893,0.12291445126940242,-0.269505145058416,-0.4137655112799929,0.47105160324629136,-0.39489474734120356,0.1226376424845999,-0.6908476485481716,-0.008596773526563302,0.052092965233942114,-0.0012902993573853426,0.010356994927478078,0.4152717469383723,-0.45667323114322345,0.2284880634271335,-0.2986000205448227
714,9.81,3.9226760908226606,2.5008437538218087,0.050370347433674634,-0.057903502798386686,-1.3990501342462722,0.7312164792040438,0.6273197168488867,0.2972048972904745,0.14240734556046847,-0.30405551632677735,0.30114302069465243,0.2207097403308173,-0.04738959481748026,0.23309594972409384,0.0524467154188374,0.1276106308041679,0.49707109099393254,0.9457743530120969,0.497115281199635,0.13749142707639414,0.09699862122607555,0.8949084227825591,0.0,0.8510583904647415,8.230920442569397,-10.988131510373048,-4.358995102563314,-2.6017022139737067,-1.7269872456156403,-1.0465761205122357,-1.6779145713227113,-0.8258606946464733,-2.22940051166603,-1.2996174429531522,-1.210495568611726,-0.6269429591464922,-0.5767849292874804,-0.7661427231532139,-0.9618243986080588,-1.2804621645781868,-0.28221646365510766,0.2615460714669759,0.0004987163112245024,0.050413283262475066,-0.006579510218897061,0.007474635895180723,0.3752057473904959,-0.4960065015929235,0.18371824708772824,-0.21516838433188612
715,9.81,3.0433232809955353,3.2234498586659983,-1.2310778176892228,-1.231579123173514,-2.437545171411447,13.196054604233282,1.462319076006046,0.5743324745427705,0.2555261604749184,0.17518380242192366,0.0038972389929770035,0.1624217263373814,0.42152990988543193,0.6650210996304713,1.0381978572275816,0.8619416875578934,0.02601842472823379,0.11840365951446774,0.38597306487199756,0.40500479852137317,0.0688676152367555,-0.7364723737948928,0.0,1.3355470034513786,0.9248397613183149,-6.419540488575884,-0.6433896935733165,-0.47679254391910664,0.007235836015840907,0.6186666016112555,0.21581250010162284,0.2603308747368882,0.21407817912110694,0.11141888331654543,-0.77746689170333,-0.27771506914388955,-0.48005626648886895,-0.4459687673282023,-0.26335943626474234,0.5834206378648663,0.7958121100008549,0.3683359410191009,-0.0121888892840517,0.047956469313015095,-0.0011243616137699638,0.007995888702571603,0.3844090139851809,-0.41393422863316515,0.2327484324460447,-0.23578683638549314
716,9.81,0.9242545471711732,10.613959141477912,0.4530207187975068,0.671025379347121,2.1924238594970924,1.2899615634790367,3.311585982867207,9.809371433900445,-2.6332953936557093,-0.1815450599327093,-0.21421760842674265,-0.7317294772940508,0.18322299794762698,-0.5586363443610829,0.8710514671174792,0.49634386715326795,-0.5440879908965432,0.683682746724559,0.26061139634743025,-0.39544836342676704,0.6383404561132244,0.6698203828134894,0.0,-0.16396299427692607,-0.16688363167362635,1.426843859894326,1.5450938789275164,9.174924138918222,-2.0433416569638876,-1.481871285868045,0.08108629118728211,-1.4353619474334944,-0.27850094054435703,-0.4320790562501943,-0.034027419920777735,-1.0280441331947694,-0.9806442098742778,-1.4021522645459688,0.04121674745897457,-0.37715679639400396,-0.5125250742399491,-0.6739698728855937,0.004485353651460467,0.04808587417247841,-0.00026150691866521134,0.01639707181893107,0.435114030332686,-0.441438282166451,0.31826228025531905,-0.49350958605727147
717,9.81,2.54726809679833,3.8511847309398735,1.040594508394852,1.7931903330100467,2.203525771143074,13.623453622877099,-1.728069606802939,-0.4995013404969715,-0.7522057435107827,-0.48679807285065047,-0.7460550139292746,-0.37820035777184047,-0.5658957994324667,-0.1889297606753536,-0.32436838508301935,0.49725028301214264,-0.24035471386187815,0.4600217930568793,-0.12087298002831989,0.425963781516678,0.34708228739035996,0.38031835023594207,0.0,0.8691906932316783,0.8223082370197157,5.758922631411034,-1.466356170653633,-0.2659463158308426,-0.4599320191650572,0.07580654175701373,-0.5109815953017613,-0.6421788066036176,-0.3611841777074163,0.08786998276939678,-0.022168930487884653,-0.7801507258677333,-0.13013533488185555,-0.005881112430229207,0.4312521248113651,0.39562637195906714,0.4465062685594799,-0.42126690697646135,0.010302915924701497,0.04839136941537687,-0.0012736195736824758,0.006153266052952455,0.38174469953709167,-0.3874620940365686,0.20105389631709053,-0.1878354137004659
718,9.81,4.948002715286097,1.9826181521068102,1.5393599299520297,1.9266280458052982,10.222766299455998,-3.290111506095168,-0.3606352126919128,0.7564972883490755,-0.553216189067296,0.24352989744491538,0.14153983672323867,-0.4131178333401875,0.0413854770284906,-0.8355362019186922,0.34085392950628757,0.10008990041876276,0.3133643867660036,0.8991045625133895,0.24379650618258042,-0.2652043018168407,-0.15403432641297515,-0.13617758551096476,0.0,1.1889168746257837,9.736823065275786,-3.5069323712828613,-2.4893640553770924,-1.2848413850995168,-1.3242239853588589,-1.53416164665815,-0.49193023043896905,-1.0999749328930624,-0.41282631777753637,-0.3652324532042288,-0.36640395014606214,-0.820338576297312,-0.7599133984662776,-0.40037538831288344,-0.20747418803042267,-0.4973981383549827,-0.1839998489913065,0.2191296418416451,0.015241187425267614,0.05015280284524483,-0.0025356494931724244,0.006730250959301505,0.37782575710712685,-0.436929140805326,0.2167886544766454,-0.22516381658860796
719,9.81,4.653823701509718,2.107944054008234,1.655039362466689,2.3675047925066197,7.444785075348873,-3.795555281774078,-0.7846457800164652,-0.5550212010495548,-0.4851930581498165,0.37546539555546743,-1.1783257270935203,-0.7450635222438731,0.45351290656240717,0.2109553707852003,-0.5797298004126319,0.25946461633008555,0.3060055362196222,1.273643954098975,0.38714824625021527,-0.3002455673285676,0.2911735273226951,0.7689546092984072,0.0,1.8035155281679536,10.204520040988298,-5.500314473110836,-2.4639838789018906,-2.1454548526525183,-1.8276145057673363,-0.9707940572453946,-1.2244662228442578,-0.9137481156339864,-0.47293265722838124,-0.9217528443351026,-0.9664906576634653,-0.3049731043203293,-0.12175738391512342,0.5783081626626771,-0.34344864464862623,0.0576827282526777,-0.6768251900193768,-0.8784042144250316,0.016386528341254338,0.04951258085334025,-0.005013580900385981,0.006745883887381235,0.4017839925314697,-0.47449375833479446,0.2004528003679934,-0.2266799521336731
720,9.81,3.0307273665450625,3.2368467412438697,-1.2771170995595096,-1.5261663646752701,-1.848496858493723,13.35783780654211,0.9590358134642196,0.4293411526623283,0.6212409471463334,0.3038062396560923,-0.344304015938827,-0.37657378432924116,0.16938378376289948,-0.21527013288859437,0.526665717206838,-0.35861439518065225,0.24080432581034164,-0.7651972760646437,-0.14254801948167795,-1.036296948505706,-0.1709653049202613,-0.541738909824045,0.0,0.8941815566917283,0.42543136501752377,-5.814171201138802,-0.32945189549071946,-0.5526588260772287,-0.7139038676746938,0.3020853879728236,-0.31498596055037226,0.16157741904896358,-0.005744179087902174,-0.867239963652592,-0.5921603151420267,0.3616195809719901,-0.8809847197781331,-0.4682811227478303,-0.22338180811126257,0.4321293353770854,-0.2955541708296149,0.6188745248852603,-0.012644723758014937,0.046585528300034484,-0.0012149312091546515,0.008661302223667483,0.42883103498946773,-0.36955023823369293,0.21934672144977363,-0.2819053196771647
721,9.81,1.5583253909768933,6.295219250615074,0.1804681189424171,0.07104785843456041,0.7250079265577529,0.44396782503180887,15.546003301591787,0.1468635738742572,0.7416653576354904,-0.6727721188918215,0.5182656213335481,-0.8572852179499041,-0.06739891462899528,-0.17953932818205753,-0.2694881440049728,-0.12296001265684908,-0.130831025716172,-0.23879916246385263,0.6691839530194139,-0.3440291263906328,-0.19847953593378914,0.1507657573820818,0.0,-0.16015385627283504,-0.45178417453446995,0.25539457521548053,1.7053206019483316,-0.09502983614556104,0.5058789026387959,0.029191586484025034,0.47496107373016017,-0.6992873379121562,1.0027293137309683,0.005775511921712995,0.20965236951793098,-0.8285877675419235,0.2879188312388179,-0.21666564646901154,0.41194213021260806,-0.7584897009251095,0.2214143491285468,-1.389465175716691,0.0017868130588358205,0.05140245149747794,6.916414676161164e-05,0.008934584813991724,0.4723780384557752,-0.3881693478880135,0.23157064331590838,-0.2860019318893755
722,9.81,3.1504059814415686,3.113884387532531,-1.032381084445119,-1.6180659363066365,-3.256544596737201,11.451124528140735,1.4810730169494057,0.5608850110592707,0.0542411861672778,0.8248057167017923,0.07732130379310631,0.22958066743658245,-0.6365686991569552,-0.21492757995225908,0.2691270695303458,0.42417413900650147,0.09464523431180713,-0.047244034697196735,0.0857910893361517,-0.04290855378275388,-0.38265402070350507,0.06634570279261309,0.0,0.13705226131050702,1.1372178612562513,-7.838417715966799,-1.0321206882619482,-1.2469997847143564,-0.7364144789789702,0.0566285537237296,0.9016694410375182,-0.9969891335850135,-0.9186562814913233,-1.4350421950664294,-0.280611885115632,0.06386231283309607,-1.4715721474600953,0.2079950423482273,0.8916270452309241,0.1378239151318953,-0.3790571341016382,-0.7051474156027431,-0.010221594895496207,0.04585879889881446,-0.0023055420189037794,0.007340236839293384,0.37983758537415646,-0.46265949505015813,0.1886772773857029,-0.20745929750000844
723,9.81,2.807169338272174,3.494623522084386,-1.3457099125794503,0.742179081111757,-0.3915018429523216,15.248314103379158,0.6801121943111017,-0.2695661249042507,0.6695497068760243,-0.6284232053960797,-0.14559496389430637,0.014872930327401779,0.28718194941676867,-0.08101308838697291,1.031671712051271,0.17680435381744303,-0.7724987192929298,-0.06284324899639954,0.3078714094058208,0.7889478409727427,-0.06832457804038727,-0.8165222601242983,0.0,0.22365173624276996,-0.27286503189758043,-0.09683621761267219,0.625481762405462,-0.5395932105599005,0.5187471790877065,-0.2120522383197751,0.01941444476266771,0.013248535373445405,-0.3429265051865882,0.1126449128864778,-0.45897350766498923,-0.7191522168315222,-0.325290034927236,0.42656259213420267,0.14463848084375294,0.45880520831484,-0.7236309702614128,-0.09754925707630824,-0.013323860520588622,0.04952404872322752,0.0014831643679325205,0.00895802546519733,0.42207012927576454,-0.42285110442826485,0.28585716447854026,-0.315551431410241
724,9.81,4.864910510048564,2.0164810801220825,1.8634196389899889,2.4879780846746398,9.916326173331989,-3.1630249688041747,-1.096252048218672,0.516052015470345,-0.3287216452271666,0.42305054922858865,-0.5027682750228641,0.055213150359538665,-0.046039729928574524,-0.23902217790884658,-0.05495494216716085,0.176815614195993,0.28470051909419036,0.1999234869680474,0.5302643880269164,1.5025287760751662,-0.3955067574954475,-0.06966591271853634,0.0,1.338391054493195,10.21967551819931,-4.802404053332032,-2.904985258811576,-1.201481450102603,-0.8540822203185352,-1.1874144382424274,-0.5330359526819972,-1.3297239590534957,-1.2560939964138729,0.12709814802354585,-0.7725812711894234,-1.1074207436872472,-0.2530467746807035,-0.41983135678751365,-0.017672508352181204,0.17886630725829222,-0.47320265099776715,-0.9754561085056648,0.018449699395940485,0.05519385255589059,-0.003357413646288445,0.010092466650578452,0.41164676301407443,-0.5653608923005585,0.2242313543280562,-0.3530023544725621
725,9.81,0.5676820693087461,17.280799465703435,-1.489735886251092,-0.8062358337756752,-0.7715259762436264,-0.11214232737303753,-1.1667779294647391,-1.240900220416501,-4.879177913541417,8.291095660877495,2.9413153709725806,2.090455343963507,1.9138092710069072,0.9421908558985626,0.0902125839031378,0.6492837783453296,0.4227031204516254,0.7638620125270349,0.44356381649636806,0.6360276272653773,0.17091550359600283,0.3824956708990218,0.0,1.3851219018249892,-0.6662285916789896,-0.15081595940248138,1.0460822991388476,0.9731299088885255,5.3310257672242525,-10.572036091920394,-3.000069404074207,-1.5658772115714172,-2.310880071031863,-0.1275311532027379,-0.3760204682826367,-1.2434284434134675,-0.30997638216630075,-1.5561201290314375,0.805142988440611,-0.17935756453046975,-0.027757876763214173,-0.2495032342354181,-0.014749860259911794,0.05727747798541125,-0.0034172664479943937,0.015722059181575657,0.3779621198991086,-0.4123911963774693,0.3139241870419391,-0.31679072914874107
726,9.81,1.9010592331839573,5.160281083703997,-1.0823310050803068,-1.0893303225525965,-1.3766040447792083,-3.203643095305165,4.987689460147977,2.0286301158019002,0.9409975951486087,0.43514087842622695,0.9010752837427108,0.625794644399336,0.4569695763674454,0.9349449167108568,1.0196206683986129,0.45784535837024154,0.6273479344999575,0.004318434733863896,0.20935732629287462,-0.4564508810501072,-0.2223546123210801,-0.2008297224089531,0.0,0.8965228985257857,1.4553143668281268,6.106695612317644,-10.909270350801497,-2.808543405682279,-1.6960505076105967,-1.558234905320854,-0.6327771526078072,-1.1806813500233506,-0.9132178388819682,-1.1032961288209584,-0.7226799942259784,-0.9760272535783059,-0.5092513073406832,-0.9314552088192628,0.1250956916960798,-0.03890255488119845,-0.37976911946557135,-0.9899639393539829,-0.01071614856515155,0.04721839035150995,-0.004846921454137034,0.008857342273672051,0.3879138361703508,-0.3921040213048996,0.22884714206485263,-0.25249900251626345
727,9.81,2.3141663340617633,4.239107559214099,1.6315797576395155,1.9394251277189694,2.65360849201857,8.214452123404124,-3.7271138634521357,-0.8285531756147415,-0.8094157625566669,-0.002265200054273664,0.4664555898106264,0.03856875116162717,-0.1258323709121727,0.09748282672641895,0.0026297615928421725,-0.32309456979733775,-0.7312694827117552,0.30828452182217353,0.4140704736557434,0.08714066647961749,0.4144533197797244,0.4486268451396965,0.0,1.1737298206370452,1.300518129753046,9.644006075829973,-3.7828238608844775,-2.2270579643251756,-1.4634705207205776,-0.6598004009758623,-1.0429416072653102,-0.7793013784294532,-1.3885896113884428,-0.49389729278106775,-0.49735751681538365,0.3179245037677637,-0.3247816829031901,-0.4499571061294285,-0.5034815813932062,-0.111216837473738,-0.7635879730371957,-0.14695137156852683,0.016154255026133813,0.044567237965189584,-0.0034390836522553915,0.006839042614129716,0.4210525061442999,-0.404418673814146,0.1667375294494618,-0.24198781325472446
728,9.81,3.786392546951353,2.5908565681861506,-0.4396443183693439,-0.9228455037459857,-2.1891073944093193,2.080587951324817,0.8232460922514464,0.38594311857855285,0.7358148167198149,-1.0572339060552243,0.7287899283073829,1.492253905162054,0.20645902806780647,0.6269353757976129,0.18726809134577388,0.18118709559736834,0.02788992942378167,0.9775566617314673,0.45804969964028475,0.4731216319799665,0.7353609929629905,-0.3506437889146963,0.0,1.7313076655902044,7.567585329462704,-11.294714275067669,-4.159353326812424,-2.6648945344690076,-2.281106276837671,-0.9169950282944241,-1.2478240474862643,-0.954502453556574,-1.8258379563136502,-0.5249482241584369,-0.3827857800140957,-1.452960413262896,0.5948817546707059,-0.8432271544091225,-0.4752918030529978,-0.5585707711960798,-1.0454719062211617,-0.05891234658743005,-0.004352914043260831,0.05284161955208977,-0.006290260366196894,0.011770127191470916,0.41722020593917475,-0.4553092371633108,0.3288753889378594,-0.28977432680839543
729,9.81,3.871366481313406,2.533988979692732,-0.6486756021470321,-0.9528341500223289,-0.8771665656270364,1.3392456712565202,0.981743385378446,-0.3986704132028513,-0.31259892221295876,0.9174495569636579,0.5063591861662684,0.4161774141604194,0.02210787554954019,0.08857203934377,0.42678076810640087,0.8026284495171795,0.6354969118801628,0.4463008477746854,1.236767797777382,-0.25868762857779765,0.8884044812114553,0.012332419510426323,0.0,2.431317955102982,7.652506237578439,-11.336598545380976,-4.000748078327,-2.683134128415438,-2.1700075435435107,-1.3009328576170673,-0.4203980425247229,-0.579330721346434,-1.7211058100573613,-1.0804126558370255,-0.2450489756234785,-1.5844312958265971,-0.3837182278880404,-0.9563186246070995,-0.29758736587104273,-0.2595953771442198,-0.510045564220145,0.09352247711758101,-0.006422530714327051,0.050872638961661984,-0.006172114159552795,0.00952775194405402,0.35822484494466467,-0.43037469760876007,0.3636517020651403,-0.2736467356074402
730,9.81,3.803880098010183,2.5789456416177865,-0.7942624183559011,-0.5637417520500675,-1.111125523002352,2.4916061913463468,1.1419257499202273,1.0658697224713665,-0.2004410045820939,0.023709873140944304,-0.7881646769501045,0.600110464649447,0.34774486821417194,-0.18638902928530532,0.7154297504930911,0.14639214354191724,0.5034101025369712,0.27104020431481357,0.9906852692637782,0.07516551498254848,0.5420054512786774,0.5146609630916414,0.0,2.2762647153966857,7.162002290678456,-11.012426668699447,-4.434678024081993,-3.701197075694733,-1.693029627935114,-0.5734880470187665,-1.061637161412917,-0.8237866050878653,-1.1447685753082733,-0.2840780280283729,-0.4441506570280147,-1.8908628458744337,0.3485080423731864,0.1239644305637842,-0.5198140925354738,-0.4308950291900076,-0.5199009733564549,-0.17802518259553515,-0.007863984340157438,0.05045168472116642,-0.006635769430313141,0.011160756017054624,0.39971250181894835,-0.40400685183480656,0.2890323220077994,-0.3373945025444742
731,9.81,3.0599906814601883,3.205892115762521,-1.6423662162584187,-1.6208031997326273,-2.4454227681223037,13.362159131138334,0.42305540283655496,0.24015701988026938,-0.08362394406851381,0.5005343916078119,0.019414434090157418,0.20205942266289723,-0.34014337996853994,0.05053187143935628,0.6229341337257086,0.32175437527027473,0.3798706100011327,0.390082441264583,-0.11135966807233844,-0.07614896470164068,0.40367874030234857,-0.2622858335294147,0.0,1.4751964825948112,0.9385050902720792,-6.669398120978104,-0.1891617893952371,0.27430392903429557,-0.814344182955329,0.11590842339833357,-0.7916270253650157,0.5607466725815266,-0.44006825110498926,-0.6536466179416844,-0.6017141057401361,0.07046049103111536,0.027721395396827664,-0.8414529584368652,0.5383744289350378,0.46300341402011025,-0.05373394620771611,0.06890339641143167,-0.016261051646122977,0.048854932487207285,-0.0012046853560278405,0.007585641678355207,0.36609129317724354,-0.3761011891692059,0.20281684025916058,-0.23257672797416223
732,9.81,2.9825702803422343,3.289109418361922,-0.667244208513159,-1.1250938261265886,-1.2650099663383847,13.422081923689698,0.3106005573373585,-0.19547762544818315,-0.265874326058968,0.3953328194354515,-0.8235318886181571,0.032525073372635216,-0.6360829711770746,-0.041278322925047295,0.11537915816214273,0.3413910768219987,0.29645392159277983,0.7091726140200818,-0.41452150286794576,-0.37270268650033117,-0.843748286585873,-0.5698362044396459,0.0,0.15742238044536966,-0.1571407295709105,-5.309766111363639,0.7381437919607474,-0.8408637763734197,-0.6588335403688763,0.007600832316071282,-0.5243847507486473,-0.06547468728952102,-0.3724490460422898,0.6019782073461624,-0.6384203132528788,0.08657939417524668,-0.3007262384885768,-0.26078574440396857,-0.334622011097524,0.17942119167231008,-0.4684783806849128,-0.07191188415430103,-0.00660637830211047,0.044409323257399824,-0.0007211764525298845,0.0068341641175609005,0.3762799135908587,-0.34710880972180264,0.15133529796455278,-0.21766483365020556
733,9.81,1.8061414229652293,5.431468364140861,-0.832726355655528,-1.6281263845007221,-1.7213966302668096,-4.171621418216444,8.875174096728468,0.9348793749221662,0.8387407329022765,-0.5623521099931417,1.3500281761867268,0.06748853920699471,0.12203609716448749,0.5862667605117833,0.11561982635977369,0.04923492894758169,0.3379010109319889,-0.16306924350767743,-0.0466270032189247,0.16745027332234624,0.7922076332955384,0.25365923697994747,0.0,-0.030689302482729247,0.6332827983270015,3.2309815171947807,-9.630511200715596,-2.786537582515971,-1.9249825968872356,-1.4280616992414787,-0.4714155645527176,-0.43214150129484163,-0.8622996471097913,-0.3926459701253665,-0.9524739751948106,-0.2744337117548654,-1.6919418314428125,-0.3143153588373959,-0.8801822978527959,-0.316726418867018,-0.4571257751535943,0.2533907498529532,-0.008244815402529984,0.04715345491471574,-0.0036893822859361504,0.007808675136407955,0.3805713983601494,-0.3897393380412525,0.18994527781414686,-0.21250775603563585
734,9.81,4.409891775186582,2.224544387959485,2.459638777921379,2.2200165922932342,4.6152283577343525,-1.8180498572104808,-0.6458774905451199,-0.04702454941844658,0.041724965367013866,-0.24813808134149273,0.07790715651163832,-0.6642505073009797,0.5725583603551803,0.09016653996558446,-0.025497124281427808,0.3041387729063835,1.085063363418527,0.14569825056164373,-0.06398438082357966,0.15505885405716646,-0.5634703824954601,0.04085510652304539,0.0,1.4986209235035124,9.728469171886807,-7.444904621838805,-3.7075473972833968,-2.2805629752438525,-2.529178510861029,-0.056851783092138786,-0.49183776203992613,-1.50536081551929,-0.6064972820084628,-0.3506456342069312,-0.2835107601784091,-0.612349201808249,0.4140539786432302,-0.7101226626813579,-0.6666908231086881,-0.7085165288659483,-0.3708812283749601,-0.32177478389978464,0.02435285918734039,0.04549265670257395,-0.004744782549505534,0.008940049155398215,0.3919547856076979,-0.38896266009763514,0.20349908234885444,-0.2822954654877722
735,9.81,2.420944053300839,4.05213825021051,1.9379319178978598,1.5721678945373,2.7626049786149434,11.138332628523811,-2.6762609296942133,-0.968488860335474,-0.9035625010625907,-0.1630708627563755,-1.251992465285123,-0.49185359266671713,-0.3354248256515047,-0.25228736986712363,-0.3255012634455111,0.33307779939311305,-0.4107936653668874,-0.05704441375378505,0.28970790471666735,-0.07114009627086973,0.01680213567987454,-0.035224078188109575,0.0,0.37314510475548873,1.4269741593336587,8.75672170793159,-2.7797605796390474,-1.3126849773787757,-1.124708287805952,-0.6271199797195133,-0.5696645557797724,-0.7614479860197175,-0.2203670490144899,-0.9414475589620499,-0.23647250743044368,-0.5284290334715064,-0.23121654726430718,-0.5237330032015155,0.39880966653900785,0.4550634214297,-0.20294767248246662,-0.48739647715384016,0.019187444731661986,0.04944610992153402,-0.0018419591634321571,0.010073735233481705,0.38708743830026104,-0.4472700687130157,0.2648686014044488,-0.34597311009251813
736,9.81,2.1089160908777664,4.651678671538284,0.7829072178655475,0.6605032727481324,0.6818926661182352,1.2075613657717248,-0.5383521588340743,-0.005881955345786921,-0.5071529353989112,-0.018692123446171965,0.15069077021637045,0.040879050714426324,-0.21502450605054088,0.46625324947621993,0.27884485547052923,0.8364814594665004,0.5056686768859595,0.9553780179851069,-0.0634019455945073,0.5598335848569361,0.5802819110860307,0.43439819650448774,0.0,-0.014755506350924458,2.8532379584022136,9.729906682556551,-9.21443662626466,-4.051670643038877,-3.112250895914425,-1.5953636247098564,-1.9668720218080646,-1.1154869401919707,-1.3807940058888226,-0.40926857436568953,-0.8278619736306199,-0.44248886845958635,-0.05622597367788784,-0.983650753846874,-0.8812839339776222,-0.9080008293081969,-0.32415529523626807,-1.0561024619753137,0.00775155661253017,0.04977176790680358,-0.006557671104680189,0.011038064406395638,0.4282658550638674,-0.37300416006434056,0.289775237319958,-0.3320014488975337
737,9.81,4.078063917884513,2.40555327173217,0.7629267529341179,-0.8558540840496139,0.681033799690139,-0.8945068013038608,0.3770274710964311,0.2377461302152456,0.08233518280901655,0.3801757294264967,-0.5693287935140819,0.21589555776848526,0.787518739788084,0.15216741647197682,0.4935941562478518,-0.073840936199879,0.11638303000794653,0.1529060642425772,0.07620574297311877,0.06662582971478416,0.49665508186003454,-0.4203133507230614,0.0,1.8321036234875396,7.814172671531254,-10.357115834439758,-4.400266360923344,-2.635102253158647,-2.8557171730246464,-0.5264724417478474,-1.440686573209227,-1.792785557912604,-0.1319403387670086,-1.3019919578001287,-0.6708292230813974,-0.39720995903748285,-0.6601334924672453,0.16210385099556535,-0.2927287101357921,-0.5908152086659064,-0.8884834320525102,-0.1832990673094826,0.007553730227070474,0.04637258002419854,-0.005267384425690576,0.008836984342228469,0.42340757054982464,-0.36478957469873996,0.2418608444718075,-0.21201831731694099
738,9.81,3.7613416457583364,2.6081119249198577,-0.4497289905521422,-0.5702188603925465,-2.09133857691667,2.3161972878809713,2.0736880494087706,0.6025122971920682,0.06871963469456077,-0.3223945562419489,-0.27412527401472164,0.4783530362647649,-0.09786086790997356,-0.05794686239461216,0.3021413946301812,-0.18725165653947454,0.7764842313483745,0.7965172448376794,0.5463334543508173,-0.44661459773492557,0.25009977000659167,0.3204145707513174,0.0,2.310316801969331,6.923816556639853,-11.695111671684106,-4.760602867648501,-2.5712553815012447,-1.5289468776793234,-1.88184820068398,-0.974637974805536,-0.43794725124013917,-1.4597207845467826,-0.5512171784702176,-0.8695478661348797,-0.7326170970831805,0.37273633943002493,-0.7418545237224667,-0.12918241673078473,0.1694612279038581,-0.9043815242665002,-0.0716426388244587,-0.0044527622826944745,0.05240266551338369,-0.005734722338223737,0.009205822940867886,0.44319073398117326,-0.3969307095922102,0.28157217326836276,-0.29484318745726323
739,9.81,1.9334819048802885,5.07374802693454,-0.3630013977438792,-1.5843003706646637,-1.4654879334153106,-3.522993270344774,4.099256033324791,1.1364175778939938,0.8706596082202274,-0.1835636321573184,0.408851517906928,-0.1742002656704159,0.14986371720432218,0.848790561867328,0.3919035884814216,-0.028134269692586242,0.5191602990330365,0.3691945044464281,0.9100046943555619,0.17149319565106572,-0.5614741124877882,0.256044256375881,0.0,0.6153467100931925,1.8907553991258412,6.54845011060062,-11.003331289531264,-3.658087708011962,-2.105350730088148,-1.9993730354381893,-1.3093957944898893,-0.5716141602907548,-0.4359425002442978,-1.3216920417959035,-0.512567576187242,-1.7068783678016926,-0.8004701897564157,-0.23219735528249708,-0.10184369076267841,-0.42686356328252206,-0.7800375858218892,-0.37400423850577846,-0.0035940732449888974,0.049101809849102215,-0.006235328500053115,0.007123552769124429,0.4584089741389499,-0.40862582365572864,0.2579862942065464,-0.2360300120423699
740,9.81,0.6065959389709109,16.172215093695897,-0.9706758570742977,0.2705697293879401,0.8537195622499878,1.2508029124719775,0.873679653261225,0.826316533563102,0.4659510658244428,-0.23208124843541342,-0.18724202260413095,0.6001550207316845,0.6198992602681944,0.4302773874361259,-0.5154075191742062,0.5001874374698766,0.18725050420251502,-0.1381374835213222,0.9255012420673668,-0.43475852901846906,0.47862044252307867,0.3529978900526979,0.0,1.3139375849321242,0.2974931464631158,1.1331696858551876,1.9982660798301985,2.922127188612528,10.159130049739755,-9.702375120533203,-3.45611398992519,-1.5335630621065257,-1.8906361082290266,-0.6550573953198523,-0.8577229801892532,-1.5322597773748032,-0.7557178184753924,-1.541335214670327,-1.2663940888532301,0.39781164581545736,-0.7012875632619635,-0.9219673683281542,-0.009610652050240576,0.05225769577076824,-0.005530555329205076,0.01786399267110902,0.503225539789941,-0.41702861316082956,0.3046770197550265,-0.4033456813472964
741,9.81,0.5377239823284328,18.24356049272918,-1.442097433166516,0.07136626747003727,-0.7007866003916794,-0.8047100851257589,-1.538283519441013,-0.5326654392009986,-2.5444638754102176,13.576160305186578,2.223079712985249,0.5102761362824291,-0.12209503175884173,0.22147393562869122,-0.20252202301351596,-0.4041902223742213,-0.173121313882319,-0.13811857704979846,0.129006798000168,0.03866193784914479,-0.2626981299361936,0.3585521892434447,0.0,0.5930228806678638,-0.3211062107966343,-0.06647117082372611,0.2162066830460707,0.10238322330849992,1.0457912368050446,-5.377092771878365,-0.4631299232038325,0.06604260928870098,-0.28276925561009203,-0.5884356503368097,-0.7677414980029051,-0.682763399242106,-0.07598742767576971,-0.6508183363018892,0.9730941855846086,0.006874131773574266,0.0852058991045489,-0.6552648107748935,-0.014278192407589265,0.04836312978260262,-0.002202898430482486,0.015402234669279258,0.39645194799457617,-0.4103801320701884,0.28425696772134146,-0.34930637607483617
742,9.81,4.3287165913313395,2.2662606324575383,2.3329303640505294,1.516825948560755,3.6654957828349053,-2.1207598099611586,-1.1221393997677946,0.8528229332528479,0.04409998124685549,-0.20433544532845305,0.37753841302628655,0.193917305568501,-0.02179137650312396,0.19511465529525251,0.7142023906152728,-0.42790322432382977,0.326852351283727,0.07251351789463029,0.62597544194069,-0.3768100987834526,-0.5896300302024093,0.5951249765161241,0.0,1.6370685931537434,9.603327929147962,-8.483170528747412,-3.8401202922029882,-3.1243267026801798,-1.0303512367725023,-1.7256391495920367,-2.030612780615379,-1.5842640555823673,-0.2741349344054924,-0.6595886900927511,-0.7453403761147073,-0.7125862285558977,0.4840298683930522,-0.8013098994480687,-0.8517199488283209,-0.7031814069773985,0.05779387349925397,-0.6827844497993758,0.023098320436143852,0.048187115577534134,-0.004707028555969977,0.009849862682496675,0.39341001040098833,-0.3529507157995416,0.2899012106644172,-0.376437398784759
743,9.81,1.1797096086991887,8.31560574539783,-0.19772168229428563,0.07500022011228713,-0.9890920402693315,-0.5105950500506684,-2.6928868274324875,4.364126801701277,2.3624508283900623,-0.41940480417950377,1.0972456734365852,-0.34557980768333074,0.17744080468270995,-0.3527388575485435,-0.061334268234187916,0.7776441962766731,0.17587089927397426,0.810166066407258,0.4066720020643294,0.9064027475889235,0.718474450097996,0.6219560495740161,0.0,0.86596373730606,1.0458342563096066,1.8062657517506633,6.544590415371372,-10.930472822167735,-3.8922098939185785,-1.618545226428739,-1.8126595667139058,-0.8233650793590441,-1.2970043212202738,-1.0941803215988435,-0.6964884109171166,-1.177987699860849,-0.9187462288859245,-0.7092535127905667,-0.379424279109854,-0.1468201469053787,-0.6657173460989252,-0.8949811093457453,-0.0019576404187552974,0.05036495654598037,-0.005917285457982766,0.015618652254297975,0.400177960512625,-0.3781673944302064,0.3073619424253705,-0.3230058372972789
744,9.81,3.2110051499722476,3.0551181146765796,-1.284638409086368,-0.8981014544088524,-4.636400911795448,11.402423233419103,0.9743918144350654,0.838186057984017,-0.6353090937117285,0.7337143696564039,0.490546434310025,0.7425050336557186,-0.250674922263602,0.9389510503430019,-0.5683881426617243,0.25348453957957895,0.4498124642154522,-0.44348105868023013,0.191990642490791,-0.42639111709686073,-1.0055723957753386,1.1312925191963878,0.0,0.25315737583485026,2.0411774695187357,-9.123855252728708,-2.1565336343238584,-2.134730254750555,0.19148203523518625,-0.8951816978177155,-0.19821192489565553,0.27122272605188213,-0.19490875746251446,-0.7975688785018419,-0.06868077768342573,-0.8325470542193212,0.41361440767702085,0.12580424839168303,0.3482241439210689,-0.2701390734137262,-0.6233794174024191,-0.24621156789616003,-0.012719192169171962,0.0550183378984501,-0.0030501935287921026,0.013392237800117774,0.3977470829769408,-0.631445386847093,0.3212577955050385,-0.3974011203341523
745,9.81,3.1582924337064604,3.1061088249156623,-1.0471910645210583,-1.7022131790206574,-3.5629041734645464,11.200114845433895,1.5606800223464201,1.0512134818339276,0.5711439186175413,0.0077326252771965365,0.8158370596702669,0.0003053827518113561,-0.0357114281971746,-0.11386145478925169,0.04423095075239891,0.2946003014016567,0.6167370137570125,0.15691372670951764,0.6356150425145448,0.31809129098422934,-0.7748569800128093,0.4859502538280243,0.0,0.4886165248316471,2.1535176938964944,-7.7949362351103195,-1.531835253658008,-1.3754228882799164,-0.2657069770575354,-0.15884995157169812,0.374822895928512,0.10486481362230354,-0.10399381426336474,-0.4350842562987977,-0.2897969192267644,0.5496347762784558,-0.39435723415220036,-0.21667861674512978,-0.5362105225933343,0.5988766139542802,-0.37237965755436725,0.1380598193046634,-0.01036822836159463,0.04406844285036495,-0.0010781928010100983,0.005293788464583626,0.3589585144676276,-0.37749166224976294,0.21844266248601704,-0.18399728059919465
746,9.81,1.514091306779288,6.4791336929788095,0.8253166869128337,0.734770907524259,0.90870697720672,1.1943816115345607,14.89532726861931,-0.8510719673506535,0.10571737773978018,0.030653213763037757,-0.5385659301804682,-0.48447084248415556,-0.6234969924978664,-0.24202738826689452,0.14693589533968707,-0.26323846304893816,-0.6589316770616129,-0.712498549620896,0.2694476430358693,-0.4763848196050707,-0.3538443049424337,1.2459864175673108,0.0,0.08617743653121948,-0.37965788431894615,-0.2517718330591894,3.7284431166127314,-0.31006771505024167,-0.8705951986254261,-0.08225403362177425,0.8352306114256607,-0.8994204991725003,0.146474995113827,-0.4142496018009507,-0.3697858191031109,-0.8289818072239095,0.6386908863587828,0.04942573971453018,-0.4684784847641907,0.18961761033071275,-0.3312914457658273,-0.42893906728717224,0.008171452345671628,0.05107586044040384,-7.530131981246135e-05,0.01147621299262875,0.43126731293001275,-0.43798455325820096,0.27498603074278416,-0.25009960164781064
747,9.81,2.505132463594694,3.9159605899335643,0.8488111477245525,2.5448207397979017,3.139555468770907,13.577097857610317,-1.6300327135970463,-0.1422184772655093,-0.7674242523699121,-0.3469124145191984,-0.044092789245460784,-0.07396926039993745,0.34231347243183263,0.27938877387094985,0.0017382115893511685,0.48374133928405805,-0.431853386387125,-0.5355558608786871,-0.39741053456601183,-0.1056930924718435,0.14816523249816577,0.45999859592749237,0.0,0.5715061092330291,1.02317386612242,6.999681126410567,-2.0415534444844403,-0.4256346867354532,-0.9394146274791038,-0.31757634280822244,-0.8230957359341872,-1.0049394582929914,-0.7158507010825944,-0.6237713944229625,-0.8483224209111424,-0.24507954925504472,-0.31185679758662566,0.03773819379920468,-0.2881038796627558,0.3213720551968863,-0.5752763363237345,-0.6013432725230814,0.008404070769550005,0.054504699285255774,-0.000598260622461828,0.00951495994769888,0.6057130211505305,-0.4619851558193459,0.35193669841124187,-0.2817974272844258
748,9.81,2.3856036789145953,4.112166696717774,2.004442567395292,2.1536320359484966,2.4742320640646747,10.861227505257355,-3.1642889025138525,-0.2771516602038919,-0.3259325510443848,-0.1736386246163597,-0.2144278646630905,-0.14085709939496893,-0.2526219073407973,0.14497640138848167,-0.6036337366952647,-0.07189050750946227,-0.6425991351413282,-0.5582024312093121,0.3150526040501827,-0.30986727919242074,-0.11027882913267234,0.0934375156408066,0.0,0.7048005153745387,1.5990222658175075,9.72866651831338,-4.114265899996922,-1.2338889404458062,-1.5906757211873601,-0.55500926293371,0.05723292293895388,-0.13191492541074035,-0.8524037838944091,-0.45097715629078927,-0.818083147466074,0.001161932940467958,-1.1162075652742036,-1.353696735177958,-0.029594635408970393,-0.4257381500187887,-0.10690673252839028,0.4620494116380076,0.019845966013814793,0.053802527319242545,-0.002014986349641232,0.008690666813447864,0.41918131592609653,-0.43188115651625175,0.21453516190209404,-0.2862891628229287
749,9.81,2.7621857149884343,3.551535273956435,-0.07242680466044527,0.9589460570517316,0.10313467964694079,15.362702246178554,0.38494161490272294,-0.5151792940883688,-0.23855147174081281,-0.12997823959120502,-0.7731184848246926,-0.00418378933705299,0.5279631269772873,0.5184550581588109,0.18500142367312,-0.07967790769911154,-0.38037513410056656,0.12919634195819915,-0.17048143895722329,0.3334118330353336,0.1271743630004547,0.11237717382976803,0.0,-0.18950633519647353,-0.2093081790021296,0.7793696737936374,-0.5525205059271593,-0.18608189203283637,-0.13769016907777054,0.03968226972789886,0.4187256247021267,0.06653803529555312,-0.3694690055720384,-0.12351175335643105,-0.5326899865279859,-0.5057286049050609,-0.19888579276389629,0.6517564155423567,-0.2420785517075485,0.29237639381752645,-0.8479960110881217,0.2342322073313709,-0.0007170970758459933,0.0487184341256733,-0.0004810144313675191,0.005215616362494981,0.37789849742224657,-0.3976231680515235,0.17535020655913247,-0.15608226193598604
750,9.81,4.356599632011285,2.251756146678798,1.586555321751733,1.7150554287929107,4.471891690732596,-1.7780071364844554,-0.10985707006674683,0.2693346017638967,-0.495840955040016,-0.1327101505800995,-0.4512343865949359,-0.12332631197839711,0.5608465435931607,-0.327225114139352,0.7055538075634348,-0.03075070829592985,-0.6004907248220529,0.6210375593353411,0.44221715395146377,0.02797626071437051,0.7034909075757997,0.4428237207118533,0.0,1.667734876206664,9.843490240474361,-8.360844256712408,-3.5360100589689933,-2.493615967106606,-1.828562027895937,-1.1468747273875362,-1.8419371906169868,-0.4297450586391056,-0.6722538450130715,-0.3255691013667069,-0.2150655404167876,-0.6092743701121593,-0.3239304555904091,-0.8276078964329152,-0.4914621427154821,-0.030473727397843455,-0.9375378290718901,-0.6365617128355533,0.01570846853219537,0.047325891692814516,-0.004813916428032867,0.0073491379053124565,0.41748232633470245,-0.4175288730862842,0.19928782694884878,-0.24128253438376096
751,9.81,4.621872306076307,2.122516450119779,1.2147197674873458,2.1565875593055583,6.972290219300128,-2.7902678402743795,-0.6861607120790931,-1.16490982222906,0.13925956678953366,-0.1847470581675552,-0.3069877624240176,-0.6009213106504918,0.3875703606809183,0.6663930653043211,0.3555598143876803,1.3102407319081641,0.21038703309855372,0.595628445629786,-0.8257574830023162,-0.4494144215524682,-0.013332367192646577,-0.05102749917643684,0.0,1.8298335033536886,10.135109205697743,-5.585452130380318,-2.1359900279355797,-1.7908738233170394,-0.9118984266534815,-1.1552843033487883,-1.1832146113016653,-0.35414037979442237,-0.534011254694041,-0.3838599444473121,-0.9072475586182757,-0.09380653747449783,-1.60897376856021,0.10432015847580861,-0.874356943125617,-0.7236246501600793,0.056029568816351044,-1.1821205944119273,0.012026928390963828,0.04635898610735684,-0.005117921793536204,0.007816624183573671,0.3491936215728641,-0.4297989198268831,0.2547166527112215,-0.24299906997025578
752,9.81,0.889565211837109,11.027859306391512,0.8330441662201891,1.4126224055030867,1.7079316723471776,1.0939987520709586,1.6093651390333534,6.969007746579566,-2.321346228303886,-0.4473773167875774,-0.4265719200678094,-0.291631321587699,0.10676301762323998,-0.7936210212786614,-0.38819748606328697,-0.5355859023625356,-0.7735853606563067,0.22800527670394655,0.034076072945180474,-0.029367256433889766,0.295104259323019,-0.5160525072036332,0.0,0.08100560886945976,0.42851582161841334,1.3450438208798632,2.812400324944075,10.028815498874039,-5.594539351420187,-2.4977221015129123,-1.8618569552449251,-1.5058952247129151,-0.22283869104504228,-1.0566690533073921,0.04248973210854967,-0.17178653065393112,-0.3818893472324548,-0.17375442143796727,-0.035646977691687676,-0.6863885328736866,-0.4425471332034794,-1.2648537339900627,0.008247962041784046,0.0461901665693545,-0.0015123480365168418,0.011992356896547783,0.3590373449654974,-0.3719917538814336,0.2558077135414052,-0.23567018464232198
753,9.81,2.4308721447150368,4.035588634855987,1.8862880244776141,1.4037604877906646,2.171440107447731,11.53343177397151,-2.6039584673852167,-0.1504773764502727,-0.6117976210570699,0.0006709668658821943,0.10582734376329694,-0.31319630013006194,-0.03859181149281021,-0.33069832760276374,0.3965694828420744,-0.004498558340962494,0.6836820954172194,0.29538958602942567,0.02732474682332736,0.15374964960576692,0.6590537579871364,0.1786986572649158,0.0,0.6492249162653828,1.6197062247578482,7.968911285447522,-3.1494714791096534,-1.4396571218419836,-1.2369189560201064,-1.2429586049516144,-0.4519178865425833,-0.5560130163507327,-0.7114667122867745,-0.394445909086094,-0.5678032499909235,-0.9389160648685294,0.39471113166041316,-0.5768505655031255,0.17143708275829955,0.1153324474325691,0.1725591302335499,-0.02702940324535212,0.0186761190542338,0.04731092575835534,-0.001491385390523495,0.006668920256167759,0.38810574361803224,-0.3736320013062283,0.20115693536391932,-0.14288129748513298
754,9.81,1.825416193071652,5.374116893031712,-1.047343019035428,-0.5142287800222421,-1.6145834599055813,-3.046866695089083,8.201254490505336,2.3695226210160563,1.052652449824302,1.355567232575455,0.9487088808622061,0.7306458636096869,0.3410823624335363,0.8430801076220723,-0.07728792959791991,-0.01148514668378231,0.2797557610093842,0.5489972713517492,0.029163260239771283,0.5433672701133342,0.2091449061173311,-0.07568953808454845,0.0,0.3118866933192111,1.4642954242592043,3.796868516524167,-10.18623949727084,-2.573100581536588,-1.8509732222774118,-1.7108196184262854,-0.24704665138183798,-1.6910651858994075,-0.2829445918300677,-1.415580280171282,-0.43227192702765305,-0.16677524671164135,-0.9931862290823724,-0.5837947407139517,-0.3939557797211016,-0.25184756622626747,-0.07163374008527575,0.28388326139613757,-0.010369732861736914,0.047927626024568085,-0.004171924879251529,0.009830725307644185,0.3829932401471985,-0.3591892077518132,0.2687596612337466,-0.2298975500737615
755,9.81,4.045320827119584,2.425023976895568,0.40792366298583815,-0.06675088962613213,0.4941220396049715,-0.4228800922949192,0.4110342569267583,-0.23698030834835088,0.2586153761471626,-0.7536208790629642,0.09715725734189842,0.1325944944946063,0.5736028259408753,-0.7564151696435544,0.11992435354541936,0.5252587577338119,0.22458002915013725,-0.5097773435451907,0.7602150685922435,-0.013709508354631944,0.4947337145314909,0.34487948073774216,0.0,1.8551320184324296,8.403268347523188,-10.570903986289146,-3.774503638244416,-3.305485700180146,-1.3383522146461555,-1.0978421121576267,-1.8071890127618324,-1.701379911200895,-0.36826863515782304,-0.9143117095027029,-1.4173404824116802,-0.3022452409201361,-0.7780970301251172,-1.1515267930892847,-0.6699393695265475,-0.1759216808046975,-0.8923093873408005,-1.2146285807924269,0.004038848148374637,0.04925608550420654,-0.008185297041804863,0.007782525307409163,0.3675504795830609,-0.5109785506356519,0.2089940301510338,-0.2617353854221258
756,9.81,2.0563155381585108,4.770668614791062,0.6119313763675881,0.39005212409386847,0.7256573986178265,0.2838514808621613,0.16088028175695018,0.6626499325326489,-0.682817270244792,-0.2560006824658755,0.2203529462092207,0.46995976094406383,0.9611420701924618,0.5101960764574369,1.1022328072663015,0.29483016783285515,0.8284108618137227,-0.18680590915664613,0.015124245862465538,1.1181284820618003,-0.16690792727347392,0.308835606098084,0.0,0.4340651056206818,1.9142758268804814,8.589531332187724,-10.060180347961266,-3.8755246217167363,-2.789375274590033,-2.0676563351767285,-1.4890849793631546,-0.40394478324832495,-0.929288440451129,-0.5949514580120144,-0.356292234654632,-1.02129056460408,-0.15789733589018923,-0.5754860492894391,-0.25513425182020166,-0.7394177538362986,-1.378377187120841,0.08569237550754802,0.006058726498688988,0.04634433263187458,-0.005632426626646781,0.009293152201272003,0.463936738823234,-0.3719116352852355,0.2259677341824533,-0.21253256567677611
757,9.81,2.6829751912030253,3.6563886360802584,0.5737558009782338,0.9791217605007279,1.131653949431112,14.766267885500453,-0.6629009356993483,-0.4294894568292644,-0.28140865767809986,-0.5221922586280277,0.031488811825738594,0.04463257690334366,-0.1872699031490514,0.6624257543292491,0.4360487681779774,-0.6297173431541518,-0.12310411674219318,-0.23364420854653128,-0.1747627086709913,-0.19390604195823558,0.1794579905435516,-0.536231720731627,0.0,0.18565565650659163,0.17047381715132712,3.412135255761048,-0.11072075658553782,-0.337141635568197,-0.12648843368863114,-0.8086049709867013,-0.33368301324180477,0.15485903186938788,-0.6955581758162726,-0.16033017805960986,0.31324296463634355,-1.0296974506488177,0.23102283019941827,0.013136287025670827,-0.44709513666384326,0.13735014141093727,0.025524015519092474,-0.14353560534973284,0.005680750504734982,0.04830833546664088,-0.0016467904696443661,0.007090171530433811,0.4147260243626637,-0.3551639638459523,0.21636959906692427,-0.2895464035906682
758,9.81,3.6795952632620343,2.6660540896835596,-0.7389843987726814,-1.1756448516954263,-2.2186240294263344,4.496878217960907,0.7765361177142933,0.7353640192180362,0.5015602753193316,-0.24643038304005127,0.17131963510742998,0.19902782436855265,-0.020767458148799156,0.7395694118548128,-0.20933174979619326,-0.1306621975952343,0.5001314970912295,0.4846457420722806,0.03765195315483341,-0.7120544950247739,1.041086839258415,1.0030052077932763,0.0,1.7443133523531797,6.2576416244252595,-12.150369954537677,-3.718028480066204,-2.0991675729485517,-2.183201244429149,-1.1019390213168316,-0.4030672784715975,-0.9911470911824557,-0.5199420532882336,0.1795646268531223,-1.8351582741477321,-1.3224319245122738,0.2413736822809216,-0.7134219739345464,-0.8944073198484035,0.2465416604130989,-0.4326847719056991,-0.37948796624287606,-0.007316677215571103,0.05272621334727031,-0.005917938047614895,0.007606690176434699,0.4379900259150318,-0.41924864763646996,0.3445935850301396,-0.2498648863245416
759,9.81,3.358486720694641,2.920958400565295,-0.7890761842570081,-1.3800694403846576,-3.487271279528305,8.854076710980918,1.3577859931343867,0.5657380174578039,0.4580306175997535,0.7822844947412726,0.8531646154898375,0.6086616917666586,0.32431079176823163,0.7236476454169817,-0.9280818547153872,-0.055365367141064936,-0.2272674890771753,0.4914031440639363,1.5188778998670918,0.344912183800243,0.20887347444387921,-0.7858064118000678,0.0,1.1926361963290444,3.118035939292978,-10.503175341526463,-2.970190343613684,-1.225768860192463,-1.2038706200566254,-1.4745928035525817,-1.6557629627287471,-0.30199654458051806,0.7491350587787973,-0.29554582918515676,-0.40503929183775744,-0.29680973673874556,-0.7347202515943175,-0.23595691307783773,-0.33449498351310786,0.034526802367220666,0.1689318680236051,0.8555187348321771,-0.007812635487693148,0.05000972187423252,-0.003971568489344387,0.009142794338005007,0.399346779571729,-0.36512565150798515,0.28510034693403563,-0.25302362493275365
760,9.81,3.8454617287125687,2.55105906444278,-0.6441186125367993,0.10341326900102843,-0.7724742227652549,1.7297764954727939,1.4017214332803662,0.5970816478398795,0.7658217341563267,0.4583398506143358,0.45551801855083607,0.6656445323247264,-1.0442588671447293,0.24766386512649205,-0.21058193953050441,0.5077268655780188,-0.11779036591257053,-0.2821117985780509,1.4809455605545219,0.13266937896540346,0.5526162668219327,0.2945631169277291,0.0,1.944879552387703,7.617480844767088,-10.875444292550878,-3.8482057247915105,-2.209103981154271,-1.1892709787788038,-0.6322914705939788,-2.2389883205936854,-0.3089621325119365,-2.0289361963132504,-0.6237876818001735,-0.558048489863032,-1.6282586352029091,0.15614008874830315,-1.0014951645284762,-0.32637543000916364,-0.09279573879861383,-0.17759838716447904,-0.5178340041782548,-0.006377412005314842,0.047753992440424775,-0.0056814495777714824,0.009538746349086023,0.369645249701853,-0.5063317251849022,0.25383872281099307,-0.2537776216370379
761,9.81,2.4391407539653454,4.021908118279663,2.646588572660601,1.2526388773919601,2.8084985509178595,11.02040255580954,-2.356995306607467,-1.3470373711801729,-0.12084594348525057,0.07026667073720316,-0.5725060282272165,-0.08302216247032146,-0.10984812566986174,-0.6869078014084201,-0.024723420080431435,0.9785334081709522,-0.25027006463790746,-0.26624659153574254,-0.39039360180785954,0.07885108308028049,-0.17315534029400415,-0.08808490749568287,0.0,0.49954395603429697,1.272750661003238,8.044607260737232,-2.5598609236753833,-0.9774767530652032,-1.2736557629593637,-0.8611047615865759,0.12720097315949058,-0.6272191139025032,-0.3154627580587982,-0.3418797679055932,-0.12278287145488825,-0.9731711969790183,-0.11876489279969188,-0.323215540915521,-0.3470044228380709,0.14759980547470203,-0.3225337664747249,0.3637833283795734,0.026203847254065347,0.044761558870284886,-0.0015278611681645376,0.007149525188445012,0.4041359338830366,-0.3246085871168821,0.19988685558669683,-0.20997473729913813
762,9.81,2.9359542666186496,3.341332701104441,-0.8407432273618511,-0.39918943498567305,-1.0793078661632374,14.47459114332981,0.8307446895374702,0.41558914346854925,-0.3579963414569116,-0.1492559508754958,0.33308217923832106,-1.0241932389232011,0.11603729505999505,-0.2362437121290522,0.5585467922132762,0.6384140830544816,0.5116223727849388,-0.21484394526921935,0.184862977738377,0.3182698617471871,-0.31474018092352896,-0.35668092115629646,0.0,0.8886247480398971,0.4070615684540363,-3.6122912968988476,0.9904591145586804,0.03404180877097826,0.0073868699380493785,0.9997251334018846,0.1438637228866779,0.07057272259726521,0.07892363305080644,-0.5442394786899992,-0.19906597206916254,-0.3013556546659464,0.12672600181568858,-0.20067043780690696,0.4075154350605922,-0.09373764948635135,0.40590230662593924,0.31754043334109083,-0.008324190369919326,0.04747145186099396,0.0005185217899412822,0.007830067274122074,0.3740198465809744,-0.45728865982733885,0.2368934386415236,-0.2338372082244803
763,9.81,1.7246483149978415,5.688116188495089,-1.1161748970189538,-1.4162077056706408,-2.2765180450199933,-3.1799741316153565,11.148820947478836,1.9080991817679087,0.9122328715979697,0.6649007605225773,0.2359759456912961,-0.17277839125790123,-0.01085585680088319,0.43021006650220295,0.4088011259247813,0.039965288137849164,-0.2451550394635153,-0.42521420647993846,-0.25650712408197773,-0.17468298708918395,0.2535589679538015,-0.009823737699636015,0.0,0.18292562888849212,0.3706827938424472,1.450036110049361,-7.255716815305215,-0.6404607902168935,-0.5727807708799353,-0.6649837295489067,-0.40415455649229526,-0.48322941379488726,-0.9820366242385146,-0.5087512901784823,-0.5471169869481758,-0.48431270514049507,-0.2722411464471788,-0.16140807175831706,0.07685720253483086,-0.5284217479781224,-0.5948576289550455,0.26165362746867993,-0.011051236604148059,0.042464049671347884,-0.003222889760230692,0.007192160562307128,0.3215414225469905,-0.31904736739074085,0.25920392220752436,-0.21558446949260426
764,9.81,3.9969278775558164,2.454385042844198,-0.638499429047096,0.08907435189854271,0.44525508351586196,0.34034453600190206,0.32621358295543057,0.6623217669229181,0.0496959421082807,0.2208897441174471,0.3288146618501606,0.33579334185755105,0.5480070382634491,1.0032349407040106,0.1626539309402945,0.031918296723572256,-0.09358671427518307,-0.1110769006198622,-0.7062713467850759,-0.1907547028579838,0.20992218087235412,0.3832039595432116,0.0,1.932029235645797,9.46952008229028,-10.93166120206799,-3.0048570930198117,-2.9472371350073,-1.6015944022312851,-0.7588034957596885,-1.5730949913368861,-1.3224992935845254,-2.2714626214883538,-0.5230094432933216,-0.9715057427853209,-0.703525103149036,-1.0333584068412298,-0.8657696294828449,-0.1859812338855219,-0.4648084108317654,0.2938283309002006,-0.5305767990873587,-0.006321776525218774,0.05181608520208966,-0.0038713604267281865,0.009257556593055404,0.40691471038225835,-0.43923430742408565,0.21069124985510396,-0.35500520479310593
765,9.81,4.398305219748948,2.2304045558166035,2.715304620135822,0.7182871453827159,4.7531734808768835,-1.1160172211473136,-1.137406276613956,0.10481656097030545,-0.06993524110334381,0.09129343785801602,0.11497830619609539,-0.770754612133327,0.48839708729038633,0.5695405566508891,0.3461633457061768,-0.5619069827088016,0.6604472489539219,0.29794436009606307,-0.3263437451914706,0.25165190157374917,0.1389503955456488,0.2811378468445993,0.0,2.077333351067199,10.485791878031783,-8.134783320375629,-3.464574322981113,-3.1556424408524624,-1.6863676674565249,-0.9957865317142277,-1.2716818106676329,-1.269126900371175,-0.6018233951596977,-0.7988832180649164,-0.13352973424735048,-1.264226596727928,-0.050539880353332844,-0.6662533875858196,-1.1767811217577553,-0.15207390717261593,-0.488487451012803,0.23648052223907212,0.026884204159760616,0.05008863170474363,-0.005543649080317343,0.006760905399867817,0.48412482260575995,-0.4140999000693409,0.23582222947669568,-0.19535392462644496
766,9.81,1.8595827100601643,5.275377076227285,-2.896470508566682,-0.7606784679130256,-2.334706596956944,-3.9267141108404013,6.789504450053633,2.5597353598731933,0.9578426169072618,0.3377891635850242,1.7303403595823907,0.24849089825649273,0.2761667911366753,1.3694821934157244,0.8380119451456514,0.031625592795869184,0.7995596052828077,-0.1464005973371432,0.5760774991192047,0.7169087048344219,-0.4575077713633131,0.3424365765310431,0.0,0.12800778030224963,1.5849703213267705,5.22044796925923,-10.665709544103295,-3.2359561768800242,-1.2223257763684037,-1.3489788022869387,-0.44426244958049105,-0.8672120476532821,-1.6312401098231004,-1.2031101304244631,-1.6833567611836981,-1.7849996173334053,0.15234905403403293,-0.32882092625788056,-0.23804174715659132,-0.8914313012414137,-0.018650679168347173,-0.19626606220523363,-0.028677925827392887,0.05222889384680709,-0.004765311390541284,0.0106082072932185,0.4744774964725723,-0.4667234322840435,0.21662106788676946,-0.3977517939826457
767,9.81,2.7399086609537755,3.580411325312243,-0.01882061659111023,0.7285351843857581,-0.3230773027164435,15.310550697214108,-0.35995375960527354,0.0340209407288079,-0.2902393392261631,-0.353048356420127,-0.35934527353674595,0.23649172703619525,-0.029757791687390678,0.39056848155099644,0.19126136959841972,-0.35001013411676224,-0.4054831175393765,0.5943400707890442,-0.741529436722584,-0.9087201219657947,0.7087192572644955,0.32776006960459814,0.0,0.0780273152722875,0.29361811545992567,1.1152093159936527,0.1932908090652572,-0.6436816522518354,0.20438945523150015,0.32325799304628877,0.259258901833108,-0.5461204296263755,-0.2612262359834575,-0.07672193140455663,-0.1644179978028552,-0.9797327216643146,-0.2075286880331316,0.24403308258778583,-0.579835255746839,-0.15499424582426194,-0.2598138585759772,-0.19554673709823484,-0.0001863427385258334,0.04914158561399648,-0.0017172368764503069,0.0067972092056854515,0.49035272072441344,-0.39088646350813433,0.16678727337254542,-0.2712374661218278
768,9.81,0.9707245231981463,10.105853685121708,0.029058441906769983,0.9437842566945698,0.8457354123017435,1.3530673823833954,1.1564058127137493,14.518964181579962,-1.117604318698941,-0.32167217142247706,-0.8674674705288432,-1.1168535785415548,-0.0687051823715838,-0.2096053334560063,0.7982660764665759,-1.0314049845804596,-0.3142207074372084,-0.01038976775165873,0.6338884385929184,-0.4128662655971309,-0.3976895098472106,0.6012895349539602,0.0,-0.09636394953822076,-0.10528042341255245,0.6477511973792546,0.3375683382608635,4.378367873758815,-1.0742836706586227,-0.7189712813527651,0.5409320979289307,-0.06786564746813672,-0.5895639561097596,-0.14549529424959912,0.2839755345031064,0.0811957464270534,0.12477860567870823,0.01987617977766487,0.644834410148778,0.29265985158350677,-0.5228744582264703,-0.4338976289692721,0.00028770734561159333,0.050347044966190205,-0.0008214389710498369,0.012104034407414976,0.4106071777856064,-0.4268570691179734,0.2231349079993722,-0.20733377666731967
769,9.81,1.0027703290956715,9.78289815260784,-0.8020967782819746,0.35910016721143534,-0.5354263884184274,0.6966894785687034,0.4358309602928565,15.621923057017762,0.25824176540934096,0.3082495046442024,-0.05297482400267839,-0.4066685189551089,-0.5944770250334594,0.19919348232352801,0.32111834824341545,-0.04674957363399396,0.8014875925233165,-0.015573173199869728,0.7597688101216058,0.5597985654851784,-0.8173239061858849,0.42236140567902847,0.0,0.30989863572464904,-0.47559435333272837,0.5479840906300134,0.0681587156870617,0.847684292683502,0.02443756596929031,-0.1831270827274707,-0.38323690286288714,1.0320430441681574,-0.7307056507677536,0.1474596313437802,-0.3272047474746438,-0.8681578112595931,0.028384862445952674,-0.04091192606479438,-0.13095456797994423,0.22252288536250855,-0.3291104281179531,-0.04590742625842694,-0.007941552260217567,0.051282010209869174,-8.25810193296525e-05,0.010964943842234582,0.3808955622569956,-0.5243295031779277,0.22731843158121295,-0.2952662838584114
770,9.81,1.1508293472303999,8.524287309503245,-0.13657109154380637,-0.10665609258937936,-1.3787742816854252,-1.3202503936253362,-3.197065276056402,7.279300107598253,2.35012968354126,-0.04036060165692523,1.1544637891327905,0.2878025704981535,0.3279015491350864,0.09909997438519755,0.3225228007122617,0.41262975756904907,-0.12445122207486797,0.5201695886455096,0.23136566288919747,0.5426259704044513,0.9584795560600615,0.6611084352756011,0.0,0.7240292073199989,1.0018037816635437,0.4370086006644992,4.829358231982983,-10.443559072791906,-2.8324880469359544,-1.1229808960948706,-1.6471504803512795,-1.3052623591289225,-1.5340832679457317,-0.3520213978942289,-0.6830862084607396,-0.9857416307131914,-0.5377190850796297,-0.2916612574667585,-0.2111947540340769,-0.8336141258433816,-0.25064881695583,-1.325771861841329,-0.0013521890251861986,0.047507499227389845,-0.005620556815462424,0.00945370660100542,0.3573059571296364,-0.38687788682926594,0.2541770411290628,-0.3018939044203678
771,9.81,3.3345740997761726,2.9419049349236173,-0.8238466141118947,-1.6615549739940298,-3.4764295909307243,8.980756373964754,2.223631359171164,0.18979623982639504,0.6698821680920609,0.8747856259026013,0.41076789964923344,-0.11353665054726703,0.46841646067512366,0.8918954258947166,-0.5259258858537988,-0.1308245463946616,0.5049199299817495,0.49045779553797614,1.1848211135163502,0.3058036463852637,0.6333508113098778,-0.4622614659932395,0.0,1.5862662941765682,2.7846739390148123,-10.518464975676862,-3.428773609271193,-1.5993983815076624,-0.5908176751989727,-0.5623690848110343,-1.0700992895381893,-1.0447889031493038,0.017247193999047117,0.07376347103738651,-0.13701785032260144,-0.758014943377322,-0.8192934403564909,-0.5039522925207174,0.05489031398806378,0.5867019852972806,0.29013059059326085,0.07835372138265814,-0.0081568971694247,0.049916693684022635,-0.003731715218404281,0.006753873618851201,0.38090429888097566,-0.4437337227376458,0.22612811660011323,-0.17703269616435163
772,9.81,4.038188181261146,2.4293072931871857,0.26802778865456567,0.15473331472955287,0.7924938227572881,-0.803084492701667,-0.252336801538296,-0.39680878838014233,-0.2080418496760818,0.7493783499236049,-0.468271547358459,-0.2689462852567446,-0.13125923303703896,-0.8211724409040216,-0.3947447093943771,-0.12062397407904416,0.3507924652039998,-0.5960469429274889,0.16906480109755656,0.64682444938489,-0.21586155305025956,0.1132481323856567,0.0,1.9125081710932421,7.986544282114479,-10.684750969799866,-4.15437826507442,-2.221944013055508,-2.0761472653743502,-0.9008023479198424,-1.640546022628967,-1.7224580193635755,-0.9833585312911076,-0.5891340954873658,-1.0379839327218003,-1.4039939631152825,-0.6988782539959228,-1.4132177030526232,-0.8542372243762009,-0.6905417192860622,-0.640168911785798,-0.6602497208406086,0.0026537404817283763,0.04960258962228531,-0.006893742635159934,0.013136160481961683,0.4661189911238091,-0.5542940649472591,0.29580048978706985,-0.33224665349669713
773,9.81,1.0813571312162242,9.071933514662723,-0.554107063591855,-1.3284737416580543,-0.4057675539209813,-1.4765593041059761,-2.2316316485256467,12.41652839494896,1.7164123622102925,1.5772894567469846,0.6593297943487241,0.34606472251259496,0.39487382059622766,0.09423780522657532,0.008351592180259326,0.8213248192856405,0.26341716312568153,0.5290865914743548,0.08177170957669494,-0.20106870846105146,0.6570775988551303,0.4820487504345679,0.0,0.5049144946542176,-0.6059406331426436,0.9288791824232803,1.1804179201052059,-7.422265232629377,-0.8904649640110593,-0.6334023615131745,-0.7665352778278568,-0.4827773925225851,-1.1517809619831818,-0.37655038274501934,-0.7040684038663978,0.6471311064079426,-0.5428417344346916,-0.44237390080673683,-0.26585456485243825,-0.3219826410504049,-0.4070958735264973,-0.9589258161129084,-0.005486208550414414,0.04875993194965932,-0.0027954006672336047,0.011522190417467954,0.47621603654237066,-0.48093515879337895,0.234698474928461,-0.2391569905816656
774,9.81,4.988461546531565,1.9665381618148006,2.3379434596228785,2.873566020017094,10.333004676436936,-3.6786748084929823,-0.6220754194745794,0.5147175898492196,-0.6012999190235853,-0.3633363982936838,-0.493670039103139,-0.04705890201656204,0.2553162590834317,0.17483892127428666,0.4288255287064448,0.24547707283469977,-0.5409295580628617,-0.16746937568988945,0.09586722573159245,0.6308288316268778,0.31327384464545865,0.7046737024367786,0.0,1.0279900160889328,9.433299810521431,-3.619089137662478,-1.9318399317318133,-1.3322988782690097,-0.7225880283897306,-0.5376552452186376,-0.6229817993538781,-1.2698473121653158,-1.0100416062834352,-0.6118826334038445,-0.24440499951538563,-0.5755819683130167,-0.8257647795149972,-0.6497897455036401,0.09328120921863389,-0.5094794326107361,-0.31916048287912535,-0.7726651728975287,0.023147955045771097,0.050667768558943685,-0.00334813585759687,0.0067123823771450455,0.3798491585094784,-0.4550900622304197,0.15739671861625762,-0.24371633064078746
775,9.81,2.0923991041362004,4.68839810751584,1.2866867168699854,0.1963989208244054,0.5232768410246065,0.5924818596103943,-1.9065079261451672,0.36662883609637154,0.2657283107402897,-0.532785635889209,0.7947104046579435,-0.25042852597067977,0.4261322978980469,0.11297270845481247,0.43745513150204113,0.2582374384901562,0.6239775094437495,0.44069946600666965,-0.5671370428650264,0.11098051425885724,0.5390486559314636,0.14318869989856817,0.0,0.38553892599779027,3.2643308037267484,10.19098936103795,-8.973806785287941,-3.855644801530131,-3.2482617955674256,-1.9339998884157814,-1.7275620150286821,-1.1868352807045244,-1.14719328662567,-0.027341329868764697,0.053048141076105115,-0.7477284752128319,-0.5611909537762783,-1.0596726017908362,-1.3230685378624523,-0.6409068271718442,-0.5566553975343375,-0.4995451280267924,0.012739472444257284,0.049398395481131264,-0.004874621961725503,0.0068091355328921575,0.4108638895003806,-0.36338644455774616,0.1610397599161303,-0.17817725283634578
776,9.81,4.520050899244962,2.1703295424480022,1.634721095510833,1.943741432130591,6.073716031051672,-2.2769459730268586,-0.26976138670450345,-0.43354472594731197,0.43284139034140856,0.5961507118023468,-0.2493049436259357,-0.3663076194916118,0.5367659239788045,0.2006152393345646,1.1677177149889855,-0.02175773019164412,0.9349731934012454,-0.3858496605912249,-0.04801779329313616,0.7282208938796987,-0.049167567674161194,0.6537137987957926,0.0,1.5157152920510575,9.80535875690758,-6.814787063815852,-2.9736708044082962,-2.051911624628646,-1.1538114765014262,-0.4802813542888732,-1.6143719394203104,-0.10166056632531573,0.4585636693814604,0.19763976190306137,-0.7748397308027436,-0.42301593545273575,-0.6655334995823295,-0.21370024328689963,-0.8749932516780502,-0.26607169166480155,-0.3783680141845902,0.2926555757674657,0.016185357381295375,0.04504505233668688,-0.003602325391017807,0.008850806422400598,0.47323690997905166,-0.4721342147912801,0.2445303043648278,-0.22421099940054495
777,9.81,4.998238807711353,1.9626913353689694,1.511264263245046,3.1621676566672896,10.159771077583146,-3.2831337851750964,-0.7301657606319152,0.1458070756073424,-0.3746768620450286,0.3383149381333489,-0.33940272995222465,-0.30788631480167294,0.5235010571731431,-0.14469811809829455,-0.7069157886869392,0.13971078081864094,-0.20303574346939185,0.5354876502140709,0.048171369132406716,-0.5348294285284669,0.1838372469561027,0.45210672361614246,0.0,0.43253830755360306,9.711559152726014,-3.1316013959830005,-2.1915098008429235,-1.721151647663855,-1.4351600996349152,-1.0981075610146074,-0.026384821088669408,-0.8072902462849298,-0.3203104861204304,0.11950227979491984,-1.162772886565035,-0.6626102995027731,-0.5238518856193792,-0.9541762833126449,-0.3252941669251589,0.21939235886626732,-0.012162316248368943,-0.44138409258116384,0.0149630125073767,0.05042978170647838,-0.0028039360820017734,0.008023349202868922,0.38000024873195704,-0.5266831239380221,0.2823657047182803,-0.22146234546593913
778,9.81,4.284767456106394,2.289505813441375,1.7921708376350671,1.0037409836009081,3.2205681184600508,-1.8209850330936237,-0.7927375205391678,0.5465622425024801,0.28793237687157514,0.014754106483827467,0.4162517085503936,-0.08544781441653349,-0.2439066624123885,0.16404125232622585,1.0220048925501444,0.3147269132973004,1.5051258631881836e-05,0.19877214904751073,-0.036442876646686384,0.5026981027464189,-0.4643312754156348,0.34835921088363175,0.0,2.0394020759280553,9.21951775723045,-8.974048198184594,-3.8724043277804996,-3.0964748566624145,-1.6193906401237306,-1.1084679005042983,-1.8300133617991077,-1.8512250695323855,-1.0436701294094242,-0.1470604844765293,-0.53510201560317,-0.45566476378538817,-0.2853156083770135,-0.7571924679620455,-0.0771950778556113,-0.06966860843670071,-0.7864694544278338,-0.0867172448106529,0.01774426571915909,0.046937239178309734,-0.0052450445949120605,0.008360517316841596,0.41748048303704594,-0.3839326271433713,0.22878743548891145,-0.2993859483823105
779,9.81,2.2115909641131006,4.435720781638317,0.569372850962026,1.04716208204105,1.6025665848247508,4.666277991351342,-1.9164226348110436,-0.09087194284760491,-0.20228329185261695,-0.2708990933471509,0.8883461288226875,-0.007795598327299369,0.058556409069876136,0.3025162778473669,0.5469701190307308,0.042427028225646354,-0.9111757268548903,0.3296126563662267,0.3081272090679112,-0.18396855134688783,0.2192238908097864,0.19209845190311384,0.0,0.7713037763287391,2.060099217800242,10.790979742720458,-6.593884003030057,-3.2005777659485664,-1.7452861359526826,-1.6918513007068094,-1.8538765318115225,-1.1047501201462309,-1.3687422687050268,-0.9480631839421728,-0.9630146360900738,-0.5780567127069025,-0.26907305626239175,-0.7610573265482865,0.07968986771756359,-0.32598971261226395,-0.4710505226894394,-0.9216591334176752,0.00563735496002006,0.0450902411921891,-0.004431819156327031,0.005113577363043678,0.35440791838658925,-0.33482798317986484,0.19110958478366263,-0.19844713330500077
780,9.81,0.6087354671968865,16.115374458421527,-0.10629327297018744,0.29643008400271176,0.17011816891157588,0.5292016093332211,-0.14862475477580905,0.6506258377563218,0.9842685171906104,0.22342981135329082,0.3776386693655064,0.4526329695482837,0.09600203000737743,0.571468585827858,-0.39664256147484933,0.0398287237744336,1.0031679253835595,-0.29546718088897217,0.47983152784273686,0.24765240258098714,-0.1674577580040335,0.48816589862961635,0.0,0.3813550801219935,0.1483326484821555,0.5347297318836932,1.5037547245628256,2.7950826357647838,10.35714656445584,-7.880962974928259,-3.2163552275231853,-2.181139249793349,-2.0288788784189338,-1.304152220792048,-1.2788470031818722,-0.8541502504002151,-0.40684137487382077,-1.2687973074365355,-0.7836005900873433,-1.010492190156563,-0.7759517073656923,-0.5159597345234889,-0.0010524086432691833,0.044882418359378014,-0.005543456920714752,0.014947274176063301,0.43596574610435374,-0.34838976690032203,0.3003542117411784,-0.34541498965591066
781,9.81,2.785872508552268,3.521338456761596,-1.1504391683311215,0.5868422891179144,-0.21079344373293507,15.006844834544466,0.11360725563660035,0.15557747360512364,0.010004547497111771,-0.06496425158915464,-0.1947996870862766,-0.30079921038059143,0.1416720533121858,0.22456610575955488,-0.8221495861034882,-0.556985012841268,-0.03962634146026378,-0.10449460440528235,-0.5690152104025423,-0.9750348377981692,0.13184500434570273,0.12621591402606225,0.0,0.014301496985477127,0.10926578317722101,-0.005647281167774444,-0.01236058635394792,-0.07560607833825939,0.6950282698328925,0.5234157888794484,0.26570687335005083,-0.3304233312822257,-0.01435635740928995,0.6589883723668931,1.0220161087910027,-0.7797713393198051,-1.1738913019178492,0.20701026399411535,0.16992479018087822,-0.5763703014948789,-0.8195184143139116,0.34110881906994905,-0.011390486815159627,0.0475161783966534,0.0003114969282241453,0.007733702893921905,0.3645334651943523,-0.38518848957972696,0.20268636370575807,-0.27722693155862954
782,9.81,2.6957449684691293,3.6390682778760572,-0.9975163658093779,0.5196088039656206,0.7527358812447971,14.498753952687922,-0.7858246677494738,-0.4376618058931081,-0.2948956955729354,-0.7214800650909259,0.022462631239888342,-0.45345723398168325,-0.1287879511667933,0.12059266391287027,0.30758487987161043,-0.7552583439348317,-0.5829212431274744,0.1612541617774505,-0.4617925395413041,0.15568311126874412,0.30461969362867597,-0.16032041792676932,0.0,-0.5421284190733199,0.8413275831453226,2.3761145118552665,-0.14992991068063566,-0.7082931469611713,-0.2600537411026671,-1.1753075579218804,0.3910008690084518,-0.5085265902567628,-0.633448455549612,-0.1442986877674751,-0.24263677096898217,-0.36992000534945974,-0.14560594222453582,-0.4146960821270722,-0.4370708696442431,0.2328417689277113,-0.4086216629613196,-0.38018651652287483,-0.00987639966147899,0.04553914959308601,-0.0011720990589545418,0.0062206945278839385,0.47147922260926656,-0.35120847409633915,0.2012478485552862,-0.21727300280396405
783,9.81,0.5158325349974993,19.01780003087157,-0.6395648987115777,0.3071509671725201,-0.26774631614218336,0.35944158917937186,-0.32040478233774583,0.03565096594906958,0.13232773629128403,15.33685003966732,0.3097812833703395,-0.4341093658192492,0.37509244024658706,0.19974055467213536,-0.5290844682647061,-0.07516491784970158,-0.9173628661433597,-0.2940607142579544,0.05472905132057959,0.046960332850411624,0.01002377223329387,0.4588935922240701,0.0,0.7160077942866564,0.3198318217908984,0.4418328966515787,0.5023437348216054,-0.030138494402995014,0.45892205641679557,1.5442543028251228,-0.5659144703317418,-0.2205578685404991,-1.2960221715188844,0.07925763162322988,-0.04463669207420301,0.36474498472487715,0.9449049113167164,-0.20401504787794167,-0.5060259091700839,-0.3896397025521556,-0.9059126526445386,-0.7127783018665376,-0.006332325729817593,0.05085625764637086,-0.0022675448838787595,0.0174570914546348,0.36918046955520034,-0.4474024006065629,0.32685251713423924,-0.3930624420806463
784,9.81,4.408935777171845,2.2250267401927823,1.1243733090988242,1.487135530245359,4.802679710491836,-2.146462781423763,-0.6493121486657236,0.6647060246380878,-0.41861931709789646,-0.1082507178625603,0.45127460139151776,-0.42222269332779083,0.5154066052916138,0.45282238501144345,0.34471649632088497,0.37977740878456284,-0.29889036566507327,0.7482201016552654,-0.6758390458014485,-0.23302018827712517,0.2487647382114478,-0.008904658784523622,0.0,1.6100776047147112,10.891434164212598,-7.876433893634302,-4.413330539848513,-2.1451947805830454,-1.7585737402066828,-0.4707960796998963,-1.851503294849714,-0.8746843751865132,-0.975448695033601,-1.0931490113158409,-0.16980148393787087,-0.5753026225165625,-0.12873922793096743,0.07811716023957532,-0.92031510794588,-0.6339638399477492,0.43523812412072643,-0.7017478265114359,0.011132409000978451,0.05184450879659591,-0.004890007472113106,0.006919834872353173,0.4620943507551488,-0.40666746687865746,0.22217607627583347,-0.17635793372690436
785,9.81,1.157828321818209,8.472758711407883,0.12009116595514618,-0.5495465740658203,-1.3193577559143994,-1.321220564426489,-3.254260247548549,6.17410425776897,1.8624812787041558,0.546591988092846,0.9566576827806685,-0.12082308944497466,0.8341192440366962,0.3547460765629694,0.23479555509836642,1.0038168687512683,0.08879281926698832,0.8741073676934981,-0.19238371287391545,0.5909179099750057,0.5852636084040901,0.33847323460531764,0.0,1.1599324696077429,0.745141636730439,1.745072916715274,5.3033682811603775,-11.0714129947209,-3.4844539148566858,-1.9039642500030036,-1.0830421834360449,-0.6322497651187889,-1.6383623275587607,-0.7701373332054997,-1.4200270084072881,-0.6365300790505579,-0.7400802047634393,-1.1705390689116844,-0.5420886772806416,0.22387131945400723,-0.10601542141706839,-0.7965233973244117,0.0011890214451004595,0.04999363657521766,-0.0063055866687832425,0.00873443010997991,0.41208621110115135,-0.3742212322119973,0.23172714036763684,-0.2164098485169096
786,9.81,3.3215241938025932,2.953463358269018,-1.772677818383226,-2.2345275798438817,-3.907125384028408,9.011541558542692,2.2478729197958742,0.779185705192566,0.6177326878324345,0.8505297828815532,0.6320914113991509,-0.28633203307024924,0.3257760306427985,0.8327309358034638,0.09137479753975777,-0.3122657435442903,-0.3691468280366157,0.2218592861270412,0.07801972225319875,0.7504614088149767,0.56128753310234,-0.1294479849455968,0.0,0.7752720159466442,2.9243259678339566,-10.150736490684364,-2.5386110619544,-1.2874439268628293,-0.671046107572385,-0.7695027626577856,-0.5051537123340902,-0.8466091767214519,-0.12599630768638748,-0.11107169307530895,-1.0379595072270564,-0.31525122685548834,-0.5861040961797696,-0.5068065241720036,-0.17792682900743453,0.20283767842081551,0.13951282430006717,-0.04579176921838371,-0.017551265528546776,0.048303535423369535,-0.0035747135204667302,0.007651567099447824,0.3623567791514193,-0.3966046595521212,0.31833596631351463,-0.2304764036611519
787,9.81,1.6813169710173181,5.834711817643905,-1.2858570919692711,-0.09825387806836061,-0.9398722791667515,-1.965069996552981,13.41957121124486,1.3561168277425033,0.7082835525487506,-0.8070739640763609,0.08296282268446098,1.1809935933357978,0.5379853213799899,0.7791496483698502,-0.30934489404774557,0.2973207637711149,-0.3789682509790793,-0.1329605992033862,0.045650399590460466,-0.6940953369234496,0.26701849886407986,0.49289034644964713,0.0,-0.17286527820648595,-0.15227760446721209,0.7464070656680919,-5.127921364073069,-1.1809406309969885,-0.5288219469039771,-0.32696567688838224,-0.34765805684630463,-0.27851332511908067,-0.5879489019664801,-0.353007324371621,-0.6086131589398824,0.8847241051109066,0.8361884027670792,-0.5354452576204355,-0.14044556870939526,-0.17184603804736304,-0.7869746996917067,-0.5967414815713892,-0.012731258336329414,0.046400759537316816,-0.0016318903537753966,0.010914002848181965,0.3599100746671141,-0.4435250771031174,0.5189396286788599,-0.21984070980762746
788,9.81,2.3643166111691114,4.149190490671693,2.2647448862439763,1.2747144257875662,3.028157474795083,10.587849078747618,-3.5008167940379002,-1.3594058189954548,-1.3782456573539748,0.1283599430453215,-0.28547596882647475,-0.22753386651254592,-0.4213609593637658,-0.2872904365145606,-0.24648867302599384,0.2456977523343069,-0.3935777489249071,-0.40852402904820134,0.7354196017271487,-0.3186163273649578,-0.09087422273093687,0.37665902341163576,0.0,0.9020738111866653,1.1888671979784848,9.45056755190624,-3.519040182310897,-1.4139426767729897,-1.1844307802200285,-1.2876269320432483,-0.9763899394512818,-0.34409211636299464,0.29338999435444374,-0.34756135327032656,-0.7776255837750707,-0.545381268020908,-0.34613737000971545,-0.6725901136495349,-0.12972450570152738,-0.2812962749655744,0.6362624122378797,-0.03296017529302045,0.0224232166954849,0.05156225734838852,-0.0026507497482082527,0.007904841739852796,0.4015277706933835,-0.348519093289463,0.22290791891625678,-0.19813155899550516
789,9.81,2.614492142232937,3.752162739958231,1.0258224750320781,0.8196111852556698,1.8710753342242554,15.022891736877588,-0.17252353342205584,-0.6684079682533404,-0.776499791314802,-0.21736532955499976,-0.217907490899644,-0.34189250132480953,-0.022805075380398443,-0.2200679915591786,-0.5817883745406948,0.08358363494348581,-0.16963730643916677,0.3516154959483418,0.2012717802540018,-0.20705501847114693,0.6536576536313022,0.1546458371308863,0.0,0.7052597275129664,0.8670898063380367,5.264949888738748,0.21902746244956567,0.9564566501359197,0.05805865322376415,0.22034840587952428,-0.270779822896687,-0.4348904726349987,0.4571639172318901,-0.8095655942724435,-0.597149489654271,-1.5003587144978399,-0.5692418669870718,-1.128010161880337,0.34800350741149355,-0.7197976354122255,-0.020136636734580077,-0.2232360968634045,0.010156658168634447,0.05762006559287833,-0.0015756477779880378,0.017906648874898307,0.6436103997295061,-0.46586173640111483,0.4314110935837756,-0.33725102138555585
790,9.81,3.1444865609105737,3.119746200206129,-2.1658921853611086,-1.937217233114465,-3.654697659008098,11.88344299777973,1.059418321270718,0.35922432074686617,-0.1216421407835988,0.06817318847310494,0.8521213965496328,0.06650869855850405,-0.26616675236566145,-0.10906834350170769,-0.4412692654155758,0.4840534392483381,1.049552986411984,0.5725161374328104,-0.13342814315673568,-0.16107193788870156,-0.31950079899272754,0.22845606257301498,0.0,0.09419395614264992,0.5284248801117943,-7.473145342694279,-1.1512238156704764,-0.7991124596119905,-0.42792964457130017,-0.8189340537204666,0.5065657018357359,-0.12692902629881558,-1.1114518673174762,-0.6488641978596654,-0.10763311161427391,-0.8910961537713775,-0.5479242736528585,-0.1282222485512486,0.7572165699498953,0.20164639359724312,0.5073775419259825,-0.48585022206637496,-0.021444477082783252,0.046732472152802934,-0.0016409056076115932,0.009370599317863245,0.4608610023977547,-0.4449152627308713,0.227908299587314,-0.28364052640950393
791,9.81,2.8378370840556593,3.4568580610625337,0.03729720393661862,0.6701495807109898,-0.4150105171761014,15.627899031824674,1.1067958913228009,-1.0129384526889282,-0.022383373422323105,-0.47014098957896167,0.14727254452193073,-0.20423226483658075,0.5105476372643074,-0.06233160771334484,-0.8261938660975068,0.09691392730931117,0.4370430813388773,1.0936738845082878,-0.5792339226229615,-0.5991265667347224,0.2379269171730426,0.380414030282657,0.0,0.550833164113685,0.5251658390043153,-0.38376904241154663,-0.41773520425987887,0.018068772992804794,0.49690819941894343,0.7406187004560374,-0.20897105249080627,-0.47019929173855624,-0.7909333958486175,0.3424399805713051,-0.7456843111269376,-0.525999694411664,-1.0311316461237057,0.9762590614209705,-0.3795344123816261,0.0650301893414153,-0.8479664403084789,0.017063986652204932,0.00036927924689720746,0.054473292722886,-0.0001279855142193656,0.014279108546265193,0.5253195459211102,-0.46091283648628034,0.3436315628609729,-0.2883095555992228
792,9.81,2.1399767202843716,4.58416201775148,0.9228157628523574,0.7854200643098349,1.0400481443390357,3.0583158939061743,-1.3395951973989133,-0.1765513909648455,-0.5049384774048776,-0.7520942440528238,-0.09643890709757441,-0.6800855646653972,0.4293845089167247,0.253366333819983,0.2864659737816355,0.6541477970764813,0.3796869989231206,0.3852886306323381,-0.7646179501191741,-0.26657389559689915,0.2644669723022295,0.309763427012768,0.0,-0.17450699485132987,2.4299884867460997,9.317763804580016,-8.449811589847236,-4.7238758778683785,-2.650632763428034,-0.7747290970021808,-1.9153390295402688,-1.1681949998285939,-1.8612683306121354,-0.9280780746869849,-0.7739230726176568,-1.1781083268121344,-0.5936222264089323,-0.3806211432579715,-0.5900291597716689,-0.12438512127828263,-0.6472665866613225,-0.3017553196906275,0.009136789731211466,0.046689283644786736,-0.004948744094295502,0.009790469940409241,0.43216213577160045,-0.39336086559988465,0.28351458278787256,-0.2739541017111037
793,9.81,0.6820804425966407,14.38246779610613,0.5061431958673679,0.529544806072177,0.26628819197299425,0.7016406954704255,0.054870437904827485,0.5414157441159904,13.447196774062656,-1.4478906897105608,-0.7131102154204457,-0.15660783057133087,-0.7460309859698351,-0.2468157353821963,-0.3701910792577021,-0.4495414508800997,0.18188186882048468,0.17364556400669773,0.03666158354473925,0.36801612744435913,0.15154662623092457,-0.418712924718932,0.0,0.2786079649257675,0.028692261209783132,-0.6789432020325229,0.5782814573496012,0.7678714197053267,4.972381390564912,0.02883932701417627,0.30120838723070126,0.08660572271988196,-1.3469732024198666,-0.5506334636216385,-0.9709504328075846,0.12206750008258382,-0.5656228382393887,0.01660770430182984,0.3116208578045381,-0.06063812959900392,-0.34303938892809427,-0.046585504328925526,0.005011318770964041,0.04527188594027752,-0.0006212575290468048,0.015997733644540147,0.3862516731420089,-0.5113263633288149,0.3594957541184677,-0.2883485442063047
794,9.81,1.0697206625853468,9.170618408258818,-0.6105480271330384,-0.1231232535811666,-0.291182101167498,-1.2268408522587806,-1.7267170627932837,13.452247613308488,1.6815115657596273,1.0094873687545511,1.4348476419261762,-0.06365067081817088,0.662506711556017,0.4815654319772893,0.6257795783729886,0.03234807571982379,1.0023013478919611,-0.1879129557921519,0.21356836738172424,0.25985057624751207,0.286105993118729,0.09213283193986188,0.0,0.6666386780483362,0.3178760882464817,0.7813060557578915,0.702004058777329,-6.16595697452451,-0.2554795427263237,-0.743192531058817,-0.2911912159499622,-0.11667362662934094,-0.9762655404197511,-1.0583658492745551,-0.1672255993246189,0.32279655369696364,0.5297779010933849,-0.5226495090560854,0.0700569725775034,-0.3460203347798508,-0.0920000321367867,0.12169818049541148,-0.006045029971614243,0.0487345912876602,-0.0016655607241294992,0.011747617490639607,0.43767586593311497,-0.4203967637042507,0.28192280406436615,-0.227645503553506
795,9.81,3.3079593889549415,2.9655744966987636,0.1679146792444317,-1.9182576129294093,-4.144982708961281,9.551577427950928,1.567961167846408,1.3594730761949938,0.8086340862582719,0.3658480301893684,0.2711015818797502,0.2692178855965121,0.8238214319089225,0.9212673934698072,-0.3544728045808295,-0.36333522253725953,-0.16820924892338124,-0.07734913102944826,0.041658811017134006,-0.0859819077251503,-0.1899866203984617,-0.04410091800110694,0.0,0.7862323857842382,2.558631994680037,-10.387000554181299,-2.650049356862284,-1.111588871941673,-0.626107099827635,-0.6495828074586747,-0.4657299184191147,-0.39046139383126066,0.3910264048740529,0.7328589938634441,-1.1590335613790208,-0.40775826150121786,-0.9110281700011852,-0.30577519855549884,0.26056065855342353,-0.6049139730488041,0.4094851909733721,-0.027936547800913578,0.001662521576677544,0.05100490375395124,-0.003879154595784265,0.008178560107892566,0.4052488241453085,-0.41341436649343366,0.20535200875461193,-0.23659777144755223
796,9.81,3.227079964684874,3.0398998808069364,-1.6709620490463886,-2.5641401434772897,-4.379757247458258,11.822060132919525,1.5805246844237497,-0.012268911907152624,0.3033034267504513,0.6109818910836733,1.0737991226768,0.3210994161817623,-0.9466405973127627,0.37880091761134616,-0.5167503233702511,0.5129024393594008,0.7003884065994184,0.3185538098946563,0.589592182957528,0.6761363757097502,-0.21001971898775668,1.166854404030496,0.0,1.029222871441075,1.7532247424818113,-8.594127210290639,-2.580651360341512,-2.099449966633932,-0.529314062674161,-0.459512462500867,-0.7123324964549418,-1.115350290256684,-0.7129590308861229,-0.8708259114047243,-0.16025167954562453,-0.6153123823033186,-0.3481970069947008,-0.0637486030010736,0.26879956887692086,-0.18534975037898446,-1.0775391590434942,-0.020002018857250004,-0.01654417870342959,0.05555719009738827,-0.0034368840805106314,0.010408246602583491,0.41257592592044867,-0.45593961594043686,0.2951396146480181,-0.27129163768548487
797,9.81,3.5072249751652382,2.797083183846173,0.05274395336830545,-1.6520992184033434,-3.9488278701782975,6.767124173236231,1.4047119094481524,0.33992378566622994,0.6805000513235575,1.265925068440908,1.031368868617718,0.8167241230390178,0.45983052262542906,0.16817021311927552,0.3764777267445251,0.21950211100903527,0.7286819040558976,0.3771326045265835,0.433281754617786,-0.15377144618351501,0.14417761106393168,0.3325042782390171,0.0,1.3365169968026955,3.9873250936891123,-11.558546106840312,-2.6419063313375624,-2.19618907842768,-2.039681713080747,-0.9833439268853745,-1.1429840854397422,-1.1696551128126944,-1.1405445818894266,-1.125315747756114,-0.7518406314447732,-0.7519821420002111,-0.8777129588152388,-0.8053522364302095,-0.25949481906838906,-0.5098129481429547,-0.014269576784376403,0.06593803823713887,0.0005222173600822278,0.05138831152846818,-0.005233763063834598,0.008134529654192214,0.4914390959767568,-0.41679053622285284,0.297507029127424,-0.23314919668586814
798,9.81,0.8616966205019496,11.384517203149231,1.6490667062359874,1.1311104713072102,1.1826940300234996,1.949901346152557,1.9142492558461905,3.295601189365068,-1.5626635072689004,-0.1276676839378844,-0.277092767949394,0.7441569164476937,0.0863491853695621,0.04603374494799273,-0.11195697518701292,0.5570766791851103,-0.03923797455441369,-0.24068218875280722,-0.02325084419576534,0.33591722063755064,-0.13629777719430505,1.056537568867356,0.0,0.19639824387638155,0.29685024208212596,1.8169534319761809,3.5332141206904133,10.139136981676488,-7.456927971027199,-3.5475157901985517,-1.6250400148647786,-1.0632810195829978,-1.0394081913075606,-1.3853558152451204,0.34355302962414935,-1.06511268427907,-0.08052357295737705,-0.19870228234624637,-0.2990661835356211,-0.012779517279296312,-0.6203802117784928,-1.0109555413085527,0.01632739313104938,0.04508458461263831,-0.0018701584264308746,0.010066467074085697,0.3674996571581661,-0.41775297902677366,0.2607734166387095,-0.26830905350223255
799,9.81,1.6240851003133097,6.040323871025914,-0.36794465616864935,-0.6064034108292795,-0.7824645342635193,-0.24053112751902384,14.80991849498274,0.7822902341060574,0.39714638594206364,0.3594394386715527,0.26375906248147496,0.4272455651853708,-0.45794967588031343,0.33483238949780125,0.06338512353197612,-0.34112849381319654,-0.29782394003095036,-0.2589600752814117,-0.2871220208958615,-0.32288957042441224,0.5463525663402646,-0.1870788203595996,0.0,0.7618460655921278,-0.4710016904933864,0.5395114722133534,-2.3524156298913232,0.5169872309689444,-0.48578615530279945,0.0260088314057956,-0.6696583615982191,-0.7190813354688077,0.5381854641555998,-0.5075894380063146,-0.14892602948544367,0.17600801230778107,0.1289733773574871,0.611235852767188,-0.2343789570313201,-0.5389971881970748,0.23133849571675202,-0.25417909115155074,-0.003643016397709405,0.047351578813874445,-0.0004027520990029135,0.009003856380196426,0.3906674788140516,-0.35738310585641986,0.2213128436064914,-0.2398133610094288
800,9.81,1.5569166368482796,6.300915391243248,0.6055281605564466,-0.2855549505720063,0.2255647983358624,0.7969076638097532,15.442974688186942,-0.3998193838054567,-0.529806531527723,0.663592200944586,-0.3552184347316345,0.3312740340404149,-0.01920087847277263,0.4016302265530631,0.12856459005581333,-0.858295754355463,-0.05913446827707328,-0.7131028216012749,-0.2044561091100799,0.4792729097199858,-0.5978402994262659,0.8361806496806855,0.0,0.18961357630773695,-0.3336214185575265,0.0037481680337894466,0.872756586230439,-0.22843883815700983,0.464846482213567,0.2755790934148688,0.5174169445694019,0.3899434179831949,-0.47487547519006745,0.08845066530107708,0.18045027766930133,-0.5772065713836617,0.558602159748521,0.20721996527413222,-0.46148654524909427,-0.16919116935120326,-0.2410957693572985,-0.5538627964893055,0.005995328322341056,0.05083524576228145,0.0005851965388800292,0.01090761785063749,0.3430619533642327,-0.4117876897313013,0.27040249548920325,-0.19838998124274737
801,9.81,4.165840168010127,2.354867110680794,0.9738955641076453,0.8954939538408329,1.3487580276702886,-1.0542601256291473,0.03398720120615498,0.5871259038962715,0.8019013069825943,0.2985789851330579,-0.1944450051483152,-0.005115727730113526,0.539856625655251,0.14071077481407165,-0.37472191458047777,0.41979884413229374,0.405238740147245,-0.6184404787054094,-0.2642385264428132,-0.1670850105967605,-0.02015437088375284,0.5965884329629979,0.0,1.8881335464299074,8.760109336076068,-9.996401906757795,-3.4616343338405526,-3.6775066750429284,-1.943122589648957,-0.6701973162837911,-1.091870004324703,-2.067388648432725,-0.8486484610309826,-0.3940685089616359,-0.6683588808723788,-0.2759282237767124,-0.7396424461846932,-1.1567819461618685,-0.6149062728101834,-0.9128309456199483,-0.8009381087781442,-0.5401695488569406,0.009642530337699457,0.04782722642342497,-0.006362249746204116,0.007888726640998864,0.42615809239352176,-0.3834475602824872,0.2242772459978288,-0.24085871137626835
802,9.81,3.919106965996913,2.5031212684710704,0.22676057242369804,-0.3402950420991119,-0.6489339322258401,0.8525859249620261,0.6674321843207799,1.364421324532932,0.40437917908975995,-0.16165153429499196,0.37279573150342626,-0.38512682597498676,-0.6494163780714542,0.6068270375793208,0.33514791781176145,-0.164319353950223,1.1806195897318041,0.220706403907448,0.4139606726651732,-0.06176188609460409,0.3503097032209561,-0.2859456937048863,0.0,1.4121552058327116,8.119955270308873,-10.955844921234975,-4.393218197464297,-2.436623469534833,-1.8281199591338275,-0.6093390708172145,-0.9386657537762417,-1.2114898634644424,-1.2769045736165814,-0.9187299121137081,-1.156556825293983,-0.4797168692373798,-0.013776789431642844,-0.9232305672605335,0.0971503002226291,-0.7077658835853795,-0.13540608386251857,-0.2668737065617175,0.002245154182412852,0.04865409323537327,-0.005967352851667234,0.008042506155923107,0.4396233109006955,-0.37696381249031224,0.1835466341971324,-0.24805340656127944
803,9.81,3.8823868125867382,2.5267961369011145,-0.16177578533370002,-0.04106233756068978,-1.7274526073145111,1.698272744371126,1.0248344270562504,-0.06784124036684341,0.21777737406074626,1.200927180477402,0.5189932422887574,0.7536179289756533,0.07910829336571618,0.33402158586846775,0.20404281394551876,0.08850571084658712,0.502239063550223,0.9619404462288157,0.12343450915379182,0.08398614787014536,0.9877469190906931,0.1499281650828308,0.0,2.251218506797751,7.848096575403288,-10.78266341563898,-4.01913776668634,-2.128276061859867,-1.9112854600889417,-0.993019190646032,-1.9076981839026075,-0.4514516264924756,-1.859554224997213,-0.8007700469701786,-1.2310132102833085,-1.4486906815323868,-0.9706680105652237,-0.22367535408324568,-0.61954224111647,-0.3220358069517355,-0.5401911678508335,-0.41638937974617535,-0.0016017404488485128,0.048286247113664665,-0.006485005834514965,0.006625256482963368,0.4077250418200048,-0.3759217990947199,0.24519545644723031,-0.2636200028745993
804,9.81,4.873562769552131,2.012901128777606,1.4348981464534054,2.481123428296258,10.269565275790828,-2.4531785019503927,-1.0747009993924652,-0.061966478132569724,-0.1775942362429488,0.12223483357304465,-0.10447496122007638,-0.9577013611574291,-0.4275021074154576,0.057686567282801415,0.052766005903690794,0.44502107562271975,-0.24332762952291853,0.3508417458750907,0.7124151746832255,0.3919479153988761,0.08685239278769064,0.5678485919045768,0.0,1.2389838107783968,9.465522026552634,-4.315212404471422,-1.7447718258609943,-2.0453136760302444,-0.9535352563867556,-1.2403991849872829,-0.44092215491077646,-0.9321753319225843,-0.30329117016886564,-0.030965462021335766,-0.7410016252397288,-0.6500209106139732,0.08822604750045904,-0.7193789285637315,0.06205151885880078,-0.5855672771471314,0.199369585541334,0.41809749631635246,0.014206912341122832,0.04990058831762809,-0.0034481324492972175,0.006400702490313299,0.37099573659677065,-0.4411266855009792,0.22044410144123777,-0.1692994841369283
805,9.81,4.621330821822899,2.1227651467138235,1.5802996798650717,1.979341142157139,6.919272943533171,-3.3177070297598257,-1.098609323531376,-1.232062542311012,-0.022326179747254926,0.6708329049587586,0.174725465651681,-0.468801529410976,0.15392681281545595,0.6958412839231698,-0.5814944874259764,0.6416906607240423,0.7257176288932317,0.4963169816484565,-0.659006055922194,0.22186779460563627,-0.41042303403457403,-0.04146988598750223,0.0,1.7885564099530495,10.05992228688618,-5.937657103130929,-2.7536075775549316,-1.4576078710474965,-0.36742067227499475,0.35998327955684867,-1.224866484406903,-0.6509256130674123,0.10141712720467666,-0.3551721579637089,-0.48613858953627825,-0.40887877046047594,-0.6079729434004182,-0.20549104663145468,-0.22787307559070963,-1.2562361965435436,-0.5661247166446408,-0.7686142412212587,0.015646531483812592,0.04643840233067131,-0.005516327928015624,0.006612554589065646,0.366580129741513,-0.4166899495734875,0.17505063478081256,-0.33283094257896845
806,9.81,3.3983371339263053,2.886705942757925,-1.7388950073878897,-3.090771299612303,-3.2030027972841624,6.964143108563214,1.9033170681519516,0.7179339724688248,1.1205526521258524,0.03658418700271204,0.4671351613612112,-0.22701698167439494,0.06749166944520446,0.6057737673867847,0.8321423505239792,0.47938127133057945,-0.545738617868643,0.10412517907937249,-0.3036766259343139,1.3012630502232478,-0.13111740505502847,-0.07649144391062429,0.0,0.9907661726446412,2.9934241599527587,-10.428732333935708,-3.0105210312175523,-1.5064324060471421,-1.7898755151674508,-1.3556868799453194,-1.807016107156375,-0.65300769374755,-0.8514483793492862,0.0756590021055276,-1.3367498540006422,-0.44831040709766345,-1.4666701858955427,0.6227626013396694,0.3926560718483879,-0.29461818926310135,0.08584083293740916,-0.5499064129579947,-0.017216782251365224,0.046256577813834465,-0.004971811251018795,0.008154329995304193,0.34967889301519334,-0.4836913325918861,0.2871989628389113,-0.23919517079393665
807,9.81,2.7897977554693405,3.516383931690998,-0.9603144944408251,0.5657161305767788,-0.3342996299248029,15.256345989729338,0.04097592564331043,-0.18580584449452653,0.23864983126142159,-0.09506906727797992,-0.7028064078224527,-0.09316788033345558,0.29062358639327757,0.07104326966582769,0.853155561873639,-0.36535394621483885,-0.6672137525671923,0.48337163205626443,-0.1900913448064645,-0.05544526840715441,0.08504944883710147,-0.7887574661371305,0.0,-0.7274037276626297,-0.1525304885546412,0.6048106050592043,-0.12878153296372236,0.15296117576541565,0.5627632252217369,0.5304014570302429,0.27929256125410806,-0.26794692462812664,-0.218061548478727,0.2048064967229003,-0.29215746212059424,-0.47965331623752216,-0.5875008253193873,0.8992029002618156,0.149290469493028,0.6085130545839889,-0.5817669050607914,0.2398813904892394,-0.009508064301394307,0.04943638227761131,0.0021312345396045404,0.008323322406926445,0.49791297653124883,-0.41950011683938865,0.297289467663285,-0.2535810245145764
808,9.81,4.1794431723237935,2.3472026285610643,0.8530176178975379,0.7245361109472509,2.0251402157457656,-1.868752292061874,-0.054346873574277144,0.2889695829421869,-0.31197494275437243,-0.5057731386723021,-0.09822826734549917,0.23044795471927373,-0.035412049231814915,-0.9925681814375501,0.5787716930608653,0.9774833874124964,0.440072172197728,0.5735327655934893,0.6066288982971395,0.18113991747982416,-0.2852413995067732,0.801070022922873,0.0,1.3079930935906632,9.729740237114957,-9.494119559111047,-4.161084566503864,-2.4709564963394715,-1.5085473425253235,-0.7247628537619233,-1.6846386063804415,-1.8086578383289855,-0.7767964469823913,-0.21733678696824021,-1.587538520428367,-0.7559671303892488,-0.7199193570769751,-0.9345454631774844,-0.10801073391569986,0.046297562803018014,-0.37133286129086385,-0.7328192037150042,0.008445718989084534,0.048422832173236355,-0.005851575136039408,0.00491744595483777,0.4246410920869952,-0.3611907477214968,0.19408175786881066,-0.1972078049318409
809,9.81,2.973481677637939,3.2991627538101476,-0.02977304441283024,-2.1136910370820825,-1.697479653167076,13.952671164130448,1.0647650196016207,0.931310665015964,0.21142740741357358,0.28607159921673875,0.0880560307271574,0.17509465933157464,-0.020457584041637,0.19095375890642385,0.11242717582528133,0.22966500580866717,0.15150193137405926,-0.4801701889649251,-0.6495679952984319,-0.5158626127052428,-0.4266382846679226,-1.29197338629985,0.0,0.3912531733908023,0.6166408834134872,-4.72067506695657,0.6616229811530095,-0.3329818782770486,-0.3813791150072771,-0.16068777332363698,-0.6930058244149253,0.5225654784405764,0.3732571991413717,-0.9688576727729474,-0.3835416980512921,0.49011433316199804,0.1788408376720144,-0.47720977021829086,-0.3105478044494716,-0.057192646974175004,-0.14707651066344957,0.1444604593411476,-0.0002947826179487942,0.04799286676919267,-0.0008470889392812688,0.008943042624569065,0.3990981650987533,-0.3786304376173228,0.21364688328337844,-0.31276580037794305
810,9.81,3.9542843556926424,2.4808534535148916,0.5894884335704194,0.13091080577723044,-0.8933591989843899,1.5500862077868802,0.17309252083033996,0.028421587407591653,0.4983727558759584,-0.29133933329902495,0.6082923668668309,0.4633669244740788,0.692636132375523,0.3386826003459718,0.5036265353955099,-0.37084732228984696,0.5433925808369232,-0.008765746051205336,0.6922365425767663,0.33799710871801436,0.03750939687101634,0.12048077835512228,0.0,1.2734859624596475,7.98577998325895,-10.94312707652087,-4.275971828940157,-2.231697310495418,-2.6598341568741826,-1.1549836075044229,-1.345638301414348,-1.3968753153032174,-1.0826497020452144,-0.9274612603004944,-1.078177940800299,-0.1336601331442437,0.20614881435960947,-0.17190467190250983,-0.8948997632621967,-1.0737106679826962,-0.35008190746356643,-0.09607399555559232,0.005836519144261572,0.04847851138696126,-0.005413643935185749,0.007394501274778808,0.3645061450592721,-0.3916145402541112,0.20022822268093032,-0.22900928252074976
811,9.81,1.310769392655478,7.484154005248776,0.2488048047566639,1.3788419194738235,0.960693463055841,1.976201505463905,4.646321978771427,-1.9677648409971926,-0.813089719660389,-0.11826521723876893,-0.1755198163368082,0.8150650384455767,0.27465810366885623,0.1449599085807334,-0.2825485641179029,0.6964328242101749,0.05259667913380831,0.20465723659454005,0.42262972454235737,-0.25497256817852904,0.10981154353589018,-0.0883667275477899,0.0,0.4423933895587855,2.040850198822731,2.5759864247993143,10.481153591661515,-7.122211362995358,-3.07715741500505,-1.0509944968365366,-1.0418856555654175,-1.5652281663478256,-0.8302687720298239,-0.776983881484653,-0.9252595385012194,-0.20954011851571197,0.04131586866679493,-1.671410905454399,0.46538855557051045,-0.006898957849629239,-0.7929602722839535,-0.441209900516389,0.0024634139084818165,0.04619419555205785,-0.0033590753476124236,0.008090795590150732,0.48080525992456924,-0.4272517861918756,0.2655150719877013,-0.24064100995785034
812,9.81,2.8085254075222097,3.4929361770149567,0.03102606917035633,0.5606417116943874,-0.8879010508649228,15.894152674803376,0.4571218352881523,-0.2410953783133416,-0.21377845862517542,-0.1413723878951818,-0.5193094478477505,-0.7865460200514737,0.5930471274046408,-0.4402030486179852,-0.22335755138503455,0.8147837343841986,0.1423912956523981,1.120444615688053,0.143189395625356,-0.28108481997606705,0.344415764482903,0.2835804649046676,0.0,0.1465872051698474,0.10184929076290633,-0.5054315736603802,0.515377398412775,0.04835495961173908,0.4572850341819322,-0.03340205907471452,-0.5206143969031763,-0.0986798757367355,-0.3744473419530792,0.3866608815772917,0.48503505385149037,-0.25516311950548076,-0.42900090729845364,0.39971854515806743,-0.11532785018813597,0.2354440879724945,-0.22243986180474468,-0.042968489378871516,0.0003071888036668938,0.0530444491672086,0.0008911599669674247,0.008233357022452448,0.3875639832736083,-0.4285918965340445,0.23492404757959157,-0.27673862873555244
813,9.81,2.6762252182169615,3.6656107764113837,0.4016722909497108,0.6311326504991726,0.9865835921361059,15.001675439154333,-0.16760647320712763,-0.6181618824074291,-0.18859473501062762,-0.10560333259930887,0.31407011515115135,-0.4055609134139945,-0.23824605632800588,0.21257084692366618,0.2963747116191118,-0.2556485876491341,0.13557174729226423,-0.0628372468424809,-0.30386153012293937,0.3101144265144379,0.30980025488428814,0.37079411282,0.0,-0.22955103338336558,0.10280549798537356,3.168221017583906,-0.07511005926329328,-0.9531977780946856,-0.08292750039364678,-0.049125781923481146,0.053677134964234874,0.34898692657317326,0.08528708565504622,-0.39443772881712386,-0.05613838409345623,-0.4161159535831987,-0.24253127650711825,0.610935403376301,0.3219834066029335,0.30605576230508835,-0.07379191220690834,-0.8889677766765608,0.003976953375739719,0.04915116039114704,-0.0003610562521737637,0.007551830613642784,0.3897204411433653,-0.399414508487576,0.19811248650029709,-0.2438617259496344
814,9.81,2.680927847425141,3.6591809098562185,-0.08231884621763108,1.1197468892619362,0.8499601544666917,14.945208890963077,-0.34338682473509885,-0.4802732119969999,-0.03703528704403847,0.037247949763601795,-0.09017473791945063,-0.4383434473465855,-0.2610290219957122,0.9637661735724307,-0.38354205662806995,0.024500739274348593,-0.5182303816608458,0.8548084569166997,-0.6418150601878657,0.46371088280127215,0.24173404786062214,1.0633705751248534,0.0,-0.37662057218656453,-0.0026098026792945074,2.8892749664538773,-0.3995551564129881,-1.3108049571456521,-0.1160379003786308,0.113664121261517,0.7092473121678787,-0.11207629671859225,-0.2587896221637911,0.08901541847763031,0.27460089151948797,-1.0232139392129254,-0.3353611478902938,-0.18692354507561357,0.6443220452388283,-0.522679849567638,-0.06612304429749305,-0.433454549386145,-0.0008150380813626994,0.049895997892948345,-0.0012143846550012839,0.00902582017263146,0.3910534636125396,-0.5682620571257054,0.34559924723394764,-0.279343175395275
815,9.81,2.837764850012514,3.456946053848239,-1.4515512049530384,0.3890929538749417,-0.3523729830727247,15.388937225414894,1.6848726861560168,-0.23311574458261108,-0.3172493295096821,0.23978474424676777,0.26539266772363534,-0.16031939390942662,0.7105743529601676,0.10685683086737552,-0.28029883448974885,0.05374454202364931,0.09654427067738486,0.06429741341106865,-0.043806574084797045,0.2306042419297183,0.9279729488631259,-1.154135267771585,0.0,1.0349918142054626,-0.17548575125272442,-0.3517428605009197,-0.35877572163569466,-0.4350268504369588,0.4692179119538231,0.532296076462733,0.26415271742285257,-0.24951873493030144,0.2600090480210195,0.23448864834422864,-0.5070362015200855,0.07053565273817818,0.25594528672079575,1.305371041821678,0.031164797876608336,0.1628206560401952,-0.8225471218673489,-0.2435073031824025,-0.014371794108445909,0.05239220247692456,0.0009722913189905225,0.014042843180907394,0.3908894306417649,-0.5254174017275604,0.2685511687314875,-0.4424382852215565
816,9.81,3.262956435373674,3.0064759350293193,-1.3532406070334697,-2.384674300622292,-3.9883447171251847,9.843694378363384,1.5546265409182518,0.7293741891959498,0.29111359084429256,0.4497032458000153,0.3914442275569767,0.18908574012352602,0.35327652290947464,-0.24696423553103486,-0.007813611278647659,0.5005241075863192,1.4285079780216243,0.9244417978502506,0.1294080863576256,-0.812799206794629,0.026225149987537444,0.11231981628711224,0.0,0.48389662694694624,2.691016120362358,-9.800728543835248,-2.3315742193724396,-1.8817991469648867,-1.1297387345571457,0.25887856906784906,0.10930872700879901,-0.41745425118017654,-0.9574031626703704,-0.5779556380461359,-0.4745442748635341,-0.5117895101554073,-0.2355042895229525,-0.5692007710999941,-0.11999561398690106,-0.24442526466704556,0.4470891733926932,-0.6979079858736496,-0.013398421851816522,0.05009949177907809,-0.00246927037051,0.009193094048393717,0.420742804334972,-0.4512565535804939,0.24317075552138495,-0.2697499788592195
817,9.81,3.2243815748647413,3.042443883339557,-0.19399006991313694,-1.2885658536399993,-4.616479954745774,11.201318829369956,1.4746961210314984,1.255802689098837,0.42591646628751345,0.18050815256177832,0.8497633368800368,-0.44795725072116976,0.39941726711095227,0.3413813584284654,-0.34336166810106356,0.30393976302156,-0.24639150828159978,-0.749782384829208,0.523883529772006,-0.16155500989108945,0.04883697161797235,0.00844498761507323,0.0,0.41413014052850333,2.4061260288132718,-8.731646327640282,-1.7075864734853352,-1.9645432502669071,-0.11746005452469355,-0.5768347625310201,0.014344341154116425,-0.09275048012317277,-0.487839105890597,-0.8921499771544821,0.9586345136125866,-0.16505363544359708,-0.6804295294252651,-0.09001791048403612,0.09324719605555004,0.4504408635689998,-0.4299775017788907,-0.46669809755058306,-0.0019206937615162101,0.05143410363190441,-0.002471718031369082,0.011267730801300618,0.4062496457515712,-0.44292831807577826,0.30604066688295384,-0.2822758225368136
818,9.81,4.786635360756661,2.0494563008554,1.776341769330179,2.969526803576269,8.820502585692525,-2.854331884340707,-0.39912447249693184,-0.13279703698701906,0.07954827695011235,0.42815054351549664,0.24632712790146039,-0.25807303598640446,-0.54524914823856,0.4307338383578035,0.40938384438588077,0.3120992531145559,0.0173533332749036,1.1261129190387276,0.9813403971766561,0.5961800507095527,0.2847290133505629,-0.16483561808804575,0.0,1.2377210324946606,10.995417757535627,-4.641670246569676,-2.204269281262479,-2.230994849724915,-1.631340126886696,-1.4685643436168885,-0.6825875193808312,-1.3316663012730068,-0.8762088698052275,0.13849301876727005,-0.36810158222265354,-0.7506496819182625,-0.6379096585131584,-0.6425766311507664,-0.05555851301607648,-0.2856712337814531,-0.2341975466859135,-0.8960115224239756,0.017587542270595842,0.05371225647832481,-0.003646197459202707,0.007628898285231298,0.44267623218649677,-0.5057661876139925,0.3019751357455763,-0.2664532245754878
819,9.81,1.487967712361425,6.592884992397716,0.6264894744488881,1.017480713800333,0.9950776051292111,1.4251062613444743,14.30544334384207,-1.3211166175394289,0.13671394659381608,-0.404036842031847,-0.15575540311944658,-0.19444589572131465,-0.8975266829336678,0.2949237318624295,-0.17035140631862655,-1.1023455427214928,-0.6228874363230236,-1.1886794107914653,0.39739046144690204,-0.06507513688429359,0.0411182109480005,0.029496185582794543,0.0,0.36209503594612524,0.26833085438104226,0.17840358523263822,5.645857336546875,-0.34741843372553427,0.2259326622197984,0.48397235955153606,-0.34995732428437487,-0.12811765119871626,-0.6754665042072578,0.46426113740258984,0.06409696119558006,-0.7053967509575932,0.04030829014475132,-0.47237152034326424,-0.39213472090275125,-0.46707003184145274,-0.049499740601803933,0.234146206524745,0.006202866083652346,0.05067494121282482,0.0002693641127984045,0.008754643839544598,0.4225859471850272,-0.3986315098197976,0.1727645580099233,-0.3632274207833171
820,9.81,1.1476286653283485,8.548061142402066,-0.7033927125910013,-0.781907426255692,-1.2842608619829174,-0.48483191086547595,-3.4864724323117606,7.588452839214643,1.104891903929293,0.012053472216599248,0.7914059720391234,0.7682539790706949,0.5554262005328292,-0.02101508380545619,-0.10568960479785883,0.5071970582641445,-0.7885460634804033,0.5068613229086745,0.6897109368572238,1.1143425719856204,0.6217912349593409,0.16226978963190564,0.0,0.8033271799121151,0.9572492451822044,1.5127183230980223,4.46236703701685,-11.127867015960792,-3.329189190403219,-1.2561782878003083,-1.3250888213116276,-0.5181251007773673,-0.9055278168279302,-0.9211038521030667,-0.718183505373827,-0.9217037205470197,0.2671775240140263,-0.428693767380523,-0.5766455796474869,-0.5374451739267118,-0.15659338076296664,-0.8290440367051573,-0.006964284283079223,0.050783517358435365,-0.0047943947696887975,0.01105738566036394,0.4073443941312853,-0.41308560442915265,0.34297311174919165,-0.19429985209958736
821,9.81,3.7823910540094245,2.59359750483789,-1.317127777445058,-0.4571641035812063,-1.7349215130965496,2.34654494320394,0.9657290028073322,0.5025833773808491,0.5261289813319243,0.05575142305537578,-0.057350886822567115,-0.008825644646743735,0.2805369876431434,-0.4543541361828397,0.03499552095108817,0.11611183461635903,0.3306661181079883,0.8797504218234466,0.710825371548379,0.38375462507413904,0.2858193504336819,-0.05616340130723636,0.0,2.1991165647171096,7.1811147321885676,-11.21541413900509,-4.44598923390029,-3.233467500382586,-1.9849144322592234,-1.334236254237927,-1.869543926790534,-0.10404628667067856,-1.3993662609897166,-0.43473918882956486,-0.443513649326781,-1.332873111671444,0.06370301297863495,-0.11129909617650241,-1.6690074269369415,0.00856389454320454,-0.15596559151381156,0.19607757641396417,-0.01304086908361443,0.050383384634319864,-0.006210293968781177,0.007838190179459522,0.40158052051623516,-0.3831131794368164,0.22043069409050434,-0.2569316489700155
822,9.81,1.5956604451807135,6.1479245347145195,-0.33230305685110373,-0.6007283735724467,0.5202590317778293,0.0015581935140982495,15.223673000910239,0.005403663501360789,0.599347000616262,-0.426472950597623,-0.18914329012508047,-0.7090174909114269,-0.13754825541593518,0.7667685598221865,0.15526309910302866,-0.7359920956146915,0.1558629137666948,-0.5712485535970225,0.09032575512960106,0.6596973748037624,-0.51149487632918,0.3451938565022415,0.0,0.5862523305119919,0.10480315648139243,-0.021288028257874764,-0.25593382042276613,0.287275232446024,-0.4604153061658633,0.20086662213566642,0.3343989068746849,-0.5938960210787632,-0.2174779610991914,-1.0335897177395255,0.5108534005587937,-0.3236132319492494,0.7901857743170337,-0.11718064625401592,0.08821212672460296,0.696806325464106,-0.2437443099762135,-0.9496976637991467,-0.003290129275753508,0.048782512531638074,-0.00014275858517118128,0.008780785290254587,0.4384980415793456,-0.44336429355809653,0.2310273532771881,-0.23200723503821416
823,9.81,1.7622629996683716,5.566705992151046,-1.1560705620087688,-1.670660992913735,-0.9203135583894777,-3.5748897415632803,10.88281304443445,1.3607345588582413,0.8772050837514211,0.47225464948343254,0.8722259632419294,-0.24797007991328934,0.42680537812387503,0.30649298719297224,0.5450273241785752,-0.14135863591379477,0.40432109803439564,-0.5406082316236802,0.20975344339292146,-0.07899460647465364,0.7611669218540296,-0.2226825308187082,0.0,0.21770311285134142,0.6210397155142668,1.6362633676953693,-8.618980438619467,-1.8958308756630344,-1.2277936852903375,-1.127250503690861,-0.8052149417004318,-0.5649191494650361,-0.7294761526469571,-1.2507861201186703,-1.0577448217562055,-0.39358736651364445,-1.0449878219912594,-0.7558689231849454,-0.5686243109118911,-0.11443590019518929,-0.8428442964612747,-0.09869980137773421,-0.011446243188205625,0.04946716280165889,-0.004628791143662109,0.014865628167558285,0.6764590817057339,-0.3677471757611416,0.5206136441899942,-0.41396588240760246
824,9.81,1.3074535016911715,7.503134901020123,1.5092898040788352,1.1321113964820908,0.8447621563805321,0.949225108361463,4.458571682722667,-0.739458484172995,-1.0169181474968703,-1.1411817260435686,0.7115224634901701,0.2598290668496015,-0.32496263581024054,-0.02156712228418138,-0.2526105130028038,0.7682368295249542,0.6496265432757612,0.8119705027746437,-0.3025314425484431,0.8223861973116917,0.2731786538019844,-0.40678074330615055,0.0,1.3679160498083902,1.5200572300473636,2.2292553419099224,10.338426631413995,-7.0398505567291325,-3.051563833987177,-1.4807565132528668,-0.8125348435362278,-0.8313316792283276,-0.9348623035937401,-0.9808454225038236,-1.7616848970688797,-0.5213266201981424,-0.0039014707492084355,-0.1872720308168211,-1.195355598248436,-0.9837849961373909,-0.5085792157822084,-1.0993067163654795,0.01494346340672114,0.04456943960785133,-0.004563045748144678,0.009034258546508201,0.38337673259688154,-0.4177798538573747,0.281496154753372,-0.21548749294021527
825,9.81,2.6488751444804106,3.70345881361814,-0.5923771463789285,0.6805154017582549,1.5000379750039792,14.545500799105323,-0.6077623429777206,-0.28657369554373746,-0.6196992118557194,-0.25555683501051396,-0.12111274746515599,-0.7944052019426135,0.3296608903430389,-0.007538719605381994,-0.26628831441794304,-0.39790467500643334,-0.21277869068148458,0.6039989536207147,-0.3083817201017113,0.1748821953086822,-0.31999635925295655,0.05804712311612781,0.0,0.3755318047960111,0.6477227159585053,4.107257057399259,0.1369183345535831,-0.239371836177131,0.35728068818014647,-0.3945203758735613,-0.32951480734069627,0.09674106335691374,-0.48805535976886194,-0.34320103512731226,0.15594084082641424,-1.1275797250052162,-0.2367024261861973,-0.3879358410023647,-0.17152633693401267,-0.03272982185421569,-0.07359916812351733,0.3662270008376582,-0.005865120261177514,0.04859508561547984,-0.0005973383722998435,0.0089925810807497,0.359594783723576,-0.36229685441860393,0.22769811641777055,-0.2663657567623735
826,9.81,2.3427117954330594,4.187454905517554,1.4689918300930436,1.3969480584187304,2.7556676025397695,9.405015851666434,-2.8399892417613,-0.7041844065031542,-0.25202745805027793,-0.8880558966155447,-1.0397436855015503,0.191175083749069,0.2745825895779577,0.17544539534888504,-0.13579466526373113,0.42483964388934053,-0.364379852544022,-0.633066470166691,-0.5634969439590809,-0.4943282331743046,0.013739505958274778,-0.11090893810360783,0.0,0.4571518341880515,1.5772609141073566,9.613101666277734,-3.886316269048919,-1.3565745230254285,-0.9560311500887637,-0.8512173718668352,-0.7113733990484613,-1.4421307543631516,-0.21590302739016565,-0.7912260523025705,-0.517317767919648,-0.3092493259090684,0.11591867055750471,-0.4936539926063508,-0.6751665520500563,-0.22993065902767135,-0.5149945106676179,-0.010414628279484944,0.014544473565277662,0.046994210450182476,-0.0029546165447919322,0.008105059936711786,0.36369227828727446,-0.36366485950430527,0.2566995931656974,-0.22501202470744824
827,9.81,4.8882524358946515,2.0068521682646216,2.735820446163487,2.079572823034326,9.262058556276113,-3.2775510198860496,-0.9884444479986261,0.46189981130554214,-0.8572770861777779,-0.16146082576671972,-0.5576372196908443,-0.5836340642976665,-1.4169051928098428,-0.2946959086298111,-0.05571848098177362,0.5584820688725592,0.17956067585893332,0.9330002562013581,0.4988217923357876,0.8085040679134725,-0.5006569997635639,-0.5435253196706723,0.0,1.4470317314410224,10.664218416845308,-3.7839370433178585,-2.1582296699692973,-1.3879049534108976,-1.5242504237343273,-1.0689724195163206,-0.21435854012951072,-0.8597690106689699,-0.31942922204556157,0.07343254330003385,-0.33841321920792333,-0.738554701970824,-0.20692130594932123,-0.14124983347642397,-0.23104461268931575,-0.3318776113719488,-0.051181409793832205,0.20162556601583764,0.027087331150133544,0.051141751659791054,-0.003158760812990679,0.006934305083249578,0.446280498215739,-0.4345351301962742,0.20105377871109226,-0.23520078574233394
828,9.81,3.538328869182555,2.7724952548761705,-1.2122056846897804,-1.610130381281043,-3.621765412352252,6.6740804651759325,1.5335950218639467,0.36371935376354014,0.916455685200878,-0.5073250888846275,0.7270575315216592,0.7960572477483524,0.0797832189398529,0.760560509257832,0.46559786644634676,0.5877871984356198,-0.07027620344938934,-0.03349038596468479,-0.2818321792899993,-0.2625848973975083,-0.10231299272932995,-0.718266944836045,0.0,1.2723700170623342,4.134869690326553,-11.572377723656807,-3.762198575233648,-2.0389775262070873,-1.0591240676150564,-1.4260135814830406,-0.4880927076442396,-0.7983286133628732,-0.4079010836051311,-0.9746410112039586,-0.9502174560058,-0.026359653262093496,-0.9782699255768105,-0.5579764372095708,-0.728537496486284,-0.7376165805529901,0.3954335624268425,0.12293951223879872,-0.012002036482077039,0.050849539974401184,-0.00587825679147557,0.006928672337018873,0.4898077723487364,-0.36560584204441215,0.23492313522036828,-0.2779820122409578
829,9.81,3.131926784464401,3.1322571295923938,-1.5640182312818993,-1.562950754179627,-3.6385031049605665,12.696323726156168,1.2804008290932622,0.9600502677834805,0.4896669397315494,0.39555442590879,0.7626187306203707,0.5038372783708448,-0.15141701248249473,0.20371868545174499,-0.2490799360764474,0.7396715436076579,-0.11218108709319935,-0.14498044304009255,0.3124853642266525,0.09657256771665185,-0.43170094757474353,0.4798382343387163,0.0,0.05349931881246836,1.5002941463404504,-7.859720728994058,-1.506302927842666,-1.4663808419536757,-0.41554265701049015,0.11122679007716296,-0.16904869604401107,-0.03638777803358051,-0.5644348820493985,-0.6099058029787624,-0.18022445868687598,-0.30921611151357703,0.11934062087336073,-0.9238668124438911,0.10780405797151438,-0.30931830447098774,-0.25403804611933073,0.6641960027459597,-0.01548532902259307,0.05159197855312828,-0.0007238795556889577,0.008245630544026765,0.35267146507073094,-0.48514319901267555,0.24200555324545514,-0.2257936774423191
830,9.81,3.0980426294915926,3.166515498080761,-1.6396103464873533,-1.2051858619080433,-2.6722365258655403,12.727929186982374,1.2828924134685629,0.6819749068247554,0.32287986571932503,-0.045296456387283524,0.2670413145692949,0.2697655464665254,0.4003097703398728,0.31148948386810277,0.3159255822419312,1.0745876140137816,0.1298450386513979,0.4228877169917405,0.46111071295584866,-0.08127613935482442,-0.6661524910344134,0.16594132885385193,0.0,-0.022070687757884525,0.7106338040329958,-6.858796043725759,-0.8510700735894499,-0.926486438715606,-0.532647070290267,-0.5808856075184088,-0.3786897252294027,-0.5611549840175232,-0.4272943890303422,-0.6332577674739094,-0.37721282693889224,0.24558318649206523,0.06355578293984332,-0.4271510891677642,0.40694146362453953,0.41576691768622004,-0.2967896110471414,-0.1658939356342602,-0.016233765806805488,0.047044273525539304,-0.002007287640685126,0.009110102000956225,0.3829610665418539,-0.39574754716696936,0.3170209571453607,-0.2970010756480729
831,9.81,1.7825153235557274,5.503458999965958,0.7041368629049418,-1.398444329609639,-0.9677161003096333,-3.37732318208314,10.235271032670504,1.9558645863124369,0.5787567679550865,0.9061813189871195,0.3954712898177213,-0.20287443040296782,0.15219625886496246,0.7595141151502234,0.5105780136455425,-0.5279044717019188,0.05754042012389346,-0.5458106493417345,-0.28821840644964153,0.15806403017791043,0.6870535344961608,-0.1439662029090999,0.0,-0.04741162702509388,0.32797890066535157,2.2501203842922055,-9.146953566965008,-1.8875743904109108,-1.6621849355821507,-1.0619956049471808,-0.41743231047179385,-1.2717249067195153,-1.1150652564424488,-0.5977601934333432,-1.23351751270496,-0.9502843620878321,-0.47186967078591685,0.00851406261388829,0.26267934185124475,-0.6144240382270899,-0.4669444978571214,-0.2601468954993761,0.006971652107969721,0.046923101282487195,-0.00284635826918173,0.008290440061362887,0.4421304257562086,-0.3357710440291284,0.22003096775019562,-0.20717401525486484
832,9.81,4.492331236500437,2.183721431824353,1.3018834278783915,2.1506800799733945,5.230287577911335,-2.2079093498094164,-0.7001782160042449,-0.6976364015246387,0.18914491759023766,0.15702972141472704,-0.37413488744998924,-0.5308128809676904,0.8609478647047883,-0.3236991165786957,0.42133916046302466,0.6933888127788028,0.6836948890638029,0.04477666689337423,-0.2927817600289353,-0.36980468805093697,-0.028268403123720615,0.893177699882516,0.0,1.925384822993629,10.32886610007186,-6.96894752988098,-3.1829502190725387,-2.087422514262384,-1.5893872410902528,-0.6291279564818522,-1.3973681910681188,-0.3046817816637003,-0.4235650564532274,0.30267243411973505,-0.22321217510173258,-0.26232533603833297,-0.824261814190898,0.008737564716190804,-0.32407309184480926,-0.9650067148653244,-0.15511014312188426,-0.5743070236856912,0.01288993492948903,0.046576909270507304,-0.004796215399754058,0.00892635301891721,0.4049463196024017,-0.3657856734233474,0.2446777968116013,-0.20908855510859542
833,9.81,1.023601104696136,9.583811462290456,-0.8705781465049298,-0.7916761941110093,-0.6981760756170581,0.0916797783275416,-1.145380941960819,15.60056590914365,0.14027937296254267,0.5219816874453306,-0.12849889853997065,-0.8292694515018435,0.06638684114286764,0.6593280002218189,-0.24439171584032082,-0.01096047361210628,0.27678408826747003,0.2871589167638867,0.4563196448685134,0.029617227053276685,-0.3534871445901647,-0.04964964302725494,0.0,-0.5496159960513723,-0.01484874285140415,1.5361992598418077,0.009604894494521878,-0.9107841167879206,0.13878490621996167,-0.693274998166888,-0.41537802369329274,0.16856500219943277,0.20545829682400088,0.43682078981700906,-0.704775094288615,-0.12047295872704236,0.22633416423171548,-0.016453931871036546,0.3526964040302483,-0.2965913335957608,-0.6808890798287183,-0.691902407929131,-0.0086195856089597,0.05253049069924012,-0.001545642592252146,0.013752715641906608,0.4814476388261961,-0.47324621888338514,0.26905210951039715,-0.2599555830347827
834,9.81,3.809996709994433,2.574805372998428,0.5559866480597246,-0.29338138876094155,-2.1436452812366653,1.621326107248892,0.3231658112961183,0.4649059010910877,-0.6883486313349934,0.36284371198699544,0.14110007410258057,1.023398118788529,0.19624591809150738,0.6213920153632464,-0.05863601928014264,0.5821481404703173,-0.04498793774035276,0.11658292114082806,0.21450805950554186,0.3098233006594362,0.6583953542046994,0.3716835720631776,0.0,1.466346326858702,7.583053649329627,-11.707705821378674,-3.974403859278313,-3.2228574304779367,-2.1641172773604285,-0.46318663351684664,-1.4035566586839707,-0.7669553471725841,-1.1092875762310612,-0.9198382630660479,0.03064878551440109,-1.3235477782697336,-0.45520824321049436,-0.3206971137479674,-1.3605474891797062,-0.42981517219198556,-0.11211189195209273,-0.6632486531103133,0.00550481829762104,0.05118384485855212,-0.0064822719496706325,0.006044625312488321,0.456793694984986,-0.3794887742955975,0.219900955759608,-0.20771747723950623
835,9.81,1.0580585162811942,9.27169891744707,-0.7952542907608082,-0.6234063481737806,-0.06853388793249438,-0.3659518112337037,-1.546981486274237,14.487918368594169,1.3796405920707469,1.262042969631083,0.4814712761776705,0.6624646531548333,0.4725524406754631,0.7664559183862218,0.5697129451040502,-0.07099993917232827,0.6642103694194573,0.0800601509782034,0.2520533925491997,0.28513342634202227,0.24857483338065647,-0.13272416133955528,0.0,-0.8073108528749395,0.8096358432649994,0.49100708819506356,0.7191007092683792,-4.548808740422806,0.03403928421012076,-0.8400154310626011,-0.5908351217109868,0.2008838433224837,0.18778002654532444,0.21968457639761046,0.13303555828629415,0.46680234122474507,-0.4688655952684606,0.1397236619283772,-0.05555959356915749,-0.54027193499793,-0.19070233089250627,-0.7673154947048971,-0.007873804859017912,0.04985072066480196,-0.001188728331547802,0.010538592911695756,0.4329501449267707,-0.42833263035273195,0.256911714343474,-0.22403130231817742
836,9.81,2.7427564385302334,3.5766938187398463,0.4320448515237987,0.49749450964527586,0.3897436122334721,14.536663749693636,-0.3117619320324936,-0.581897767754844,-0.02517498849301192,-0.4470019825857112,0.08958023771812784,-0.16401304878536316,-0.4679343565537206,0.7315214914820298,0.22276814442884008,-0.3641394234890593,-0.040739070823535506,0.5060909267521886,0.203184329662575,-0.161035407057812,0.5602163015683261,-0.4298453233813182,0.0,-0.3534133440079552,0.5308328152307294,2.1134316716852926,-0.45064998097895326,-0.10505609488718021,0.21891887510934915,-0.37727767384069005,0.5066271287673553,-0.742332398256276,-0.369348458773882,-0.26763397468513783,-0.5841057974496107,-0.7964175977539667,0.17665815178130428,0.24994781390498805,-0.3827127131599063,-0.01871653950648,0.04513216881488891,-0.34461603027869514,0.004277671797265325,0.04531147006033069,-0.0010864582707811982,0.007467151294410476,0.4897602652448867,-0.4062040799939396,0.20095516282195142,-0.20607603608304406
837,9.81,1.4737898471248185,6.656308576923702,0.5494250238899147,0.944415391608791,0.8529475353248829,2.355595216643068,13.616795028475813,-1.2931894285102592,-0.16329396788565886,-0.5587690625907593,-0.3710792712965547,0.09458589097981163,-0.37312713229522076,0.5084263200981505,-0.5903673515882408,-0.5328281541973965,-0.5761604795687009,-0.28608682480128395,0.054751971533389676,0.48749391644367757,-0.5699012945513044,0.6649075050094607,0.0,1.4928245496566552,-0.20727872599483094,0.5193082906971098,6.856952252429033,-0.9352355252958394,0.3054564552469462,0.33929271519261284,-0.6880100877177603,-0.3097644860003369,-1.2574184064049232,0.5752825967881967,-0.8094496388092858,-1.4032962834837868,-0.471698669029632,0.15221000615121105,-0.32282519621894734,0.5689729558252018,0.02293896717449312,0.030224942740608995,0.005439851721682322,0.05184451246669966,-0.00019844694132944597,0.009928967997652645,0.40077158129047463,-0.3597603850694397,0.318012538012548,-0.307389988358003
838,9.81,2.9922025407077517,3.2785213789971657,-0.870412782299842,-0.8290799464664218,-1.703206928323124,13.116012182668126,0.29822845921259744,0.3143277258142496,0.5944340326023783,0.1701257221662027,-0.40579139027845557,0.5956908604951242,-0.24947357050576258,-0.1408094014194753,0.1453343363094653,0.663170802726115,0.39595857115682354,-0.7017383050750036,-0.1922407265068678,-0.019121926803605582,-0.4704726857819067,-0.9925414679661512,0.0,0.5962556099078428,1.5174603433273046,-3.97041157570407,0.014529890978825039,-0.7711029546484046,-0.12296178096836027,0.3733318199447717,-0.361409279464197,-0.12022653339607789,-0.029354393494089547,0.7548552542064393,-0.4348774544534215,0.16720191304667115,-0.018862538648763555,-0.0006601717701771592,-0.2859222136289641,0.821557869014444,0.0943296622435732,0.04589005839223906,-0.008617948339602392,0.04174048837698398,-0.0011247703234866105,0.009216247200986027,0.37293006606330764,-0.3992578275319111,0.25360429969629894,-0.3151765451542111
839,9.81,1.38317002102387,7.092403573595603,1.5411408800962043,1.2714638477616518,2.1934323844216568,2.462887648760277,9.31734038284308,-3.003640795247917,-0.3232800746006881,-0.5938646913353839,-0.6824271113640827,-0.05803464843129236,0.31992045289739923,0.1716066563330908,-0.22687988693568029,-0.31819618193069826,-0.24187743213584467,0.33101222072218955,0.6320320171544236,-0.3003269129744897,0.5738127315436883,0.9716867372159637,0.0,0.9604573288282469,0.8872096044207602,1.2061742217754743,9.660668906722316,-3.5601299959640267,-1.2277661331557401,-1.2456100782117339,-1.1845042321997763,-0.9727275292436779,-0.2964985585252332,-0.7019790986276848,-1.5502041790314975,-0.5644103338862246,-0.2745430406568453,-0.5306686890611338,0.03120738472980239,-0.18261540765073947,-0.8586091363241808,-0.42612584451892965,0.01525882059501192,0.04713832834558521,-0.0025035934094531933,0.00887829364565267,0.42600415561875454,-0.39615720891632783,0.17726404479771646,-0.27362613475677383
840,9.81,2.76291019724958,3.550604000725631,0.023987410391098196,0.5852227478329728,-2.9974307549363033e-05,15.333819571121225,-0.4904701078598459,-0.11983269736383617,0.1455481062219004,0.22744058835516512,-0.057811889663488714,-0.38624945183105597,0.08080051723936199,0.11183517185899705,0.06358788128920984,-0.0890403239878721,-0.9055437797591248,0.07752272641565516,-0.8107003032239744,0.1420467835623388,-0.1896464830083049,-0.1699724210201708,0.0,-0.5297199838010661,-0.05704500242163371,0.5298106997527279,0.36284157611631224,-0.886016692246362,-0.2534971204230172,0.17249696040332696,-0.14688299964836046,-0.16985144724819715,-0.002070210587362356,-0.273491212050857,-0.3055489675903565,-0.14383172127789853,-0.007543252218174833,0.14384556038697807,0.10408459401904502,-0.1345212699527355,-0.28237687536731776,-0.6874370451759415,0.0002374991127831466,0.04838183444123437,0.00017630393536797128,0.005846308350779671,0.4001973993034824,-0.3741104702789255,0.17682588274454086,-0.20599922201099122
841,9.81,0.639990753545228,15.328346457597265,-0.7130501372136734,0.797388621441738,0.9805975142868045,1.569203508259757,0.35099626093234915,2.1274832912209134,7.814909584205302,-2.4237720648254992,-1.0120155531737218,-0.12674538604540353,-0.5224045302595253,-0.05691194503066693,-0.48810138258642327,-1.328084886375096,-0.26085519047307015,-0.7805049595339564,-0.004687715895432293,0.7692562663417429,-0.14555491365665543,0.2515830339456828,0.0,0.14380798238356182,-0.029718864669845413,0.1911729240088486,1.362402361089508,1.667600403354661,10.516620307078654,-5.038865428574379,-2.264244414391331,-1.3413948525192905,-2.6966256875560743,-0.5112132979049666,0.16142941851591786,0.11807904870056396,-0.7727932393001299,-0.6932560044378466,-1.357732007655325,-0.16115851409104667,-0.6816765476619773,-0.7269806384805827,-0.0070599023486502275,0.0500668277909667,-0.00464521791936291,0.015483250142144116,0.3862149669672986,-0.42477098545365133,0.4019900419340634,-0.28102712321157025
842,9.81,1.6104591704762405,6.091430431669382,0.3369615867710982,0.2544352001498149,-0.2867645020584195,-0.6997391389613046,15.003540338376261,0.584107215627856,0.5477133714169127,-0.23861914646511262,0.29767324449811894,-0.0009618909813371435,0.47408411911336495,1.2589466972542476,-0.22243873259870894,-0.23226549615786618,-0.7710952289637021,-1.4110000872601938,0.0770037309051505,-0.05365783545729058,0.21156315383245972,0.1814450339258072,0.0,-0.18191338415301495,-0.13770385106706134,0.5151258923453305,-2.5952542968677323,-0.139425968427077,0.07071831869413103,-0.4144331399861971,0.026506889478261894,-0.17823630278569735,0.5063503322615783,0.2421608315764605,-0.35676766044518865,-0.27217646004689855,0.3645675882492235,0.4001269835736455,0.16747179897607967,-0.4515118043761144,-0.591943512769707,-0.45384830647672225,0.0033362533343673124,0.04919783341549725,-0.0006877444481632258,0.01015053116100756,0.41874380516819365,-0.40339086503279287,0.20299690527753542,-0.3100606713504341
843,9.81,3.809277089422539,2.5752917862657063,-0.9672823919733907,-0.19755015951973376,-0.986655172931618,1.4259858135113685,1.0129382201463737,0.020159589623349655,0.3135395104647368,-0.1668817102133293,0.6199938605875426,0.4921474131880221,0.14826580841852716,-0.4652739326081435,0.12622296868813523,-0.46345453610728826,-0.24272445943438892,0.8281982709721492,0.210853632813533,-0.26173324766532446,1.5718654603956859,0.2929472824493515,0.0,1.7628485127198772,7.090908906509591,-10.982243723558955,-3.9802182329354103,-2.1497069540830767,-2.0289627272699136,-0.960637361354189,-1.2252704137367978,-0.10069349113933923,-1.8544275796973684,-0.7555396788417108,-1.1832801286325854,-1.6243403457818177,-0.6029128957267023,-0.8727341091565037,-0.8743871989545837,-0.46748035800132437,-0.6328271119010973,-0.3197608332257247,-0.009577053385875152,0.04645604237007348,-0.006274739209458636,0.008719327426558954,0.42627631863007204,-0.4751505067283993,0.24604139792101357,-0.2380072265633225
844,9.81,2.838603295138062,3.455924967325478,0.152019352211599,0.6178655368248025,-0.6764917848713552,15.835005900160375,0.6680550105392951,-1.083661358529247,0.1765805733310133,0.16290937253603688,-0.8370910149935609,-0.19868389311908685,0.24109230520702085,0.3980046544216831,-0.22949194617111823,-0.16182971928023188,-0.19506052744091118,0.5417169625803802,0.18742689939117285,0.0025098531901888155,-0.2354918457179102,-0.20127921712171792,0.0,-0.03652850586394479,-0.5788742357153698,-0.5554351790976867,0.42967255148949707,0.18714243504102296,-0.04913180145785689,-0.29119948473952934,0.38511655918099585,-0.05643510944014253,-0.29664181935341494,0.6213092735952942,-0.267625911648136,-0.3325436627175376,-0.7487811595426382,0.9570974796656312,1.02170441346501,-0.03379392709522028,-0.6664746036292678,0.21152875318218678,0.0015051421011049418,0.05502035193905303,0.001618011052757172,0.014361375123773494,0.41636538368818277,-0.441465866405724,0.2859698927388065,-0.337401064187097
845,9.81,2.7281087369523576,3.5958977247215635,-0.10006361380141482,0.41632162640903414,0.12727606125739088,15.050540994452332,-0.3801482957196265,0.5443366129439968,-0.09832218429468065,-0.6100628995426292,-0.055516341911473255,0.49521719099837636,-0.8301502221274669,0.6535176340391959,0.11592618533064614,-0.7072205186144349,-0.5603845891031923,0.3061747630629965,-0.769792466871581,0.33583474674155495,0.3436038835912658,0.23893101868085254,0.0,-0.2813441878398109,0.3948875052076164,1.833639019944659,-0.4772754018453253,-1.1220617256539975,-0.29860298112179445,0.6300814642084591,0.03717214557232627,-0.2541424839310425,-0.120298474730766,0.27001133362378327,-0.2703138655810412,-0.6960667364487881,0.2656132483336474,-0.34242676115357484,-0.7200210900323035,-0.4069013839054889,-0.5037350365854699,-0.22149989153714114,-0.0009907288495189608,0.04876816475661323,-3.2636077348357215e-05,0.008400880462004346,0.5295558627805188,-0.4397842830730778,0.3073464633060855,-0.2168726846077294
846,9.81,3.3641986707077396,2.915999012013233,-1.5351794787118231,-1.9437757136243041,-3.683614789958895,9.067471891852271,1.6961185880318377,0.3516725973322442,0.898230989329737,1.241337892473882,0.7567594194898488,-0.17240555119814938,0.491716073275108,0.8548066802439798,-0.08013426178195798,0.2585547804394917,0.3863260225184289,-0.1198949812438379,1.3753991407809278,0.6644433031601757,-0.28179759847733593,-0.08200562486769303,0.0,0.20240724831214113,3.0685482729360265,-10.890286530348305,-2.724314449222753,-1.744208794739497,-0.9548148044953042,-0.8527694582180545,-0.8476455983973342,-0.3152026433626528,-0.2084216352455821,-0.4380814281040655,-0.3686780667118931,-0.8125376048593461,-0.38752146616963046,-0.26315400366056285,-0.7389779516780703,-0.8037281973169075,-0.11010809821674414,0.49994906961426616,-0.01519979681892894,0.051553656550470034,-0.004463299558844548,0.007016055972152283,0.38242557258636806,-0.49138667835103933,0.25102487838156956,-0.21030656953000532
847,9.81,2.8636466980731883,3.425701922866631,-0.26148151289136345,0.36944832937938266,-0.7510697592397722,14.42147492681104,0.844795960813967,0.3645329346956607,0.30814200649743473,0.2678931435981792,-0.3877873992404861,-1.0517150010914942,0.2584782317063169,0.40707140374525946,0.6011005922398188,0.017973727950243185,-0.6095111614927124,-0.4340587832962822,-0.12646485690383025,-0.12330060781246255,-0.027945510879540836,-0.14419380189680303,0.0,-0.420664525739601,-0.8269305915361373,-2.0629031217033504,1.0435112951717735,-0.20237809890892447,0.14943382355116833,0.302629898842497,0.18123533157415816,1.024583458266643,0.7068747951433906,0.5986632327866951,-0.7494378334990404,0.0455062587409453,0.01938371718229734,0.4471434850266314,-0.27669794374224643,-0.2576228768486669,-1.398876522361631,-0.0557327863718019,-0.002588925870211515,0.046696678004395815,0.00017067090398078022,0.010446326671483314,0.3956033256486866,-0.3558307501844673,0.37510311517876227,-0.230234107437297
848,9.81,1.683801357113021,5.826102917994933,-0.09619326322265287,-0.8686014763152472,-0.3383729523048067,-2.646443181058473,14.044575447290164,2.0540202771948293,1.2457887306157858,-0.3166276106211703,0.7693022209640732,0.4962741547093539,0.4378210063724233,0.5650702488925465,-0.10018487376333951,-0.6483462983412295,0.5576380145302832,-0.19345946091249305,0.08794595409250301,0.31558250869701154,0.20073317416124176,-0.8615961066164808,0.0,0.35318792176756847,-0.4534189267056014,0.8777529449366485,-5.302793356418206,-0.7524527189917347,-0.9186519608183095,-0.3930151385891561,0.17500722248228812,-0.08281625538641446,-0.31615751818284993,-0.05842605433354214,-0.6109834579453888,0.14248726845466653,0.5988262688873882,-0.09690783921887944,-0.16087479553192618,-0.07417198316886628,-0.6764851090387928,0.21271075569287287,-0.0009524085467589354,0.04986773490379232,-0.001423374985266909,0.008722721554723591,0.42505004415462355,-0.3535524776739275,0.252125570930251,-0.22054231584937756
849,9.81,4.5048707599403865,2.177642938668859,1.1997364961306598,2.1268877157687975,5.859229592265544,-2.445713511507213,-0.4686979846761232,-1.4131194947218828,-0.296320162035291,0.17660830991890109,0.331442809750389,-0.6244233225742737,0.7806615551801723,0.240222003353256,0.49285491648190405,0.04602525529877159,0.32221647205576204,0.7608134360188392,-0.24626303145947978,0.5457051542333012,0.36845892176269757,0.5136933245108211,0.0,1.922429821269196,10.360056646483459,-7.655404692711347,-3.1118534317706468,-1.857647270867931,-1.1021696199577866,-0.951960715667342,-1.588819685518773,0.2941821090097402,-0.30233667795981123,-0.14295205138425138,-0.8286768146499255,-0.29624686982619386,-0.6109225500115019,0.06540062232887789,-0.4238521865039433,-0.5833539399695096,-0.5285683414485913,-0.22308555385909895,0.01187857916961048,0.049365902532352825,-0.004512141325676377,0.006599815193653246,0.3941868035699469,-0.40682629064982406,0.2948826855653199,-0.17101223572773322
850,9.81,1.909227790301732,5.138203021049489,-0.5910368631958942,-0.7540486969161292,-2.0067529374208912,-2.8036652440002032,5.501152523463054,1.7970783917578967,0.8636883995782507,-0.050759277334467945,0.7659646157297102,0.44692150458565594,-0.1887179653179724,0.9360981327947597,0.6766976769277153,-0.13776403528436043,0.19262210375572245,0.5034516644715221,0.4600806313893336,0.13866223579650977,-0.19139730359159332,-0.07677651837915608,0.0,0.05879535741504849,2.3656440208568115,6.488731873544926,-11.986446083211096,-3.9578382099727003,-2.1999832297858344,-1.6498160263225374,-1.5374188591286548,-1.247818988758081,-0.8015431738812276,-0.2746924327219199,-0.5516610957936469,-1.0631701919909864,-0.6522182056655861,-0.7929937410044485,-0.8754756399849002,-0.9344207067381838,-0.13006092698064178,-0.6432138251433748,-0.0058518501306524156,0.056952902096349504,-0.006382237129394953,0.010038517655583248,0.45380166570347535,-0.4027279106347783,0.21537213468702213,-0.3118832180284506
851,9.81,0.5820387065442119,16.85454917293345,-1.2080226874163005,-0.7829328527158175,-0.19222438658553442,0.21509731308790392,-1.7264032399484188,-0.12060841880167628,-2.979557727022347,4.630999055905495,1.8740132397274716,0.9619128185422401,1.0700270578130406,1.2972107056990745,-0.46478595835978703,-0.24829256000683886,0.7371260653663717,0.7973538890733357,0.305494128996885,0.16443252488257012,0.6128068672913403,0.03348763020039139,0.0,0.5037935022098604,0.20677706848473554,0.6743733648019404,2.1634949038943994,1.9656926417069334,7.253324968976644,-10.7824759914991,-2.714232825651302,-2.4954760561295553,-1.6789987398315906,-1.5028901869946125,-1.297371188522583,-0.23114481557979105,-0.827385061669376,-1.1363742074676404,0.03392619387914653,-0.23978762117507607,-0.9674179227191465,-0.8170601279464984,-0.011960620667488125,0.051522572914907486,-0.006306458255605622,0.015478792056494339,0.4513658172178453,-0.3791877771342091,0.27748293199486485,-0.27492064612126205
852,9.81,1.352761334410275,7.251833527808945,1.3015524537336083,1.7074516434416194,1.072905733532835,3.45912952253412,7.675526452906592,-2.5646641702505675,-0.6905252699615109,-0.9934371625141702,-0.15017912515128629,0.0684438446945358,-0.6346234866079241,0.6198659212166875,-0.6005975108735156,0.3981569117084996,0.5789197848503458,-0.10887061245317187,0.6206266344825706,0.4869613833937537,0.12280716203649131,0.1705016708809784,0.0,0.7623113594669955,0.9222788394041457,2.38463274040996,10.395135549098626,-5.367787328798508,-1.9667223978313637,-0.6423889025648994,-1.1209662105320355,-0.973059637214577,-1.5682430193735204,-0.4703476460763868,-0.3172461894995713,-1.1034616190120174,-0.34030816430119404,-1.4106118366851454,-0.840401490539503,-0.7648148964534038,-1.0655762895474354,-0.4766632118671482,0.01288665795775849,0.050083089442164004,-0.004681977152307016,0.008842558507575636,0.43373426585299846,-0.4206218457910631,0.22288470056846207,-0.22406940595970626
853,9.81,2.340820425422215,4.190838346017322,2.071619725042234,1.4416754334060158,2.621652923246622,9.402035300361945,-3.3747404918880437,-0.839384795647657,-0.7794462076284068,0.11105494113934489,-0.4350082857029618,-0.29978461612404717,-0.5737824966665079,0.1079410394017647,-0.4328422862620856,-0.3852350551527226,-0.6944324279926506,-0.13914874569490676,0.34785812972581354,0.509137671608989,0.33574221717680175,0.6195116122719384,0.0,0.3883447068224675,2.0259166059984834,10.145072239916122,-4.2615080288300335,-2.969443334001385,-1.4349858739613532,-0.7871895713173641,-0.23916155333953715,-1.8528738584803564,-0.7153696776083145,0.37795717361261844,-0.42697386896820577,-0.3508368905274364,-0.056759479429500215,-1.0414385182299382,0.11555167766335786,-0.624337463675441,-0.4116497871114766,-0.3139708369193525,0.020511086386556784,0.05182491360530528,-0.0020914273379346077,0.00801570439382115,0.38151432812217945,-0.4194834844527947,0.24163147547702074,-0.22581793142492168
854,9.81,0.5439228804770698,18.035645037391586,-0.8536629932197988,-0.4495080748249136,0.12225560171202066,-0.23104612982667394,-1.177459526109312,0.05401931271688998,-2.273311287245756,13.111473727140808,2.3554722964120014,1.0391141130776838,1.0897301765118121,-0.41146595074215364,0.3048015937886797,0.6617852371412707,0.231798862822778,0.13821088268775433,-0.15053900749867644,-0.28931316519860145,0.8022990808531467,0.39697729112284674,0.0,0.7965840202135492,-0.37633043205309624,-0.21875972234219188,0.21482709635699282,0.056278662987333306,1.9926807344183457,-6.26346637689012,-0.7037395762713854,-0.42633252822257156,0.02530063133144711,0.2278916951355645,0.09334996089735381,-0.3304747038949527,0.4762460963497222,-0.6251808774992149,0.6227295579529328,-0.5746561009969591,-0.08590653559386316,-0.2166220017310354,-0.00845210884376038,0.04844383402485003,-0.0018489952313899324,0.016098162884488332,0.3855254038033671,-0.36260092052181947,0.35407696700725433,-0.2987687650536574
855,9.81,2.9556693980872586,3.319045088854821,-1.7167602540298166,-1.1336928590828617,-1.2231539482475937,13.316983151261644,0.5698530522868932,-0.45679980941623244,-0.04407724711543071,0.17920781223216442,0.13688752847335373,-0.25234673973876187,0.4506222660469782,0.9116672382143437,1.2875365020458507,0.31759887825548355,0.5728357177135424,-0.28051777292777036,0.7349038888188615,0.8303542429390092,-0.16137124241688183,0.4873961002419373,0.0,0.9487025071026689,0.804503360274963,-3.4904097793568276,-0.2838990050396119,0.3017228771637983,0.2514298411592122,0.2799325069090466,0.17434171848774138,-0.14934718068007508,-0.49189097515593305,0.2977331866972719,0.2996414592963628,0.6830524928709799,0.004271421515051081,-0.340828711582724,-0.032449469843935395,0.35443628956267503,0.289371670068184,0.30732500336006136,-0.016997626277522934,0.041262342220419995,-0.00036594634935556756,0.007583514982159686,0.33079814226764476,-0.4193467773217112,0.2988192045019158,-0.22804735575862192
856,9.81,4.789742679602151,2.048126727512394,2.4681557782250643,2.8570051498894085,8.612277248241483,-2.858796106933104,-0.6447757406269277,-0.16020751391139954,-0.18740289921665088,-0.045951366827114426,-0.5289544179935431,0.38445114130075086,-0.6689310725575739,0.23956361096612633,-0.029820319389750716,-0.15292437102375867,0.11931439757053203,1.1193528933540806,0.8459307037997442,0.5401491558711278,-0.06363009662855945,-0.040838547372523015,0.0,1.2354807455870689,10.640064010319978,-4.2840126661867455,-2.3661407127147847,-2.222508077464024,-1.3637703429039771,-1.0127787083042943,-0.8435629595561139,-1.2624296086458808,-0.01194419828871307,-0.3224832781221305,-1.0076795309036228,-1.2666040252424078,-0.8208129662582202,-0.12253378995125835,-0.8830711430525781,-0.3457162768988498,0.6709137058698691,-0.22380067710770352,0.024437185923020455,0.0512366640346441,-0.004537049426065334,0.008459841906664226,0.430527617098021,-0.3758487739676242,0.22698404367991382,-0.2812706198709677
857,9.81,3.0186702724123777,3.2497752701424774,-0.8573758323399752,-2.26803200445726,-2.356782859544746,12.715225294090118,1.7946627565298423,0.8347270185035282,1.4232599344315604,0.2840841720162528,0.5453659116935867,0.1053989698832779,-0.4147822592497028,0.19472272965996207,1.1530481309185958,-0.052235158722609754,0.31733713849365563,-0.6896818958773089,0.043185343641865215,0.10650875731089327,0.303728145660957,-0.7924349356750733,0.0,1.172716541818957,0.8817223624805101,-5.949341084600649,-0.8313774211891494,0.0325440485164607,0.09976235264601335,0.09200498343702745,0.29477157986171726,0.5433014547537296,-0.45352540278547826,-0.17165124648489039,-0.6936489910253927,-0.17440446667446444,-0.7945069825275602,-0.7390407083526886,0.16966462021845513,0.4490381968997238,0.4315619154874699,0.45916254584362476,-0.008488869627128463,0.0454958803885236,-0.0005341138662284203,0.007687171428113458,0.4046120969683397,-0.41339494258133,0.22808425978403263,-0.2221299879169626
858,9.81,1.431802347682594,6.851504340580051,1.191978409698406,0.9908072604528284,1.7065926919193037,2.362370922797415,12.337129433570862,-2.3720037265527614,-0.8402036539998767,-0.6578179728420122,-0.5254936078864845,0.2642664853098786,-0.10508523011865428,0.6102241855569334,-0.3177020500581186,0.2290993235742355,0.1421240773357491,-0.17277347222242262,0.3590109562043105,0.3103144594817312,-0.23503590874984576,0.07393721100773804,0.0,0.6376623918323613,0.24670937839091747,1.2632613613782993,7.926321014301865,-1.8324939857958675,-0.3639100247358737,-0.5567407913456115,-0.7027775623822589,-0.7780170296066702,-0.9558003194885831,-0.10708642981903227,-0.10412273462274069,-0.16683941959499599,-0.6571307275316101,-0.40543538446227806,0.21364120176633605,-0.33395219163212586,-0.6882347229524377,-0.24445506021760227,0.011801766432657488,0.049124997023407516,-0.0012248767608837457,0.008343885061152394,0.4078303351780642,-0.3759231073367606,0.17134376816744087,-0.2912623555084562
859,9.81,0.7887916994176685,12.436743448545805,0.29095618841717386,-0.7221617198370716,0.2365238262652205,0.09616733715036352,-0.5161850030192832,-2.871760602928125,5.446060938255563,1.306234088364046,1.1490322229528456,1.139658308344164,0.7296650873356376,1.224791649281968,0.31706441244670347,0.9636998190073045,0.9210457378614046,0.7316873730426908,1.131163024608389,-0.06624927177377556,0.729771601577,1.3019908259573363,0.0,0.37743593821939503,0.39709418270409547,0.6695572009435755,1.9787904088102277,4.626152247399789,-10.25980681355598,-2.5448031578463155,-1.4716726615227262,-0.8739704198098381,-1.2930620051612332,-0.8795011402159646,-1.1324015628145023,-0.13124000717832907,-0.3295553429149296,-0.3333802950736081,0.529720883060078,0.024598544573961267,-0.808564246964669,-0.4795611328168488,0.0028807543407640963,0.04145702321425698,-0.004679633785510202,0.012810270602246742,0.4067926917057255,-0.32415920517962576,0.2880719087180043,-0.26411157883284264
860,9.81,2.9325683778221374,3.345190541570719,-0.34933761300106925,-1.298990857135594,-1.2935197328085482,15.933120934566682,0.6997306696317627,-0.34127750281392966,0.30424404163683927,0.31263045447954374,0.7891042941357059,0.16703814956184992,-0.2912968389626791,-0.6058177941900247,0.7504343657673964,0.06581700240130833,0.2792262793253161,-0.3646697408602475,-0.5765560824640126,-0.8694057141486493,-0.34330461974477344,-0.46461692928527176,0.0,1.082437278375622,0.47440530366352324,-3.0981779289800007,-0.40653584613120647,0.48552629016986915,0.24907024747324497,0.5788626649946212,-0.39589839179268516,-0.07236819337588841,-0.4082043513008907,-0.17883875143139857,0.11023824871968965,1.0019631156306397,-0.01850559632052498,0.43433755385548606,-0.022346421148411316,0.6801561026513693,0.025642409116370668,-0.3386381541806257,-0.003458788247535337,0.05591174433095622,0.0005211212777846046,0.008006990639243204,0.41550655017959537,-0.42469123841747325,0.20689011540517907,-0.2186446564384251
861,9.81,3.584518942452938,2.736768910275831,-0.4964502010217183,-2.212325497039953,-3.525056742334921,6.559748114637742,0.5800588360732359,-0.43481225162332815,0.9297458269303468,-0.029892876492476628,0.34242240151814307,0.7234630788675355,0.8115742255092662,0.3183229706410471,0.34586295979621345,0.8677033485088173,0.30407259004565845,0.49719718044686373,-0.14964850796796372,0.2757225351725693,0.6159472013604166,0.4284567592720974,0.0,1.4297274873575863,4.187727219950805,-12.493745585236585,-3.315713908659384,-2.233894955387947,-1.6326413513260642,-1.459390638948352,-0.32760768004076846,-1.1698618519023112,-0.019804138961067586,-0.1650859635351355,-0.6846808013329024,-0.08156573456965477,-0.24128288612836596,-0.22199528333227364,-1.293255717674546,-1.1670103574092228,-0.15391748700947172,-0.3027779828156934,-0.004915348524967505,0.055459947313827154,-0.005476465373317879,0.009260014312514471,0.5123038759076458,-0.3704111351396736,0.3698414920948632,-0.27242441201920836
862,9.81,3.3870164127804836,2.896354432468408,-1.8482322116508358,-2.6803385134206126,-3.95766698538723,7.758873703883836,1.9297476443453903,0.2869669310135131,0.7652386813633094,-0.34518579516789205,0.07190830780881041,-0.17057731742551352,-0.04375034301183489,0.5772664809331625,0.020258490808322788,0.5151809745951561,-0.25994673435485305,-0.02003594860814456,-0.7631557947710473,-0.08665779585514144,-0.47826652981028533,0.06102621060470602,0.0,0.2799022364115238,3.025834743051685,-10.748386314108837,-2.748884567427007,-1.741508255207422,-1.7955178699393037,-0.3896182912628614,-1.288702525916208,-0.2640398500018963,-1.1353444615215418,-0.21349741746189174,-0.5715298610818054,-0.7149742219437097,-1.7311575455668422,-0.9535663900621338,-0.46739630268084353,0.07187264584681712,0.3439964196888873,-0.25875701597342116,-0.018299328828226092,0.049124761614029545,-0.00461143041749586,0.009318696152966122,0.3524964269236473,-0.43009652574614887,0.2353196382811905,-0.2839320416351187
863,9.81,3.0536797196022474,3.2125176510907267,-0.7911411584561363,-1.2349157846690915,-2.746409334076639,13.391672387465182,1.6045300982667916,0.511108046585296,0.08166733856970199,0.5435291153402179,-0.03648297755022578,0.21874647794161028,-0.10740410234938363,-0.197562471145465,0.65801713801967,0.004473787381832017,0.2607574262389608,-0.14253486164534715,0.3575662250162654,0.20478208531757125,-0.43380466762976794,-0.0649320616645696,0.0,0.24907695919018147,0.6769330391304984,-6.700398003600431,-0.0010043475829633886,-0.41890431557482344,0.06140057282723793,0.21808882030171056,-0.42702049898914185,0.5673875605451062,0.05905613404325538,0.10371636552236252,-0.1750412630233653,-0.2924696986195919,-0.6476858488053266,-0.7723582453082882,0.7229439609130378,0.10208047355473057,-0.2062537838240025,0.3253949341779824,-0.00783308077679343,0.048851175844517335,-0.0020871671727191675,0.0069429265553836664,0.4017394497799922,-0.35976878597016515,0.18498068378875523,-0.23422510648373185
864,9.81,2.155557537582979,4.551026743178439,0.7955667034478277,1.176065821330452,0.5775487519804321,3.261197951345208,-1.9517941824083878,0.03740933702322086,0.02780844958690426,-0.5279785783038593,0.44661915712203426,-0.21342268567026024,-0.04253206844924656,0.44668064576228705,0.4508408694837417,0.11319813569179539,1.1781391700921622,1.268808418946934,0.08659494175256097,0.9858940588042182,0.44864599500621866,0.281148874804533,0.0,0.6803523733469949,2.2802302089185593,9.707370987081024,-7.478842826067914,-3.254872188877264,-2.696064570111773,-1.420353460090736,-1.7009564323377555,-1.5617898156756684,-1.1398266043468686,-1.0141648402389132,-0.5341009510457604,-1.128839838766336,-0.4330492196862212,-0.4775060358506266,-0.7991599613499196,0.19588735770179921,-1.6044228756893761,-0.4033520016650395,0.007876898053938887,0.04334594904871453,-0.005147362829380182,0.007397350333149788,0.3935343101876066,-0.427285554314628,0.19154205097327764,-0.21383294295811467
865,9.81,2.2476218266477295,4.364613247519208,1.0754760928503753,1.9170152638948046,2.468425816491492,6.682869475506697,-2.910207947058319,-0.7342749630687968,-0.36578372406420856,-0.3157731786381781,0.35871546534697196,0.6448732523955827,-0.07199633690726309,0.5182509763848606,0.3530949973474918,-0.005895058373319939,-0.8005575354761276,0.34196075836549245,0.30672107544515154,0.9045464352871844,0.15141235049322116,0.06166715052357605,0.0,0.8549393575549769,2.7794882329056945,10.369824194738998,-5.700219447576989,-2.9467663237073785,-1.212216451192734,-1.1020149615285149,-2.0520896053610365,-1.4728146628440126,-0.8222962784978184,-0.5913088887245347,-1.0130170815095567,-0.6579464083253854,-0.33780398339572687,-0.15336392229655593,0.2346439403383913,-0.14771456471989494,-0.16414815767775576,0.3709798438178106,0.01064827814703342,0.04929946665292381,-0.004930162979694827,0.009850423981226182,0.4642319092098126,-0.4526436046932708,0.2852784105098001,-0.24494391581671868
866,9.81,4.380784034630679,2.239325180709811,2.501664596211228,2.272793380238321,4.058973279099381,-2.146895304339192,-1.0670359485378107,-0.01825185628031034,-0.06554207107312143,0.930860207636663,0.22016410879889609,-0.22150338099929762,0.4579628688947631,-0.2301184205618746,0.5613236965415349,0.4648439430965693,0.5898786839110792,-0.24029138362570854,0.08746545670646488,-0.3833353603936198,0.34943942308702275,0.550134768441621,0.0,1.8067241059248105,10.561100873990247,-7.518289964196399,-3.9343956200089147,-2.3483278373680756,-1.8043287799242664,-1.5434768372119745,-1.1044520116554701,-0.9605875671539412,-0.7351067060997297,-0.6166670934100618,-0.4604650432803324,-0.2591632986561616,-0.5292278045189092,-0.8845896263312353,-0.573983848218257,-0.14393561235349436,0.0675559169617414,-0.547481706195086,0.024768956398130964,0.04781148511712214,-0.004686751333268714,0.005774492150150516,0.4420149085746481,-0.36125773429976893,0.17510193949021824,-0.22589859188668834
867,9.81,0.7175262232257504,13.671974183602131,1.9696169243890225,-0.47724791654523524,0.06012239851332524,-0.0695170027751999,-1.487584577304177,-1.1505722221105052,13.987069812087022,1.1118969909588805,0.6558912622386782,0.7000234379694066,0.7048281080081877,0.24282006927481337,-0.440738018709187,-0.448134296478299,0.19400912840530216,0.3161334219462383,0.11601534739382696,0.3118434818206042,0.39968916077295097,-0.6623091349925591,0.0,0.2845270764180368,-0.33895259459393445,1.2035099578166768,0.26440770889294274,-0.530339760328402,-2.6099588364102315,-0.6753642503491548,0.22436978592115445,-0.02202317821872979,-0.5140349052718504,1.026294933376437,-0.33714644316795217,0.34502909390406067,0.9059692823989494,-0.790010945634568,-0.22141544123124623,-0.1832902764222629,0.2389406329113808,0.1298344243636829,0.01950115766721805,0.04460902095801245,-0.0021963933692604573,0.012497106724143501,0.4174210037210986,-0.36104512579048564,0.3230371431808621,-0.25916481096004734
868,9.81,1.8447192489251734,5.317882385471829,-1.4238693747838962,-0.6380404609895607,-1.167913984850598,-3.36085350484262,6.886753179319999,1.6123677595651935,1.4897215207589314,1.3301544386090494,1.0450896482480616,1.044266482876762,1.1904468093235376,0.9481204291281404,-0.28962485685588923,0.3353363095998071,0.3831549153109326,0.023790650607488195,0.1565801091638778,0.829988735317632,0.5810418380641956,-0.12087712244801185,0.0,0.5556216382926763,1.8366817858096496,4.5495276271150455,-10.67874178971082,-2.495647250766889,-1.9732810207548535,-1.9229978917860837,-0.7228876409611685,-1.264899401995636,-0.6833129836085865,-0.7188336653901355,-0.691225038907519,-1.0867722363066747,-0.9833520188451398,-0.9626914326048686,0.0423812450626779,-0.2671514322095941,-0.17129411806251912,0.45183900219515,-0.01409771658201878,0.048563300290369336,-0.005404413720250397,0.00943446204903656,0.4091953083264981,-0.41518092077048857,0.28152216532946295,-0.37664776577673764
869,9.81,1.7926041458411657,5.472485391021303,-1.4201787115324849,-0.8157020726596093,-1.6486972752578473,-2.633080524397469,9.424631972685104,1.227973682281195,1.1471120231636986,0.525936482143301,1.15854721237295,0.36696616899932644,0.45317061133658937,0.3980856051886146,0.6261903206484996,-0.5806069878389831,-0.5339117112888165,-0.2994526569277895,0.10684788750678834,-0.09878238774315093,0.37793917894204027,-0.6193456732941767,0.0,0.4403019896354992,0.22391905451010222,2.21682940841953,-9.178487624022658,-2.373584175177058,-1.795341370819949,-0.9625854390652894,-0.9911807113144815,-1.7154679062378868,-1.4281946893720363,-0.866674600289904,-0.6130866982917136,-0.6257042535694426,-0.93004778599868,-0.9970781873981257,0.1574529090036406,-0.5121002099907611,-0.3307753954399997,0.37770440402595934,-0.014061175361707775,0.043932681939414533,-0.00496148470353302,0.006434836053831894,0.40221344876133514,-0.34194295414664205,0.25241310799211614,-0.21056522451060372
870,9.81,4.916208424102751,1.995440216062525,2.5379975180073426,2.5647163117839096,10.191897241743755,-3.178294812163455,-1.1128859675341953,0.6405666424526348,-0.7173697059721516,0.5751781309515822,-0.05411306898413426,-0.16150511478396767,0.07349222103895947,-0.00917788941454914,-0.08027919935583505,-0.13010755385781497,0.18275057825785002,-0.18275564792933885,1.0921613973184612,0.6951038389112794,-0.18726376350919452,0.2184392812261895,0.0,1.218915247598357,9.391324980880933,-4.405053959579351,-2.5255487600685664,-1.984824879254814,-1.3002156064440125,-0.7173280026435634,-0.45064856641211215,-0.8463039055524508,-0.6307259333180555,-0.5612143574129459,-0.03599139528295281,-0.7384352336763034,-0.05038106071910259,-1.0184743419139621,-0.35416103749229877,-0.4206836201561933,-0.620392616400926,0.058376916406517064,0.025128688297102412,0.05079787166877898,-0.003579559099122413,0.005683671171557903,0.3702188814998227,-0.3983912820304451,0.16785815046164645,-0.17776569019302996
871,9.81,2.757975190737369,3.5569573043828613,0.10667025345091297,0.5835995752837668,0.17388973295342058,15.269005848715977,-0.22956140024998017,-0.68196400353201,-0.6643608286059368,-0.538926175193613,0.04158285407446316,0.1945497911353411,0.6530402799361892,0.12210539861154557,-0.11534504021995196,-0.14422320079558193,-0.6264354157334812,-0.22187964173222868,-0.9166128967322555,-0.12881353090813058,0.1590658766575932,-0.2857685372305988,0.0,0.8803154897642552,0.14049122572830827,0.5360787779318791,-0.014800148510042514,-0.2272798298505888,-0.44018765022759593,-0.25551145919856405,0.9737300223685124,0.25030632102318173,-0.6211143617641186,-0.01980661224007864,-0.0002477452785496631,-0.28975650097181327,-0.6038047755008591,0.37105421402497196,0.3522754355914505,0.27168971740399306,-0.15607544143617033,0.36942600395483405,0.0010561411232763616,0.04880669672395953,0.0003782311576015085,0.006755081982635095,0.4251253409535238,-0.4180716221846524,0.21873921397714532,-0.20880411594553883
872,9.81,1.3154715197633777,7.457402043766472,1.8306167498295376,1.4841649461108397,0.8673332255210755,1.5013292788610484,5.910672597835305,-1.6130424550892686,-1.3608005182483451,-0.2905273255008395,-0.03606083769992968,-0.45837327484595725,-0.2995748219093046,0.7047889758498522,-0.13129628109441255,0.4207602911258437,0.08266953538815333,0.7799916586987435,0.687596288471279,0.8077658534025177,-0.45087002636293205,-0.015641615098687334,0.0,0.6974688255458192,1.4661325833052352,2.38772637064851,10.523316866349598,-6.607813102402963,-3.0496325412797503,-1.1113919756608617,-1.0383993121493529,-1.4998333906855188,-0.6502039798570977,-1.037003292145571,-0.6872246840346926,-0.8070083170112564,-0.5470694719551681,-1.0479396780234398,-0.2215723226276855,-0.7960773525971767,-1.4723892926643534,-0.32122768987285255,0.018124918315143932,0.0474570317156142,-0.005149945570820145,0.008360506068890999,0.3668877563611018,-0.44941664183174534,0.29481821719670187,-0.23721188338734694
873,9.81,4.315808271504457,2.2730388800567156,1.6779386112365111,1.3697011102160381,3.2099105657483653,-1.4178020186255829,-0.7699412325340258,1.015601826909995,-0.3774489244303708,-0.10367654437904428,1.016188967466443,-0.6911001550882467,0.9595925911913643,0.5849898781231183,0.3685143874081023,-0.1422285085669668,0.06578080378653278,0.578739273405147,0.21901071877557204,-0.1252142781046074,-0.46965297145617513,0.590415486439495,0.0,1.5688874294434063,9.571064515740803,-8.234961161399314,-3.972751783034871,-2.886564658286068,-1.810465325682141,-1.0011483257682086,-1.737741404602658,-1.3581245204650205,-1.013528597051828,-0.9776491109998611,-0.26370298140964565,-0.3544615797936234,0.1280420229708259,-0.9020437344568158,-0.9177517719048178,-0.2879539496217075,-0.19322109596927928,-1.1524815667938892,0.016613253576599114,0.04545668820176608,-0.005488688680803668,0.005954848387975296,0.4227882134631442,-0.3402421534816894,0.16938515978402874,-0.18556983387328305
874,9.81,2.1818592671624026,4.496165333687313,0.35661512417139374,1.0317689322958454,1.4808990501319759,4.078284780540199,-1.9015310600202922,-0.19192351990598444,0.17188707719345803,-1.4741782325030284,1.380781425088121,-0.6351347556760519,-0.5669146928926219,0.04146193787074276,0.5891816433844593,-0.45386183093131993,-0.3534866840300384,1.2919922636098862,-0.1306920952145132,0.5815947294966085,0.15629295376849767,0.7084133515536559,0.0,1.0611649595378825,2.1542188773544177,10.585788256088378,-7.35294329826127,-3.8577330911417125,-1.979793593524638,-1.885154217543605,-1.9096034803678812,-0.6140668842726278,-0.7953325618034871,-1.6586712936936432,-1.2896390594848977,-0.636640624166478,-0.31528644943334694,-0.9555901201403858,-0.650470416009911,-0.08648609153568856,-1.3082360709157488,-0.4156294184465881,0.003530842813578152,0.05112602389597117,-0.005497206283773661,0.014042623583588699,0.4124232419310818,-0.5131883150955469,0.350914952857338,-0.2862709032037457
875,9.81,2.2326854390013424,4.393811966807072,1.011772881637448,1.4570576049768218,2.1226073038429463,5.786093362004057,-2.7247787565827615,0.21565729169541448,-0.31484640211643894,-1.1396010186408443,-0.1160549980191985,0.31106439745437214,-1.082892007160762,0.2812642102895963,0.753225053577455,0.6292368774765387,-1.0362379632687784,0.6156936345795025,0.1590590113706435,0.5838919541687657,-0.4144969380733073,0.29198216289502427,0.0,0.1137830172506476,2.5558851273495335,10.484510687502661,-6.399904507010572,-2.9557091253166066,-1.2884632188260183,-1.3042833384645285,-1.4353280389208662,-1.2907632643460591,-0.7604107028794443,-1.0726758673447558,-0.7302892788931632,-0.03996937253361066,-0.45871499277786465,-0.9845639741955223,0.2440728296497815,-0.28049804863023964,-0.9454538429234363,-0.20469297649094542,0.010017553283539093,0.04849239065220935,-0.0049851533798594425,0.009842100102374662,0.46063774564102966,-0.47552547637887943,0.2954527501204226,-0.2828174864353386
876,9.81,2.0172047424621304,4.863165247185694,0.19939208225322252,-0.1699581135305261,-0.06466701475291295,-1.2782125225307484,0.29281781574969845,0.7454213182819219,0.5783869360768498,0.34527157151401733,0.004835485621365265,0.3825845299505489,0.1870082558784433,0.6568328056284973,-0.2930061710430222,0.36879224073874906,0.6578522808659525,0.22420205115267688,-0.09170811581939836,0.517141990676975,0.39832511923186475,-0.2577668792055706,0.0,1.7329498084915163,2.132872566437955,7.76391434583412,-10.852253511888813,-3.523939452394788,-2.352811719923235,-1.7371319485064982,-0.5599660048921538,-0.8455107928657343,-1.076363316785537,-0.7648542743142499,0.022638947741146387,-1.1144412770253558,-0.12552103824577637,-0.7122028878727912,-0.040583048688904014,-0.5759715373362599,-0.022247114270287943,-0.23862094399286898,0.0019741790322101256,0.045816339604179655,-0.006815516646339357,0.008394144307096153,0.3788595796464866,-0.35625558384665684,0.24871758546783557,-0.18994902200432784
877,9.81,1.1761500097016815,8.340772791804174,0.16067305782515046,-0.8513890585196495,-1.4573514730305999,-0.5162156760601307,-2.270506927148463,4.757642555965471,1.447553359292971,0.6638911885040195,0.22181073550809705,0.5243403810187703,0.586966171066349,0.14215608595319557,0.03899149432552468,0.7199890744671442,0.12083829449795981,0.42214671915301355,0.3004910447604891,0.25080361503445064,0.5612023386465459,-0.14147385454129296,0.0,0.8458391706834968,1.8788274369250544,1.4393207270729778,5.22682861824123,-11.872974830967195,-3.2407776959739216,-1.7999844692690972,-0.9278023220056544,-1.1966419722928894,-1.1464246445837054,-1.5880349213973761,-1.4156121653233935,-1.0605067792593421,-0.7772689275099088,-0.45755574249737063,-0.9353585178248528,-0.5282106333401488,-0.44329953188911597,-0.6462888885307125,0.0015908223547044578,0.048945955803204794,-0.006339194298840603,0.010256318326549567,0.4329985163401645,-0.3885215150924899,0.27570095457776544,-0.2448236578691787
878,9.81,2.5098216573306416,3.9086442542031343,1.695095858254596,1.6807031395855678,2.6870024721967685,12.963512364375442,-2.1600572504494293,-0.7797445537201371,-0.6662451257984378,-0.4667694982000945,0.29802427342542237,-0.5704355936332581,0.1470204023959526,0.2175032393666601,0.0777592078168862,0.4057387212737725,-0.49004374446058724,-0.3429190035362374,-0.2343142110332087,-0.3834051591870928,0.519253567005521,0.24173923131657438,0.0,0.5005053500208914,0.63049061647956,7.3136694036745356,-1.711353351560247,-0.6700889416450246,-0.2840783738122522,-0.23107397189961248,-0.7460147459127169,-0.434531028191341,-0.18313161169764158,-0.2228363647683403,-0.10202942369188761,-0.5410656262046378,-0.2885693381389087,-0.6707078746476434,-0.11473183867881907,-0.03292037312131166,-0.14640309524566117,-0.16304977701707646,0.016783127309451442,0.04929087301048039,-0.0014339074810678903,0.0056107501890017755,0.39510408891291887,-0.3503395399779262,0.19661325417641046,-0.1768014008467239
879,9.81,2.971453171420689,3.301414975794391,-1.1694361208273376,-0.8340096031391413,-1.6222459628544585,13.824012208766213,0.5813659302915317,0.8494311797735804,-0.04772017754844149,0.07027304423065672,0.00041400263735624776,-0.37787978352062,0.529609525780225,0.3368727634553943,0.5316574494463044,-0.057064325976318914,-0.3757673956888627,-0.896577194508541,-0.07915901533917014,0.05415149989284951,-0.5024234269720573,-1.168092415275811,0.0,1.1298380955176814,1.4309828169391607,-4.689374957008852,-0.07233733237885037,-0.09309933458341924,0.10730963025559925,-0.11434556953777447,-0.7880691301552717,0.29386894795188767,0.3795180288983012,-0.3207128550318108,0.09429842663455673,0.5639172045582093,0.5520982271153387,-0.5977138497372445,-0.19056710364380766,0.6482054146116405,-0.26099902666910274,-0.4153438292897331,-0.011578575453736016,0.04621444522608748,-0.0013653561145506757,0.007925910962604572,0.34158803613774447,-0.37841276086033954,0.29425409047683737,-0.2274685331064825
880,9.81,2.5377649065855152,3.8656062957380297,0.5268558654947447,1.5063743718381037,2.718905752660603,13.49008473923965,-1.5199523290632604,-1.6124342127827096,-0.7952518764529638,-0.16832430445163604,-0.6103224477546045,-0.721859298302223,0.3834123785160122,-0.25067128319339727,0.46905469266576544,-0.31318921603313127,-0.1260776482240284,0.278199910039015,-0.19860059385792955,-0.07717539527283396,0.30366011896318434,0.02607439128242356,0.0,0.8530018077751145,0.2515807928865761,5.689825537546307,-2.0242708579067976,-0.6880370462080962,-0.4745727454837221,-0.2802147624161984,-0.35626572184277167,-0.03242994327282123,-0.10397574919416863,-0.004309773619142865,0.16532619544781685,-0.1186517357734792,0.0039116424941416095,0.31611904881947894,0.5046559838914155,0.23141011523208327,-0.02154277407925617,-0.25574715864008357,0.005216394707868762,0.04858788080031857,-3.761142432370357e-05,0.007484523408758723,0.3341280894323122,-0.4435396416474707,0.19949236556575184,-0.2136246608660018
881,9.81,2.215908265362352,4.427078572404639,0.8978265862010832,1.2584436143701658,1.8382490401812066,5.937570940136762,-2.4843448981244576,-0.7207410307144775,0.2454617281635516,-0.5223332440895385,-0.20989998614249428,-0.5633819457305552,-0.6446085633230553,0.29156263390561504,0.25466588331924145,0.30041554909381424,-0.5570587667267926,0.7680952201739446,0.6322094506971755,0.8402444664324626,-0.21691844808647115,0.5308482296361836,0.0,0.3793551456211362,2.0305585122634624,10.716384287842848,-6.683998593027344,-3.297948612052357,-1.8608730652004917,-1.2996030659516755,-1.805099834211486,-1.2365694205751552,-1.5930740061748643,-0.4539072759280286,-0.9176068680636564,-1.0706421393870056,-0.5126458919960521,-0.1766092775293922,0.018194348914168545,-0.47978858346270936,-0.619208991668513,-0.501955957056625,0.008889372140604784,0.04929547221073435,-0.0037929321866963317,0.007805549944961775,0.3182737470829191,-0.3590722876385616,0.3470692238832569,-0.2198808219990206
882,9.81,1.5336244733874673,6.396611537067929,-0.3943243373551226,0.3773943318152999,0.545727563933051,1.4081709037267873,15.406991398234176,-1.0402379149185044,0.8623277437545648,-0.48829120859061426,0.34145097115206835,-0.2276036268151067,-1.4995421598404166,0.4141249889111648,-0.2643699265291386,-0.03572158574180673,-0.28063567314889376,-1.381450818723342,0.5342218522396239,0.24188297491005709,-0.34344323133008803,1.2959747032715478,0.0,0.1443932011612921,-0.209381045248449,0.11024824218792834,2.7203971445912516,-0.019688201793601645,0.08745364927317109,0.10220272585296539,0.23709461276563426,-0.28944834378411877,0.35524304473767965,0.04727630823303719,-0.19956111707704727,-0.6099752867254657,-0.011905467484287224,0.3183580224232284,-0.48682960339405773,-0.564879078111922,0.4869727431055145,0.23833940703625958,-0.003904201359951702,0.052147403079646784,0.0004636085435186116,0.008886765343217608,0.41706773601009994,-0.4202599384681963,0.2504235001617655,-0.23811934946998442
883,9.81,4.364162491944018,2.247853973840037,0.9096173263284216,0.9325781523433996,4.112537113928992,-1.489241848603227,-0.1531911208621477,1.2804687739059915,-0.6585701838679555,0.25107942978353637,-0.860028829222215,0.2836885925195757,0.3057663724822717,0.11243951879346138,0.2622049143247643,0.24115950303137898,0.16959197367597184,-0.04088454707251994,-0.19270904054035604,-0.44460770809481054,0.4557191265310357,0.06531293672552813,0.0,1.3079121080386316,9.580574239742202,-8.367094903248915,-3.2560111130853366,-2.6152973651216462,-1.7504690247078063,-0.7376030494444938,-1.329927700161484,-1.4828511359771621,-0.9575460179983318,-0.5746897379421096,0.2663333442703103,-0.9856587165832654,-0.015015464776175658,-1.5006040519792343,-0.5474038082129529,0.13401328836551343,0.8921876196040184,-0.1688111094895518,0.00900611214186557,0.04623672328402587,-0.0051289433890916595,0.011043456858515861,0.49306363687196375,-0.3688232439436964,0.2942064357509498,-0.34773381780930884
884,9.81,4.383643221987656,2.2378646033040743,2.438559995461212,1.5243134231275834,4.76881617876043,-2.18043310236627,-1.341133012351471,0.8656227015935302,-0.1324727371133524,0.562620580423063,0.44078806806365345,-0.915152525912568,-0.04042030714084785,-0.6188908617457602,0.24441501194845505,0.7022731906203743,-0.19447726789848957,0.2247936019894577,-0.07378909270165065,-0.29692030052295787,0.2737359605262967,-0.02021705999484319,0.0,1.786027345948706,10.161585216368941,-8.538940461114406,-3.921148331627748,-2.216923884936151,-0.7471382636636662,-0.5885976706833037,-1.971412821000739,-0.7328344760107386,-0.9913184382416014,-0.7907957268521714,0.3414002083494777,-0.8301032134727341,0.2314013280207043,-0.45828986165719465,-0.9811889020174207,-0.5095295932894667,-0.028603118176401474,-0.5098319170480221,0.02414415837090309,0.050858717005013473,-0.005053264795993266,0.008507335575658793,0.5363351896271741,-0.4068625905682064,0.20751235813236624,-0.29878132400272106
885,9.81,3.0322311554724433,3.2352414763285195,-2.5920588325899248,-0.9484810541260846,-2.0654772366688507,13.639229455051888,0.999186511846025,0.9176969260036048,0.3738005997463447,0.8013018883219817,0.08046603927666163,0.14907967202906713,-0.47901147043179204,0.03239278272419599,0.5117558887882199,0.5363438302085977,0.22598769913843214,0.07625630307252246,-0.37573102246395607,-0.3783974066703539,-0.6213169839009909,-0.6947843251679965,0.0,1.0179812127264136,0.9592238171445769,-5.767252859846829,0.43314612917493484,0.02706798942347647,-0.778235968180866,-0.4667924303510795,-1.0130190977653555,0.43829085770473153,-0.09434630230649682,-0.1574926601463345,-0.9276993722527395,0.4418212762594805,-0.09800957752670894,-0.6344331456613627,-0.410475629653878,0.6855180809361776,-0.20443198515174113,0.20819121234462928,-0.025663948837523997,0.04903000173749468,-0.0005613312953604932,0.011179206920776851,0.4044904654285722,-0.3879444276646834,0.2659928867580824,-0.35299798224672774
886,9.81,3.695745620372968,2.654403470282674,-0.4788816696995168,0.37207461318393664,-1.926666143333551,4.090307600504675,1.119351503522938,-0.08607287418824805,-0.23078820186900484,0.26890061489418354,0.27906107185433093,-0.2095323944013026,0.09166319859579486,0.8676482578682964,0.16333624641892386,-0.08694827753996529,0.20034500078819423,0.8996686693943285,0.7396629148904627,0.1463275001585757,0.8777836461923568,0.3002550755173631,0.0,1.6915964555563827,5.866709485301017,-11.736735118631753,-4.809235873793098,-2.265502177784987,-1.6493755478227672,-1.452983919923183,-0.5412356579188716,-0.5185037698123883,-1.1462789878738953,-0.8079324583122106,-0.5110347658636387,-0.6914805132697679,0.020920381832505885,-0.6568510781024796,-1.0519517601759798,0.0004092978397384969,-0.5884637325104588,-0.3700836304173748,-0.004741402670292243,0.05043663031604425,-0.005864203784089011,0.009275727965563993,0.384377726732957,-0.3818167110830303,0.2621209675461912,-0.2340722409521682
887,9.81,4.599409431957544,2.132882524403745,1.0249432670168772,2.5476493604888986,6.228436177473989,-2.4032564340496223,-0.9098757860338629,-1.0969548764201322,1.103100340174807,-0.07989256339157502,0.08585784237692395,-1.0726557898969,0.7143262277645064,1.2052082004238065,0.24329060303917996,0.6920038364617904,0.7380837888674783,0.4224974702784657,-0.06950942696167767,0.696326411512667,-0.5896018375141614,-0.24709603101102073,0.0,1.9718749286845856,10.55440438240928,-6.434715195737542,-1.5967921752780514,-1.7248879948360683,-0.2866846695779658,-0.8762244452051424,-1.2680648187973964,0.2435148454139695,0.047291347975043474,0.23413681837285577,-0.890542993379509,0.21937649180098467,-1.4929247478130607,-0.22687418804756077,-0.42661893478259805,-0.8599659822743153,0.22667271096327515,-0.9014916404593869,0.01014795313878096,0.04827036307621914,-0.004132058223061868,0.010773048224176114,0.3724254792838415,-0.46666387800599973,0.31217685408966533,-0.28812181577977086
888,9.81,1.2220623758861464,8.027413488518977,0.49583043696308576,0.2686318784898743,0.07264854329957296,-0.6773194977933162,-0.7128753096840146,1.9462972113084684,-0.27828734503357294,-0.016602414162153356,0.16000983853506812,-0.016397515318989142,0.3400738976137274,0.7726688055443469,-0.24191178259273724,0.6509397725162145,0.39321793016351364,1.1156255828984158,0.12458754541913053,0.6448623190699299,-0.2097430423011279,0.5562211289797281,0.0,0.4742798456188896,1.2658128581105044,1.7203039355982335,8.42530781447019,-11.140336413082114,-4.306641118433182,-1.8794807487204683,-1.6299185342747056,-0.5489154715245874,-1.0669789580195546,-1.2331693613953643,-1.0337879195918962,-0.48579635142162547,-1.2651897212807794,-1.2402906304739443,-0.0015516712654282117,-0.7761401339461417,-0.6605269212143416,-0.3506264122315161,0.004909212247159263,0.05121255239089961,-0.005331127115604699,0.014368888868217404,0.4206427568605475,-0.4516206993077179,0.2950926322229591,-0.3141953896446206
889,9.81,1.0730844432834006,9.141871416925563,-1.8414541616049909,0.04296213181409003,-0.42038911585070116,-0.6409867777585561,-2.764360697458481,12.26182035064006,0.8081324535127345,1.7584913181228958,0.3768296455961797,0.6277811335191134,0.9222856710085386,0.3357439150195114,0.3444937405720157,0.43305688630150774,0.8338289655934019,0.1216107827101719,-0.13458963744569497,0.2921428363085524,0.2715705929796859,0.44286263476101323,0.0,0.2071138605662049,0.0892623809666249,1.2061392349545663,1.5473523525708692,-6.395000514523464,-0.30356781650027453,-0.6351615302681054,-0.845526118399341,-0.0791026230872196,0.2312298481902129,-0.3256101631223349,-0.6843566280276742,-0.3393637423913075,-0.3033300338945096,0.03014631568641457,0.2891430929692347,-0.7228214304781393,-0.25450529908480746,-1.1648313053279722,-0.018232219421831588,0.043777230062133986,-0.001747644806137709,0.01011960204303094,0.3485556895960436,-0.4737630719605563,0.23276998086746636,-0.30089046943221565
890,9.81,1.3925371631103742,7.044695294227094,1.214884251528848,1.2729239737432154,1.5260777487760235,3.4437935975438165,10.421364213898396,-2.69295088707701,-0.8431464896294221,-1.3178160900203488,-1.079304136523529,0.22641317463153787,-0.2790768173404002,0.5718601726460797,0.1987630080394785,-0.791316555581198,0.5499162192238611,0.0792172576018603,0.5575828569610086,-0.10810842930895256,-0.27864448802567376,0.060581550137121576,0.0,1.5962884904892185,0.597858524218784,1.8364344827018066,9.417105521888043,-4.111224419808831,-1.8785762339397576,-0.8748153978588253,-1.7534061477495402,-0.46225201258901305,-0.7219824512634101,0.08912303365392993,-0.6719911779728732,-0.8889477236439163,-0.029915915257336445,0.5335959416867991,-0.35542627821157724,-0.2510832310762648,-0.37239027635026384,0.01741929589208782,0.01202855694583017,0.052106546416412575,-0.002260997219848725,0.007232686711602904,0.43683364191577534,-0.3857057339659209,0.2395929848070779,-0.2005454642377352
891,9.81,3.1611682638746643,3.1032830843290258,-1.266198547082903,-2.289875631606851,-3.4591215606711323,11.681969470086951,1.3509213321713618,0.17214228150098876,-0.10088550251172945,0.3238557329388956,1.5728284420820615,0.480739492826463,-0.25317691661704333,-0.5826802092616464,-0.41509026064201954,0.2116012806044431,1.0212439919806167,0.670416512072487,0.8579117482844247,-1.1529179593228798,0.24831512744918216,0.7847651321622029,0.0,0.43460724737492185,1.4037865584742102,-8.489952232563377,-1.209011685607532,-1.7249704432522805,-0.8522417620697116,-0.2074820979697682,-0.3531827404722986,0.0700947694497831,-0.0035919514042748735,-0.3068435058204458,-0.675740066001365,-1.0616840412382738,-0.36699492872337075,-0.08725880047305477,0.16097980147914515,0.4571904631197885,-0.8809222835688447,0.32820000158349644,-0.012536619278048555,0.04995661964955723,-0.0025569751936476205,0.00784713549213887,0.38057886172486616,-0.42639503917530974,0.2366623476634081,-0.21674414055215627
892,9.81,0.8300425437390828,11.818671312688394,0.5661266014662185,-0.3091932913052282,0.022974125320378874,0.144040210495588,-0.5362118488800055,-0.37021923968003984,0.925574328207834,0.7090479652796067,-0.36190071211135505,0.11549743070172626,0.13308183389421946,0.4392910936285547,-0.39888246319401716,0.6613479450912653,-0.34621630722849317,0.19117625538874766,0.5383615416150472,-0.1776934630203696,-0.2899128108040663,0.9141802918507806,0.0,0.049163317269083934,0.782517791265309,1.4594493287272843,3.2834399923150235,8.647245786454643,-10.430415887857421,-3.6890297949233273,-2.5988898855680587,-1.603617301969247,-2.179249240462222,-1.1584292169474197,-0.5396899730543145,-0.8608322531833075,-0.37214573212826585,-0.5111412801509247,-0.19281577144174805,-0.3017322508532826,-1.1996753945687122,-0.4520260609618989,0.005605213875903156,0.047892108936973286,-0.002987450181452912,0.012849792419516157,0.3983141885959038,-0.3599275993109629,0.22101784330773194,-0.32993523421746684
893,9.81,3.802229221598603,2.5800653848732193,0.2783706441718294,-0.626133118746997,-2.074388007493453,1.670056767285697,0.8101954099475996,0.5292176560981207,0.6169318993988173,0.33130070109273,0.3536079175548036,1.2089381474929586,0.07128175385148894,0.4800573307313951,-0.3733938543807401,-0.13886797256127426,1.2536752524582597,0.6618854706305213,0.1704624095261452,0.5120279934679357,0.2718265023484658,-0.5252189456238885,0.0,1.9192002187041706,7.434523884481049,-11.489620495444615,-4.706992657822273,-2.387751671513421,-2.438728343483632,-1.9427392515392323,-1.440034256272567,-0.22053826390960235,-1.097627006881834,-0.3307997384384056,-0.8076405735876058,-0.46320931078040545,-0.5038210575628761,-0.9304211815512327,-0.8067256414539253,-0.20451534261602433,-0.3045883126462308,-0.9004348427357787,0.0027561449918002932,0.051842602682951267,-0.005460919778878637,0.009565148339759917,0.4107615224572087,-0.43351476288908575,0.2396031333829829,-0.2839258556343594
894,9.81,0.7245625424037843,13.539203900128035,0.12092404118757694,-0.9147269416458198,0.04800238012090596,-0.8814354946312275,-1.5437258040833841,-1.4251601875758197,13.296985784299514,1.065930291916231,0.43150485557820994,0.5071595203008237,-0.24433944158642174,0.03914612376412174,-0.49155605207364117,0.06759819767629996,0.23067017644028098,0.1648840401305507,0.2516187087056552,0.03765053478279162,0.09544647184840022,0.2493607509629866,0.0,0.8409587514580568,0.17411255133008183,0.19873463984431722,0.08536671839648491,-0.28836180142328377,-3.8675776223590357,0.3314649136176382,-0.47215911398231947,-0.0045854454939831535,-0.5630559029891757,0.15824645669496884,0.4193289266799668,0.7143672002682824,0.22672675581370083,-0.2756606776709266,0.30719204209020085,0.5219277544080252,0.1253177268086566,0.8864112650580895,0.001197267734530461,0.04172460407488624,-0.0019964421544859962,0.011061739761606631,0.40480223762306033,-0.38897092237122166,0.28575338205378287,-0.2749247638452871
895,9.81,0.6154361661223605,15.939914714159947,-0.1783911478404405,0.7005606461798188,1.068157060294,1.1588349658329014,0.32538125920314453,1.8219020987882981,2.7704526740061817,-1.3467361290813216,0.07126932033787667,0.7641044754581765,0.8085963245004594,1.3328401625451103,-0.9237225094285909,-0.01883903721672539,0.130237745011314,-1.1559925154396151,0.8649696542546931,-0.04875414640475098,0.29739597582946786,0.7681876072381175,0.0,1.9962906395577336,-0.4770941420149929,0.8762559559409112,1.706009887876255,2.3091946229750033,11.03127670207014,-7.8924453424834695,-3.0157817249802,-1.5189314491733095,-2.08073002406744,-0.614363516074324,-1.0835639704922417,-0.6583997199902611,-0.22802531785032587,-1.801269689836496,-1.1139148292340497,-0.6888541373057007,-1.1045266198387866,-0.20790325908825574,-0.0017662489885192098,0.05149687922108087,-0.005034280305723555,0.017525994350362662,0.6132875829834534,-0.46815263993170997,0.4663198609129966,-0.5097091229037438
896,9.81,4.848330637009208,2.023376855760708,2.732980461781214,2.4164293828007626,9.595358670419982,-3.3008780254562646,-1.0466814310746786,0.3787887277455886,-0.1498435346215714,-0.9088432407371994,-0.6781627593043613,0.15491402335966287,-0.7302007257921315,-0.5272082488592174,0.21210277823264756,0.5970563677577897,-0.18487810954041076,0.931819882374698,0.8458946263969114,0.24822551892627592,-0.25965821207552914,0.5825071599518389,0.0,0.7884265834965958,9.756757641360023,-3.8963434498061993,-1.813983988463069,-1.9665969011336029,-1.3488616707774699,-1.0538066629114526,-0.23982723678574658,-1.5053545500375556,-0.8842291705266072,-0.8174026353190651,-0.7577082429364908,-0.42301783668860016,-0.03965887225633852,-0.6869511767136274,-0.1814510967737207,-0.5223962601073191,-0.36394516958986417,0.24129867262850108,0.02705921249288332,0.04921382053761417,-0.0030982629771937414,0.0066577425888336515,0.40948632681020014,-0.3722118152081275,0.21087676956087975,-0.18326236704265655
897,9.81,2.0897341173256065,4.694377106956846,0.6983981366818198,-0.19687997428854181,1.04677988239733,1.2407537845858212,-1.3613108272438381,0.6335445505193386,-0.26931131175344075,-0.336380752049901,0.5110578889953782,-0.5997189727760186,0.025270704697664723,0.2827426614866417,1.1379186837980295,0.527486849611394,0.22264968309341263,0.745099205823199,0.2724258077698619,0.853118740705643,0.9039862055959261,0.40588911570414793,0.0,0.4700439881326872,2.444240163894412,9.458646607035368,-8.938569452567773,-3.817678754660321,-2.8434256121582457,-1.4544881433782213,-2.410550643743062,-1.444046057560628,-1.2889509191852029,-0.6025356789938159,0.04548031529605101,-0.4393342924083541,-0.31878292770530725,-0.8386236699452383,-0.7021328142441758,-0.6315140515819684,-0.5649400738109129,-0.6067663521213851,0.006914833036453663,0.04685844148610879,-0.0056846388162930354,0.009117872058692094,0.3908151479748825,-0.41604298742354795,0.21485896231406476,-0.23921693725902826
898,9.81,3.017241295887822,3.251314375608601,-0.3825313919961533,-2.2039866954842817,-2.3680683886276963,13.793835129306693,2.1572207930385496,1.3777679402630092,0.15342011878806505,-0.04508800410654601,0.7214826255368502,-0.17414829754274952,0.35101341406082975,0.3596594414160458,0.4743325034644152,0.051272479486763445,0.205219294322003,0.015985971672201005,0.3919299758724164,0.21941490612011894,0.0142597510413498,-0.7066096089850992,0.0,1.5182009902904245,1.0044343253087966,-5.609332118888641,0.5384239818161631,0.6151601884893634,0.32979903195247234,0.6283638686903918,-0.33710550190604943,0.19771214478685187,0.09155208400276257,-0.7618195192550715,-0.3096810202600552,1.0843114846254742,-0.5889514158180948,-0.4923855785915769,0.3095507508557473,0.48580367210936587,0.6782974555028217,0.6797331843577633,-0.00378743952471438,0.050987309764776015,-0.0013921076208647965,0.00913209496945682,0.39667693882015054,-0.38102526028099415,0.19973883414262125,-0.4213280011852902
899,9.81,2.673135576384665,3.669847532861662,0.06629979843396172,0.7505257577991329,0.24281127497033195,15.4264030896674,-0.4317233991479852,-0.5152658696676267,-0.09493777994592056,-0.32381772839196676,0.17677245529364316,-0.011341139594663874,-0.38034017032946377,0.1095426240285104,-0.09699459134227822,-0.5781530043225593,-0.3422014995903283,-0.09801703869042322,-0.14425686817244804,0.2665748550227962,0.21993611749004272,0.2916614257249608,0.0,-0.0745739853030385,0.5924737149956554,2.709809079162771,-0.2305333805728827,-0.37440762337458733,-0.27635869481177644,-0.2563834242950864,0.22248019767456606,-0.04187665418039116,0.025735503602344445,0.18859810478715242,-0.6894486762750671,-0.0775748704390912,-0.26305886614763613,-0.4126151420337838,-0.12890085517331284,-0.1705612599088569,-0.2061685855898931,0.15155847586705232,0.0006564336478610186,0.05061895664087836,-0.0004481259617892708,0.007616486545045113,0.36902005064774734,-0.4239416872319878,0.24633931703008505,-0.1956194011282663
900,9.81,3.412418301685249,2.8747940998778656,-1.4429196838524567,-1.832830472432714,-3.633576964151036,7.808833970223009,2.1106862324057882,0.8301504595086397,0.7516555869774957,0.6273318155971276,0.9307519981247219,0.15976707333300072,1.5721893493672434,1.0865340285964151,0.046775113554404446,0.6438323426271084,-0.22688586282776796,0.3934296005428965,-0.4361445325369192,-0.2646724963170084,-0.060839341876153974,0.7066680555573379,0.0,0.6359604816530058,2.934903506500058,-10.58595829579288,-2.544731024079395,-1.3547869858766617,-1.3896741121298652,-0.6305702361987653,0.024172269748796715,-0.4596296766472463,-0.2604852696757154,-1.0432593315665808,-0.9756771931319124,-0.3943518135544416,-0.903467080134265,-0.32725779992683607,0.4742406590384773,-0.5150591995072392,0.6875458074164223,-0.27817848921801874,-0.014286333503489677,0.04683512462747676,-0.00362130304013605,0.00864230691766163,0.3671473319921803,-0.3651074504340967,0.22449746389264122,-0.29244316764725803
901,9.81,4.739772102941105,2.069719764355914,1.8916942764874083,3.2873903378494145,8.23869327455386,-3.303633871454717,0.15531560854709914,-0.21756311018354524,-0.19176977431658293,0.8618123160952025,0.12540236704775476,-0.6689717156518291,0.0016420911934211802,-0.48854825275762526,-0.2886610594859089,0.7245189220513576,-0.7758570425310548,0.203927038993123,0.7336098608958102,1.0441021197518217,-0.06407739069987806,-0.09006618225889934,0.0,1.4496063853390766,10.574571499808266,-5.73526911791561,-2.786095798844846,-2.3598232159939894,-0.9879745196430213,-1.1156882902619296,-1.5532425252822688,-0.9520374946827342,-0.6672071536921103,-0.6743734090867739,-0.7623611041994429,-0.5024533270416094,-1.3061968239878694,-0.5928007188137772,0.0910788163411006,-0.6596014771723131,-0.27147529748288884,-0.3976171251300644,0.01872964630185552,0.053630236457116724,-0.0036267475088156004,0.007073496171471396,0.436114372424209,-0.47886682036491657,0.16956565270038781,-0.20890157248761282
902,9.81,3.0069904874185482,3.2623980824168566,-2.2779940909949943,-1.2438590376564718,-2.0500437434071266,12.936705853719992,0.8373614537357199,0.5827877800554035,0.2948357504553578,0.7965438117078891,0.18243536502458957,-0.4656486862788336,0.31741874776428736,0.6738933989901018,0.119047539386063,-0.09208395233326166,-0.3717241594980537,-0.639953837678177,0.016240614942187037,-0.7183577791506355,-0.4197759197855876,-0.6284808979883527,0.0,-0.14419847056753832,0.9776123598372989,-5.501012410373166,0.19914941837036457,-0.0674121357043086,-0.23027127757038388,0.06110788540834022,-0.1475885723447879,0.6373969442139409,-0.16474091531666768,-0.2986727694936808,-0.006046191349282276,0.4295886488397298,-0.14731186331086638,-0.220733620317276,-0.010763313044831718,0.8489901482335306,0.6706240271420887,-0.13174255375066268,-0.02255439694054449,0.044038283085173976,0.0016680734776762785,0.010541111573173738,0.3287684662947611,-0.3968344222044546,0.332482092336312,-0.2633984196281894
903,9.81,1.9519600573375424,5.025717592490474,-0.7542977544928662,-0.9926443224996184,-0.2979236171431675,-2.3887109784397156,3.0521410771022053,0.5156834525230485,0.7286617457168405,0.7648009753684322,0.5105386190904949,0.41691444379283726,0.9243020289902532,0.7021043750406568,-0.07207839528791918,0.713324643233666,-0.5052842376180164,0.2139817529667039,0.16122806435333248,0.5965360321189375,-0.13234961442603044,-0.38667960773900706,0.0,0.7801472346810009,2.537213414903147,7.148124359462382,-11.073687612186962,-3.5086755274237875,-2.2687648202406403,-1.9940219354847286,-1.8191980597646362,-1.154780081227368,-1.128954907663655,-0.8155924656972308,-1.0201543837504534,-0.3858992909552138,-0.500787318239512,-1.2287844523658988,-0.4881108827014523,-0.5199339368855914,-0.6460871556508184,-0.7248576528805895,-0.007468294598939265,0.048055949032232655,-0.004906787136081105,0.00821939229817132,0.45366562312915404,-0.3951264392652123,0.23017013439271888,-0.20405357845710215
904,9.81,0.6821799442725148,14.380369992350781,0.9544110265745428,0.9978634151672079,0.9762475546061177,1.0480857448735321,-0.5289514350606206,0.5785834095679998,13.712209884542256,-1.712521003218776,-0.7983828494604595,0.3583296872835282,-0.4708013864452778,-0.007736087679054093,-0.5972787973350648,-0.2740537893317077,0.44917953741838085,-0.6327094487502124,-0.4173045890601321,0.18165865008453108,0.09556969561250556,-0.3643421258163222,0.0,0.7924293833890367,0.7804940036767783,0.6017052280154992,0.21724186398916215,-0.022141913679231295,4.1193994639040055,0.023076622136764896,-0.4015175290033721,0.5096159927101065,-0.777507695911815,-0.7695316969143775,-0.1761391310402141,-0.0009619377938547002,-0.1278542211546667,0.8211146961636968,-0.06373035419196726,0.14213071224178167,0.1628795359416122,-0.8921704747534883,0.009449614124500424,0.04522178268673982,8.097085271141197e-05,0.013479801016352036,0.44777402975966085,-0.3629666318625372,0.32804198860456124,-0.3638577095037733
905,9.81,3.4018732008635295,2.8837053648883315,-2.1191872870167137,-1.5118132783198583,-3.349367849211057,7.863744741491546,2.5598519312521324,0.5164683178637431,0.8114491643917927,-0.4446100295564358,-0.5653056476220063,-1.0209632011421719,0.2082549708596575,0.9072921101354632,0.474956739393073,1.0307447165943624,0.39184055594293804,-0.14621356988754158,-0.41953704377967727,0.6830411716341652,0.25230459976539155,0.9797656943349777,0.0,0.5777708225758451,3.356183838989914,-10.564434574630102,-3.090147530177668,-2.6175728414945794,-2.3693918832539866,-1.5567999922755473,-1.1999093188527157,-0.5471173303335157,-0.32714068176308586,0.26368748668104824,0.18611838264937347,0.2287990491225838,-1.0186911666033895,-0.27689429547837136,0.5818667591816135,0.5583723941793852,-0.17604340875740315,-0.8302222951740441,-0.02098205234670013,0.0502981450137777,-0.0041483992793424455,0.01154821573089493,0.37198806590651307,-0.5234675282763228,0.3864232972213101,-0.369842517986407
906,9.81,2.392333804491651,4.100598328536571,2.333921590992614,1.457488995309571,2.8505335690281823,10.783210656786155,-2.9667873416990598,-1.314207629112406,-0.2697151400295099,-0.1962830818974013,0.26577954209562094,0.23402737032270504,0.050018988779955365,-0.554941525856441,0.5198916077338007,-0.1865075509916811,-0.02379738571581022,-0.16275682824210186,-0.14911660416451444,0.04149076022377596,-0.17888859713056127,-0.14129110634290226,0.0,0.8296424401916083,1.8920062652841434,9.245061395680754,-3.7592213980737723,-1.1073427315045778,-1.4191210982684126,-0.8513533030376175,-0.631396836671449,-0.040763497485308164,-0.15708174942711428,-0.7046919901548001,-0.7554577702480204,-0.053460520080151175,-0.40233013826028236,-0.6828530874781171,0.24005126901667728,-0.46637616811971744,-0.3617601233426366,-0.51631931299703,0.0231081345642833,0.050829827033717016,-0.000891138648141589,0.008094906064631306,0.4025403112279418,-0.4063230435029442,0.2065495205623285,-0.253893305492112
907,9.81,4.799165520169247,2.044105367646091,2.2437242786297906,2.5038664459182463,9.41340868313902,-2.94127156060853,-0.4864134499633146,0.4558774710624467,-0.6021459533050821,0.26778300989815784,-0.6269726382756481,-0.5670843325939494,-0.822689505034167,-0.6500469689388014,0.5398166206535204,-0.041609676454929606,-0.5083071280809555,0.9112823621546565,0.29082099822060364,0.8879403703512501,-0.2018055251358862,0.20669711354163414,0.0,1.448147985478996,10.391813964961244,-4.7562682313006635,-2.568704151856852,-2.2418159825700616,-2.0113663765915266,-1.8135746941077993,-0.8398419047641366,-1.181502812061249,0.012334808199886416,0.14861390974163835,-1.2230089775859896,-1.2156470797979617,-0.7256339615756336,-0.18985131609572892,-0.26918924789410803,-0.30747820255293484,-0.3317827180839597,-0.11827881202517465,0.022215091867621682,0.05537596320576442,-0.003227074497474707,0.01163706785538846,0.4530965553260389,-0.5869664169146738,0.349319193445984,-0.39735909332006447
908,9.81,3.1334170533257177,3.1307674123966205,-1.9973719897333675,-1.3659335828165902,-3.2949406010461773,12.100984458256914,1.4785071298637593,0.8577192695455463,0.07322805993654202,0.13833183397328908,1.119954437487352,-0.04188046470015727,-0.7546398289553533,-0.3722737754049148,0.6270384271790861,0.9916033054467246,0.394056750380049,0.3083526127839067,-0.44301185167095003,-0.34147941901952594,0.12533491235234123,-0.11854237934479106,0.0,0.295639212286839,1.6704153147550964,-7.659519079715595,-0.7717646823347932,-0.8376406662443082,-1.0032748584874955,0.07027589806512535,-0.4938663271325939,-0.37051032361033315,-0.6190635944776838,-0.8699541030255544,-0.3928786895650465,-0.28607211914262265,-0.3615441748453676,-0.7143661046153741,0.17382578182179048,0.037689948294822084,0.005754539454651181,-0.8775699079043601,-0.019775960294389782,0.04800113553717442,-0.0019233333520835623,0.009014421613128862,0.37951976911776664,-0.4295745560296007,0.21918641074609277,-0.26909293559021097
909,9.81,3.3531689869678853,2.925590698866247,-1.340861944840638,-1.6997522407828256,-3.2853272064190877,9.037506927716846,1.6751937448153815,0.5868891403676822,1.4510584014781545,1.3450764957581565,0.7917145984130382,-0.23016853565003492,0.08245580502566346,0.8823921359272917,-0.5061664099452776,-0.01748625852129193,-0.7954172934057708,0.037246799631572236,1.299184526887289,0.43320156695670226,0.9410201074137106,0.33416040181706036,0.0,0.6732961495946813,2.9961577051009245,-10.969306957923477,-3.2027994745222923,-1.7550217321329165,-1.3784954452639135,-1.0785410859779823,-0.2537780544445256,-0.5640480299467322,0.132367696438754,-0.10550041383186609,-0.4496173610018018,-0.4517191879888178,-0.183933947613323,-0.1345694756910163,-0.2561121349012969,-0.37855869644394863,0.293203793076132,0.17805398161263855,-0.013275860840006308,0.05250963208138077,-0.0030596652295174194,0.009455798265086189,0.37207466477236895,-0.4487291695212363,0.26338949135915574,-0.2912072218237982
910,9.81,3.386243739747814,2.897015322568182,-1.9577128790476666,-2.6490708889325862,-3.4137683718650793,7.821631665919583,1.7121599101240803,-0.3385883570483763,0.7367659766927641,0.3169326936396777,0.2014266006888662,0.019623030899152127,0.7774765226944766,0.6961367994216893,0.5301854149054481,-0.07036709735164895,-0.39175387010071716,-0.44307146846677975,-0.08240882186877374,-0.14155530951230721,-0.44196252453321055,0.8561905097139277,0.0,0.5952398216763725,2.5312753155935663,-10.870038288324853,-2.484481402069646,-1.7578586086704244,-0.9734286342956748,-1.3135303374599554,-0.4363279537977667,-0.42402164776499585,-0.023360329150284853,-0.5783064338575681,-1.219756786118272,-0.22473635238975898,-1.288359384844592,-0.6559447555042485,-0.883282639406817,-0.07983563109484587,0.12477171622338991,-0.0040209664638616305,-0.019383295832155117,0.047948776855280276,-0.005685179316947504,0.009801279441922578,0.3711069184853538,-0.3884599970078403,0.21749118728523986,-0.2551277439168415
911,9.81,2.943473517433214,3.3327970990391576,0.18841538262164448,-0.82377144884987,-1.773048555913297,14.679002561515974,0.13939654374891264,-0.0802818881659475,1.2764424929465623,0.7277085781794355,-0.33256267505062354,-0.274210327376728,0.35545020196227595,-0.008539310524903532,0.1976804907387087,-0.3655230663219359,-0.24703056329781548,0.26738555138724823,-0.03306523808643852,-0.3908460762274239,-0.3714933189311519,-0.4521051153925618,0.0,0.19395445184314095,0.14900127510731986,-3.8208926893302566,0.353626433807693,-0.028912751208966275,-0.5503192939677019,-0.35831473128407354,-0.4601701460666908,0.059003126853323234,0.3559273580115595,0.06810774423337979,-0.21151100551248078,-0.3293103832231161,0.11962007851525872,-0.19909102851007465,-0.03112408434913272,-0.5051941637943549,-0.2685074447835041,0.05894712340904075,0.001865498837838069,0.048419692917278344,0.0009041733639903679,0.006962667677964771,0.42243106057125307,-0.40642715428148374,0.16487514173832624,-0.22101664200936993
912,9.81,2.246014187460171,4.367737325423267,0.7208639761047332,1.7468414482541168,1.8933108379954378,6.640733687177402,-2.857658578716637,-0.628447837251902,-0.548377015751027,-0.7589586409613055,-0.12656985235833818,0.3234804517650398,-0.2138342185790877,-0.7332558029688931,0.9933938567545821,-0.1701251861195922,-1.1234675311930946,0.013659947019708601,0.33000543794666193,1.013827748129461,-0.256339970165264,0.5703703328159946,0.0,0.3228720672398425,2.357625222879809,9.968761980156824,-6.301039359885931,-3.0524212771405286,-1.4609570260834954,-0.994938488499189,-1.5470591568668526,-1.3871073428185545,-1.2405848191273567,-0.47909440143895377,-0.5827001197552719,-0.36380177427944094,-0.5481944338842033,-0.5359828019326975,-0.09164071014927497,-0.22487140803262934,-0.4142015153574693,0.11814128665386349,0.007137267090145866,0.046723717261683964,-0.0030995476873424367,0.007163797987693268,0.3579265883814173,-0.36565877270605146,0.24110848542259966,-0.1973021076406384
913,9.81,2.574566002815751,3.8103509443032344,1.8147011637526376,1.6626830836871025,1.958145109866792,14.359897198639185,-1.336994926643836,-0.7444094214665555,0.10765778938065185,-0.6374297908070072,-1.0400420642804407,0.10738523939410438,-0.6745748820699871,-0.5517228585545134,-0.6624284670579362,0.610408891100333,0.638581986952033,0.22346450785177907,0.24380296672146767,-0.023132438535339805,0.5117600313307205,0.8766286450477943,0.0,0.7779737393154863,0.2840433976978272,4.995751467332238,-0.4232216311346566,-0.4256880488913275,-1.2967304849102184,0.21901308207247022,0.027952980641047176,0.18368286040865875,-0.35549119006479457,-0.30024778979306316,-0.0861805422715089,0.23740670660534308,0.12960046340900372,0.35534497756404726,0.17070147441902006,0.1719249526330256,-0.028203214817228747,-1.037756089548223,0.01796733825497661,0.05171488055055078,0.0006382711592747311,0.010340323693899558,0.4432848752142132,-0.42408214231418595,0.3008706834429242,-0.2631980808055549
914,9.81,3.5729101988068868,2.7456609469994193,0.16503558511191935,-2.220972780617398,-2.9847301714096703,5.6801145346310715,1.3426782856091624,-0.2924151189249635,0.33605359256469625,0.6428874458716871,0.3063299643127127,0.9209835618885632,1.4148924367223987,0.5593755681764967,0.14216333620564225,0.3826800807035101,0.3031654001347143,-0.4813154283198102,-0.17462137750780465,0.2901588751084375,-0.3781820742338109,1.031534813727654,0.0,1.3011252732133052,4.788323372118787,-12.194521066986324,-3.188283738256663,-1.9703070377714704,-1.233427629058966,-0.8327222777219367,-0.6578424182572254,-1.5923458765817797,-0.23511116211777194,-0.5393514103876282,-1.1702004188449324,-0.9682764853605546,0.026774018320358195,-0.6804137229170625,-0.18025923008174938,-0.06625146915271335,0.5827922924577847,-0.17157328437034258,0.0016340156941774184,0.054378401618901895,-0.0063082233475968575,0.015089072225286162,0.6075524942548931,-0.36318535607722346,0.35387745908031953,-0.5506593560449945
915,9.81,1.5747858698625912,6.229418353147897,0.24443459800137157,0.34057796995919043,0.30356247038286255,-0.21016295857442957,14.754482562428647,-0.14809768172744864,0.34035252814221795,-0.047426241743527164,-0.48141194071585325,0.1907898449020352,-0.5974760172336793,0.8435173510999552,0.31440228965256267,-0.7075953627376756,0.10435896941547057,-0.6537551802809738,0.12410446459385444,0.054358116237147536,-0.32186990991300746,-0.03742358211812019,0.0,0.8418643395218383,-0.7917227948706149,0.5516570330543896,0.4332956428609242,-0.25801233214410857,-0.02218304182500807,0.21332146102395683,-0.015958079519466074,-0.008158043173284758,-0.40293606979924435,-0.5972350149610596,-0.26308193919046874,0.2776101993793815,-0.03013174373461408,0.4473831777865866,-0.037777788596300654,0.029918947987073424,0.06791953678514479,-0.03882158950778064,0.0024201445346670445,0.04557107660113881,-7.245318290770215e-05,0.008106363893669576,0.3867985700203166,-0.38043556799504297,0.24018092507971076,-0.22610535405457344
916,9.81,1.3214315775639531,7.423766895358021,1.422029867964164,1.355174748070949,0.8225619469374569,1.5587233894960772,5.217203573797519,-2.654029516286723,-1.0618203408910771,-0.3905092498558358,-0.4802071824251434,0.34676984986382725,0.024916739245321617,0.07677935351643089,-0.3605513720827329,-0.5449743348462909,0.12126104917854896,-0.6949936445522785,0.12165091663487362,0.7541277672912415,0.15223766243951464,-0.01933509749085449,0.0,1.6583789202537826,1.1196230356085377,2.0066395877747145,10.727470710278237,-6.18982454930491,-2.4767394799753126,-1.0091623514791763,-1.0659985890199979,-1.617597928760667,-0.9486430827709162,-1.5699397812059654,-1.3377682118835617,-1.0128550806867584,-0.03281036047303543,-1.031010973478312,0.055442679996899724,-0.3127205036888596,-1.2760820875298216,-1.3133434082786815,0.014079503643209548,0.04679576083978394,-0.004264447257449225,0.010468029277596708,0.4065744191347481,-0.3652808445870601,0.23671633011134308,-0.25346726980622347
917,9.81,4.546672306432419,2.157621957078647,1.791080916463977,2.014008665767691,6.249418027645995,-2.584372959212887,-0.5181289257246662,-1.1901509886007722,0.8393707019484408,0.46127426329155163,0.14262452185601143,-0.4326790460331144,1.0189983401406488,0.6765412501307861,0.7149218840438156,0.692098074701385,0.44610423236557056,1.1439034990578119,-0.09673905671938893,0.668776230027694,-0.38353495209974053,-0.000678586000255943,0.0,1.3658756185197347,11.10518497661042,-6.701664632197579,-2.7783226310204365,-1.618003031747332,-0.9030821910382313,-1.030321572320128,-1.1079190632561156,0.22912623166034357,-0.42246281469377306,-0.12658639536545804,-1.03892114913239,0.4190328309048828,-1.2106081743516894,-0.5651971418585556,-0.3855267147888187,-0.5109979593082437,-0.7406743245455286,-0.4113670183589143,0.017733474420435404,0.050324518224458575,-0.0037613279934806147,0.007523963867241757,0.3874557792055626,-0.471577987188767,0.23552237007266885,-0.24521494606235222
918,9.81,3.5726529337308164,2.74585866076717,0.22730740629464474,-1.188323422039397,-2.635726990702026,6.157338208550038,1.2972297035417133,-0.2864236704550388,0.23668863515834881,-0.01088552216444727,-0.008945166783799086,0.840594241332147,0.17773107894845797,0.2511634614757903,-0.03288864274066003,0.5450938703762583,0.10434868014562304,-0.22206442762781292,0.4115459795045725,0.8817108240945248,0.6509471953477303,1.1943447771536086,0.0,1.6006510629315085,4.685204293266004,-11.98336597608795,-4.387966838600358,-2.036476106181237,-0.9685981088494732,-1.8179590794202451,-0.8326890866749309,-0.9383684826072862,0.33402680993862066,0.17324745135847275,-0.7798587399904047,0.4913599337746525,-0.20303540078925375,-0.41270319344509304,-0.3592438057881639,-1.6687609056523063,-0.5577514209788169,-0.5915045223169102,0.0022505683791549046,0.05390465365018531,-0.006308941583535867,0.011311822783695526,0.4973783605534108,-0.38139010542972124,0.23580039006128067,-0.3362453304402727
919,9.81,4.420847665188792,2.219031448933915,1.1024673699544565,2.096693547962018,5.149219501507861,-2.1342565434159217,-0.45167101122226083,0.11272598915158749,-0.6049492532111989,-0.16996990513793037,0.023569979767865235,-0.5662556173713457,0.5445710976030871,0.20989179126596058,0.5613587270337581,0.44581053600922665,0.3608224790965882,0.7939336483054347,0.15212119920783437,-0.6499234872949662,0.4200915333974128,0.04483265824450891,0.0,1.0129612380682924,10.038849059444411,-7.4369501427338465,-4.203646878412772,-2.466588594230397,-1.8027381439108394,-0.5094264441253484,-1.3122718300196166,-1.5171463060429176,-0.7167145162262165,-0.20951446357457654,0.28549292906374946,-0.5436489609791859,-0.39800181745765845,-0.7194048798411862,-0.6381225355874158,0.0948064884883939,0.29934741089182626,-0.5530308420725595,0.01091551851440057,0.04731935458196041,-0.004863718500817715,0.006611860253960315,0.4250907882188128,-0.41888238046674126,0.1889016341460407,-0.1990191775856839
920,9.81,2.1529270688037756,4.556587235187071,0.7532666006637754,0.6060142040059073,0.6388662457089556,2.800966265927384,-1.4760285285723036,-0.16828606212154396,-0.22123086428174044,-0.47675341228040324,0.46060416754109657,-0.6584847044156672,-0.14567898957645994,0.027850230550704333,0.021713631672470132,0.5167618655926058,-0.0933404808262916,0.4481462983483169,-0.08297313904664379,0.6690934745312962,0.8545514452991513,0.017500025688099913,0.0,-0.24041567741999545,2.4235389155689737,10.023823060971022,-7.738428453259574,-3.626753788702648,-2.6398964008427157,-1.5450064987132075,-1.5211506985738692,-0.9138808772299207,-1.168803213045496,-1.2255811231999463,-0.999914142654929,-0.6391921471324554,-1.1611449454281504,-0.38339146427005977,-0.5554878236883087,-0.3394152409607259,-0.7564300526433746,-0.7813687470200774,0.0074580851550868806,0.04457373322719882,-0.005682267270625576,0.007723590439827689,0.3856128501805518,-0.37443262563266044,0.21855436857396504,-0.17025434161532724
921,9.81,3.091401417754032,3.1733180762811357,-1.1217743228116763,-1.0424722504679775,-3.4918250617666136,12.685881468541316,1.180216170202752,0.3291348005550332,-0.062251096500431036,-0.08634872075419575,0.23666411151344557,-0.015154513850106355,-0.6615263240488972,0.8266338405201636,0.24351147446080407,0.4337602315652781,-0.1727734133476066,-0.5277087629081839,-0.10159592497480296,-0.26068338464409074,0.3741738888401466,-0.2882469845498373,0.0,0.49531455652445433,1.038912864130049,-6.723657027574003,-0.15064370977912134,-0.5714931627042871,0.30973405216885574,0.23689671102426652,0.5408601422449371,-0.1110907751907666,0.037730906734925074,-0.9607463905386839,-0.1735732464868195,0.09427222868025537,-0.1451560592561123,-0.12616147940886552,-0.16884845338047855,-0.17602882649785795,0.3404670794398814,0.27972373955525554,-0.011106676463481931,0.045940278491709334,-0.0021543785181007994,0.0060618087946892225,0.38228326974858984,-0.41593194233361863,0.21476267171081662,-0.18067596378379597
922,9.81,3.2193616807412044,3.0471879126490102,-0.8980037148700377,-1.7758245869849139,-4.319820029331885,10.567466703392078,1.166687779278805,0.6992314958412801,-0.11282093490997336,0.6907929809224314,0.9222714098924487,0.081641240307747,-0.5961425475181458,0.37599807061617935,-0.5162058126996774,0.17390711198828074,0.3881806301617961,0.29113024756488937,-0.022495846202995995,-0.3608334731465307,0.31104625284229764,0.8644724001046438,0.0,0.40344729610510455,1.2798293131477967,-9.341075309211991,-1.8412414583253676,-1.5742629677883244,-0.45571553190423036,-0.71254205280309,0.08127330690188067,0.002875650292787746,-0.868013614817664,-0.563981782954768,-0.39859271100845317,-1.2714035897462896,-0.6897598103867232,-0.4064723371917477,-1.0162735200757596,0.4467073512558982,0.31650032852980686,-0.0575291097995409,-0.008891125889802357,0.050050148503380534,-0.003067419228992028,0.010134237390962616,0.4069602500921927,-0.43115252652334396,0.3491165396584103,-0.31520100371184534
923,9.81,4.5257863433446195,2.1675791245483924,1.2848312556713024,2.7901563886978242,5.89168767193491,-1.954185261294097,-0.9276519398115437,-0.5785434149586401,0.2542390270361681,0.4488601206419922,-0.10603876492375985,-1.317620643227284,0.6596369314002863,0.6084910897370295,0.43816511073152903,0.9893485328863512,1.1825659483311237,0.08039242598674308,-0.1708846493221194,0.4044919317324396,-0.4337896297287749,0.3220969144462122,0.0,2.224626819236286,10.286612986010194,-6.3605672046943535,-2.4855249895638494,-1.868811295749169,-0.6447166148457775,-0.5163527249018215,-1.6370571392544155,-0.12752534895254786,-0.04584361527785963,-0.38072488164453067,-0.018129891505809514,-0.7331695985871409,-0.5143504847022144,0.018747409227608647,0.2303883098722442,-0.9387981914820447,-0.37375270425605167,-0.4474586673681039,0.012721101541300024,0.045777867167399455,-0.003883102682529865,0.007708111480374017,0.39951702214787255,-0.4471769058505173,0.23276296532102222,-0.27600634426239423
924,9.81,4.448445220449926,2.2052648765691205,1.2338294243172876,2.5792596099414857,5.341093037576593,-2.647651844718356,-0.882191403242972,0.5004123637966132,-0.0810309051342869,-0.12757437651541892,-0.3155200406904949,-0.35958296281252744,-0.04358284400400586,-0.18402541455691984,0.8761218625280681,0.6469424277455935,0.1306323928581514,0.3217190311019943,-0.7142864638171165,0.2833491881137094,0.17112870956765314,0.4525679474276058,0.0,1.0784323037901427,10.804518772192598,-7.729817734311734,-3.8842797456275746,-3.2222420147740607,-1.1706714649373717,-0.5339536544148897,-1.463059970515783,-0.6862077968159725,-0.6250166801868433,-0.23169619028791777,-0.31724769037279266,-0.8093490681437541,-0.6027978585417382,-0.12682701681629274,-0.8522956611801773,-0.12016825500513167,-0.4990326404879646,-1.4263002021140287,0.012216132914032545,0.05292531751389729,-0.005019447950009823,0.006731256912449725,0.44611493160165905,-0.41443493871650483,0.2226229920331924,-0.17781642039743667
925,9.81,1.6712147589843345,5.86998166888015,-0.34873379621225675,-0.7115115040138238,-0.25242940577555073,-1.7914051312070978,14.025743655242627,0.9772903803643247,0.8871180021500941,0.5037024690159135,0.9438428452441,-0.46803174568625683,0.27125215228147004,0.4089181696528855,-0.09049268994349619,-0.31335848833626784,0.09072602579727318,-0.40918587731420464,-0.014091927045542796,0.016373552664957713,-0.37701647932563276,0.09932100551069623,0.0,0.24449541719982823,0.6085868391783158,0.30438739823831384,-5.20210202857578,-0.904774123653446,-1.3381635960444027,-0.23814832435199662,0.23654080839063596,-0.019382754595299367,-0.950152543568764,-0.5292319638251176,-0.9981165797606717,0.009334909789884327,0.026828750051408834,0.1871697556864176,0.02064768870721495,-0.0802600175920368,-0.5491435190852945,-0.7404687038867211,-0.0034528098634876965,0.04816785104008031,-0.002106140027678387,0.007904269314552115,0.4483916451000778,-0.3997074381760873,0.1667912287014056,-0.23287726391048919
926,9.81,4.858530582667399,2.019129000648212,2.6722260726813842,2.266014619885543,9.920946753827735,-3.6179012343422667,-0.7033333359162968,0.19479840609630417,-0.1103018769594768,-0.04864344681427413,-0.2475532176785059,-0.30604520814315184,-0.9659372385755751,-0.4333933834863719,0.140319803061129,0.05373888471387708,-0.19136381085252874,1.2078430492028789,0.20745498488810238,-0.10823041497425528,-0.12603728315559148,-0.0008281865870700678,0.0,1.166107308416716,10.293863241546322,-3.6388404232566116,-2.1004503564207666,-2.4772028922485276,-1.335135535461463,-1.7000791668972188,-0.5378226611001995,-0.6134365663107303,0.4551077394358416,-0.7187332412071519,-0.5482969269430925,-0.2685636758255434,-0.5445693339297664,-0.2955433227208099,-0.32679720206851315,-0.10638785131354611,0.45510307682312373,-0.8286099556367058,0.026457683887934506,0.05283238898786504,-0.00364471877015113,0.006450566738015224,0.4485047715763769,-0.3894215275228792,0.2953578266768393,-0.1357489539936083
927,9.81,2.175039848566497,4.510262194260705,1.7321603291754257,0.7604569974924704,1.210387696846676,3.8477127716815773,-1.2545285242310333,0.42649568251207703,0.2248706672210774,-0.6846163719968852,0.7455597400611299,-1.1273775773126566,0.3657162470782563,0.28758359497638386,0.21002751401173259,0.5862335671802196,-0.2715317636743534,0.9938545247559405,0.21519745024488207,0.15741965065760521,1.3433086709978046,-0.5861554727884852,0.0,0.5752304782940895,2.0858429832722574,10.324190719934675,-6.711550340956241,-2.864697446254471,-2.7407891438754644,-1.6065538055748365,-1.47767701306755,-1.1534514276960777,-0.7530775100568015,-1.5430742134195605,-0.9215186316438246,-1.2921140674252911,0.0027430184833515114,-0.44801735597337367,-0.8747847972158447,0.02361262037844372,-0.8297665776969562,-1.3634896779217465,0.017150102269063622,0.045380647168799436,-0.007331535804978853,0.010024262252946992,0.4023160219900282,-0.3798123780773925,0.35974570647563403,-0.35911290383229577
928,9.81,3.2435128160789106,3.024498608844509,-1.4337533325387621,-1.3350112745868656,-4.545595234018574,10.20385036555276,1.6295925940752447,0.9629809932834122,0.06790637225147256,0.15515697772821713,0.9695251481586409,0.44070197621644736,0.061331271504284635,-0.06516896050945875,0.0933784700841056,1.248504114487532,0.0010678781764077994,0.3794842679505268,0.23558863793379198,-0.6337181304409218,0.06520673135891208,-0.06653254401702602,0.0,0.6286276003903091,2.225902675458169,-9.738119307574557,-1.8115584898918238,-1.9572399612465694,-0.6439042681465794,-0.5327644336881637,0.29260467619046004,-0.8790070532189951,-0.7157314952696042,-0.6527614083584076,-0.29443877183499867,-1.2301585671614732,-0.8173233947686835,-0.7101021173046779,0.13073228746357696,-0.1663649224462742,-0.3930523880961124,-0.39761705204364106,-0.014195577549888727,0.05031953540200559,-0.003878137827411631,0.007168585483871287,0.3777260238388677,-0.416652425904065,0.21130455958242494,-0.21707344191038663
929,9.81,4.969542243274765,1.9740248738756132,2.3225697196371318,3.04654974486312,10.824982642967004,-2.8260551293461798,-0.9147217092980169,-0.12524896791607887,-1.0257567432048889,0.48140929610866756,-0.5353397797380812,-1.1073630789935451,-0.2915808435067367,0.06064182473768037,0.06863735306894558,0.43586731800965867,0.16309573683426748,0.8724236573860946,-0.2587950979919337,0.4162578936512065,0.6942094009903896,0.41231348533484974,0.0,1.8840986330399354,10.833845545674968,-2.6317679903160847,-2.0228190702347475,-1.7457467172096217,-0.8689001180751794,-0.8956060071947647,-0.49351458728639774,-1.0825139546572775,-0.7665073555904565,-0.40163097014852034,-0.7297181913568297,-0.47537558906564475,-0.5349320310156714,-0.3808136998248821,-0.43119174298740187,-0.23889261969718467,0.05642214838250033,0.48725486462251155,0.02299573979838743,0.05699457394739711,-0.0031346551432129438,0.007103655239124421,0.41047090037457945,-0.43565207361324865,0.2291085825330098,-0.21594492669834683
930,9.81,2.3323041885947764,4.206140883325587,2.243435028312795,0.9960447447301763,2.694894740948544,8.989923273918674,-2.356216995113561,-1.5760779646530911,-0.4611555891421298,0.39524324664033245,0.07749719073959582,0.47525355335046804,-0.2576498276440381,-0.01997901679037084,0.03657167335335931,0.35222179488156735,-0.47023153332883394,-0.8591414330196998,0.15549746624879884,-0.011144389680262212,0.5601369416308777,0.15703924445484468,0.0,1.3685706430345432,1.5091479171843005,9.673895025122107,-4.002446031435526,-1.7847164746563675,-1.0370002992275755,-0.8858958402210794,-0.9151384143381889,-0.9800933239398613,-0.3265861460006585,0.32324286284888815,-0.4619436158902124,-0.9374463905705586,-0.13867204036553332,-0.1737377262893794,-0.39145739883802705,-0.8247746660610242,-0.4211598736893425,0.3766323930872325,0.02221222800309698,0.04560671464321433,-0.0019307947678946875,0.00811529437795523,0.4642075841168456,-0.34586580445972676,0.20369084585576525,-0.2592810194350554
931,9.81,3.3884433751504552,2.8951347016576343,-1.3983448942391683,-1.8706822561356955,-3.3173681528075245,8.008323274350769,2.311572362933484,0.4153496560043184,0.5534074819467264,0.04218341956842475,-0.39183150347513607,-0.4305227410012451,0.6556774293659462,0.8954637712363909,0.10183758131149889,0.5408429202339995,0.14829685793653163,0.3764352988996633,0.6335029680233333,0.28525891162494144,-0.438126912368685,0.01579080273481187,0.0,0.7335021639812244,3.398541641474917,-11.214958554731172,-2.5130620868136218,-2.0819990718469996,-1.626860548271594,-1.246330053551395,-1.0154639376845656,-0.043558689044497,0.06136054515673239,-0.1319715380709342,-0.36781415977927306,-0.3871163436978877,-0.7912566924826147,-0.484368956900124,0.20576218016749526,-0.38025231210522015,-0.33844604534856315,-0.18278792993022425,-0.013844998952863065,0.050104858067175184,-0.004131235460707948,0.008247145836508932,0.446630443458919,-0.4071129102527822,0.2735300498152536,-0.2322801801603065
932,9.81,4.94737252445152,1.982870695811928,1.7792355115202474,2.224409229247202,10.281415063785229,-3.1405624626892363,-0.11851137139106416,-0.04360176668056126,-0.6729432636656674,0.25463432867085345,-0.049979884906542704,0.02334732772607262,-1.2816868933900696,-0.1059028799475096,0.014434166527132364,0.24173072425657294,0.14180930965363464,0.360880056678271,0.20300617994799203,0.6713764754148714,0.1368877986405057,0.09024173217070214,0.0,0.8600118687552825,9.869458320998799,-3.8391003172703684,-2.0774601819175103,-2.2955790718616855,-1.7442411046191943,-1.7354425792461317,-0.8260393843511336,-0.6198076890143543,-0.1044945022124632,0.05386462748510584,-0.285801535904956,0.008383779910340894,-0.32887647788154273,-0.5002926862602509,-0.42405208325970734,-0.21161861411714183,-0.01637993905390428,0.29563170534564,0.01761619318336878,0.05161738488994541,-0.003564211814049434,0.006068131637273741,0.40277180638034127,-0.37554587706403875,0.14328008460625208,-0.19238193480817722
933,9.81,3.3318169730205383,2.944339403825808,-0.7575604118207032,-1.761116315102952,-3.4880908679578013,8.996741199125148,2.014551663053645,0.4279237956195814,0.5121670059556604,1.5891808462590977,0.45382822870597916,-0.25561077605393834,-0.1451781581659899,1.4834278984003217,-0.028110725261509983,-0.3928603921376465,0.7285188593685701,-0.004107673043666382,0.9106659971182179,0.16372951304633515,1.152244938892235,-0.48920929009250763,0.0,1.3360459118152834,3.219155196526529,-10.740916891933601,-2.4360119552857964,-0.8580455615086073,-0.7970832770826922,-0.0815371287700497,-0.8086718243374371,-0.7569962195613895,0.1844265596386967,-0.007455922261321135,-0.31319960041859135,-1.0332574946057074,-0.5236247448142173,0.20385124912087618,-0.22170363375113034,0.09301262114467572,-0.4441844531567803,-0.15143927174451177,-0.0075005981368386505,0.05026061752799925,-0.003350996200648479,0.006906380342973264,0.4245739119062396,-0.4998543955998765,0.22666509088784498,-0.20514720062164937
934,9.81,3.4592850820706507,2.835846068554707,-1.408191403018565,-1.7045286491144425,-3.8375337739784374,6.891274190481873,1.0644650595503244,-0.03438300577672937,0.9158799276860614,0.2721047894858429,0.37738946212538094,0.3026891997519977,0.8008039141492439,0.5962335791720672,-0.2353655211969223,0.7130431171530613,0.5313433716659928,-0.05073404080607044,0.15974695027720323,0.18877188736072864,0.6955835245714908,0.06143717808174551,0.0,1.5827326883629729,3.4552119221289823,-11.023658211791934,-2.7991237663905513,-1.7754625368520245,-1.432812588017987,-0.9408460301488244,-0.9529830422305243,-0.8455033692009852,-0.49333226449445666,-0.4424720805138411,-0.3773083931494334,0.13512486353141556,-0.5224740045361116,-0.701764093195774,-0.1431544352074297,-0.05940981826085087,-0.03057092878033449,0.07962435853756647,-0.013942489138797672,0.04576000052959774,-0.004538114063537008,0.006260373536021296,0.385375442850482,-0.3871203890827022,0.17275311168996543,-0.18384755736594954
935,9.81,4.046723170648522,2.4241836138318953,1.2006911477720141,0.06763100763441121,0.5780887812310143,0.0032032864924400606,0.3415163006005738,0.08203463000120681,0.11157297367551813,0.5099282644211239,-0.2923469172935801,-0.32209622746985395,0.1299565230290185,-0.1354430480745522,-0.30438838508463256,0.3051599198581498,0.1771289977247943,-0.028145836593368487,0.17576697075818198,-0.507219923196792,0.46160182147350787,0.20557708919472087,0.0,2.1582568600621626,8.271432970459891,-10.52292735189067,-4.021326430526354,-2.883498265998494,-2.105949120344545,-0.6086971034296863,-1.602884939544698,-1.6667673422929616,-0.5984065749827518,-1.0008250083962325,-1.113315290367348,-0.9421320124240795,-0.9935443327361573,-0.9247131563050952,-0.2631262452512445,-0.43771830056231037,-1.3433363587397733,-1.1976593860652247,0.011888031166059548,0.0479524701573071,-0.007098097736614029,0.0071034399631289494,0.3816245208237373,-0.4800024249207857,0.19389577728524995,-0.23964941924721495
936,9.81,4.045596309316395,2.4248588464966354,1.3575170154305118,-0.4231651959806332,0.009158615134523235,-0.21989371562236842,-0.5900815941783213,-0.5843442654227277,-0.8458547861859311,0.006437759477679189,-0.6209090720402859,-1.1347351266061259,0.3626403151621127,-1.195621838001808,-0.20956705574582635,0.6829649969817705,0.9021198739744288,-0.9508832913394389,-0.25380646249503586,0.8648706418532223,0.7745923288284697,0.8308289031707944,0.0,2.4893414860625493,8.658304378579585,-11.455805984199639,-3.3290401915994496,-3.244768622832338,-2.6395464853378225,-0.5072667841544705,-1.6058353835964878,-2.479514059272925,-0.9609217628558894,-1.3237116880463689,-1.495269819068751,-1.3317713408855276,-1.1621038638019077,-1.1638792729722125,-1.4381289237022803,-0.5528370047246862,-0.6510143542026006,-0.5861053718757486,0.013440762529014966,0.058940627560424785,-0.008847853264369019,0.014532624576152852,0.5466670203001911,-0.6873997837764362,0.30494153201449004,-0.4122983783879203
937,9.81,4.766069859169156,2.058299666155151,0.740338062060358,1.798796601653954,8.16712118385655,-3.2489867512278225,-1.468569364998907,0.263703577237849,-0.21547158700286118,0.17366495758055056,0.3422674196583585,0.8512847543567872,0.37190623692241875,-0.0785842594564205,-0.3917218997592757,-0.052581506477765216,0.7615168963102547,0.6886926663778272,0.5555730777658329,0.8043695141399739,-0.1652370136305209,0.09412481766706016,0.0,2.0210486676272774,10.332054810256174,-4.387942404873756,-2.857756410339203,-1.9609142312365484,-1.0219402746647956,-1.1402010797228392,-0.25012486059252076,-0.18050058145413084,-0.8388931885510458,0.06539568620086389,-0.7255428033610152,-0.600242220068814,-1.1728563840694173,-0.5725819879481014,-0.8937010077808017,0.25291906692259,0.1638336886269074,-0.8071313250511842,0.007330079822379793,0.0488494360856874,-0.004948044318454938,0.0069309176945135985,0.44484280482254573,-0.43056056472708426,0.17517855430342072,-0.21030694813612985
938,9.81,3.420108833397238,2.8683297748322243,-1.1774017759427364,-2.528993940451133,-3.4012029817486287,7.708868518712142,1.7445597190794113,0.9845671478609538,0.3246808425233514,0.8690602794970886,0.4619541022457563,-0.09897344775697459,0.5868701520707831,0.5251671155268067,0.20490108621813363,0.48274123653020784,0.2239918202250282,0.7139565998691955,1.0617843376947103,0.5299296680987653,0.7771966400511029,-0.6922032264506597,0.0,1.5089882885026273,3.2539392089303103,-10.295853926064563,-2.9624897175448153,-1.6536083197152083,-1.766893675163679,-1.2693438172547218,-0.637324181202245,-0.5913775698762554,-0.5651724113425062,-0.48628667686036714,-0.2926374378916944,-0.422083094363818,0.01773762734030465,-0.16526675460842308,0.39858833778652336,-0.8604138536302326,-0.3610162801890171,-0.5046368454272137,-0.011657443326165699,0.04634863999266851,-0.005045262465839261,0.0072497000477493604,0.3751486536846167,-0.3979930098092976,0.17010085625155588,-0.20971501825209612
939,9.81,1.6297857645386742,6.019196027753262,-0.9002946376489148,-0.530911705212018,-0.25442506663300213,-0.9124745494447486,14.9827218217544,0.7676830870098976,0.3523351159949837,0.4029790804143283,0.2865974061543284,0.4490537126539189,0.26029266468225987,1.0454799787648947,-0.28408764336954545,-0.25592082277818995,-0.14307109675473662,-0.1367694308732641,0.2369670146404681,0.023137053302172417,0.2484002793840756,-0.6121603126580607,0.0,0.39711036602343397,-0.05264514062226472,0.34169920652045094,-2.4892767080002196,0.2590193102084068,-0.01577162681223493,0.5020138184105246,-0.41074142372462413,-0.3842517162486658,0.30564477328931466,-0.5843479754293062,-0.7608757988967646,0.3123285909392936,0.21059192710635175,0.5482164872084176,0.10188264487748609,-0.11765443798781443,-0.023215545116305233,-0.5695364925602912,-0.008913808293553607,0.04884707549252182,-0.0009427496219540277,0.009676989913418197,0.394066644917661,-0.3804487041181097,0.2913661387085332,-0.1936367987941762
940,9.81,0.7753106753191936,12.652992293652149,-0.23239163021338993,-1.0440421052146396,-0.48739573980929074,-1.602460176274878,-1.456422368539306,-3.300726859434085,8.366949603065517,1.7123799645027415,0.8595985733558336,0.9541963290895157,0.8501858222146507,0.8583571086211331,0.4892556115778659,0.29492428461445497,0.34956564143798724,0.15595351642489585,0.6520424183576952,0.7161661479123417,0.6962069207416699,0.5883308020463054,0.0,0.04204469854329329,0.18960129409473575,0.6207053604873681,0.6266506982165713,3.9667536457573194,-10.323747109914745,-2.7291395677866976,-0.8630522622217165,-0.9007842124815028,-1.0775334104674352,-0.4415009135475009,-0.2225619940139255,0.04835006091011851,0.37968534917233987,-0.25126379066637755,0.5120372837066383,-0.321962433512106,-0.8409861049800124,0.007515800800527231,-0.0023009072298355504,0.046711785875504605,-0.003713955662545039,0.0104681907385289,0.35349614336014146,-0.36893181544340664,0.2599985236826424,-0.28880029517823197
941,9.81,0.8587315484799523,11.423826243911455,0.12064035951161367,0.13143977657938433,0.3738949898496876,2.2998788535440617,0.5369964709333275,2.9509545713975185,-1.38833131338379,0.07373412565480708,0.20932999457557033,-0.1867106194088231,0.0622609450641064,0.817503787775343,-0.046135049649586424,0.8608618554298,-0.8287059306392235,-0.27519136822848234,0.0769341329507454,0.8958275782245646,1.0139115242774035,0.15828994146096342,0.0,0.6333743201042698,0.15626223118458693,1.2115621672149617,3.5143168685550252,10.179646381203149,-7.641447999963126,-2.600833427230122,-2.1008259186920677,-0.9260586213888475,-1.7150551016094433,-0.5868623135203932,0.16528510378730665,-1.5256422881685192,-0.950662801203956,-0.6432091920903926,-0.4010906688103558,-0.6291736315206595,-1.028034050669282,-1.1635651078036737,0.0011944590050654825,0.04567325465877215,-0.003779634898826274,0.01321232137763887,0.4407647787405311,-0.35010378180872104,0.2786762999844391,-0.30526730107813893
942,9.81,4.830354580032,2.03090680766028,2.3344049196153374,3.050481297493141,9.156092337945847,-3.325946985579664,0.32974307349267407,0.4359408603225341,-1.2893190718105443,-0.2685254070947303,-0.3038007880917848,0.24243089794363976,-0.6980870969852513,-0.2955451843100513,-0.5401889068469132,0.15240685932611522,0.428660825125563,0.4722357815267751,0.06524496542980762,0.15321769533966506,0.08162789454364766,0.49662548837910636,0.0,0.4035643779382943,10.338160110182205,-5.021808469676922,-2.8304091243855445,-2.4819490970571008,-1.7090827059877003,-0.8506084316826118,-0.5021228200181794,-1.583134044228879,-0.43291014296397656,-0.15234855376614365,-1.0427390171838908,-0.7049866586878053,-0.37482019572638664,-0.637129425624789,-0.3151496857584294,0.8131611012206876,0.5533344607728802,-0.545812709081906,0.023112919996191462,0.054405956006672404,-0.0031329272744747574,0.00906512209325529,0.4613197110633275,-0.5449424393372936,0.2905898534702373,-0.2807212408728661
943,9.81,4.204880723863113,2.33300315614835,1.068818603175355,1.0545823758512574,2.179557215614471,-1.0980754251067775,-0.4549915167112155,0.4344965050048476,-0.23492228268927662,-0.4395072416797658,0.31391521446820364,-0.43609226002653684,0.48731414701426046,0.1064317287854028,0.7140794816731946,0.2651380411877985,0.1801878814465216,-0.7738928979465696,0.6425940800210033,-0.29224553166238376,0.07946688792811749,0.028182363105041658,0.0,2.06398534694229,9.452013948947025,-9.198374929450443,-3.8896491773905066,-3.2274783344113938,-1.3566588609555126,-1.4266195784779785,-1.7617139395773724,-1.7266875380188078,-0.7172226373645411,-0.2300491969500006,-1.3472278185082418,-0.8507687138813645,-1.1623812066759145,-1.018022382750572,-0.9190511355733112,-0.41160401028713767,-0.5501688554935097,-0.018297827014769008,0.010582362407676781,0.048329507501858646,-0.006725913946134311,0.007838627609210757,0.3643585522989728,-0.4111690850152766,0.27370549506017566,-0.21796570765336143
944,9.81,3.170194539459319,3.094447321101345,-1.8202838444187504,-1.2473497402581981,-3.9928591438566583,11.905918599877767,1.6817994006135788,0.30819174152289963,-0.3684924880041254,0.6885691203107026,0.8571453922709695,0.2811690200689293,0.34664339724391113,0.0983434004000221,0.42388419807915356,0.8753160507885259,0.08255482139108816,0.15041660912628702,-0.2765855548447905,-0.004386536253830675,0.9667105907201919,0.9185677849443872,0.0,0.05071101168113576,1.440710323813956,-8.648401556452981,-1.156286601549758,-1.9093634889758662,-0.6865269175874713,-0.42081204408516615,0.4679357223998527,-0.42231413292030273,-1.0414667000620907,-0.8607080742500979,-0.4727496424424417,-0.6000709267683612,-0.9962280456857254,-0.31002519647900517,-0.18497991049148066,-0.22263948984321025,-0.1489565688949245,0.9538789228586493,-0.018022612320977738,0.05188686219023888,-0.0022733195068133684,0.009077063830752413,0.4703675991475228,-0.4043747329758929,0.27497088107005396,-0.34135190589523173
945,9.81,4.549871688342566,2.1561047589835667,2.226896960661086,1.707034629792647,6.209831055257955,-3.0532012005296254,-0.7315273249903762,-0.44271257467525227,0.21089383158889297,0.42482524930611754,-0.5380230632954084,-0.4300754194626386,0.7994189462665633,0.15453499844550256,0.4096219774868243,0.057158674387708,1.1143120021662056,-0.27947716400090705,0.6061664509562676,-0.14701722049812832,-0.3082080532996271,0.43705958630516095,0.0,1.832151635740377,10.488643659798473,-6.28173306949069,-2.7122733812133486,-1.5244308736932495,-1.8163193379142881,-0.8164560748127628,-1.4971550679788277,-0.47855285387240676,-0.17817347187316185,-0.6145258196816057,-0.07237013943445941,-0.6349843732656679,-1.9396989065721335,-0.5896531310688915,-0.6269265592349936,-0.6311405624060079,-0.31785294998297714,-0.27080686990229297,0.02204848475902064,0.047460934708205484,-0.0048297830525606674,0.006661778277976382,0.39812293837318713,-0.3722748286341345,0.19365220060752952,-0.2386517401019263
946,9.81,4.415596163895776,2.2216705595071606,3.809679834818429,1.6310446737637465,5.061662775701885,-2.6275224666741677,-0.717050099825854,0.5120170221355886,-0.24393653068316823,0.2302691471971714,-0.45591530396484237,-0.7795635586669701,0.7344927867692188,-0.3412738706227112,0.4322580011311492,0.16023311380546604,1.2714135372975952,0.24086745950433508,-0.6283112406112433,0.07373901660180993,0.39373901500423486,-0.007911762376304365,0.0,2.47101669352005,11.296891310587089,-7.672822391542662,-4.531682962236317,-2.6373131263367844,-2.650346594905031,-0.47140213590730917,-0.48868191135896644,-0.7216415583852406,-0.4102627635395033,-1.0439278423475629,-0.41823028767489523,-1.272857230853022,0.11441585566280832,-0.8871156012778797,-0.5199517107689624,-0.458894922297255,-0.3986774291605458,-0.8057205858759345,0.037719602324934924,0.05676674022430888,-0.005468576782695999,0.00855238443903193,0.6482150825310536,-0.3726116052126197,0.3260769955923569,-0.25640493327397806
947,9.81,2.1180930548969883,4.631524558054463,1.37962520626754,0.5748704745906859,0.9735008904245889,2.072626271334949,-1.501501358575637,-0.2690914303195507,-0.9211392745243316,-0.44685950686395093,0.1505767150889185,-0.4850684572847354,-0.05035555018843202,0.645664186669017,0.10048597500115816,0.39564018172148996,0.21481254576256134,0.1590761818130988,-0.48248911866621624,0.03549972093587955,0.1506679611496281,0.08354924021857169,0.0,0.28470487421087903,3.070689478065936,8.977873672352246,-9.18951980814613,-3.9359407752123796,-2.489133506189768,-1.7465987896568675,-2.007460903404458,-0.6128251238957523,-1.2919583939515578,-0.8780363466753683,-0.6159324096906946,-0.24468155210422227,-0.6698691548559039,-0.8259140059118317,-0.9239612905920754,-1.624903500579733,-1.077128174943916,-0.17841948011759962,0.013659655507599405,0.04640963857607882,-0.005821532026671208,0.008075311834606146,0.3946217001177871,-0.368366211991092,0.21349751762052654,-0.30073121729821806
948,9.81,4.1425338672520775,2.3681158233975763,2.1166785021906556,0.7962265624951907,1.4498293856323061,-0.1931836801835008,0.07753739404711135,0.28966885224669997,0.22412773437876235,0.33309218976746846,0.026162302513075913,-0.08738235519687129,0.4509409862642447,-0.3593248341516186,-0.05866895182666529,0.8509683999002394,-0.2714202991397703,0.2641705048854118,0.029895070185227413,0.38786917822626077,0.4599040301962079,0.7577265607025148,0.0,1.8788490227227135,8.992572363724483,-9.82094534763426,-3.2948410560491457,-2.8201967450129266,-2.056254367882661,-0.4450003039695738,-1.8413584832638947,-1.9220497727465105,-1.1173729635880232,-1.5143683510089434,-0.8690771942427793,-1.543941581425576,-0.7780217709137088,-0.9940253666650991,-0.38794802421717633,-0.9609587452375913,-1.1876358454592384,-0.6639099664024448,0.020957212892976796,0.047989418858697085,-0.00672003105490077,0.009053384036865165,0.5042645704633071,-0.36243701555974595,0.325740808689886,-0.27343236241088464
949,9.81,1.3957396215648616,7.028531574536317,0.8931145624142265,1.1725884739205434,1.2850192556098252,2.9925560284793113,9.79410796011668,-2.427591131493672,-1.1187305018676306,-0.8767298472629239,-0.4175720493769899,0.6462109613396053,0.1132168669522185,1.2351184970857192,-0.0999068995071393,-0.21058168511001615,0.06470975296256246,0.5608339485023386,0.32222331956424843,0.45030838344301466,-0.4004084267029525,0.08386277570220518,0.0,1.0651356486751724,0.6558896592531699,1.6945943740705,9.570727881795428,-3.3100393548412197,-1.259233177664266,-0.7956981766841709,-1.4314783372395274,-0.9234523789537854,-1.1691362731955235,-0.35686078037003177,-0.9896992563544694,-0.883494477772748,-0.28143984987101733,0.15883695072101633,-0.17152195100957668,0.19563377021926562,-0.7198144875895484,0.076731704073011,0.008842718439744808,0.048005441698910155,-0.0015572336606278154,0.009244335783584674,0.3841199795087794,-0.3564085458752847,0.23934080636865737,-0.2686132215480266
950,9.81,4.9272713390274046,1.9909599705415044,1.4529753798347382,2.208747698055189,10.548076956693672,-2.63933756096457,-1.3102169990847568,0.39587308591477477,-0.9355142749666706,-0.24808398489700845,0.06936434732478514,0.031481898170100164,0.2840170426241831,-0.2784029475372985,-0.12551551293144061,0.9207988249714175,-0.24349343511063787,0.03997534471046693,0.043330800404974945,0.6752723783180261,0.5516639297489794,0.6676967615510186,0.0,1.5712582599699918,9.994290107424797,-3.312658060767247,-3.1965690459225304,-1.8054090305131314,-1.0669916584243753,-1.3937772287710242,-0.1007268725822682,-0.7522397569572458,-0.3658879419735595,0.4996687098081452,-0.8763766589745166,-0.8674864340818358,-1.2243979032212755,-0.8026355870750117,-0.019720234061888373,-0.07312659408032166,-0.7407762759035147,-0.6255576484797507,0.014385894849848889,0.05356304804549727,-0.0020459445288214468,0.007291912672606576,0.41209609209065284,-0.4885295200381662,0.303937592601731,-0.22290944906520277
951,9.81,1.9225364881763654,5.102633973571727,-0.4475749262176687,0.011102333791426722,-1.0096081817126552,-1.815378235203969,3.6347362054552486,2.150592594638673,0.558251610583854,0.3306206478418473,1.2867725218683526,0.22084470743251525,0.6173304131813494,0.677973985222851,-0.09757286133705045,0.25029612891765163,0.6249555879403088,0.006249437851528518,1.1363138938362156,0.708842242620192,-0.3144079374187753,-0.5940897562929077,0.0,0.017745643985774384,3.0113385535888106,6.4249061219516665,-11.452869764070375,-3.216435814524622,-2.22916239347564,-1.673097355318019,-1.3894270319386552,-0.9423039544800903,-0.8136088078447598,-0.32455589082920033,-0.19961157057869927,-0.01628893897132444,-1.196899941433391,-0.18572615596814113,-0.11754350175842876,-0.5701946314346642,-0.27380066212539,-0.11257758922742703,-0.004431434913046225,0.04831812885270648,-0.006058726221778461,0.008241482247852098,0.4161648449135211,-0.480051409187563,0.2665410838810156,-0.22970583251280546
952,9.81,1.7581578601682493,5.579703746887222,0.1479206754219698,-0.6833294858494166,-1.5894818519081713,-3.160877686311653,11.095128825700543,1.437499802508475,0.755379580755947,0.5397905690279644,0.8017906414830828,0.803350530685923,-0.3729396212127073,0.6087151976272663,-0.4820557195719046,0.013949521773262918,0.5013717711018528,0.582828853749686,-0.07183250045670461,-0.5139545652673896,0.5999891116399118,-0.5412761785050691,0.0,0.43387894523542847,0.8647907375287857,1.4832630773605184,-8.127487871322238,-2.0023795932215904,-1.38455991415552,-0.903850440102437,-0.051138576521813583,-0.21857514488577545,-0.9703881917580313,-0.937821599810172,-0.5190891118523506,-0.017548074793795165,-0.158676903522259,-0.5431799672958042,-0.03849415871460518,0.021056118868528373,-0.6331786762571586,0.2577905750518604,0.0014645611427917878,0.045696577933051645,-0.0034452539032938513,0.008890181627224634,0.4412239409617492,-0.3533447061196442,0.2704658386871951,-0.271766025856506
953,9.81,1.3204221347051197,7.429442253473581,0.794520272735187,2.129753604214519,0.44209279590385536,1.552466739527993,5.630029432618679,-2.6849752942743534,-1.072125172931316,-0.7866887195384012,-0.30383538294151563,0.3783771896552306,0.5790621076484567,0.6067100619216099,-0.015134850937612021,0.6437535028458405,0.36208328991380295,0.5263888448986793,0.42168341063429887,0.44101833259678475,0.032942897512779706,0.29198526061059354,0.0,0.973473797805333,1.7106280013475312,1.5743523529488468,10.090780810720883,-6.947492613995212,-2.9445776281887075,-1.0573169705316703,-1.3646550041621555,-0.9607403969387497,-1.1876108274541328,-0.2857250578998688,-1.6484223600457408,-0.8167766379265964,-0.6225961336821917,-0.8883794017585176,-0.6390363836923276,-0.2382761156346322,-0.6350752318762208,-0.7308796448048751,0.00786653735381373,0.04710932302323103,-0.005145234510363911,0.009596666302306954,0.40060429544222653,-0.47223519863574404,0.2736517710290875,-0.23594503283489038
954,9.81,2.999050879570922,3.271034868672695,-1.284898016829108,-1.4329951808265182,-2.1041264869982053,13.575191588573919,0.3009138867222667,-0.30250100205542596,-0.06502981129250274,-0.030398381882678294,-0.15223464782639218,0.31961110768036055,0.15634828156157793,-0.3731971639673031,1.1798861726827063,0.23597474630444448,0.33298379815415846,-0.17902359844962923,-0.016381317079743662,-0.3326239876712266,-0.16872709552581355,-0.6252483071881081,0.0,0.6479112843478226,0.6337759132907574,-4.423038176822818,0.5459486509964766,0.007713519164199684,-0.5465743109378862,-0.02835428753618907,-0.0064670478840317125,0.2325926264534665,-0.3420697738537557,-0.44434296226646397,-0.43114917725469115,-0.24960088505772077,0.1313182361630031,0.20568874759792824,0.3414861501347634,0.2704277221351101,-1.0695048699623433,0.1535719389957714,-0.012721762542862452,0.04448696466254845,-0.0013672845109241954,0.008235882125513875,0.4016664150502199,-0.36619440872623293,0.25666287004713273,-0.3534616859502805
955,9.81,4.556022014448327,2.1531941612419665,1.9000448967045196,3.3596742070759458,6.237942458969067,-1.9545275746660458,-0.8663953305764949,-0.7110536096954974,0.7292435903986586,-0.3220462476203739,-0.06931665088417116,-1.003187634759131,1.079577801086999,0.8512153549927414,0.2860444122377688,0.2804738456894109,0.2724504352698456,0.08402752816052927,-0.4020777767989341,0.513797020803916,-0.5593568264517138,-0.29434276641938506,0.0,1.5394243640352703,10.220103295569894,-6.745732724646395,-2.7721885848105474,-1.990335002586355,-0.51823748161211,-0.2574430803034609,-1.5139515538790909,0.17573769745861756,-0.582645884704117,0.19831977156878555,-0.888986598155413,-0.5782194390734449,-0.9089143899712169,0.09707359127781698,-0.32918732832945596,-0.45606134848074054,0.05832458994961335,-1.1426876272074153,0.018812325709945742,0.04754397068651195,-0.0046858280766293526,0.007477425146138214,0.3790248258103973,-0.44829839161695706,0.19065795346253625,-0.2835457759462996
956,9.81,2.9942335115492886,3.2762975773803524,-0.2047418331008557,-0.9416994525231435,-1.2830595022843532,13.488477622954042,1.1415447765675444,0.06846771977662813,-0.12055671614633745,-0.7013851487814304,-0.5913473986632637,-0.20218395255508503,0.38413462616384114,0.3664766035636444,1.2970312403247417,-0.3240661374768036,0.27708168917810694,0.027424083723644077,0.5169266345938017,0.07228951747436424,-1.5199708620263936,-0.29841123009289766,0.0,0.8040752963044918,0.5726681022122908,-3.9615261670393673,0.011676607641157181,0.045676582445460405,-0.5109367740186097,-0.13967579674664093,-0.5936007870712472,0.10604005365013189,0.1230231440952773,0.37646972669632006,0.172557207285111,0.6077375731773552,0.44038514564105413,0.2057418514884055,0.20524323155900143,0.3604934494362609,-0.3567861596400939,0.16859271094417652,-0.0020271468623847067,0.043983682555555105,-0.0026097859961382334,0.009843269790583609,0.37379876699753883,-0.3721949055584743,0.2862238701123919,-0.307507306665078
957,9.81,0.675428226997459,14.524119081622135,-0.5833429136778848,0.7432392275448776,0.9382526328212977,0.4230699842330914,-0.13738509642865515,1.0303166645118744,13.715806330760836,-1.7027532889891681,-0.8151931651196282,-0.2640151090648972,-0.8654668913414592,-0.11086175284088934,-0.4733736986716318,-0.559058361732456,0.011365213479188785,-0.4054234537872229,-0.027131785350654136,-0.22767722279447994,-0.45599441013827374,-0.6275224824781195,0.0,0.4105531428294449,-0.3750085606714192,0.29665181713165056,0.8119898744874077,0.7707719922320515,5.668634546666458,-0.8639901985647873,-0.13042642684844763,-0.6841454556438057,-0.9647192018793601,-0.33396824344276094,-0.30215871564601654,-0.11941970789178741,0.7129264873121479,0.02584515940519072,0.5778146532021093,-0.045089068326005566,-0.31638456589054603,0.2834477512002913,-0.005775672412652319,0.047536494132659785,0.0003000351913962754,0.011921500021204933,0.3641367417976507,-0.3741203512281497,0.234681676495715,-0.2682505345581574
958,9.81,0.7400286126690776,13.256244193880635,0.9673065727886734,-0.4769835495349546,-0.627461339734964,-1.2529641538816527,-1.3544436602607097,-3.359459154292562,12.90662207830351,1.66815746800981,0.4062897928961742,1.4537667032370396,0.7001332694019238,0.5180987787283389,-0.05766504631992175,0.4235038729738116,0.4382771102793432,0.4884538103303343,0.7676197521693523,0.2123934784214246,-0.6395316177227615,-0.24684502074142506,0.0,0.46175475158806445,0.3374576625982425,0.5210190389964835,0.34364785025939976,1.1761811012511671,-6.386933613566303,-0.4220306508094933,-0.6849689172924875,-0.7345315564722747,-0.9353178259033896,-0.6553220724531433,0.4373122519589465,0.33475336845291226,0.7206637214643223,0.6203482208243357,0.2465780246040421,0.16040999541245576,-0.8956821045344621,-0.31674618227994394,0.00957729279988786,0.04925760900543432,-0.0028698866953675607,0.014252035334740358,0.43689934884832465,-0.3872773527155801,0.3659513183561613,-0.23741454471806683
959,9.81,2.832249509033385,3.4636778887987325,-0.7224794904565925,0.436227354897464,-0.5112052401378795,15.27149428436698,0.9301910100834809,-1.0766504263743126,-0.3577352117404884,-0.09454227589190167,-1.0795705595675973,0.622950620973521,0.14526342747056165,0.19376239509570842,0.15198788382729522,0.22991708175393463,-0.13324247676821005,0.450327234126229,-0.13124337225925858,0.06801606721099257,0.7288748693461597,-0.8586201704364061,0.0,0.6326926807720793,-0.12918458816902856,-0.20134169034054608,0.31388950890797795,0.06621809340950308,0.6199156971673627,0.7649761879338882,1.1253008711469383,-0.2089788648569656,-0.3207161842858228,0.7405566076042802,-0.8511150846808724,-0.17527929923779878,-0.055627878718609886,0.5437942235593218,-0.05286660218643527,0.1946333674574825,-1.1853815443146782,0.0423550930815611,-0.007153262281748446,0.05237231911325091,0.00033679476234744403,0.015729700142519835,0.4548680672108165,-0.5183546089766338,0.4350847522346825,-0.26700033406723894
960,9.81,4.504747630976075,2.1777024605203907,1.0659819291453423,2.412748522916186,5.850737936753923,-3.0278489883898567,-0.13728918288948355,-1.2478718563509057,0.33049119056299026,0.5778676922404763,0.061029126815694834,-1.0822916766068738,1.6619764423027243,0.09233236851361393,0.07295685304999083,0.2119071701252466,0.5246935932769183,0.2671325728689241,-0.06786134145671692,0.3922296853753248,0.737354331380296,0.3807538874875495,0.0,1.4074840166232052,10.435200161452109,-7.312571345997561,-2.5958086041228645,-2.4073616614049738,-0.44494132810093084,-0.6538997975270352,-0.9969730874994918,-0.6655509569932855,-0.40972956686940026,-0.19736468447916872,-0.9607122179914086,0.46640906390603387,-1.74332709744496,-0.370302750825128,-0.7463391401142443,-0.9621063059443459,-0.11647325627220634,-0.3935828662649112,0.010554276526191508,0.049892578523567446,-0.004860541680776537,0.007336562548716115,0.4065846186118775,-0.4638478097294006,0.21950348467797967,-0.2782044034836657
961,9.81,3.1250652473314005,3.139134457553196,-1.724313649082231,-1.5860612618879246,-2.967459516844958,12.39044211907254,1.2337211461192434,0.916425625888395,-0.10418245798883796,0.8945470030210458,1.091265362814338,-0.07374687596818685,-0.6370632072001623,-0.3384294269096775,0.2929886136521937,0.5133535703653711,0.05365957397688026,-0.3309151240774014,0.3898325757450891,-0.5499621085494555,0.045379401067248304,0.3639286966671387,0.0,-0.39107241776957685,1.4061535891091888,-7.664072175839733,-1.531886863385134,-1.107225842383365,-0.5284116006521236,0.04817690727586438,1.0168417656370392,-0.0019099537956218104,-0.43830492094773243,-0.6091710367857428,0.033796675461964465,-0.5549812743938137,-0.4635859026756273,-0.03934732285800471,0.46478055095006615,0.6693082147148744,-0.5304110591510904,0.14666805113626086,-0.0170724123671508,0.04866910361154582,-0.0012906518157600787,0.007036009734269178,0.39772781121550116,-0.4004309383424484,0.23791080039314022,-0.20481976090247805
962,9.81,3.8589209504133977,2.5421614295957724,0.036876396693178506,-0.8752752069824704,-1.7123769092141985,1.7357356920271192,0.8557219867738073,0.2624981750780644,0.36321518934995667,0.8049654169744046,0.3524896281638299,0.43579005943695087,0.13699434384027517,0.6470276315435757,-0.02021773273515942,0.7690961361574163,-0.15572532283013488,0.23063107907096472,0.49472249630193177,0.17180853942398877,0.8930804283488439,-0.5760396808244899,0.0,1.7780570241354217,8.053472222828447,-10.149539698983792,-4.072297171181731,-1.7155635371612679,-1.8874674891462193,-0.59068226632395,-2.195343984446243,-0.062226453929646736,-1.5306265031044388,-1.3067240291369178,-1.3859538218776906,-0.8915317536999042,-0.7092414745709877,-0.7238423367396458,-0.5986341565352782,0.1412383715735236,-0.0356243800278108,-0.9308025514754164,0.000365112838546325,0.047900729968151486,-0.006279220978118567,0.013776784427827576,0.5039909512587477,-0.4152732365864918,0.4636705858498551,-0.353094276539472
963,9.81,4.265309489887192,2.2999503373105648,1.9583048483823426,1.6777177601907614,2.9170535127100146,-0.9967794836068483,-0.5325527484592913,-0.12250879253662045,0.3630866931742568,-0.02693981121995992,0.3481635224755557,-0.3874055104353952,1.066442142397605,-0.7047555916274966,0.5959146847224894,0.5269127036346548,0.6080328394543548,-0.28075925155932824,1.145638545843564,0.33185922032706955,0.2909846730564306,-0.12475389479917169,0.0,1.793587722394295,8.952554009144402,-9.09223708301101,-3.946870198786706,-2.5156205994030802,-1.8024258710145633,-0.6042463376921908,-2.034512939571858,-1.682067895779015,-0.38401913452432723,-0.5491256467533367,-0.8137502265399287,0.18060990578742248,0.2747701925423841,-0.988140639567358,-1.3799745288070648,-0.294592574977473,-0.3059650956031872,-0.04242786918114702,0.01938915691467666,0.045999252953663805,-0.004853441448594357,0.008763346676444215,0.4494780702458074,-0.33219011265292003,0.29561072751635753,-0.22472389735337092
964,9.81,1.091893144555886,8.98439563332005,-0.7781730015815733,-0.6678312044588046,-0.9993653829409832,-1.232396582427036,-2.7088555957964005,11.36416834737676,1.4484991644793304,1.4538961917930144,1.359223527628944,1.6417275498571664,-0.4164712542575286,0.3813236394466806,-0.0032002347244004525,0.8703579449860551,0.5378337298418981,0.3493231179778107,0.7633756358099248,-0.158152042863551,0.003155318323045761,0.1535091274560645,0.0,1.0499228358549428,0.17309140156423497,0.3961165011050385,2.1977850971240875,-7.9164019075002034,-1.29581867381309,-1.7604345805673307,-0.9418869376062179,-0.5679886669020157,-0.10168880644083889,-0.8639662303029001,-0.29055555679465017,-0.637063922279236,0.47218737887334583,-0.07026316005452649,0.1394872845208463,-0.87253961052401,-0.6377383363165277,-1.380417361266484,-0.0077046831839759616,0.047792448125486164,-0.004196759417231562,0.011484735153932453,0.460286697609095,-0.43272102898774556,0.2274387368901199,-0.21321784584931158
965,9.81,2.4302922860061407,4.036551511308716,2.01504370974282,1.9745176388534436,2.0786604427641366,11.420579036590913,-2.8942797863213303,-0.6946420794093195,-0.5383043795202022,0.17496907178551657,-0.975182262898878,0.13068949360250903,-0.3447924205912717,-0.21321753927797144,-0.03601377679042719,-0.24917437212681925,-0.9706278339579896,-0.3742151619823076,0.2961579839710824,0.9350414492985881,0.1487439569507663,-0.8318329626378234,0.0,1.1542371822684383,1.2117177651226714,8.418504754435556,-2.6123127616452377,-0.7265902995792883,-0.6900803769476529,0.04131312007093291,-0.31891108737899665,-0.7902145314210897,0.08992912994259128,0.11597360909587551,-0.5640874185955709,0.04230247223374872,-0.21587717250005872,-0.7914789068353333,-0.23074527677353285,0.09659654790626726,-0.08456512865812824,-0.254829433134748,0.01995092781923583,0.049138402517474186,-0.0017221357213931367,0.011151280153126617,0.42984924328506746,-0.397382181494897,0.2669582987398845,-0.3055737087495073
966,9.81,0.5171659345545153,18.968766781691247,-0.49980740573465765,0.38089466107999126,0.2416448152905315,-0.4376284859290256,-1.8606372870312038,0.47583194575832044,-0.4783546637379683,14.917836238195758,0.5687964370817404,0.18881480117760763,-0.8566684829851902,0.3455746057176904,-1.0781233056330577,-0.5145914528664778,-0.2809584944868576,-0.04774452202416546,-0.592576849994537,-0.35813016448495233,0.4599442482462598,-0.7261418008335039,0.0,1.4539693701785037,0.4449931039617588,-0.10977620810755447,0.3530400905037624,-0.344315176201469,0.14137730336306842,1.0503073934346723,-0.0074986751379531435,-0.21971676699677228,-0.5698026832078142,-0.015545067577886328,0.695754592885111,0.4916019009999464,0.7146186879022229,-0.785476306863464,-0.1691879334773998,0.08487486764661958,0.26285590099950806,-0.08527705235759353,-0.004948588175590675,0.04861923536963502,0.0009462305062055915,0.015741124369756034,0.33245775833381547,-0.39107267252794375,0.34637263000624946,-0.32038848593548125
967,9.81,2.3847560226438507,4.113628357304317,1.9161975388916412,1.748274189267762,3.084512284199966,10.47123851650198,-3.6111568228734,-1.530283336079548,-0.526214464703659,-0.2949819922176946,-0.15760256550362117,-0.006945399861301937,-0.1375700558555803,-0.2713759835452672,-0.8775177731733881,0.14372253654295503,-0.13619402883889314,-0.260372622418591,0.08329601572412776,-0.5872703179925609,0.19938664119127292,-0.0006621867494192024,0.0,0.6822773356102011,1.758244502150958,9.579453383512776,-3.1575135028603167,-1.6487970558684046,-0.4064685921548647,-0.8129002560815985,0.21824252534607164,-0.3608806397583048,-0.2941282718491539,-0.5873766595450003,-0.3204062404573435,-0.5465327245652201,-0.5200387894005687,-0.10812522776115266,-0.29334214085556565,-0.5519715708794358,-0.3933395673532918,-0.5147867890479884,0.018972252860313274,0.051504900986395236,-0.0012464605813014408,0.00966580404201658,0.43710564817460174,-0.4256087916573251,0.27132094843301463,-0.2491242212624925
968,9.81,4.363052352648253,2.2484259199974073,0.5466056801024928,1.4436025124828942,4.613943683263151,-1.509519827672491,-0.04407614567839063,0.36006961138242,-0.9295790576158226,-0.08732467915767617,-0.29584895450140236,0.05002803740667508,0.590582190645921,0.35169823341659145,0.07969786893245041,0.3174760615695905,0.0761258757906549,0.49748143494960534,0.45292076772233414,-0.1511768864982552,0.4124672414237994,-0.0884781350320672,0.0,1.695214069187322,9.732237298491704,-9.01661028797157,-3.379409111807418,-2.5349339940852476,-1.1504551341146558,-1.3776549850389386,-1.2323884009112325,-1.121577869047508,-0.5006434537467805,-0.28097515578848486,-0.13142375982538568,-0.5418131742123871,-0.6677370974334551,-0.5578683411235308,-0.44094807578222256,-1.0224820385156514,0.6066620038541098,-0.5484112490992267,0.0054119374267573486,0.04879341979196961,-0.004958876384465713,0.008360412342525417,0.48646101434093514,-0.43360471503921183,0.299596662634694,-0.20999158138766122
969,9.81,4.04360647075395,2.4260521074324224,0.6237952732611924,0.5214168744228908,-0.41851969779947773,0.30559992649571355,0.6579866687947412,-0.21794501226270016,-0.076730020359694,-0.300101185558929,-0.8166498004254407,0.07079150219701166,1.263079631920305,-0.5889364038836061,-0.7011204410511568,0.8929945357447152,0.12711112109239306,-0.8592929004227474,0.6877329868707877,0.7400445093190671,0.7836450102254378,0.7702745302212725,0.0,2.1680419296856175,8.351305593735281,-10.782676763546453,-3.050046259451536,-2.6467586897151767,-1.712980056093618,-0.6564605609368853,-1.2625520243992985,-2.202360167678214,-1.0194095882045597,-0.3294850711722801,-1.4138503296900957,-0.6891520337926531,-0.431809922598939,-1.0169936897372656,-0.8082800025007075,-0.6290167081757428,-0.8504960656251511,-0.19407221205990988,0.006176190824368234,0.04911905595338266,-0.006612422342012307,0.010399353349987275,0.3996221141038603,-0.4591079836771918,0.3426704586402201,-0.28219344771696453
970,9.81,2.0052465020623695,4.892166618872316,1.173174738885638,-0.08220337877115153,0.1304620922244007,-0.7486051480693112,1.5518310826506883,0.9528390802656133,0.011645650153836173,-0.5242115538050354,1.1157941944782765,0.0890817047751031,-0.22647300339816906,0.6480606417894136,0.3777805841624487,-0.12098762036374125,0.8040024184936109,1.2850989221265363,-0.3616587596688557,0.6752198585736584,0.41447584072366783,0.3741711286132551,0.0,0.72911387309881,1.930368579488004,7.708425499061185,-11.247324562109647,-4.335303353750613,-2.99029206406772,-1.9031946935801618,-1.2859794469939798,-1.0135940645229802,-0.8882089830185438,0.014644973116294091,-0.8646240428858617,-0.9990057642252674,-0.5716079253361932,-0.22105645969769555,-0.31918733436254787,-0.64540077298454,-0.45008401904801887,-0.6932697748915579,0.011615591474115233,0.050258610821637885,-0.00668054155016678,0.010013723411168195,0.3980958000361608,-0.44307203087843006,0.23628157802421046,-0.3200453437941647
971,9.81,3.7079736644339203,2.645649858329738,-0.6689579926593914,-0.6654655649628852,-2.314875869562422,3.4037408001026943,1.0742993640732559,0.24527065447370894,0.9094964276414234,-0.16205642344775656,-0.8027472937423976,0.8150018128885108,0.2515914128310752,-0.24583228164445486,0.19336362207369023,-0.02669725986596687,0.8495691953046538,0.6919289129035064,0.6585883128632966,0.017512347151615593,0.825610738381807,0.48728107273281634,0.0,1.8921382155026167,6.1963299099919364,-11.197070103691473,-3.904532486461973,-2.1099840940523262,-1.5318378278447835,-2.1337011645624915,-1.5743669381830603,-0.08592758705181902,-0.9314206830776072,-0.4227848065645404,-0.30898062165175816,-0.3094572039875221,-0.21551659526843428,-0.6595727078779039,-1.3348765332243633,0.1326797197473491,-0.6200405242245279,-0.20053794039807987,-0.006623346461974169,0.04725956965547731,-0.005077458337344187,0.009435147799218736,0.38888761541588523,-0.4509812160016098,0.39405498065396743,-0.30242237248781845
972,9.81,3.706426057260834,2.6467545415569145,0.7728453516075712,-1.5610678912772482,-2.520550329324023,2.8482238654710956,2.1583466380393945,0.4426045281793129,0.49922868131689185,0.40039818202512795,0.6363795441227057,1.0177138887909267,0.13832802109388304,-0.12329750636756363,0.6036650225570183,-0.24192338717306006,0.6134084781960677,-0.42667636474871906,0.7907467147233246,0.710740449996016,-0.335534127696207,0.5919512048926504,0.0,1.6853198889784449,6.784613779382539,-10.02480614688377,-4.264827255219754,-1.5944383042488177,-2.0919919154892437,-1.0397427276855291,-0.423090709775902,-1.8072978567206324,-1.590703702882367,0.583996596773104,-0.6033651093391509,-1.1909138783486224,-0.6967450600556979,-0.6561467702632174,-0.6362211683242763,-0.886285879674983,-0.8415861700908083,0.3172131472192205,0.007651934174332389,0.045024451876097334,-0.006840667358603046,0.00772757995466037,0.41455023918167816,-0.3550352511779253,0.28000851701657015,-0.22990290427685675
973,9.81,2.7114232608966886,3.618026053503634,-0.23536360616087826,0.3173940213949533,1.0052079212708778,15.551162090929942,-0.24723569016363833,-0.5468302419540123,-0.2615441253776285,0.1002755336658061,0.25110507344370925,-0.2232902127286538,0.20480195361005327,1.0975354034673983,-0.16901330285413924,-0.12610013151867233,0.08428283160060207,0.025949167723793742,-0.37534365542659465,-0.07375176174718773,0.4132782528202293,0.44741257318654426,0.0,-0.20269389554930423,-0.015060453568784703,1.8106098375695712,-0.541666266938601,-0.6004865545989198,-0.2863892405194051,-0.1307397106824257,-0.21509652097775817,-0.6962654801867051,-0.1563898620138009,-0.610334751597957,-0.37599009713026155,-0.5767459206908843,-0.2801352596745264,-0.055703214532055796,-0.34966467538216506,-0.4354082399793687,-0.0420356976987053,-0.18501313951190956,-0.0023303327342661193,0.05086635557401982,-0.0014775408461346739,0.006758029402839459,0.4412825228248023,-0.40312053341738735,0.2304915771360897,-0.24226674145362653
974,9.81,0.9674167582219781,10.140407344224496,0.4456106974378866,0.8865324166559057,0.654212958392443,0.47727695006319326,1.7531729044464306,14.666250347079671,-1.8732582599813266,-0.41272689260507445,-0.3976135939337687,-0.5213953399655586,0.014655154943170934,-0.11160881163209124,-0.4774937873733529,0.591158592658955,-0.2503942704556667,-0.07319068775070614,-0.10707091845926203,-0.12316002466969558,0.04743168598430147,0.5076591269513007,0.0,0.26353741692545307,0.5142212579807202,0.14756406404489697,1.0132245166881793,4.946547944238156,-1.0428216504491425,-0.9105047393399818,-0.7122689858930513,-0.38170498801262004,-1.0502916359821781,-0.24000955040453953,-0.40687034469621386,-0.3251751571184539,0.3397612751107745,-0.3412200404358794,0.12322589211569135,-0.015019434507703974,-0.17542185391594187,0.9015563139547235,0.004411987103345416,0.05254077208022975,-0.0003530775857311177,0.01216196990278347,0.40166532546952743,-0.3533468884483632,0.2584722604382576,-0.3259788324558004
975,9.81,4.667787040554293,2.10163829557123,2.5367914792296613,2.2594954128582705,7.274958551261068,-3.0499554107378746,-0.27531736740524293,-0.5520936349640375,-0.4792481995081992,0.8344273666369635,-1.091625714245556,0.024544458796917523,0.6564619369608525,0.1098392218109712,-0.10240069675702493,0.28852152429334565,0.3362381444057035,0.20659859116684937,0.19302597085871825,0.5876448783278369,0.2701533618021552,-0.1724673822805557,0.0,1.6673860468385442,9.887140100485107,-5.382747655361189,-3.1274330248506144,-1.4183163169007122,-0.9514055698182838,-1.2218885752195563,-1.3309019919683633,-0.183576228668687,0.19408760635608008,-0.7741935751234039,0.5813438703332414,-0.09116036784675008,-1.2681810884295663,-0.20941213930996067,0.3250089933920247,-0.3443889289546702,-0.04724360498200448,-0.6116555089152733,0.025116747319105563,0.04607835510081364,-0.003975564197069234,0.009377664254675658,0.37952624981533983,-0.5041110234510818,0.3060125985566773,-0.19224910848633864
976,9.81,3.0766118135953913,3.188572557854101,-0.9940959539677833,-1.8519054100264847,-2.8516364862889207,12.707340406762633,1.0429794983819587,0.6554893356071803,0.26733056512127806,-0.012571763887733622,-0.3100071114741211,-0.08812228334963423,0.07996137425052718,0.35941896332057677,0.4431682307140592,0.1669486247152081,0.2338660167949001,-0.17789947691764352,0.16721501011500253,-0.14037555925627138,0.002223732360128128,-0.7661549388309404,0.0,0.6125953248735352,1.2713466335569095,-6.901198111230722,-0.3893848348483535,-0.4355983577414404,-0.12995918614884794,0.0069252381450415346,-0.17184462569725917,0.5916180376613889,0.5368098510815876,-0.635988002560687,-0.3029808316862296,-0.2494946637771584,-0.004396736263230838,-0.710910108517923,0.13896536794499598,-0.05178100583259097,0.18187765629971087,0.23366913934395678,-0.009842534197700826,0.046070628136616706,-0.0007154288598141763,0.006366303447497502,0.37842956998282273,-0.3756589260562173,0.15637582009058898,-0.1945392803930558
977,9.81,1.3028438228746646,7.5296822441501,1.4202749257946978,1.3416751031761205,0.18537861818038176,1.5371237163431095,3.9850588023330342,-1.349014533879835,-0.6817261591940786,-0.4287458812863991,-0.0903803425360839,0.3838104137635344,0.4860531543119681,0.034700638667562345,-0.2541628708313704,-0.02107944034981657,0.7363738242843085,0.4918065056889213,0.28086318321381354,-0.36562202461952276,0.6807979886575383,-0.4211025101752677,0.0,0.7025709484406226,1.3844251228132007,2.380606785140847,10.374989242104586,-7.581016940538408,-3.2721836623858076,-1.0476430602922138,-1.136777213933002,-0.9557531044327402,-0.9657390972687714,-1.573582401184286,-1.4496117895290532,-0.7069736001876672,-0.8906538894001925,-0.6483247465324831,0.2486227811046143,-0.9810503036248541,-1.0333505953959148,-0.7975427361537406,0.014062127978165327,0.04542451087836056,-0.004486831801983857,0.00835155966750763,0.4026842122800768,-0.4202858765171388,0.20197201177172047,-0.20222271316647775
978,9.81,3.532617089043872,2.776978017352893,-0.47763307355456724,-2.110675439038263,-3.4376374134522494,6.072598324537321,0.7640218489211662,0.27172798396354536,0.3989401068062701,0.8686251257394773,0.36776975466508066,0.8774768877696884,0.33987438528618885,0.21916445267432536,0.18093385800323733,0.561720735129072,-0.3641076768600806,-0.28650690823508995,0.4808196171271725,0.38079688815551377,-0.05189337264851038,0.18739777332657148,0.0,1.8531145411586865,3.8853362920223065,-11.700086365060994,-3.795934940036748,-2.430058357483374,-1.0859624820373424,-0.7761764483761496,-0.317739504557204,-1.45407266595917,-0.110682932925529,-1.5070083656969082,-1.0423239881367088,-0.5076610164007996,-0.18023413934045052,-0.48208950272744827,-0.5852770171169137,0.3777663545637125,0.6559894616110659,0.6790180317717804,-0.0047290403322234375,0.0502251523883533,-0.005188935029367625,0.008424068893361001,0.42190073440850406,-0.36543490629955133,0.27230643018950296,-0.3200195714371702
979,9.81,3.9697156035316543,2.4712097741391204,0.2762029834076791,0.37175921009414375,-0.11891827367315103,0.5732965659348539,0.4750454136854708,0.20760655829221603,0.2157854566342801,0.1716354155031393,-0.6734986756416081,0.30010747276866245,0.15222379708108172,0.09557350538709553,0.5996724051961937,0.44354937966945285,0.9540504694449854,0.7910755591684596,0.20850382062642409,1.2579065996945256,-0.07911260375741286,0.1579600108488901,0.0,1.4209117484445495,8.458275764140028,-10.531669208108893,-4.371350644267865,-2.8535845375396094,-2.1189552406649064,-1.1317042537833486,-1.1797624855407718,-1.4963406723384183,-0.5130882230616873,-0.6675118284660067,-0.7539638274014613,-1.0448012717044233,-0.3440024630049882,-0.5842898485880409,-1.148474146970328,0.09457370448455482,-0.3890235908525058,-0.9950573302823156,0.002734683004036425,0.04814909900441001,-0.006494375915460267,0.006971965207741518,0.3517614840124329,-0.3845864991887402,0.3606682277412039,-0.20292257658479157
980,9.81,1.0015249589814728,9.795062930809571,-0.8897831158306083,0.16193518113165273,-0.18165880336162132,0.5865281438076875,0.07769792801462683,15.85983105103933,0.1912998286896792,-0.08904488274955047,-0.44471224855026914,-1.2062042030722488,0.14853755784523992,0.5253797217238294,-0.3537083988391769,-0.810339979334748,-0.03769947385328881,-0.33810355687383287,0.7916141349537403,0.37331571072061864,-0.247145967697592,0.2680866690440465,0.0,-0.51922585890286,-0.37853470782883214,0.6272336438262585,0.04610688904594962,1.441305840555675,-0.6785564992515174,0.21298110486649624,-0.4693677036764428,-0.06709770325866882,-0.5546519675578852,0.9815368544928601,-0.17763275500906384,0.26931158346333584,0.3255812460846853,-0.8575721249387376,0.40162535460107407,0.25063820408004867,-0.39443595335847925,-0.5010390857829478,-0.00880973382010503,0.053682362661834425,-0.0011342891843527916,0.012125793952434339,0.4129136912599559,-0.4273097653174783,0.2881668080138369,-0.31687140749581144
981,9.81,2.412453324136912,4.0663999182283295,2.488593424745471,2.078786044609188,2.9063311946709334,10.96698275677516,-3.3713470339801574,-0.7942040372924355,-1.1384936817834799,0.06070526024019918,-0.2132641076862184,-0.26638415848041797,-0.09662206201483098,-0.05366123983659132,-0.07179197715816604,0.3305398558393801,-0.2956667099450754,-0.9811246751373685,-0.4052756880189831,0.1374132547250143,-0.40062911794227674,-0.5950480147890893,0.0,1.0320274528705227,1.3329713517931514,8.362445879797162,-3.0334443163766336,-0.7798450465196636,-0.6367735581524219,-0.5445538023898749,-0.7963460526670685,-1.1388512891576914,-0.4872858778036774,-0.4680954637528199,-0.43599531166304506,-0.5117102035210168,-0.22951409236655002,-0.6903210742941457,-0.5040385900853799,-0.12416734075464621,0.14636287463171244,-0.15838227761418175,0.024639538858866054,0.04783966938476123,-0.0010147831473579967,0.007398529998008016,0.39254082110469235,-0.3552983313176759,0.1878040664154104,-0.2117106573314104
982,9.81,4.773442234201173,2.055120711362643,1.2178076722459212,2.3357101336244814,8.89405767414926,-2.6905786507923004,-0.201372484144972,-0.5443954556738433,-0.8316306568124054,0.15934255899885486,-0.14486257580290518,-0.8842776259347,-0.5379588587343748,0.2860157512327883,0.06291979101605572,0.3088361285746635,0.34789172187938017,0.14392190968630877,0.3066336021992586,0.07663527634908718,0.06754683450047383,0.8956025716948196,0.0,1.413564198203476,11.021158169303218,-4.825709721834425,-2.3824152961381184,-2.1070153904968825,-1.468076666523014,-0.9082718865535016,-0.7502056115136005,-0.9016296998815962,-0.3785954474177747,0.246975260728659,-0.8603958965178422,-0.9423957470522278,-1.434319082640235,-0.6480232469540487,-0.09129408452950533,0.2875392368433049,-0.4692071832929467,-0.34510917149638076,0.012057501705405167,0.05325961159634602,-0.003970594430161651,0.006694613200176978,0.3617670925131689,-0.3981343533598313,0.20314731708606507,-0.2830829673939005
983,9.81,3.1432311773750583,3.1209922040135853,-0.8215949329597072,-1.590000648376442,-3.3527373119714055,12.037026952217165,1.66929875783334,0.5213236055351798,0.40241137178345276,-0.007626375915892991,0.9103633443570537,0.11142759282641623,-0.24254515432259927,-0.17848097430322613,0.5433990908982368,0.4331452536646518,-0.007717374095116913,-0.2607319935935565,0.12709775796985112,-0.5833066552088655,-0.41934152837367245,0.05009628680219169,0.0,0.23656184331917693,1.5238744535250635,-7.927631592445506,-1.1336336107421356,-1.5377722022333253,-0.0519240425310481,0.49526648876080137,0.3331537773452258,0.30112626111165747,-1.3497632029380309,-0.6924994863740191,-0.5923104490610487,0.00027371784767710183,-0.14162348439096992,-0.15630572416303132,-0.2314118488814937,-0.36164337420116743,0.002610427833863671,0.17246657364743212,-0.008134603296630774,0.04898067880128243,-0.0018958511474827223,0.009382908377997032,0.3160243517363598,-0.4315368909956886,0.27533049117164,-0.2491777312238391
984,9.81,4.031720863983929,2.433204165406007,0.19437642937286526,-0.037619836389576666,0.12836285376443507,-0.000894019293768325,0.6957256119431555,-0.1863532932077955,0.07105869016649974,0.07126922869532577,-1.0174694439963576,0.0013150044338088723,0.4992506755292442,-0.5021522814497554,0.44794022886743085,0.7283476698710436,0.2866263159566619,0.3618729121881371,-0.10740916849044574,-0.07245357919141042,0.9531829515343673,0.9143546770490448,0.0,2.2980255058098935,8.342568891871416,-10.168532465996249,-3.291064232280047,-2.882726040495734,-2.3834076005355307,-0.4241428237775039,-1.707268117796394,-1.784453394194669,-0.06127944511979122,-1.1054693497556607,-1.1232227046972885,-0.5696636956171063,-1.5314386765297314,-1.2698590064154738,-0.3304952386665079,-0.23251875889467716,-0.6877042616144735,-0.22245680193653927,0.001924519102701634,0.04753396051484387,-0.008110655487590353,0.009278841460117277,0.3557072140908431,-0.4833845284665991,0.31462680582479974,-0.26236082825279505
985,9.81,1.1815275343485379,8.302811161661982,-0.600703745311367,0.45467909000109297,-0.3677939233374693,0.3567834332446092,-1.8274376072404368,3.7198761796390123,1.4247390637158643,-0.36952534393436265,1.1883429662664051,0.5876874661988751,0.8996375553640614,-0.5362030581149313,-0.3316091988317098,0.17134569126870514,0.3332093897234747,1.1439232021066854,0.924935024831088,0.9025475992456968,0.9418808946144368,0.2547074493104584,0.0,1.3660677846086575,1.5123282380927758,1.7760894970458119,6.557258555532847,-11.13732680758617,-3.5723128714642174,-1.3662889083235488,-0.8623003319657503,-1.1312827937179573,-1.8486130989891505,-1.4180050720093789,-1.0715808170972707,-0.670698909854516,-0.10465833191300444,-0.5308769159263703,-0.8934102821948718,-1.0179852484842764,-0.18287343698924804,-0.6079023460034616,-0.005947561834766011,0.04837602452255565,-0.005742671630242211,0.01452006985691194,0.40145216067672984,-0.4091936785068807,0.26900976832672263,-0.2897056545569247
986,9.81,1.7019009429775038,5.764142760763293,-0.6520379430950571,-1.0460338497499866,-1.4534800808860915,-2.089388047004575,12.92033532066965,1.7368625647142037,0.9512842348907481,0.1956921826562419,1.0845413049262578,0.05272551119443458,0.49763277076550516,0.8354415396888062,0.5064220407666853,-0.46948064615211993,0.6113348748291766,-0.33602620440670805,-0.08440148157888329,0.5876215969557677,0.34785705872847966,-0.24902210877362885,0.0,0.2873138207726898,0.025922073651620914,0.5380031727415979,-6.05255009029539,-0.6819796450406597,-1.115212093166519,-0.5703282703479289,0.1663079994618447,-0.5714697646325351,-0.7870511745855278,-0.0409092209264732,-0.6271225295507356,-0.3346194631456507,-0.5431915905852089,0.045833469784655745,0.13960550994851262,-0.5914807885694866,-0.6932020636510262,-0.8549715151779042,-0.006455821218762947,0.045596742002046595,-0.002239643906104977,0.007650600983880322,0.37970727713914887,-0.36799929826406486,0.24588823133112836,-0.1841158791534699
987,9.81,4.834088132563142,2.0293382600781253,2.2514176844384943,2.4325902054904516,10.19814549468363,-2.7835188477892983,-0.7020259734460086,-0.0939173619002287,-0.9955208678101366,0.6162321054563789,0.1192746354778037,0.23429637650631663,0.05163274872426915,-0.08857229070399858,0.2706775519853206,0.08834272331805446,0.036360427093432235,0.26163803688701887,0.8190443148308213,0.1667153362033637,-0.08586547464499711,0.3241968457360856,0.0,1.427944048125456,10.228643928543836,-4.533365039971769,-2.87326937995933,-2.2813523769091786,-1.2433381204614329,-0.9186717058471684,-0.8378404309886999,-1.4810813276254802,-0.459727948866701,-0.14066514391702767,0.5489686064212425,-0.5490561258494737,-0.5305093762186406,-0.8579676436396573,0.35556382131094133,0.49228437403571196,-0.1518191329321978,-0.7734905787196356,0.022291264202361334,0.05532225517879137,-0.003635468530424879,0.008291378271724414,0.40283525160113987,-0.5152577477214066,0.34006000928816815,-0.24163839320515987
988,9.81,0.8635400279629175,11.360214561381358,1.2906068512003983,0.8298084496115871,1.162150345532623,2.0480588619778635,0.8765144761443877,3.707741547516804,-1.8859777681264656,-0.5007222277629023,-0.3683977075418006,0.19641844698504846,-0.5322592705770139,-0.24755375544829844,-0.4789087679295253,-0.15951990821416379,0.0020618647359241793,-0.09658786456632082,0.3514910765843602,0.5468501209107552,0.35836118154111674,0.5853712891687062,0.0,0.5172832316603357,-0.01715863667613693,2.009226934591731,3.123724913507137,10.478110191503879,-7.9490451839227685,-3.3253632979201675,-1.1846888787349554,-1.227116329097549,-0.7516393623466365,-0.9674242015012894,-0.44724965374565495,-0.8431754750106045,-0.7934597904783692,-0.3251132210647047,-0.008013836706331157,-0.94131616402433,-0.7483104332996934,-0.7217687454569212,0.012778285655449497,0.04883921508861672,-0.00630652410041173,0.011519455602291591,0.386033470418507,-0.3884850437347838,0.32478961387322014,-0.25680261117088793
989,9.81,4.523462047142059,2.168692894460781,2.0744304707832706,2.240219410724664,5.997529799113178,-2.086329453597249,-0.5596977758692228,-0.5807866227333792,0.06871959130022831,0.3780472088270024,0.10526128756362729,-0.5532257989726855,0.7061514327329423,0.7340179204710089,0.19357548887207554,0.3065506895952482,0.6440645844932423,0.150718709447734,0.1917803071411518,0.039812016946490364,-0.3048108145502702,-0.1390766667179853,0.0,1.200076763787527,9.904582405868243,-6.474136161031421,-2.976408757498873,-2.5067655994428124,-1.5547709027506895,-0.9645667223584566,-1.3918165824469357,-0.9420419196912043,-0.7866658183889146,-1.2635469927028364,-0.9475273369541629,-0.5571273413543554,-1.3225274747129367,-0.40000000582166123,-0.35460877990006023,-0.5540198557434108,-0.193974429452107,-0.13543915836499845,0.020538915552309623,0.04485651963154912,-0.004379065682306684,0.007152862842878078,0.3467735149515486,-0.3501162967742725,0.22568407066192703,-0.25517740222592183
990,9.81,0.7860168717072824,12.480648129972083,-0.2621398129257606,0.6289978658011914,-0.2829351492484896,-1.2791080276217768,-0.8765857340444383,-3.0178305873308737,7.044781554330046,1.4886705232655846,1.4297640214862417,0.9470855436373468,0.2197014886766121,0.7812622831021074,-0.3175861573220833,0.7257637720004391,0.380024327925999,0.5520167114247272,1.3535028178052855,0.3660511801934159,0.5225335147563895,0.7246149113255094,0.0,1.6495073882205136,1.139323189915797,0.937905192246914,1.8557896680435917,4.280779740430033,-11.22267032729568,-2.7397018298484506,-0.8158267847127227,-0.6956831372743003,-0.7267394425763262,-0.9125610663199449,-0.2699608372109421,-0.27930203814334453,-0.4571196253168551,-0.3581264890987338,-0.48719952468246774,-0.023971907791488112,-0.10061791115677579,-0.178573453518451,-0.002595443692334262,0.0477029860535594,-0.004029423308908297,0.010448810607040403,0.38945987081632116,-0.39012669794244204,0.25542947412861655,-0.2543069779826069
991,9.81,3.174905006196862,3.089856225887889,-1.4640210120421455,-1.385735579541671,-4.398408747280543,12.253854330857498,1.1404628028645398,1.5043494622620064,-0.02200236856716975,0.19944512882110565,1.4321690390329223,1.0157728331743268,-0.1724622560645015,-0.05465102165364355,0.277399833545819,1.3988138542639255,0.19521418821631054,0.24123293869646417,0.10144563848591909,-0.23526486956619808,-0.08372380585679773,0.9629511949619811,0.0,0.1545783800094826,1.4199438952026382,-8.430248622203123,-1.4628162049717406,-1.8201936465904685,-0.5198515829950587,0.3488550786066034,-0.2023851976763424,-0.25066358714064463,-0.36720116144521026,-0.8016212339735984,0.06129837080600792,-0.4981826847758565,-0.8573249986780414,-0.32922466163488096,0.7010576738391474,0.4577512786206836,-0.377036583045432,0.04264850276263853,-0.014495257544971744,0.05287012985644308,-0.0013826762551004573,0.006024783340712396,0.3940271235056355,-0.47683690168846055,0.18459481691607688,-0.21793841289458288
992,9.81,0.562095486366755,17.45255074615417,-0.770971242109445,-0.23251326178390963,0.1756710611829848,-1.0241784044281923,-2.4049664297242326,-0.9280499124744939,-3.659410657490753,9.532108979475248,2.7190415365089438,0.38473421762622206,0.5031489941013236,-0.3694489510275528,-1.1564223374507019,0.6083733819904767,0.40502351338762876,1.0479177392763712,0.5829340697741152,0.47753252102050403,0.9260559347944839,-0.19375299420572642,0.0,1.0933236542368276,-0.4187663757506576,1.1255444635343954,1.3327793302653343,1.10442032330826,4.707685661561727,-11.237631586010567,-1.845356293124759,-0.6643332141153093,-1.8541168356919655,-0.127740466695905,-1.8376983779219938,-1.060381820458992,-0.19495675609647845,-1.9921090209422498,0.5125402627495778,-0.3487895091684319,-0.16466841410959338,-0.27260271444103656,-0.007633378634746976,0.060812808424982004,-0.0035620622885582163,0.01928791323266017,0.559687724516605,-0.45291753837370285,0.33785735056365046,-0.3684587664907849
993,9.81,4.56049704795991,2.151081317855123,1.5217684855545144,2.2284032233118323,6.30579912212921,-2.8362839517524,-0.6583564730311569,-0.9992652603852139,0.16812519128729286,-0.6017057327867715,-0.1851468130643279,-0.597389558525474,0.9609638817286403,0.6932593675455818,0.05153678088588923,0.7340380571593135,1.2493360753596454,0.8956765551130902,0.021409406919847107,0.43624627758201634,0.014333110464465892,-0.7174903667847863,0.0,1.6597133093823475,11.145479440368915,-6.308875149344074,-2.5254562961851996,-2.4097159605596663,-0.9520106594627487,-0.5166249463051098,-1.1894951096480375,0.37396458452962755,0.14141791422348104,-0.11606071975228316,-0.5790041567014863,0.2668167003576652,-1.4617337618354724,-0.215923949400539,-0.311788112796408,-1.1290130827431364,-1.0015916903201991,-0.9686541542472091,0.015067014708460549,0.050531462645172116,-0.004972575320041992,0.006452771631639887,0.35542109681950673,-0.37113828091486334,0.2089812269195472,-0.30614787914758157
994,9.81,2.9061791588516956,3.375566151907915,-0.3894887842462391,-0.8324957577795358,-1.09562280540887,15.128893092553009,0.7372484557641301,0.24718451858653778,-0.6151835122292721,-0.4616041537501028,-0.04094646133967084,-0.23284585945523706,-0.24859144553880186,-0.3910889392440022,-0.47856833321911185,-0.5581245509502355,-0.30876742420508435,-0.1842664388711685,-0.8330113334769064,-0.49372837450477636,-0.6088147619196778,-0.744304429430108,0.0,0.31184278216896355,-0.06360378956334398,-2.501918600128447,-0.10944191493782104,0.5112380612665229,0.17482040719288722,0.14737359686165674,0.04611421087806733,-0.003215116542764185,0.3374519550652699,-0.10524172477553506,0.06907238589953314,0.5771244740381989,-0.0570831272457692,0.030658288764644867,-0.32121360752738903,-0.598671266837039,-0.5219038491182488,-0.31275083312932306,-0.0038563245964973966,0.049485628408134294,-0.0016840184600118283,0.007637415764763673,0.3681374378395395,-0.41676387199259024,0.23694723579532884,-0.22073053644630428
995,9.81,2.918020546615617,3.361868034609232,-1.54450596464625,-0.43509637894330133,-0.22165286472256152,14.113137072834078,0.14613192585830181,0.2975051544880072,0.8301084979616129,-0.02685943403471458,-0.04694551614348563,-0.35651014218580057,0.4002426026006539,0.07021753343936676,-0.16040214274684822,0.02065642504605336,-0.28728668479483394,0.3058266160414235,0.9676971834606768,0.211359388590262,-0.17743466646431416,-0.864297662614042,0.0,1.5908644708067237,0.4860359930277939,-3.3704354940197985,-0.23749364002698792,-0.5814698315480948,-0.580741478758728,0.013636351493700821,-0.17044290542912677,0.015833684116636423,0.3362185478405747,-0.05048441286898003,-0.5194399122539881,-0.45314018526350425,-0.7308356132171839,-0.14465036582676444,-0.3828869208895142,0.17814540035267074,-0.4440071653957865,-0.2429738760069784,-0.015292138263824246,0.044806014320228675,-7.191231467144454e-05,0.007914066198657508,0.3493898077957044,-0.40830881514912587,0.22879833984467002,-0.28356654718782276
996,9.81,2.248274402653757,4.363346390645528,1.0691632590772462,1.018098779290637,2.476964785799707,6.371962622777106,-2.1771710007456617,-0.2704253052118435,0.014966145780819118,-0.9099779671440449,-0.25870336844857533,-0.03736760678832152,-0.013710063451265658,-0.46973374415447067,0.5318951492856929,0.13029407195916,-0.5495884203597424,0.33186104174137193,0.6443546581585589,0.6526121135696971,0.36865106582434987,-0.06836275119703,0.0,0.8686288470398831,2.228260933923547,10.753834182576766,-6.013422424103408,-3.2732444460826917,-0.8978149937933764,-1.5980783032886072,-1.494341238913636,-1.4958942856453226,-0.9336355970561379,-0.4715002977963735,-0.17700716248996795,-0.41223909179247203,-0.28727750063218305,-0.38932789219718783,-0.4096814841738645,0.0667494943236446,-0.5298208534141637,0.5289939873258017,0.01058577484234897,0.04775884841190129,-0.0025819921961185268,0.008038627671919174,0.3577807900990583,-0.3664083003381512,0.34967323619934354,-0.22044521279746174
997,9.81,3.6377562630713034,2.6967172318789614,-0.6625532392665245,-1.532209138423936,-3.36897286281941,4.950994954097219,0.11271268696237391,0.5876585605100236,1.3901294784981577,0.10487287173437343,0.8968587844448643,1.7460112990290593,1.1875405908071386,0.6703227332922634,-0.13267341373567496,0.8160250926778343,0.3646123296729396,0.17618827473914986,-0.25975793175888595,-0.03553175472371661,0.49248896715027934,0.1365430308051999,0.0,2.1558400656205556,4.811017600795095,-12.184955989867433,-3.953919947509306,-2.024762776802833,-1.1854223891483608,-0.47701859490858334,-0.18886920190568723,-1.3014885137904126,-0.7937779371313202,-0.315625446774339,-1.8165895899242632,-0.724855185031376,-0.08268176769989716,-1.2421751487695813,-0.6791804240555211,-1.076093834035573,-0.5845104907410799,-0.45335296369816924,-0.006559933062044806,0.052259115602989126,-0.0051196615460774066,0.007887557200403088,0.4306353553903025,-0.40314167333152545,0.1845032911630845,-0.219649016839763
998,9.81,3.502129656499766,2.8011527162602796,-0.4946723429550283,-0.7436168209127356,-3.3711143239180954,6.769991547947875,0.7808775967208785,-0.12022172294456968,0.701998637462882,0.7915236616904961,0.41659164323024844,0.3764520902851395,0.6789716421715187,0.6174154108332732,0.2676010754845393,0.6303999362730623,0.29021378790733887,-0.027602412763389816,0.2187000224231367,0.4100412639253567,-0.06484104841188687,-0.08754926464084234,0.0,0.4465252604350501,4.006349121751288,-12.280620634579797,-3.4837715982196316,-2.893514417162934,-1.7220113430662751,-0.9945215760493997,-0.6179882614037462,-0.1414444784128337,-1.0424507248982886,-0.18794703713349847,-0.6257218960068155,0.31646383708096143,-1.081421300598024,-1.0262201126414554,-0.4833205260678903,-0.7753439726766864,-0.09606600604471069,-0.2604253519042972,-0.004897745969851774,0.052901289798215206,-0.004866022247618959,0.006936019628578892,0.36004758913092133,-0.43764909443534755,0.16853267841840713,-0.27490505851935804
999,9.81,3.2075560126481424,3.058403333041381,-0.8519682362480233,-2.4632413556852204,-3.0939881032814203,11.985113877340343,1.5693702208466282,1.398368279838722,-0.09790937100483332,0.9307638387936292,0.8533133659891456,0.7417654535712971,-0.27551551126221824,-0.4571266908225853,-0.8710050492509201,0.6659811335427603,1.089510816737962,-0.316422612462988,-0.28832658449698745,-0.6686311224370263,0.28884809584503196,0.9847886817086974,0.0,0.04869037629768884,2.0366096019571094,-8.890238980994798,-1.900911261389192,-1.4818002511768458,-0.6310753828317589,0.16679410874459766,-0.02275447772096928,0.0824502001471934,-0.32034938255286405,-1.4961718463112548,-0.26795181204038326,-0.947081084832346,0.3885622925346436,0.4811757169445926,0.13600360907506506,0.3491178830812877,-0.13529109647906107,-0.2631418140560097,-0.008435329071762619,0.0544108892171533,-0.001910376759890967,0.009874318667398433,0.4566037506873567,-0.46078573839377335,0.35484237202817076,-0.24889313852264675
