id,g,l,time_values,trajectory_values
0,9.81,2.6135295996414456,"0.0,0.1,0.2,0.30000000000000004,0.4,0.5,0.6000000000000001,0.7000000000000001,0.8,0.9,1.0,1.1,1.2000000000000002,1.3,1.4000000000000001,1.5,1.6,1.7000000000000002,1.8,1.9000000000000001,2.0,2.1,2.2,2.3000000000000003,2.4000000000000004,2.5,2.6,2.7,2.8000000000000003,2.9000000000000004,3.0,3.1,3.2,3.3000000000000003,3.4000000000000004,3.5,3.6,3.7,3.8000000000000003,3.9000000000000004,4.0,4.1000000000000005,4.2,4.3,4.4,4.5,4.6000000000000005,4.7,4.800000000000001,4.9,5.0,5.1000000000000005,5.2,5.300000000000001,5.4,5.5,5.6000000000000005,5.7,5.800000000000001,5.9,6.0,6.1000000000000005,6.2,6.300000000000001,6.4,6.5,6.6000000000000005,6.7,6.800000000000001,6.9,7.0,7.1000000000000005,7.2,7.300000000000001,7.4,7.5,7.6000000000000005,7.7,7.800000000000001,7.9,8.0,8.1,8.200000000000001,8.3,8.4,8.5,8.6,8.700000000000001,8.8,8.9,9.0,9.1,9.200000000000001,9.3,9.4,9.5,9.600000000000001,9.700000000000001,9.8,9.9,10.0","0.29328950949366456,0.2559261981663604,0.3389139962758316,0.16317363077307417,0.15909259736679154,0.09646138861030362,0.006708357749510077,0.12056713081601353,-0.07031212564021713,0.06420615900162781,-0.09849059226717817,-0.16597036436937485,-0.20964813934715046,-0.2632893487805979,-0.25491633213623505,-0.28992115776039407,-0.30356396865638635,-0.2916451955033105,-0.2598712870495882,-0.25945127529156786,-0.24398437970504785,-0.08826779213101099,-0.17125522051238365,-0.08392330199097639,0.03221765426847586,-0.010247741631367602,0.08798823767860656,0.167131374418771,0.29461399370786306,0.2323910962078273,0.28346556904438486,0.33334554579789666,0.06535795921789828,0.3888419591399372,0.2881342605489206,0.2721015603898951,0.30873188255622086,0.13716313764082885,0.21422650763264262,0.07443380987871105,0.007065510460320917,0.05638267726573063,-0.13955955748739338,-0.21056832265785816,-0.09985946422447457,-0.25970147083342665,-0.2628623591695637,-0.23794460343065127,-0.24815332584199612,-0.21920299709149743,-0.3058222561266901,-0.3657106185873789,-0.2466479831342191,-0.22635697918738013,-0.1601239168556882,-0.06644287721688319,0.04222306064233861,0.01618065364063237,0.05921696017151515,0.10722434013202722,0.1867380166187247,0.08923136366696857,0.4059142701526658,0.29113085129678085,0.3136669060818657,0.28033911779406484,0.3345489558194527,0.22742993177118098,0.311597230077907,0.19562732353988507,0.2889175377089887,0.10531584973045516,0.06286152417338214,0.04353273370772341,0.007173533575487681,-0.09561382887112112,-0.01838084469809273,-0.21407835523080465,-0.20941456748670406,-0.2971669972317784,-0.2514011526314693,-0.29110780356013394,-0.296286492509033,-0.48329592114702213,-0.19596880539960576,-0.28559830721769514,-0.16779724548543717,-0.19258564978205095,-0.14101328632508914,-0.04059291633458942,-0.016740597761531254,0.11180722856415026,0.06380041186820774,0.19308189186916422,0.28299415623917934,0.3440506614359816,0.401403261098372,0.32100419417142045,0.3217889066713128,0.27866034218009716,0.18370375088003804"
1,9.81,2.5144488417070514,"0.0,0.1,0.2,0.30000000000000004,0.4,0.5,0.6000000000000001,0.7000000000000001,0.8,0.9,1.0,1.1,1.2000000000000002,1.3,1.4000000000000001,1.5,1.6,1.7000000000000002,1.8,1.9000000000000001,2.0,2.1,2.2,2.3000000000000003,2.4000000000000004,2.5,2.6,2.7,2.8000000000000003,2.9000000000000004,3.0,3.1,3.2,3.3000000000000003,3.4000000000000004,3.5,3.6,3.7,3.8000000000000003,3.9000000000000004,4.0,4.1000000000000005,4.2,4.3,4.4,4.5,4.6000000000000005,4.7,4.800000000000001,4.9,5.0,5.1000000000000005,5.2,5.300000000000001,5.4,5.5,5.6000000000000005,5.7,5.800000000000001,5.9,6.0,6.1000000000000005,6.2,6.300000000000001,6.4,6.5,6.6000000000000005,6.7,6.800000000000001,6.9,7.0,7.1000000000000005,7.2,7.300000000000001,7.4,7.5,7.6000000000000005,7.7,7.800000000000001,7.9,8.0,8.1,8.200000000000001,8.3,8.4,8.5,8.6,8.700000000000001,8.8,8.9,9.0,9.1,9.200000000000001,9.3,9.4,9.5,9.600000000000001,9.700000000000001,9.8,9.9,10.0","0.27367242702127337,0.20161792722180547,0.3437384781321118,0.30733282521342853,0.14675267158266125,0.18404196213626373,0.08643503646886211,0.0266852166516095,-0.01960880483808761,-0.12309260826199483,-0.24188787648736854,-0.21167264007639106,-0.19056804081223191,-0.24734120223879263,-0.33470758791846006,-0.293070646984238,-0.33643026996685516,-0.3226820535241622,-0.2967870344524083,-0.30712281527355756,-0.2585452874188693,-0.21776081637419356,-0.07330697344250317,-0.04551166231612995,-0.029507246986617434,0.058440904289413176,0.09957509199342221,0.044591733810823736,0.22508299058071027,0.23897374621405326,0.22846700461158606,0.23506078946301812,0.25657403003193163,0.29673767932541295,0.3150543247123966,0.2782331387446914,0.3757182261035763,0.0994158845727161,0.05392729176466659,0.04106723700361939,0.03187542825657815,-0.09345560719139048,-0.07581677326139118,-0.1633122313795033,-0.1868283962396823,-0.3082696212339903,-0.29104315462638514,-0.3058036325349714,-0.2996566039914869,-0.34592583592470516,-0.17960687686643487,-0.21549333033786824,-0.26001941844981125,-0.15889926119572748,-0.12124285334738417,-0.08911472135676946,-0.12083078841729808,0.07745068195852635,0.15044181097576634,0.17754446879915545,0.2631152680494707,0.2823070312864012,0.28418903373871723,0.27976568199812046,0.342669092970981,0.2181622900721302,0.26109359337875127,0.11697329467821121,0.18059236270041307,0.12171849051163897,0.14407360181295606,-0.08767781147352968,-0.12926318662749903,-0.026769341330312314,-0.025800180740075715,-0.21134009170158075,-0.17016143516605545,-0.21006439140734154,-0.2372265170365923,-0.26903823188695153,-0.2212540217270241,-0.2710390827841501,-0.23255048187160804,-0.2566767949917182,-0.2715736919432985,-0.1759461873831144,-0.11224612883570964,-0.08315278623993883,0.02586056537788963,0.034492071324404086,0.1353006439881088,0.08126181699131463,0.29164362667075056,0.37193303219344176,0.27536381702553603,0.3231687382743245,0.2704290346022223,0.3284056253613832,0.262807970009063,0.22848902418027078,0.18195873445132962"
2,9.81,1.0582556274484494,"0.0,0.1,0.2,0.30000000000000004,0.4,0.5,0.6000000000000001,0.7000000000000001,0.8,0.9,1.0,1.1,1.2000000000000002,1.3,1.4000000000000001,1.5,1.6,1.7000000000000002,1.8,1.9000000000000001,2.0,2.1,2.2,2.3000000000000003,2.4000000000000004,2.5,2.6,2.7,2.8000000000000003,2.9000000000000004,3.0,3.1,3.2,3.3000000000000003,3.4000000000000004,3.5,3.6,3.7,3.8000000000000003,3.9000000000000004,4.0,4.1000000000000005,4.2,4.3,4.4,4.5,4.6000000000000005,4.7,4.800000000000001,4.9,5.0,5.1000000000000005,5.2,5.300000000000001,5.4,5.5,5.6000000000000005,5.7,5.800000000000001,5.9,6.0,6.1000000000000005,6.2,6.300000000000001,6.4,6.5,6.6000000000000005,6.7,6.800000000000001,6.9,7.0,7.1000000000000005,7.2,7.300000000000001,7.4,7.5,7.6000000000000005,7.7,7.800000000000001,7.9,8.0,8.1,8.200000000000001,8.3,8.4,8.5,8.6,8.700000000000001,8.8,8.9,9.0,9.1,9.200000000000001,9.3,9.4,9.5,9.600000000000001,9.700000000000001,9.8,9.9,10.0","0.408193574115807,0.24160167897507084,0.3041490468850745,0.2073456618663711,0.2023019256754876,0.004395559219345672,-0.095937585627929,-0.11047835014184096,-0.2680736164076615,-0.2561991529889116,-0.35283111384201793,-0.2771054784703168,-0.3121725893723341,-0.212963803364029,-0.1550657010978519,-0.06320513119372638,0.05290863906570134,0.13512996859907092,0.24860074673867616,0.2821680220847258,0.2951922278582832,0.1932117322895371,0.0731696959239373,0.2541537620376233,0.19389962068761266,0.0862887917373435,0.005378983132497685,-0.20130840256805813,-0.13175047048214883,-0.1957667936397922,-0.29538976402126815,-0.33107358765033773,-0.27650692117658277,-0.29627841321863685,-0.2423793167765135,-0.16762006000137922,-0.0021084740593952656,0.06318832481684665,0.22297888174232586,0.19354232902247803,0.2643828065872664,0.3092797415095974,0.3287287186485178,0.4017298268678564,0.27534841166849466,0.13421512451771356,-0.09607781268394716,-0.07044916205576644,-0.0201564751512905,-0.3323066034769868,-0.277032821729319,-0.3797433748003246,-0.23656388519417587,-0.26764549620893535,-0.30917827534685893,-0.12105663527758231,-0.005027695029920676,0.026120439630167448,0.08415908048100415,0.24984390555384065,0.2681246032537469,0.18759116922031874,0.18313988474866844,0.2291449591767849,0.17952329080412993,0.17129569212944878,0.17853357792426777,0.06525217899160343,-0.10047751830084428,-0.19754808504012253,-0.2253406415663758,-0.2624989429965445,-0.32360035929319625,-0.288172993278237,-0.1448053340088474,-0.12985775873194974,-0.11701815576371193,-0.1168357576715073,0.10423243993872675,0.1627628291795726,0.2011557945014761,0.21411060651925204,0.25816212393340454,0.19884886914754848,0.15395408544710842,0.19789711644626412,0.17896964782426256,0.0366494799860564,-0.0245441803646859,-0.13388016453080587,-0.22283580735931502,-0.18370328380314055,-0.23064666729943278,-0.2723943386287881,-0.32016454549199236,-0.2703747769319378,-0.23690071162743484,-0.12798461294225408,-0.01787721419340782,0.0087990724020066,0.22973882897290346"
3,9.81,3.8968249166424935,"0.0,0.1,0.2,0.30000000000000004,0.4,0.5,0.6000000000000001,0.7000000000000001,0.8,0.9,1.0,1.1,1.2000000000000002,1.3,1.4000000000000001,1.5,1.6,1.7000000000000002,1.8,1.9000000000000001,2.0,2.1,2.2,2.3000000000000003,2.4000000000000004,2.5,2.6,2.7,2.8000000000000003,2.9000000000000004,3.0,3.1,3.2,3.3000000000000003,3.4000000000000004,3.5,3.6,3.7,3.8000000000000003,3.9000000000000004,4.0,4.1000000000000005,4.2,4.3,4.4,4.5,4.6000000000000005,4.7,4.800000000000001,4.9,5.0,5.1000000000000005,5.2,5.300000000000001,5.4,5.5,5.6000000000000005,5.7,5.800000000000001,5.9,6.0,6.1000000000000005,6.2,6.300000000000001,6.4,6.5,6.6000000000000005,6.7,6.800000000000001,6.9,7.0,7.1000000000000005,7.2,7.300000000000001,7.4,7.5,7.6000000000000005,7.7,7.800000000000001,7.9,8.0,8.1,8.200000000000001,8.3,8.4,8.5,8.6,8.700000000000001,8.8,8.9,9.0,9.1,9.200000000000001,9.3,9.4,9.5,9.600000000000001,9.700000000000001,9.8,9.9,10.0","0.23577156103155514,0.2637044311344361,0.3406281346042618,0.25434863799252727,0.2491542830465682,0.2152265864272656,0.1644270034293594,0.1553926477584821,0.08806972067124894,-0.04610187438131547,-0.052078960489729105,-0.03544271909322866,-0.12470307356110112,-0.14659740560163353,-0.16630269384987448,-0.24055540898236571,-0.34609547965764265,-0.25052426786131965,-0.29031322747622107,-0.37500482613334074,-0.2580425845644411,-0.34377815677346746,-0.2748990937895387,-0.4427906796896858,-0.2350674438896568,-0.1771837174675344,-0.0974959800988232,-0.12440570513265663,-0.05781415229039272,-0.03205220295542625,0.011071566121701818,0.006008677576796177,0.04140135176301213,0.15942807365072098,0.19156095038287077,0.258455837543047,0.3253496523283588,0.2364025297734505,0.22156146044868824,0.16766646626613513,0.32237891367455135,0.3061357539971464,0.31892143183545046,0.2558867003260029,0.3183763013182247,0.11394797462463974,0.1637430526242237,0.11950602780716471,0.10279385401137076,0.20073269083925627,-0.028557565530354587,0.043829488139155666,-0.10179731664073259,-0.20270749783393122,-0.13785610892833014,-0.20963102353929597,-0.2473126219184288,-0.2706042201624394,-0.3141152696730043,-0.26714909971840234,-0.23992257314418686,-0.2792903437069243,-0.2969946590163078,-0.15299824805698,-0.23064491159569533,-0.23297082564736415,-0.1235087503123977,-0.1045664414848874,-0.04442976547150658,0.017654976414172463,-0.008706346129455818,0.10543669879930159,0.09663012501690678,0.17466124570318237,0.23085674542230367,0.23379465059246546,0.31001064208040746,0.1925421339666018,0.38437981593415804,0.27223249282720674,0.32041181103318134,0.3000325211250622,0.3514134977337017,0.22271124082021596,0.2608564134060924,0.1702783852431649,0.14382739062269603,0.07650252411761585,0.19301942027948837,0.07644694598822958,-0.1220431015793522,-0.06151914114698692,-0.11205974531685198,-0.1848269807637213,-0.12089144194951923,-0.20674473434756857,-0.12890919940532475,-0.24687349658745475,-0.2556000368370787,-0.13819927885530217,-0.17859319368315116"
4,9.81,4.878448046463118,"0.0,0.1,0.2,0.30000000000000004,0.4,0.5,0.6000000000000001,0.7000000000000001,0.8,0.9,1.0,1.1,1.2000000000000002,1.3,1.4000000000000001,1.5,1.6,1.7000000000000002,1.8,1.9000000000000001,2.0,2.1,2.2,2.3000000000000003,2.4000000000000004,2.5,2.6,2.7,2.8000000000000003,2.9000000000000004,3.0,3.1,3.2,3.3000000000000003,3.4000000000000004,3.5,3.6,3.7,3.8000000000000003,3.9000000000000004,4.0,4.1000000000000005,4.2,4.3,4.4,4.5,4.6000000000000005,4.7,4.800000000000001,4.9,5.0,5.1000000000000005,5.2,5.300000000000001,5.4,5.5,5.6000000000000005,5.7,5.800000000000001,5.9,6.0,6.1000000000000005,6.2,6.300000000000001,6.4,6.5,6.6000000000000005,6.7,6.800000000000001,6.9,7.0,7.1000000000000005,7.2,7.300000000000001,7.4,7.5,7.6000000000000005,7.7,7.800000000000001,7.9,8.0,8.1,8.200000000000001,8.3,8.4,8.5,8.6,8.700000000000001,8.8,8.9,9.0,9.1,9.200000000000001,9.3,9.4,9.5,9.600000000000001,9.700000000000001,9.8,9.9,10.0","0.321844904817963,0.3353843372974349,0.28142532665863884,0.2696111102580476,0.18667279136480863,0.2838233624683703,0.2196272573970966,0.15363746107943632,0.15464493278747465,-0.012837606446822913,-0.016988173854378917,-0.13691679827205222,-0.2084407021236322,-0.29046935804479995,0.02702041882581535,-0.2085014980562517,-0.13581723419966696,-0.31220701196191203,-0.2210002747135828,-0.19629034684249183,-0.2523688726201222,-0.3099051442931535,-0.20051031425111882,-0.283556068208954,-0.2260592272203728,-0.17948806846068502,-0.2157868649239113,-0.22040120035418356,-0.30924570793333456,-0.16667693930432376,-0.1993193734920018,-0.14097716976059702,-0.11045351007541776,0.022123023008504848,0.09314927627855388,-0.009310220575163217,0.16108777103513533,0.13322184555319086,0.18244223764534195,0.26939056261981553,0.22721383152767352,0.3457328166306816,0.39458988031947073,0.33963226144703207,0.3557561998119214,0.3285537380918251,0.40799794831700864,0.31648221005766924,0.3260079961873037,0.1698910457725279,0.15737754786607894,0.12726580959276174,0.1744162986488202,0.07107349412549846,0.06299489196550329,0.029207294293729598,-0.010585354093477427,-0.019014784605446297,-0.10211125026597248,-0.1151688952027407,-0.15689647606790647,-0.18118538529373981,-0.22735660576237193,-0.24389359567453225,-0.3101589282043537,-0.3947637773679078,-0.32624497860918744,-0.2432368446818351,-0.39102395336815543,-0.33949711287589973,-0.3770656791590417,-0.28894574205632995,-0.30752224512369214,-0.17593781395944458,-0.2612399559663452,-0.07985754238013329,-0.1565350062242845,-0.024908716529124526,-0.01118753067690096,0.027813203824375445,0.1663827059159007,0.2564699071391758,0.255944424851691,0.1898787721607818,0.2197296148524117,0.3096974153703534,0.28912109503659067,0.3662553184915397,0.3761694038323927,0.343363662559447,0.3676401576984107,0.2052010476317432,0.25088895566355257,0.20974522424715275,0.17492374951211442,0.2627073415797574,0.15885033208707447,0.08755406588985681,0.16228038278755724,-0.0943364564706283,-0.10048680713158778"
5,9.81,0.8735890875796966,"0.0,0.1,0.2,0.30000000000000004,0.4,0.5,0.6000000000000001,0.7000000000000001,0.8,0.9,1.0,1.1,1.2000000000000002,1.3,1.4000000000000001,1.5,1.6,1.7000000000000002,1.8,1.9000000000000001,2.0,2.1,2.2,2.3000000000000003,2.4000000000000004,2.5,2.6,2.7,2.8000000000000003,2.9000000000000004,3.0,3.1,3.2,3.3000000000000003,3.4000000000000004,3.5,3.6,3.7,3.8000000000000003,3.9000000000000004,4.0,4.1000000000000005,4.2,4.3,4.4,4.5,4.6000000000000005,4.7,4.800000000000001,4.9,5.0,5.1000000000000005,5.2,5.300000000000001,5.4,5.5,5.6000000000000005,5.7,5.800000000000001,5.9,6.0,6.1000000000000005,6.2,6.300000000000001,6.4,6.5,6.6000000000000005,6.7,6.800000000000001,6.9,7.0,7.1000000000000005,7.2,7.300000000000001,7.4,7.5,7.6000000000000005,7.7,7.800000000000001,7.9,8.0,8.1,8.200000000000001,8.3,8.4,8.5,8.6,8.700000000000001,8.8,8.9,9.0,9.1,9.200000000000001,9.3,9.4,9.5,9.600000000000001,9.700000000000001,9.8,9.9,10.0","0.286254246416986,0.24102048503456924,0.25235213774666604,0.08515283967432417,0.0659815792505877,-0.09149332604405028,-0.06549313819094221,-0.2226326892254094,-0.34547751920406955,-0.30439510894532795,-0.26012601915905065,-0.2824938034355979,-0.0824055263829098,-0.07479736901073673,-0.0717227270212801,0.07433554687351038,0.30575721484302143,0.246151661586649,0.2981486337940803,0.30587828724727656,0.40500047369871556,-0.0669499614116145,0.16632723424183538,0.16123001915981125,-0.08316371394199734,-0.18368835385073584,-0.34271562784298054,-0.2970054638937895,-0.3286889808498735,-0.26788161371492397,-0.3722576762837475,-0.1550650927015976,-0.17896382482533918,-0.11806324830300202,0.1430938732011177,0.11619613915522961,0.20632897556058993,0.27759450151170945,0.28378706016370553,0.2816364221046115,0.24823320243375951,0.2215257714113063,0.03756734539622143,-0.11137105097598488,-0.20949382795953936,-0.24900529329645443,-0.3307048242926163,-0.2121466111773032,-0.34741881114995804,-0.4612593998752318,-0.15389675779715845,-0.11844610780904016,-0.08964190880630257,0.12823550559455238,0.21420064593417054,0.2874371437909605,0.27338716097441546,0.3333059636925745,0.16708224170796768,0.16679850092597914,0.12589383129796405,0.014979836693185596,-0.18668010829919732,-0.14974090602378454,-0.11678158210648062,-0.11260200752700614,-0.3148067397670594,-0.19377827650610796,-0.22111219051022446,-0.17039181597782782,0.015857809244416515,0.11134111209434433,0.15003061515382532,0.24303926811723198,0.299857270693051,0.565338806441975,0.43470036581053517,0.13423119634563854,0.11729322377704758,0.04624894574610523,-0.016982387516892048,-0.16613719443936076,-0.211919448569857,-0.3252391422588629,-0.2502527170702041,-0.3349015332768489,-0.20944318338839515,-0.22832152558469246,-0.23172590909749569,-0.014816347876103093,0.09299937894550303,0.1902796398482181,0.2759464234410236,0.0989516548723558,0.2942775338807169,0.3111007179373477,0.302039214149351,0.17757509252985765,0.13752638483271368,0.09658702023233137,-0.09136030885181148"
6,9.81,1.8693868690108288,"0.0,0.1,0.2,0.30000000000000004,0.4,0.5,0.6000000000000001,0.7000000000000001,0.8,0.9,1.0,1.1,1.2000000000000002,1.3,1.4000000000000001,1.5,1.6,1.7000000000000002,1.8,1.9000000000000001,2.0,2.1,2.2,2.3000000000000003,2.4000000000000004,2.5,2.6,2.7,2.8000000000000003,2.9000000000000004,3.0,3.1,3.2,3.3000000000000003,3.4000000000000004,3.5,3.6,3.7,3.8000000000000003,3.9000000000000004,4.0,4.1000000000000005,4.2,4.3,4.4,4.5,4.6000000000000005,4.7,4.800000000000001,4.9,5.0,5.1000000000000005,5.2,5.300000000000001,5.4,5.5,5.6000000000000005,5.7,5.800000000000001,5.9,6.0,6.1000000000000005,6.2,6.300000000000001,6.4,6.5,6.6000000000000005,6.7,6.800000000000001,6.9,7.0,7.1000000000000005,7.2,7.300000000000001,7.4,7.5,7.6000000000000005,7.7,7.800000000000001,7.9,8.0,8.1,8.200000000000001,8.3,8.4,8.5,8.6,8.700000000000001,8.8,8.9,9.0,9.1,9.200000000000001,9.3,9.4,9.5,9.600000000000001,9.700000000000001,9.8,9.9,10.0","0.32394174959799427,0.31418097703389986,0.3245489364359091,0.09968042579919409,0.11834736526408743,0.1375051565893194,-0.11467610215379806,-0.2109154429118285,-0.06087082550204719,-0.15554984449293496,-0.2614871693672474,-0.3949261128730014,-0.3178530716064721,-0.3016615557043322,-0.1879884363447772,-0.29150478586989886,-0.25881919316271934,-0.19875390777912427,-0.14179555439172578,-0.10461579541716666,-0.021342121023801362,0.030841983437268187,0.064009850454535,0.20787908098972532,0.22288492643100255,0.2888597309138866,0.2668680663455151,0.37619861185805387,0.3506214189161506,0.22646838599126212,0.41733254751843113,0.19869864170325083,0.130491957915693,0.063431711737516,-0.044781544846843505,-0.026777054798962783,-0.08991308297264718,-0.08610236332734192,-0.3779935791649872,-0.2519997277993221,-0.3214831282235504,-0.398976957315531,-0.32449298095624735,-0.3181784873861738,-0.2856609096374526,-0.11889451883523347,-0.04369342496626491,-0.09100136002646585,-0.07509636301879019,0.1031935718548687,-0.2529390320135615,0.19233673931718384,0.2386531185121105,0.10865538142780334,0.15662519042390063,0.35635180007895956,0.2915576788579277,0.21199194571428595,0.1779006018525664,0.22995860332660906,0.11252507025979676,0.08841691203140982,0.023412357527435076,-0.04013535170737885,-0.03909438476320076,-0.2909340457772601,-0.16330247013013316,-0.2936811045157258,-0.3173036349205573,-0.28407446995889774,-0.28115986129581705,-0.23295620393165878,-0.23358420261393298,-0.1631436852687334,-0.18642283507868346,0.1195874675961871,0.01382758914769949,0.14827523906698953,0.1121962264156528,0.2121698051919509,0.13628223485628607,0.27662004007956564,0.3228921580387516,0.2966956879988517,0.25183757685939323,0.22824292810555383,0.22783507411133425,0.18881354207556905,0.18864459077021242,0.03312769781134684,-0.09504931015541312,-0.11251487550149178,-0.20049295155091332,-0.1643072316204828,-0.21649276052290573,-0.29299449262548016,-0.2872542537968208,-0.2860145417471041,-0.3499289559111392,-0.11155350483635551,-0.23980627070551958"
7,9.81,4.0822370748647785,"0.0,0.1,0.2,0.30000000000000004,0.4,0.5,0.6000000000000001,0.7000000000000001,0.8,0.9,1.0,1.1,1.2000000000000002,1.3,1.4000000000000001,1.5,1.6,1.7000000000000002,1.8,1.9000000000000001,2.0,2.1,2.2,2.3000000000000003,2.4000000000000004,2.5,2.6,2.7,2.8000000000000003,2.9000000000000004,3.0,3.1,3.2,3.3000000000000003,3.4000000000000004,3.5,3.6,3.7,3.8000000000000003,3.9000000000000004,4.0,4.1000000000000005,4.2,4.3,4.4,4.5,4.6000000000000005,4.7,4.800000000000001,4.9,5.0,5.1000000000000005,5.2,5.300000000000001,5.4,5.5,5.6000000000000005,5.7,5.800000000000001,5.9,6.0,6.1000000000000005,6.2,6.300000000000001,6.4,6.5,6.6000000000000005,6.7,6.800000000000001,6.9,7.0,7.1000000000000005,7.2,7.300000000000001,7.4,7.5,7.6000000000000005,7.7,7.800000000000001,7.9,8.0,8.1,8.200000000000001,8.3,8.4,8.5,8.6,8.700000000000001,8.8,8.9,9.0,9.1,9.200000000000001,9.3,9.4,9.5,9.600000000000001,9.700000000000001,9.8,9.9,10.0","0.22894324394748905,0.25585005845813663,0.24179549456639704,0.17057372581337582,0.28286325941904955,0.22795049168844084,0.12438176539645601,0.15259378054540354,0.1202052680433951,0.05767250500891359,0.08349340990104148,-0.033015453019743526,-0.08005141528111115,-0.06596996919122722,-0.202559152449158,-0.24106004379920581,-0.35006706401731247,-0.25979037983016745,-0.32929531462742434,-0.23287310160424596,-0.34491542802041936,-0.3178591494492843,-0.2943367887709547,-0.19918333119363274,-0.17202449337473846,-0.2399419114914159,-0.20878837581453957,-0.21721183410557335,-0.07461379006871,-0.06827181337283299,-0.03315012638657221,0.014254086786601642,0.07627536131237841,0.001598670223352347,0.16380794346432803,0.08200222956712505,0.24567919329940302,0.1824352623117394,0.2831497373083014,0.3475082741101573,0.2722264996888154,0.2351063267707606,0.3520810203120871,0.3140227568000223,0.23713452275293606,0.29750604644723205,0.17965252759525488,0.17775373715746223,0.1505382764972871,0.05565280351229434,0.08137475472119837,0.053128643135963674,-0.019077467368925835,-0.13580093605397092,-0.15502723346487327,-0.23397249566394315,-0.21069455747626883,-0.20483641142927728,-0.39657428493316,-0.18424493172010453,-0.20831751573093632,-0.28062507799444936,-0.3044803713995728,-0.21116060152905347,-0.28074250406569407,-0.24191719629561065,-0.25003017179266684,-0.07792565187027428,0.0008742063574518344,-0.123235297418749,-0.23337570065435753,-0.03904556956636219,0.1975212589253486,-0.04910298876132256,0.14875601027164229,0.1423439662336775,0.1764376469999569,0.12459442884779379,0.3109637640773057,0.40054492611229764,0.2325326048462645,0.24596536603342373,0.25281177355585416,0.3117506141895087,0.27094105634316634,0.15349253606509403,0.22284300177619829,0.06660649499228682,0.18437072214819403,0.10952843946122541,0.05160358211939502,0.1051599053707301,-0.056388226265658384,-0.08171920911123398,-0.056412417373919915,-0.09182895508344296,-0.12594600651171783,-0.23367872692188907,-0.2815238620654017,-0.2791070195359032,-0.44209916761121937"
8,9.81,2.3049085014814255,"0.0,0.1,0.2,0.30000000000000004,0.4,0.5,0.6000000000000001,0.7000000000000001,0.8,0.9,1.0,1.1,1.2000000000000002,1.3,1.4000000000000001,1.5,1.6,1.7000000000000002,1.8,1.9000000000000001,2.0,2.1,2.2,2.3000000000000003,2.4000000000000004,2.5,2.6,2.7,2.8000000000000003,2.9000000000000004,3.0,3.1,3.2,3.3000000000000003,3.4000000000000004,3.5,3.6,3.7,3.8000000000000003,3.9000000000000004,4.0,4.1000000000000005,4.2,4.3,4.4,4.5,4.6000000000000005,4.7,4.800000000000001,4.9,5.0,5.1000000000000005,5.2,5.300000000000001,5.4,5.5,5.6000000000000005,5.7,5.800000000000001,5.9,6.0,6.1000000000000005,6.2,6.300000000000001,6.4,6.5,6.6000000000000005,6.7,6.800000000000001,6.9,7.0,7.1000000000000005,7.2,7.300000000000001,7.4,7.5,7.6000000000000005,7.7,7.800000000000001,7.9,8.0,8.1,8.200000000000001,8.3,8.4,8.5,8.6,8.700000000000001,8.8,8.9,9.0,9.1,9.200000000000001,9.3,9.4,9.5,9.600000000000001,9.700000000000001,9.8,9.9,10.0","0.28952766687390796,0.37673797293132405,0.2849750962831008,0.21146023362774619,0.25035463659222673,0.2290883431706192,0.010727006675707418,0.07271174238709704,-0.10491104806880994,-0.11144461567852267,-0.11695390779896692,-0.2037012209707894,-0.22761571474644643,-0.20280039423379312,-0.23269954309822674,-0.36521848516401645,-0.3082399170368123,-0.2677478946269979,-0.3150028031439143,-0.20505367209203823,-0.13746337488428398,-0.1760434120840203,-0.22687764330614296,0.021795597556905993,0.1309498882728259,0.11198103229013426,0.14746352520474765,0.22153440506142738,0.22443002506766868,0.26199165206216984,0.2670336107710605,0.2345854527120586,0.27595194916497895,0.37419807073199896,0.20907765754077282,0.17163162423476908,0.24098250140658076,0.02924480709089073,-0.0568471219632776,-0.08851512767782746,-0.07602502180076678,-0.12008634131902614,-0.2076592877924534,-0.2195227677902762,-0.30919608380744357,-0.2928621060376811,-0.29718378512291216,-0.1978753952164242,-0.2778980390799068,-0.21798357728001733,-0.21001517388258184,-0.2590204789869044,-0.11276128225249643,0.004111865697657247,0.05901249955519622,0.07042620978454588,0.1138512314023866,0.18007246176224606,0.21651169691197214,0.2230718856750836,0.265831871542757,0.29627377971256136,0.29010841037291907,0.30601849739256065,0.27234249594826543,0.2726587063075553,0.21674387213471877,0.23027272100538465,0.06752427900751327,0.12207480557306291,-0.14884134151397602,-0.153891544297153,-0.31789684022629483,-0.3038393360790305,-0.29300225530971236,-0.29024605221713234,-0.3340619139947367,-0.19697910617216574,-0.2715933149336283,-0.32992596785709216,-0.23057441065154097,-0.1487126790400911,-0.12770387649990506,-0.05870187398869799,0.07700793680217945,0.0696877165869011,0.1340334138080344,0.1856779725516025,0.23254700551432525,0.31901186503730206,0.2936967471633453,0.19110262194872374,0.2981432114528587,0.28686303212995923,0.320856050189034,0.2337765296567426,0.18407075378680585,0.18595209625375334,0.08813498218957215,0.021195341980541335,-0.010299209295785702"
9,9.81,4.921677413361546,"0.0,0.1,0.2,0.30000000000000004,0.4,0.5,0.6000000000000001,0.7000000000000001,0.8,0.9,1.0,1.1,1.2000000000000002,1.3,1.4000000000000001,1.5,1.6,1.7000000000000002,1.8,1.9000000000000001,2.0,2.1,2.2,2.3000000000000003,2.4000000000000004,2.5,2.6,2.7,2.8000000000000003,2.9000000000000004,3.0,3.1,3.2,3.3000000000000003,3.4000000000000004,3.5,3.6,3.7,3.8000000000000003,3.9000000000000004,4.0,4.1000000000000005,4.2,4.3,4.4,4.5,4.6000000000000005,4.7,4.800000000000001,4.9,5.0,5.1000000000000005,5.2,5.300000000000001,5.4,5.5,5.6000000000000005,5.7,5.800000000000001,5.9,6.0,6.1000000000000005,6.2,6.300000000000001,6.4,6.5,6.6000000000000005,6.7,6.800000000000001,6.9,7.0,7.1000000000000005,7.2,7.300000000000001,7.4,7.5,7.6000000000000005,7.7,7.800000000000001,7.9,8.0,8.1,8.200000000000001,8.3,8.4,8.5,8.6,8.700000000000001,8.8,8.9,9.0,9.1,9.200000000000001,9.3,9.4,9.5,9.600000000000001,9.700000000000001,9.8,9.9,10.0","0.29054735422834527,0.34450063030423433,0.4731878396891846,0.33269724225208885,0.21142497190762405,0.2673142759047265,0.251535084822579,0.16959561682595645,0.17497412730525425,0.07785616255819264,0.026427741079119042,-0.03271464423085802,-0.08180852020446874,-0.11027951265679786,-0.09523693155693574,-0.2664838215081935,-0.19815561937140794,-0.2178140866722511,-0.20896004158745776,-0.2730594031646429,-0.2010530021311873,-0.26962527976968886,-0.3609892190361599,-0.31943544266594154,-0.2242585020334701,-0.22113407110995292,-0.21653902260297522,-0.3307121673299195,-0.20999063143500366,-0.2109128157900887,-0.1516501925224653,-0.15090103668046206,-0.021940547641490296,-0.012030497347710124,0.04910570026467456,0.08533750050912306,0.16023215630254367,0.09349467051956137,0.1658303558458153,0.22072231323131453,0.25629959442074696,0.2777004332815601,0.2666625534977509,0.325422118789376,0.31197463206656295,0.39235265184729795,0.2562399857688811,0.2578125119892074,0.33183225937885263,0.1876193651182751,0.21047982602742943,0.1921047191124459,0.11039859189595484,0.1253747523708895,0.06115349244536481,0.00774199926732573,0.015189585397423,-0.07055062685340147,-0.05075258399906782,-0.21760248730388543,-0.10054273882976125,-0.1755011450213542,-0.25018671247826096,-0.22964277754065943,-0.2885571962379279,-0.22882935633250498,-0.39118633501490085,-0.4298644658804947,-0.237864859224862,-0.37174546189436924,-0.3606348733038809,-0.22956239628481895,-0.286472070125472,-0.22257449571692892,-0.22640539773834706,-0.11344867032592443,-0.10340166448743648,-0.09577260603426468,0.03932610640776506,0.02394480244007128,0.16842617210332167,0.18815347736855845,0.20988394071629696,0.21498477504872793,0.30461738324354837,0.19953624086819732,0.32041170957091497,0.2943734490591581,0.26645638009237954,0.33476380417728807,0.34647971868685046,0.1803962731885641,0.23705377460713348,0.27686062694724556,0.30414587667361687,0.06392602064288433,0.14875174738634367,0.08358676009378985,0.08779312641090009,0.07306761881440665,0.007828285074837977"
10,9.81,1.5652330576324562,"0.0,0.1,0.2,0.30000000000000004,0.4,0.5,0.6000000000000001,0.7000000000000001,0.8,0.9,1.0,1.1,1.2000000000000002,1.3,1.4000000000000001,1.5,1.6,1.7000000000000002,1.8,1.9000000000000001,2.0,2.1,2.2,2.3000000000000003,2.4000000000000004,2.5,2.6,2.7,2.8000000000000003,2.9000000000000004,3.0,3.1,3.2,3.3000000000000003,3.4000000000000004,3.5,3.6,3.7,3.8000000000000003,3.9000000000000004,4.0,4.1000000000000005,4.2,4.3,4.4,4.5,4.6000000000000005,4.7,4.800000000000001,4.9,5.0,5.1000000000000005,5.2,5.300000000000001,5.4,5.5,5.6000000000000005,5.7,5.800000000000001,5.9,6.0,6.1000000000000005,6.2,6.300000000000001,6.4,6.5,6.6000000000000005,6.7,6.800000000000001,6.9,7.0,7.1000000000000005,7.2,7.300000000000001,7.4,7.5,7.6000000000000005,7.7,7.800000000000001,7.9,8.0,8.1,8.200000000000001,8.3,8.4,8.5,8.6,8.700000000000001,8.8,8.9,9.0,9.1,9.200000000000001,9.3,9.4,9.5,9.600000000000001,9.700000000000001,9.8,9.9,10.0","0.32523913685478856,0.2878018391585339,0.29899774930409867,0.22379075472762183,0.20024711419219263,0.1870663572639337,-0.03598572210875686,-0.138154517042122,-0.15090302822227092,-0.12076366239001812,-0.21157179751217756,-0.17572361501483208,-0.300325827367227,-0.3276821686892173,-0.3279701115601884,-0.2254517457547021,-0.22582810584302776,-0.18153673973432993,-0.06317983134567537,0.019840294006935565,0.12020079910741488,0.11172788966093519,0.05164452571047648,0.22952364701031508,0.32212602757549175,0.23774011007408138,0.36623566556775927,0.21230082920145144,0.20417903535721044,0.005338846145098164,0.15084915375407199,-0.06761690229583052,-0.1304615966533416,-0.09852832545151688,-0.2579083381691753,-0.2222073183671798,-0.18261379181721304,-0.32385547475165843,-0.2718803392991951,-0.34053711313208246,-0.4168283549632681,-0.2717591382347956,-0.10488488799965448,-0.08572667055124221,-0.025025030080242275,0.06496715311257044,0.13783489728339282,0.1935192589970148,0.2663173296844352,0.27420544943555636,0.26213905125725057,0.3384691059353008,0.30585140677707917,0.2031878217429562,0.2010170107766102,0.10321217493465827,0.009849727297635634,0.01599081588888803,-0.004356515391177554,-0.28405916914244866,-0.34557797577675137,-0.1468886411790973,-0.30260569693337747,-0.2580433259940047,-0.316674159464364,-0.3148386778871747,-0.2500296553516072,-0.13184794950080608,-0.01925286131573803,-0.01271851248239769,0.08556537622742619,0.10391393204711488,0.2750150098291792,0.2606448945143586,0.29903320350008733,0.29682854059888353,0.2763036705458949,0.3001617732527497,0.3452870478006021,0.17594292260817074,0.12220145779759686,0.0199801037397645,0.06456698131415615,-0.12018243603645926,-0.1796576649038607,-0.2186442365172344,-0.2393262183914991,-0.3289195370225049,-0.34136345828645764,-0.3528407322333323,-0.2908161989132322,-0.1954721505753181,0.014542133100021032,-0.10672760542173995,-0.002047364147447654,0.045723789247525196,0.2561597862743066,0.20741499475196817,0.27564546770231996,0.2770111312283997,0.3098148827459337"
11,9.81,3.008131342186481,"0.0,0.1,0.2,0.30000000000000004,0.4,0.5,0.6000000000000001,0.7000000000000001,0.8,0.9,1.0,1.1,1.2000000000000002,1.3,1.4000000000000001,1.5,1.6,1.7000000000000002,1.8,1.9000000000000001,2.0,2.1,2.2,2.3000000000000003,2.4000000000000004,2.5,2.6,2.7,2.8000000000000003,2.9000000000000004,3.0,3.1,3.2,3.3000000000000003,3.4000000000000004,3.5,3.6,3.7,3.8000000000000003,3.9000000000000004,4.0,4.1000000000000005,4.2,4.3,4.4,4.5,4.6000000000000005,4.7,4.800000000000001,4.9,5.0,5.1000000000000005,5.2,5.300000000000001,5.4,5.5,5.6000000000000005,5.7,5.800000000000001,5.9,6.0,6.1000000000000005,6.2,6.300000000000001,6.4,6.5,6.6000000000000005,6.7,6.800000000000001,6.9,7.0,7.1000000000000005,7.2,7.300000000000001,7.4,7.5,7.6000000000000005,7.7,7.800000000000001,7.9,8.0,8.1,8.200000000000001,8.3,8.4,8.5,8.6,8.700000000000001,8.8,8.9,9.0,9.1,9.200000000000001,9.3,9.4,9.5,9.600000000000001,9.700000000000001,9.8,9.9,10.0","0.25229637578675834,0.3179757757981774,0.28103638500767975,0.20239490333445204,0.26866092033500316,0.16799318883544345,0.10009938216390003,-0.04624835856397767,0.09534032331692166,0.13620056481315812,-0.1050794770217735,-0.2616265782813213,-0.15112143405831385,-0.24231651936823598,-0.19634540347872714,-0.3177710511693389,-0.2688710034064982,-0.2843663950464349,-0.18930016079864248,-0.30276022519803103,-0.2200282423901487,-0.21409131956341138,-0.18526740520922633,-0.257073043574182,-0.090015389973623,-0.05341687685426507,-0.04317324585163865,-0.026028408701864507,0.11944161622937519,0.09064938437291492,0.20346503524138515,0.19237782495568495,0.27401735927508225,0.14188217107609125,0.209201767662174,0.3107703986661931,0.25623809220058974,0.3492881514132248,0.2742295978847259,0.13483872873832067,0.30376675403926745,0.0712360374505206,0.14798646959460252,0.11901500384135462,-0.059911512560339074,-0.031857872537436334,-0.03886436026279798,-0.16841860604942052,-0.30151082162440646,-0.26956221619765985,-0.051140061918328095,-0.29365779848233303,-0.2653732192868955,-0.19475051607502616,-0.2777622727208678,-0.28132874416754017,-0.27350551879123775,-0.20182103029272,-0.16881607068406163,-0.12909751335827158,-0.07114158836770353,-0.07019312109699744,0.016712407589832983,0.1003668200974065,0.1133917657431629,0.15127227877686544,0.2778364829741376,0.4206197472819492,0.21725451115350036,0.3215500293146526,0.32640392464300316,0.27353270919106976,0.26780985419996817,0.270393950851208,0.23458333159104386,0.1680816029359276,0.2654493309762255,0.08859933073895382,0.12986391219252405,-0.09471846243291059,-0.0744780173021897,-0.1433340705930219,-0.21676321692556344,-0.16254815195840683,-0.32935077093517806,-0.2262342341406832,-0.2904795468195537,-0.2916113775214568,-0.30146451153391424,-0.2937871384606132,-0.31922008161122223,-0.33623920633303916,-0.2634073168940146,-0.26357680434010616,-0.08188954597307489,-0.040576407544247135,-0.03510887074263461,0.05872073308999731,0.008048936033906107,0.29878860631661186,0.27504283364615834"
12,9.81,2.869447232615865,"0.0,0.1,0.2,0.30000000000000004,0.4,0.5,0.6000000000000001,0.7000000000000001,0.8,0.9,1.0,1.1,1.2000000000000002,1.3,1.4000000000000001,1.5,1.6,1.7000000000000002,1.8,1.9000000000000001,2.0,2.1,2.2,2.3000000000000003,2.4000000000000004,2.5,2.6,2.7,2.8000000000000003,2.9000000000000004,3.0,3.1,3.2,3.3000000000000003,3.4000000000000004,3.5,3.6,3.7,3.8000000000000003,3.9000000000000004,4.0,4.1000000000000005,4.2,4.3,4.4,4.5,4.6000000000000005,4.7,4.800000000000001,4.9,5.0,5.1000000000000005,5.2,5.300000000000001,5.4,5.5,5.6000000000000005,5.7,5.800000000000001,5.9,6.0,6.1000000000000005,6.2,6.300000000000001,6.4,6.5,6.6000000000000005,6.7,6.800000000000001,6.9,7.0,7.1000000000000005,7.2,7.300000000000001,7.4,7.5,7.6000000000000005,7.7,7.800000000000001,7.9,8.0,8.1,8.200000000000001,8.3,8.4,8.5,8.6,8.700000000000001,8.8,8.9,9.0,9.1,9.200000000000001,9.3,9.4,9.5,9.600000000000001,9.700000000000001,9.8,9.9,10.0","0.23371330361390177,0.2683658488002905,0.29096011307325087,0.3015164707152755,0.1890319077889353,0.17791773478810438,0.13200045251703935,0.04674509515934189,0.0353192436873248,0.011226082059226667,-0.010708909269426928,-0.132429348306935,-0.13839943795242488,-0.22742031887069838,-0.2517886315424223,-0.32698935554866515,-0.36409141355098196,-0.2874273314411722,-0.0522738968563326,-0.31996630648237845,-0.2593008698271469,-0.20927118987835752,-0.19037950376362534,-0.12109560164625549,-0.04337854851529504,-0.0016510317714575201,0.03724780374380886,0.04223438672043306,0.23724990809833119,0.2754433743221045,0.2421842039754404,0.17133572022673738,0.24479751945228592,0.3146715421939655,0.3492682735567572,0.25235566657791975,0.24855337706516686,0.17562120513041934,0.2003611890066397,0.041620899713595255,0.09262307089518557,0.047416900952547775,0.021032880390469237,0.04584253263722403,-0.07752881973394163,-0.1249507803709472,-0.24651978281271625,-0.1869996296967959,-0.2829464142696388,-0.3335365213096216,-0.2094332943406994,-0.33728782526673057,-0.3098348376342689,-0.12797377086121392,-0.21098201820058315,-0.24464766246926217,-0.2328858574573972,-0.11359703857934905,-0.07892184323599219,-0.08712849069479725,0.046762514859177866,0.08274550178706204,0.09276717234937475,0.17818410811694352,0.23188512168894773,0.24757055934789535,0.3052672037874036,0.3288052847577222,0.33548110642967016,0.3759212332111799,0.2789791059629958,0.2622744747996365,0.2940826144422198,0.2606416043468993,0.17169869903187432,0.08816632216379461,0.013641458222043983,-0.10012551109529179,-0.026170655830851708,0.0235091078530789,-0.20583650664961595,-0.28184807855133603,-0.16468591466756663,-0.3623105045625564,-0.308652884723776,-0.26424862072235833,-0.23453193304611875,-0.22641745745971525,-0.20277577275111033,-0.2024500694318276,-0.20357072737765017,-0.12267971748292733,-0.09457936859074978,0.055933034580434866,-0.08020819004676294,0.06780156293168642,0.18470622806150272,0.285792366418932,0.24619555365026197,0.31009161481231096,0.3026084351153641"
13,9.81,1.9372588439058493,"0.0,0.1,0.2,0.30000000000000004,0.4,0.5,0.6000000000000001,0.7000000000000001,0.8,0.9,1.0,1.1,1.2000000000000002,1.3,1.4000000000000001,1.5,1.6,1.7000000000000002,1.8,1.9000000000000001,2.0,2.1,2.2,2.3000000000000003,2.4000000000000004,2.5,2.6,2.7,2.8000000000000003,2.9000000000000004,3.0,3.1,3.2,3.3000000000000003,3.4000000000000004,3.5,3.6,3.7,3.8000000000000003,3.9000000000000004,4.0,4.1000000000000005,4.2,4.3,4.4,4.5,4.6000000000000005,4.7,4.800000000000001,4.9,5.0,5.1000000000000005,5.2,5.300000000000001,5.4,5.5,5.6000000000000005,5.7,5.800000000000001,5.9,6.0,6.1000000000000005,6.2,6.300000000000001,6.4,6.5,6.6000000000000005,6.7,6.800000000000001,6.9,7.0,7.1000000000000005,7.2,7.300000000000001,7.4,7.5,7.6000000000000005,7.7,7.800000000000001,7.9,8.0,8.1,8.200000000000001,8.3,8.4,8.5,8.6,8.700000000000001,8.8,8.9,9.0,9.1,9.200000000000001,9.3,9.4,9.5,9.600000000000001,9.700000000000001,9.8,9.9,10.0","0.2829208358546037,0.3317262133646443,0.34099336139766234,0.269069965284417,0.1793183816592675,0.15931758680732042,0.020720283191876812,-0.12908920655949768,-0.09181983012762374,-0.0766804825429562,-0.34029469898706033,-0.2549775110711668,-0.3229157160385097,-0.21870470464595887,-0.38051027843108093,-0.2952599237456949,-0.280134636644256,-0.1946217013170351,-0.12296801842394796,-0.2460052065910963,-0.07438582003883631,-0.023945423337705864,0.057793905891042455,-0.006527874266311295,0.15267044790850348,0.22317877623796534,0.2911280434268525,0.24054193821964912,0.2910800762947737,0.27592665211240686,0.27616509288938657,0.34496788130918943,0.1752883135383066,0.14840397387138812,0.15962990910650673,0.08289395182193725,-0.034630825210706706,-0.07773625504157425,-0.0955734182194356,-0.21556011374019715,-0.2878146214480196,-0.30795290714536916,-0.3325324597463074,-0.32916817921356134,-0.2743887650980082,-0.2686110960233295,-0.2469125606311121,-0.13176953242087655,-0.09266481276878913,0.1124578727926121,0.10843388340908708,0.18903714919328024,0.11837859068602562,0.2148169496676898,0.3131388345185157,0.22506361263084584,0.250544930186773,0.25473014093168594,0.36256355320408473,0.23094470029216607,0.2128714060233263,0.08628796619282274,0.07472784476874876,0.08468676264005712,0.0351328819186372,-0.0639630871739027,-0.19285078316694454,-0.36679421359391257,-0.32159650801986256,-0.20531092545074642,-0.32938203466970595,-0.3252905158830019,-0.17173686940466065,-0.2775252314689317,-0.23244422943040002,-0.09100032514254021,-0.0450528670959028,-0.0071528380020424755,-0.012797359450485338,0.06667300577500693,0.29067103547763107,0.22965067313072746,0.28015742817619216,0.3753975513204404,0.2847583022716266,0.26465807129857394,0.27272855935232737,0.19285494107393508,0.18045660613890918,0.10354918033761801,0.16749635695344733,0.0419071078630622,-0.07221221913968268,-0.1055398853177061,-0.2201950578994189,-0.31914175161675207,-0.32821283829075965,-0.23449875200784542,-0.2813783612973856,-0.15246088495279228,-0.2793174078259797"
14,9.81,1.5896951257334067,"0.0,0.1,0.2,0.30000000000000004,0.4,0.5,0.6000000000000001,0.7000000000000001,0.8,0.9,1.0,1.1,1.2000000000000002,1.3,1.4000000000000001,1.5,1.6,1.7000000000000002,1.8,1.9000000000000001,2.0,2.1,2.2,2.3000000000000003,2.4000000000000004,2.5,2.6,2.7,2.8000000000000003,2.9000000000000004,3.0,3.1,3.2,3.3000000000000003,3.4000000000000004,3.5,3.6,3.7,3.8000000000000003,3.9000000000000004,4.0,4.1000000000000005,4.2,4.3,4.4,4.5,4.6000000000000005,4.7,4.800000000000001,4.9,5.0,5.1000000000000005,5.2,5.300000000000001,5.4,5.5,5.6000000000000005,5.7,5.800000000000001,5.9,6.0,6.1000000000000005,6.2,6.300000000000001,6.4,6.5,6.6000000000000005,6.7,6.800000000000001,6.9,7.0,7.1000000000000005,7.2,7.300000000000001,7.4,7.5,7.6000000000000005,7.7,7.800000000000001,7.9,8.0,8.1,8.200000000000001,8.3,8.4,8.5,8.6,8.700000000000001,8.8,8.9,9.0,9.1,9.200000000000001,9.3,9.4,9.5,9.600000000000001,9.700000000000001,9.8,9.9,10.0","0.3368871126427154,0.2707189633672215,0.3022462013888114,0.2211236275357523,0.2663632731488968,0.18448208782158526,-0.0555801561012928,-0.20309113314236035,-0.08847851990035352,-0.18624164326797793,-0.23513921212107633,-0.2171083205044782,-0.16121909810028592,-0.3381720527146171,-0.3398331724045999,-0.21885750960857472,-0.29871205259571654,-0.29559485642969874,-0.08842817605928989,0.03681841217613205,0.03996333376825544,0.11179033412665089,0.17131062826891774,0.2046990417386204,0.2760270262896335,0.4113169786563051,0.3478792623994097,0.3034672432828891,0.19871272736237397,0.0846235443651067,0.05244426330966763,0.016290935863067325,0.009235543618699715,-0.11202738640172086,-0.17787429728092166,-0.20433205356329698,-0.30929278989244596,-0.26732274061557326,-0.3227993629913863,-0.3589338502580808,-0.38611438941072357,-0.32176835428128564,-0.23721876183849366,-0.15776731761768595,-0.03765491397529226,-0.007065318790204646,0.08173564601549632,0.15571676406423593,0.27251855173019535,0.31422042101906955,0.3947116491848605,0.29321970877084924,0.2951034224053075,0.26144824032456415,0.21182060977721978,0.17435297105740827,0.13157300293261615,0.03430886635441997,-0.010931194748043466,-0.2543415519015447,-0.3478978645260362,-0.33390170567996014,-0.3659823542309235,-0.32448011811256666,-0.19082334986921956,-0.2271827427615746,-0.16316254716975107,-0.15909020543883412,-0.009340291624543806,-0.0844379979096675,0.033758872083994765,0.12366174032544947,0.16127685238424255,0.2690093607271593,0.2199749462925057,0.3137062641281814,0.3129872394295461,0.2689361589176825,0.19682472001790277,0.18270399748208502,0.10351187442884925,0.11699566860864714,0.10304808306449773,-0.062399338220758875,-0.08893398608788022,-0.15477491761211798,-0.2103301252175108,-0.296133188566771,-0.3216098492929689,-0.3321068047304894,-0.23809050273383126,-0.17107271573371396,-0.19958221494325,-0.10375304931300663,-0.1701851828672398,0.034835857360047795,0.17257074515772092,0.2101742038375035,0.19958736376528807,0.2606003691181253,0.3109742203367681"
15,9.81,2.9637194319049542,"0.0,0.1,0.2,0.30000000000000004,0.4,0.5,0.6000000000000001,0.7000000000000001,0.8,0.9,1.0,1.1,1.2000000000000002,1.3,1.4000000000000001,1.5,1.6,1.7000000000000002,1.8,1.9000000000000001,2.0,2.1,2.2,2.3000000000000003,2.4000000000000004,2.5,2.6,2.7,2.8000000000000003,2.9000000000000004,3.0,3.1,3.2,3.3000000000000003,3.4000000000000004,3.5,3.6,3.7,3.8000000000000003,3.9000000000000004,4.0,4.1000000000000005,4.2,4.3,4.4,4.5,4.6000000000000005,4.7,4.800000000000001,4.9,5.0,5.1000000000000005,5.2,5.300000000000001,5.4,5.5,5.6000000000000005,5.7,5.800000000000001,5.9,6.0,6.1000000000000005,6.2,6.300000000000001,6.4,6.5,6.6000000000000005,6.7,6.800000000000001,6.9,7.0,7.1000000000000005,7.2,7.300000000000001,7.4,7.5,7.6000000000000005,7.7,7.800000000000001,7.9,8.0,8.1,8.200000000000001,8.3,8.4,8.5,8.6,8.700000000000001,8.8,8.9,9.0,9.1,9.200000000000001,9.3,9.4,9.5,9.600000000000001,9.700000000000001,9.8,9.9,10.0","0.2834302220351536,0.2577710162234697,0.26107873349402416,0.3017677760346107,0.22713510627046962,0.12646332859563192,0.12966888204428334,0.24295498458427917,0.09900640434221518,-0.08065446283750229,-0.11955117081839756,-0.13173186554964697,-0.1883201264990267,-0.11977232031267382,-0.23066867497980714,-0.32567485079527064,-0.23206692337004492,-0.22110312881467548,-0.26292391412910465,-0.2621090721462663,-0.11729112370475483,-0.2800360236302119,-0.2610924279956107,-0.1977441670125192,-0.12826679315266767,-0.030152056455069822,-0.047511291241031456,0.06186450630569262,0.12278194224163588,0.21576536824966502,0.15248026095831738,0.16517201843135984,0.18707490596083876,0.29821685158548183,0.10536822010531696,0.2979989720531735,0.2849757238873531,0.3073095506267463,0.2901311806965111,0.1838193419935258,0.2299235290039368,0.10761811494521592,0.0680575874147542,0.153919885836516,-0.031043978094320548,0.10481548120020956,0.0053231373422327755,-0.17358048519974914,-0.22731776613326404,-0.28800749155927396,-0.27906071268975907,-0.3213609017227656,-0.22590499284312673,-0.2912657930915016,-0.3152724968613627,-0.21454367185406517,-0.2566287985148773,-0.20250620308429076,-0.12165446646920813,-0.11666628003463608,-0.011905954184866317,0.010055220488262542,0.0679708213460155,0.10872703937079473,0.13724027033734323,0.19545554295636045,0.2994644068699185,0.2532437863207065,0.2218079602551128,0.25647432022753563,0.2989574078153521,0.30505891222301307,0.23874196842807094,0.21738900431212047,0.08333809855459698,0.2369192304819842,0.1949256725604746,0.09201948027348489,-0.08416161746819663,-0.04785730966244756,-0.08507914790843657,-0.23638802343179008,-0.3471256206356621,-0.20336566120570532,-0.17460318436688105,-0.2568994672420639,-0.3223432668756932,-0.32138009773355497,-0.27663895066677735,-0.3214891701507757,-0.22425835845518732,-0.15587637270711727,-0.16547538842681672,-0.13315235116765925,-0.010442166238725042,0.009419010883686383,0.049450570811502656,0.10572836857633816,0.0795026527337773,0.18411718200578148,0.27655670146226335"
16,9.81,2.0223107408631553,"0.0,0.1,0.2,0.30000000000000004,0.4,0.5,0.6000000000000001,0.7000000000000001,0.8,0.9,1.0,1.1,1.2000000000000002,1.3,1.4000000000000001,1.5,1.6,1.7000000000000002,1.8,1.9000000000000001,2.0,2.1,2.2,2.3000000000000003,2.4000000000000004,2.5,2.6,2.7,2.8000000000000003,2.9000000000000004,3.0,3.1,3.2,3.3000000000000003,3.4000000000000004,3.5,3.6,3.7,3.8000000000000003,3.9000000000000004,4.0,4.1000000000000005,4.2,4.3,4.4,4.5,4.6000000000000005,4.7,4.800000000000001,4.9,5.0,5.1000000000000005,5.2,5.300000000000001,5.4,5.5,5.6000000000000005,5.7,5.800000000000001,5.9,6.0,6.1000000000000005,6.2,6.300000000000001,6.4,6.5,6.6000000000000005,6.7,6.800000000000001,6.9,7.0,7.1000000000000005,7.2,7.300000000000001,7.4,7.5,7.6000000000000005,7.7,7.800000000000001,7.9,8.0,8.1,8.200000000000001,8.3,8.4,8.5,8.6,8.700000000000001,8.8,8.9,9.0,9.1,9.200000000000001,9.3,9.4,9.5,9.600000000000001,9.700000000000001,9.8,9.9,10.0","0.2505542364104202,0.32178976442956997,0.24461496950714762,0.24759141122472708,0.12639417949560938,0.15909174658115982,0.18776432468525245,0.08712180694091623,0.14074630470337246,-0.12786572301235852,-0.17968188903863186,-0.18002622534301535,-0.250756654827856,-0.2872368918231252,-0.3320727020066778,-0.30744179182098724,-0.20845385458411536,-0.26862444565060706,-0.2485862618000515,-0.10660269525653161,-0.09142240016300474,0.0003537472808944342,0.07616255432617867,0.1358107148204286,0.22720316311169655,0.20982020673438567,0.23508632087050535,0.2500587693635683,0.3075902493133665,0.23693156644265184,0.18120576810730282,0.14964217608399624,0.23066623647189866,0.13745203736696737,0.12629928732635154,0.05317091462712737,0.04481818646167086,-0.07078509883985323,-0.1406356079667741,-0.1489625405895025,-0.17069364269287052,-0.2179911943350252,-0.2825386055309072,-0.33324700820616215,-0.22905269819048846,-0.28411569695171046,-0.2579201494774609,-0.15754826741055147,-0.1456631863067495,-0.06750301330610481,0.03192333576360841,0.12936419770754345,0.04930071170966731,0.14355929314871896,0.3163626801974563,0.2988319713140538,0.3714966445881688,0.23723153947302597,0.2605488905266689,0.281751665708848,0.29139109432151583,0.2308176886138673,0.14799850216815713,0.1868807406498471,0.04885403285897861,0.026307821651642888,-0.06467041993100674,-0.1242079313294865,-0.29475010680352565,-0.29649490912047793,-0.26516689576836666,-0.260524707059179,-0.3030282075739962,-0.2672031168588784,-0.30173165425775084,-0.26607945425255186,-0.15672396791188065,-0.06549716386320945,-0.05056379658022835,0.09640086595546268,0.08442470684063856,0.24559853984754665,0.24876174671880835,0.3663714805993361,0.2653812249180103,0.2794954022028249,0.2634137968892811,0.27564727984253223,0.2440616677079645,0.19596397586383285,0.2788951599741722,0.17875752452483806,0.05603767478342983,-0.0014574109006557454,-0.07003690223803036,-0.22148832546506092,-0.2677035640342498,-0.2966507306737183,-0.22706963247921452,-0.30289204266835473,-0.3445576662841651"
17,9.81,4.13329043615016,"0.0,0.1,0.2,0.30000000000000004,0.4,0.5,0.6000000000000001,0.7000000000000001,0.8,0.9,1.0,1.1,1.2000000000000002,1.3,1.4000000000000001,1.5,1.6,1.7000000000000002,1.8,1.9000000000000001,2.0,2.1,2.2,2.3000000000000003,2.4000000000000004,2.5,2.6,2.7,2.8000000000000003,2.9000000000000004,3.0,3.1,3.2,3.3000000000000003,3.4000000000000004,3.5,3.6,3.7,3.8000000000000003,3.9000000000000004,4.0,4.1000000000000005,4.2,4.3,4.4,4.5,4.6000000000000005,4.7,4.800000000000001,4.9,5.0,5.1000000000000005,5.2,5.300000000000001,5.4,5.5,5.6000000000000005,5.7,5.800000000000001,5.9,6.0,6.1000000000000005,6.2,6.300000000000001,6.4,6.5,6.6000000000000005,6.7,6.800000000000001,6.9,7.0,7.1000000000000005,7.2,7.300000000000001,7.4,7.5,7.6000000000000005,7.7,7.800000000000001,7.9,8.0,8.1,8.200000000000001,8.3,8.4,8.5,8.6,8.700000000000001,8.8,8.9,9.0,9.1,9.200000000000001,9.3,9.4,9.5,9.600000000000001,9.700000000000001,9.8,9.9,10.0","0.23388340170772415,0.29861343981158744,0.33508416359774384,0.27919416349089654,0.262308051356073,0.22373348839065085,0.20565255704645707,0.1130947581191673,0.119964781178837,0.07116493055074298,-0.0160742475876645,-0.02573370827906992,0.06218472496473958,-0.13972226752129854,-0.1696559323024993,-0.23211153254949077,-0.2943046650026782,-0.2158290863981823,-0.3269536206029967,-0.37272931767260364,-0.4057883284926348,-0.3392772919111981,-0.29725169816232266,-0.4008926909082178,-0.1724680169059854,-0.08692091123278212,-0.2899193428043671,-0.16190815406838677,-0.06176550353293567,-0.05462192566784477,0.009565327442009247,0.025274661940014945,-0.021799540436251312,0.09431656244161901,0.16119782825253515,0.15593805188250617,0.22890768027786795,0.17713039893173346,0.19696532446197818,0.3779724645104477,0.4002123734476255,0.23339405852030548,0.2681694133941268,0.3390777302453959,0.3007114997464707,0.24955385854058346,0.237356771360476,0.2501330992876105,0.16710072063826778,0.12277210955922843,0.13101038274277413,0.027628385988466023,-0.05920723800475696,-0.06169852785656921,-0.14252584502549018,-0.25693756325215256,-0.2204958311410728,-0.29347630345862036,-0.22432685188433452,-0.11994967383945762,-0.3614006574339568,-0.26760693422252746,-0.3407145732179072,-0.39820720803354603,-0.23441936985123904,-0.23977430555754053,-0.28906444748762766,-0.33186502370253745,0.002788305217605841,-0.16452536452756233,-0.08895662070135162,-0.17563275572979287,0.04301626470269662,0.08550852258204951,0.021565107034941633,0.1502471646489137,0.17710244186581486,0.19110297570586715,0.27421566352478943,0.3379914391126201,0.26822186404531934,0.35494906630855294,0.24983041362372693,0.3056348276615972,0.3196016723160414,0.21149155564513028,0.18350519476641947,0.1785901024098742,0.13304043126946258,0.12134454976958642,0.043900325357788705,-0.0057920332875034605,0.013980003813915173,0.028575443683005415,-0.259731414947856,-0.2120906595501285,-0.1734275544279756,-0.1214670945656386,-0.2753305530053845,-0.318073635004862,-0.37451057786991804"
18,9.81,2.1396798868114146,"0.0,0.1,0.2,0.30000000000000004,0.4,0.5,0.6000000000000001,0.7000000000000001,0.8,0.9,1.0,1.1,1.2000000000000002,1.3,1.4000000000000001,1.5,1.6,1.7000000000000002,1.8,1.9000000000000001,2.0,2.1,2.2,2.3000000000000003,2.4000000000000004,2.5,2.6,2.7,2.8000000000000003,2.9000000000000004,3.0,3.1,3.2,3.3000000000000003,3.4000000000000004,3.5,3.6,3.7,3.8000000000000003,3.9000000000000004,4.0,4.1000000000000005,4.2,4.3,4.4,4.5,4.6000000000000005,4.7,4.800000000000001,4.9,5.0,5.1000000000000005,5.2,5.300000000000001,5.4,5.5,5.6000000000000005,5.7,5.800000000000001,5.9,6.0,6.1000000000000005,6.2,6.300000000000001,6.4,6.5,6.6000000000000005,6.7,6.800000000000001,6.9,7.0,7.1000000000000005,7.2,7.300000000000001,7.4,7.5,7.6000000000000005,7.7,7.800000000000001,7.9,8.0,8.1,8.200000000000001,8.3,8.4,8.5,8.6,8.700000000000001,8.8,8.9,9.0,9.1,9.200000000000001,9.3,9.4,9.5,9.600000000000001,9.700000000000001,9.8,9.9,10.0","0.3079275062246894,0.2856960965457532,0.29283632819212285,0.21084722523977872,0.1333175515805214,0.14113752437826121,0.101044608220768,0.028801010735221025,-0.009392523859746364,-0.03918903027361062,-0.18563901209165104,-0.22021510834763955,-0.28616951285339354,-0.3725384244551738,-0.310475688753954,-0.2493651776105009,-0.25155818057246,-0.2983356527410498,-0.25338780308031644,-0.10581761604237755,-0.11617345220982947,-0.06001480253581647,0.06457922872001029,0.055295245864181275,0.15838604550753027,0.19741679880727564,0.25883464548395224,0.1556368110200737,0.27580834424024714,0.3178997315536425,0.24246261802359848,0.11604257422016351,0.22127838346228937,0.2010240659279926,0.06761383200821275,0.1931543982289853,0.0009784265936524789,0.009646208438149116,-0.061032275874158146,-0.1063668587067885,-0.174249607690284,-0.14260267331253967,-0.19646458334793532,-0.40935504725007055,-0.3123550258191091,-0.3172632737846201,-0.28057999740507356,-0.23122348719873267,-0.17556410269551243,-0.1391268783534067,-0.14975361782403301,0.001065728258450846,0.05723590607161459,0.10834213252579626,0.23280948158220524,0.1394741315949003,0.23432452399205628,0.13897766166741352,0.20046683250935987,0.30911719766767615,0.27953907036137626,0.2866895002173471,0.20978285433207658,0.17344150650947807,0.12089908093844698,0.01071269140447871,0.06292219913795061,-0.0067500177155976546,-0.16141872860558026,-0.23141285072252918,-0.2765879052078018,-0.20874399014408745,-0.2689729213657262,-0.26528343032119966,-0.3141772633298355,-0.41441355951327585,-0.2763380020246634,-0.2755550304229173,-0.14680002305860917,-0.10913881255848659,0.012327725013661639,-0.02251534385105141,0.0823859671502271,0.15134384646069737,0.15731648672474893,0.25732665605241406,0.18049305811196337,0.2727052985582208,0.2775297412810717,0.3012916692260399,0.3140141262681532,0.2972656330923872,0.25837040616445883,0.19807348180770507,0.08870586256677437,0.07094328141104005,0.025174122961810708,-0.05559641660378892,-0.16589115102067026,-0.30018433734875816,-0.23900355232951007"
19,9.81,1.2935779812791677,"0.0,0.1,0.2,0.30000000000000004,0.4,0.5,0.6000000000000001,0.7000000000000001,0.8,0.9,1.0,1.1,1.2000000000000002,1.3,1.4000000000000001,1.5,1.6,1.7000000000000002,1.8,1.9000000000000001,2.0,2.1,2.2,2.3000000000000003,2.4000000000000004,2.5,2.6,2.7,2.8000000000000003,2.9000000000000004,3.0,3.1,3.2,3.3000000000000003,3.4000000000000004,3.5,3.6,3.7,3.8000000000000003,3.9000000000000004,4.0,4.1000000000000005,4.2,4.3,4.4,4.5,4.6000000000000005,4.7,4.800000000000001,4.9,5.0,5.1000000000000005,5.2,5.300000000000001,5.4,5.5,5.6000000000000005,5.7,5.800000000000001,5.9,6.0,6.1000000000000005,6.2,6.300000000000001,6.4,6.5,6.6000000000000005,6.7,6.800000000000001,6.9,7.0,7.1000000000000005,7.2,7.300000000000001,7.4,7.5,7.6000000000000005,7.7,7.800000000000001,7.9,8.0,8.1,8.200000000000001,8.3,8.4,8.5,8.6,8.700000000000001,8.8,8.9,9.0,9.1,9.200000000000001,9.3,9.4,9.5,9.600000000000001,9.700000000000001,9.8,9.9,10.0","0.32026726130958455,0.26393771264625426,0.2924561526607296,0.22093657050148785,0.1648552550741419,0.08522347324605872,-0.11098716432027199,-0.050838577417974436,-0.17187315102132125,-0.1925190533742812,-0.2905762277440848,-0.2903614581273667,-0.3049582384266968,-0.3384567525196154,-0.22732609558965225,-0.2569407726583236,-0.13806467928961813,-0.043519126976254534,0.1413223636364772,0.0973326004969863,0.17710215737328572,0.36529961189625976,0.29233321054675265,0.35185711639802625,0.31407333228079987,0.15847718645705106,0.1689458784229898,0.07926084627870895,0.05609343198352821,-0.10697584620262446,-0.19386085772436243,-0.18647913322260362,-0.24637150698696733,-0.35979884116066985,-0.31847927852338,-0.253236328795012,-0.20590302189569287,-0.28787037604004584,-0.20650938430829638,-0.1663048472878531,0.11834975990962059,0.04513577714317184,0.1502467354501092,0.23829526018645764,0.3210830710751936,0.3091302032781271,0.25509784531955293,0.2008856944641694,0.36374332622297595,0.2213612438213935,0.09456672099182811,0.06323027061478145,-0.02714148736272895,-0.11445681822720628,-0.10977886144907449,-0.2423355529281176,-0.3204228935966791,-0.16023394206074526,-0.3141536197001162,-0.28125081160600324,-0.24532009478132766,-0.16278528129143952,-0.07336196780629772,0.010065191804413095,0.009085186626142383,0.13318690496958874,0.15864983329255217,0.3204370528644236,0.3367700296030308,0.2943942573926411,0.3530414199633378,0.26663906063602455,0.23627412993990715,0.16225505392779607,0.09690170608247359,-0.014108867108104668,-0.06083991687755705,-0.1708062836641788,-0.17412422934580452,-0.3609830789809188,-0.3659767993868515,-0.3237423370512877,-0.21646000215489886,-0.19917653388180026,-0.11563561690876652,-0.10354061556746769,-0.014713341638043092,0.155531115822775,0.2209640233807087,0.12707499081645302,0.2572741991009088,0.2771008119823581,0.3083098943969769,0.30016462720325526,0.21204057153152112,0.22728126493761144,0.22294272577647856,0.09001478114446124,-0.030986193784024854,-0.16819401605220358,-0.2448447976417266"
20,9.81,3.999652480919598,"0.0,0.1,0.2,0.30000000000000004,0.4,0.5,0.6000000000000001,0.7000000000000001,0.8,0.9,1.0,1.1,1.2000000000000002,1.3,1.4000000000000001,1.5,1.6,1.7000000000000002,1.8,1.9000000000000001,2.0,2.1,2.2,2.3000000000000003,2.4000000000000004,2.5,2.6,2.7,2.8000000000000003,2.9000000000000004,3.0,3.1,3.2,3.3000000000000003,3.4000000000000004,3.5,3.6,3.7,3.8000000000000003,3.9000000000000004,4.0,4.1000000000000005,4.2,4.3,4.4,4.5,4.6000000000000005,4.7,4.800000000000001,4.9,5.0,5.1000000000000005,5.2,5.300000000000001,5.4,5.5,5.6000000000000005,5.7,5.800000000000001,5.9,6.0,6.1000000000000005,6.2,6.300000000000001,6.4,6.5,6.6000000000000005,6.7,6.800000000000001,6.9,7.0,7.1000000000000005,7.2,7.300000000000001,7.4,7.5,7.6000000000000005,7.7,7.800000000000001,7.9,8.0,8.1,8.200000000000001,8.3,8.4,8.5,8.6,8.700000000000001,8.8,8.9,9.0,9.1,9.200000000000001,9.3,9.4,9.5,9.600000000000001,9.700000000000001,9.8,9.9,10.0","0.12481926849428712,0.319708328350867,0.31846946890344585,0.2693504726881502,0.25703569360109213,0.21895139255550083,0.27234363777670756,0.050497178618169714,0.10719676538278237,0.05119382133024022,0.010356162240477378,-0.03935437489357442,-0.029905109549789227,-0.11617678715616414,-0.10351717246960987,-0.22448848729652116,-0.2546416570443743,-0.2612630773902806,-0.2987289744746585,-0.09213552117152868,-0.23021274278465373,-0.2988891969898504,-0.29383783948661174,-0.20259846355078898,-0.23901497277668604,-0.24851746654959495,-0.2267743376847408,0.03227574226680188,-0.08044721077574066,-0.1472270777810038,-0.0027615794069208947,0.13666556949628858,0.03777735090754358,0.12775887174374517,0.2046215322032889,0.18395411629194441,0.2589772548486704,0.2846392598824334,0.31111015394143454,0.2977324641580628,0.33174425847572964,0.2968935895942395,0.3348419043668186,0.36531996289519564,0.2133415213172054,0.1768976711840148,0.17995556240133662,0.14283759618785458,0.1386157609399888,0.05368399266708553,-0.013878641597974077,-0.05965450366002467,-0.027258407934130126,-0.13796569530901362,-0.22889173096933885,-0.31741038381817877,-0.23409875622672055,-0.2610633687372181,-0.3071476533904157,-0.4619539100527293,-0.23216978627787438,-0.29961085462242837,-0.32319531596323553,-0.2573255299626047,-0.38505755399713215,-0.2711531105228476,-0.19513925973229582,-0.19954939353332501,-0.06623787850249538,-0.13137975372208024,-0.04743218392339797,-0.021510943081443162,0.029699734900307653,0.10394424980147408,0.2819745970299675,0.2681988311492972,0.20841078424475346,0.23640967512621236,0.211425648695926,0.2997915895411309,0.37774180653173606,0.31275412138124714,0.27529793350794185,0.2841946196782898,0.2540817537916469,0.24630719768085357,0.27181121114902324,0.007789230041159667,0.09001846621923323,0.09763934019461634,0.028445222985982777,-0.07100906693527419,-0.11092617757771356,-0.04668144184867877,-0.15492557912200816,-0.19985946683395941,-0.18372827167142758,-0.2470911802709319,-0.32219955481554324,-0.31618114108942424,-0.29032602210493275"
21,9.81,3.5690503272354785,"0.0,0.1,0.2,0.30000000000000004,0.4,0.5,0.6000000000000001,0.7000000000000001,0.8,0.9,1.0,1.1,1.2000000000000002,1.3,1.4000000000000001,1.5,1.6,1.7000000000000002,1.8,1.9000000000000001,2.0,2.1,2.2,2.3000000000000003,2.4000000000000004,2.5,2.6,2.7,2.8000000000000003,2.9000000000000004,3.0,3.1,3.2,3.3000000000000003,3.4000000000000004,3.5,3.6,3.7,3.8000000000000003,3.9000000000000004,4.0,4.1000000000000005,4.2,4.3,4.4,4.5,4.6000000000000005,4.7,4.800000000000001,4.9,5.0,5.1000000000000005,5.2,5.300000000000001,5.4,5.5,5.6000000000000005,5.7,5.800000000000001,5.9,6.0,6.1000000000000005,6.2,6.300000000000001,6.4,6.5,6.6000000000000005,6.7,6.800000000000001,6.9,7.0,7.1000000000000005,7.2,7.300000000000001,7.4,7.5,7.6000000000000005,7.7,7.800000000000001,7.9,8.0,8.1,8.200000000000001,8.3,8.4,8.5,8.6,8.700000000000001,8.8,8.9,9.0,9.1,9.200000000000001,9.3,9.4,9.5,9.600000000000001,9.700000000000001,9.8,9.9,10.0","0.46325956385397116,0.27687507059175465,0.20723893797230467,0.20798909978369637,0.2760201790621858,0.17502820063936603,0.3447126040235149,0.2403906992602312,0.10076075438739127,0.021614083211996777,0.11758310875370011,0.06656771613963583,-0.08967763861744439,-0.18016046659659096,-0.24183229139822876,-0.23386130356869272,-0.2771070806778219,-0.31513990891392424,-0.3123379934621181,-0.32971310277495425,-0.33431040544867596,-0.29223375642383853,-0.35427301120270394,-0.3303038713349319,-0.2496976008736532,-0.1909069813821766,-0.030158935968659012,-0.08014843021171399,-0.023803855663190623,0.013794155315008565,0.05614840076133009,0.3875949669627315,0.08013094450244596,0.21223472161053394,0.15903528464968358,0.27896004417196213,0.442213745459903,0.29069349211880435,0.3183041270836632,0.2323587745632518,0.3034344407401976,0.26079264447707023,0.11012162816782575,0.21069181281384777,0.17501658774761716,0.15351917544241298,0.09893448726154158,0.0722299990978276,0.10280353525172235,-0.08249692909552428,-0.002017893505841542,-0.1806583745839104,-0.17472754241629357,-0.30071050553722595,-0.2629825765643226,-0.31363735469490567,-0.303558371548632,-0.22593776582987748,-0.29168814236322527,-0.30215533798086247,-0.29201213031093626,-0.2105887762260653,-0.16043581459307366,-0.12285791935105936,-0.12882065846774782,-0.09948005791113998,-0.038976031986325155,-0.02344812658717388,0.25422695340666146,0.056785811655200955,0.1505196002208688,0.35057428330926577,0.14684739127658347,0.3206822675533557,0.24793348753953187,0.27806938008576826,0.2629905423504988,0.2980112190885043,0.29499349748671344,0.35053662764449506,0.26461971307564364,0.18978403396983481,0.1827258108164374,0.10008132874808863,0.14861854261640595,0.07262537696844983,-0.08371351701719228,-0.0876583809262466,-0.23869715273857345,-0.15832425253432406,-0.11779405197956501,-0.15357256190063168,-0.28659779402761526,-0.3258242116559249,-0.34741522021723725,-0.2428467470902179,-0.3317176376216209,-0.4017826407141184,-0.20583114930186508,-0.23314559923422304,-0.2041285373927441"
22,9.81,1.8042280840516256,"0.0,0.1,0.2,0.30000000000000004,0.4,0.5,0.6000000000000001,0.7000000000000001,0.8,0.9,1.0,1.1,1.2000000000000002,1.3,1.4000000000000001,1.5,1.6,1.7000000000000002,1.8,1.9000000000000001,2.0,2.1,2.2,2.3000000000000003,2.4000000000000004,2.5,2.6,2.7,2.8000000000000003,2.9000000000000004,3.0,3.1,3.2,3.3000000000000003,3.4000000000000004,3.5,3.6,3.7,3.8000000000000003,3.9000000000000004,4.0,4.1000000000000005,4.2,4.3,4.4,4.5,4.6000000000000005,4.7,4.800000000000001,4.9,5.0,5.1000000000000005,5.2,5.300000000000001,5.4,5.5,5.6000000000000005,5.7,5.800000000000001,5.9,6.0,6.1000000000000005,6.2,6.300000000000001,6.4,6.5,6.6000000000000005,6.7,6.800000000000001,6.9,7.0,7.1000000000000005,7.2,7.300000000000001,7.4,7.5,7.6000000000000005,7.7,7.800000000000001,7.9,8.0,8.1,8.200000000000001,8.3,8.4,8.5,8.6,8.700000000000001,8.8,8.9,9.0,9.1,9.200000000000001,9.3,9.4,9.5,9.600000000000001,9.700000000000001,9.8,9.9,10.0","0.4108404624840015,0.48369571566808833,0.31575038687727236,0.4123286458363884,0.13193772935213713,0.046596318894169625,-0.05134570561514978,0.028848447727007415,-0.08415368509103831,-0.14522918519604502,-0.046880689637837814,-0.23770514170202633,-0.27432633872515655,-0.3005758230207959,-0.29447958709601463,-0.21175068327116098,-0.2952710363525849,-0.11031337029649313,-0.07445274704530412,0.0898557723053594,-0.009793687450289308,-0.012001933604381267,0.11098500981250042,0.2081230557664518,0.21981286878550083,0.2427382566992007,0.3297989080266768,0.3361476617745237,0.3084270400501826,0.34743407152162364,0.10472136146500671,0.1398921840356636,0.05672584106421849,-0.06343836057784208,-0.002545401843293344,-0.09612318992602342,-0.1371933869924663,-0.2031378063361599,-0.31232893379238014,-0.2633167121726618,-0.23501871106290606,-0.29476472384653435,-0.33974077709954914,-0.27963388671468314,-0.24837113952064813,-0.18316569481445277,-0.036579951361262734,-0.040208044523278724,-0.05688099782122922,-0.03406408986260112,0.17290975084199084,0.21946284863080395,0.26320749217209016,0.2402650071297434,0.2808574628545125,0.3134018745411991,0.2968788927119996,0.3002445915537096,0.2172175273546565,0.24260676205186565,0.09906031887336769,0.00633672708735325,-0.05220716893228329,-0.17959890719482607,-0.14394620774698919,-0.2081599062204525,-0.2707488377525443,-0.3565958439488102,-0.3298021193254289,-0.34950431291432965,-0.30693658944926205,-0.17882562031085183,-0.12790568564919863,-0.058863952214330544,-0.05854159287694098,0.10906410730670019,0.13143620087244867,0.18060261411953163,0.17068690584380453,0.2897744124493719,0.2233108928410536,0.35906046997689534,0.24152138727894445,0.22108718665177984,0.1839925987055342,0.27877937668460767,0.09853783298165354,0.07056483551538667,0.09437034436586351,-0.23842553349326656,-0.15625141816415572,-0.13442198610217482,-0.21500543986176446,-0.2859598362254236,-0.328753820276871,-0.42778748845933245,-0.2810609900950516,-0.19976192885507593,-0.20516882715054865,-0.012974783807646828,-0.14706154549774264"
23,9.81,0.5411117862622916,"0.0,0.1,0.2,0.30000000000000004,0.4,0.5,0.6000000000000001,0.7000000000000001,0.8,0.9,1.0,1.1,1.2000000000000002,1.3,1.4000000000000001,1.5,1.6,1.7000000000000002,1.8,1.9000000000000001,2.0,2.1,2.2,2.3000000000000003,2.4000000000000004,2.5,2.6,2.7,2.8000000000000003,2.9000000000000004,3.0,3.1,3.2,3.3000000000000003,3.4000000000000004,3.5,3.6,3.7,3.8000000000000003,3.9000000000000004,4.0,4.1000000000000005,4.2,4.3,4.4,4.5,4.6000000000000005,4.7,4.800000000000001,4.9,5.0,5.1000000000000005,5.2,5.300000000000001,5.4,5.5,5.6000000000000005,5.7,5.800000000000001,5.9,6.0,6.1000000000000005,6.2,6.300000000000001,6.4,6.5,6.6000000000000005,6.7,6.800000000000001,6.9,7.0,7.1000000000000005,7.2,7.300000000000001,7.4,7.5,7.6000000000000005,7.7,7.800000000000001,7.9,8.0,8.1,8.200000000000001,8.3,8.4,8.5,8.6,8.700000000000001,8.8,8.9,9.0,9.1,9.200000000000001,9.3,9.4,9.5,9.600000000000001,9.700000000000001,9.8,9.9,10.0","0.2782487012985868,0.21102104106101546,0.15838000367191823,0.0017302091711990236,-0.0777822755947033,-0.1442344297309639,-0.2742277683743934,-0.3195105156576898,-0.32362368550193066,-0.17753571467406865,-0.06897062206790414,-0.12547728604489336,0.11078793516127503,0.2658005527489373,0.23675114310020784,0.28125559537034256,0.261784348667762,0.16104111416695338,0.04995181782544872,-0.0936490464260162,-0.32018168807336933,-0.25716014236587437,-0.3019079747807042,-0.2687977914231417,-0.2767593198720749,-0.23893246538548457,-0.0778969641668551,0.1149851071737158,0.2610327396242561,0.33263917769065326,0.3380004442003749,0.1401971817532584,0.019350616326721318,-0.08158082718878404,-0.1905563854757694,-0.16251158204514876,-0.23710754619304203,-0.28067546823994194,-0.2280830252456763,-0.15824819779691932,-0.04358531118369548,0.04337059516480864,0.2691625967800294,0.2782303717100979,0.37001392036794883,0.2546994376128659,0.14526124575702432,0.08749752196542722,0.07525354094084633,-0.19027480358303303,-0.2551143011949967,-0.4189536013297637,-0.3515492083423793,-0.306694604474432,-0.19052546446866991,-0.027253828095590904,0.1433756878368482,0.29040265167553475,0.18075201302148375,0.21988623589080492,0.046282887121799426,0.2240931841371761,0.013614819614000032,-0.03314207072529919,-0.22176287644736284,-0.22109980227646958,-0.29993267380585115,-0.31460916728417004,-0.20302182160876028,-0.1571657301635313,-0.04423800808278745,0.2033774575080462,0.32329560123437856,0.22010741860290656,0.3130961223918525,0.22296459206071056,0.044295333032614376,-0.02484953820063416,-0.07224643975447204,-0.1547126088923986,-0.21656411888522875,-0.2158305595223987,-0.18269945645934949,-0.27473934433681163,-0.11818540153306795,-0.021519923504559592,0.1631279989799965,0.32606137844655275,0.26688005296727496,0.3005761472505831,0.18651113836827266,0.2132878954822659,0.08626808065082835,-0.04958625695806311,-0.2625520579635291,-0.3094140227102844,-0.3461392387256735,-0.22741823871406813,-0.13575327192198508,-0.11714696955139622,0.10830301039367932"
24,9.81,4.681178411533874,"0.0,0.1,0.2,0.30000000000000004,0.4,0.5,0.6000000000000001,0.7000000000000001,0.8,0.9,1.0,1.1,1.2000000000000002,1.3,1.4000000000000001,1.5,1.6,1.7000000000000002,1.8,1.9000000000000001,2.0,2.1,2.2,2.3000000000000003,2.4000000000000004,2.5,2.6,2.7,2.8000000000000003,2.9000000000000004,3.0,3.1,3.2,3.3000000000000003,3.4000000000000004,3.5,3.6,3.7,3.8000000000000003,3.9000000000000004,4.0,4.1000000000000005,4.2,4.3,4.4,4.5,4.6000000000000005,4.7,4.800000000000001,4.9,5.0,5.1000000000000005,5.2,5.300000000000001,5.4,5.5,5.6000000000000005,5.7,5.800000000000001,5.9,6.0,6.1000000000000005,6.2,6.300000000000001,6.4,6.5,6.6000000000000005,6.7,6.800000000000001,6.9,7.0,7.1000000000000005,7.2,7.300000000000001,7.4,7.5,7.6000000000000005,7.7,7.800000000000001,7.9,8.0,8.1,8.200000000000001,8.3,8.4,8.5,8.6,8.700000000000001,8.8,8.9,9.0,9.1,9.200000000000001,9.3,9.4,9.5,9.600000000000001,9.700000000000001,9.8,9.9,10.0","0.27043644154530294,0.2638469173958743,0.2285070762980283,0.07428368115282633,0.39208553246073996,0.24507585487477204,0.22724684415767074,0.1830609814483802,0.14298082882095942,0.15126321848480861,0.008853807013903797,-0.04528249632617546,0.009912873142872425,-0.293767493874444,-0.047580334689002635,-0.16012407220084848,-0.19096611357639637,-0.1898244988390489,-0.2172202919260116,-0.20667345795941938,-0.2833659253328341,-0.19927783795918286,-0.32808457982719075,-0.3269679354680334,-0.26932976920901247,-0.16901620379954813,-0.18992220702314977,-0.2831080353029246,-0.21083418052530364,-0.010985605500837964,0.002375818355196041,-0.07682651250171095,-0.09083345128930642,-0.11191579699459278,-0.003990117736849173,0.13804277154133793,0.1823686493584866,0.16880449175644816,0.18776432299630258,0.26975915751554824,0.23633578831335034,0.26423789215763904,0.2782613398026443,0.22915386972709323,0.3172691072750398,0.27698325660884715,0.3631094775451359,0.3196621752308926,0.29994845530988673,0.21148558726864622,0.24197392531991477,0.057590403850825395,0.05594709834762353,0.0541436126440737,0.09762927120125768,-0.05332301596412084,-0.12534152775008198,-0.130611961095009,-0.2760823057618461,-0.11584760994427566,-0.18630451046981925,-0.2719611529842802,-0.2233893504418562,-0.329524108949356,-0.37292206332536654,-0.2840830416934835,-0.35022867855915785,-0.3391754090259273,-0.2811935787031227,-0.2837406404699769,-0.17545628418248999,-0.19179803634968534,-0.16733438682160007,-0.1362778016833451,-0.13356300330999432,-0.05524749856976405,-0.06353029286726994,0.06989954944145635,-0.004480708074289241,0.14168131883706137,0.10273477104478193,0.26768707331696945,0.12261793880279137,0.19676782665225773,0.28609659470368487,0.27751066556768705,0.2215586634564105,0.2995508166610359,0.33433812424361115,0.34361463528405134,0.31397769102483947,0.24106381773069838,0.14200922374948083,0.2827195147109796,0.17720087365545073,0.16947252921134892,0.07618326364491805,-0.029802587210595866,-0.017314031735081458,0.020341778990851996,0.00027398361807652594"
25,9.81,3.350241204773788,"0.0,0.1,0.2,0.30000000000000004,0.4,0.5,0.6000000000000001,0.7000000000000001,0.8,0.9,1.0,1.1,1.2000000000000002,1.3,1.4000000000000001,1.5,1.6,1.7000000000000002,1.8,1.9000000000000001,2.0,2.1,2.2,2.3000000000000003,2.4000000000000004,2.5,2.6,2.7,2.8000000000000003,2.9000000000000004,3.0,3.1,3.2,3.3000000000000003,3.4000000000000004,3.5,3.6,3.7,3.8000000000000003,3.9000000000000004,4.0,4.1000000000000005,4.2,4.3,4.4,4.5,4.6000000000000005,4.7,4.800000000000001,4.9,5.0,5.1000000000000005,5.2,5.300000000000001,5.4,5.5,5.6000000000000005,5.7,5.800000000000001,5.9,6.0,6.1000000000000005,6.2,6.300000000000001,6.4,6.5,6.6000000000000005,6.7,6.800000000000001,6.9,7.0,7.1000000000000005,7.2,7.300000000000001,7.4,7.5,7.6000000000000005,7.7,7.800000000000001,7.9,8.0,8.1,8.200000000000001,8.3,8.4,8.5,8.6,8.700000000000001,8.8,8.9,9.0,9.1,9.200000000000001,9.3,9.4,9.5,9.600000000000001,9.700000000000001,9.8,9.9,10.0","0.41871666927355455,0.2990547259133106,0.25346640120757635,0.31857702870688887,0.2648169036129743,0.21132343308607757,0.13832611841399428,0.199432660319536,0.014245859593058706,0.010208180881721061,-0.04351564726989197,-0.0422767199199025,-0.19472800839217796,-0.1720010902525131,-0.1076393581120499,-0.2877399925273521,-0.15248732562711267,-0.2547611972859729,-0.28153547380292027,-0.30569665562882264,-0.347328436764637,-0.3301933840465436,-0.26694025235091,-0.26224997191546007,-0.32545863142942155,-0.15683347467696243,-0.06292356129365125,-0.044936198299023615,-0.0018544189805873024,0.0895432910785344,0.10161258153957675,0.18875830911335897,0.1465779203530549,0.2456270145870455,0.22951302112845035,0.22514917953417424,0.30497910403226697,0.4380059889740408,0.31470281451619847,0.28015331253189363,0.2994244778057527,0.1835612070555441,0.18118911230240609,0.31949828220592186,0.16069096941873195,0.12686428830410873,-0.014021587586472617,0.013722681181019221,-0.20018988174839336,-0.09870092501482938,-0.21687692677985523,-0.21785588384596252,-0.2955008385752835,-0.2980412328561389,-0.28100917111174784,-0.2682280131740769,-0.24282527064388468,-0.2630177293741567,-0.2752080969446985,-0.326307825304947,-0.3179992328497555,-0.20498869889928995,-0.147763817116189,-0.07814132028476437,-0.01762975580453665,0.05202301942055343,-0.0016241934299323357,0.11457566308743826,0.19359055755404395,0.09180260856476725,0.22521727857051665,0.28426741591084276,0.3027957500099923,0.28076396203212844,0.3202871037797071,0.302195987610997,0.28846443186307147,0.2695282043694084,0.24156711071583026,0.09840625229788928,0.17084071047421628,0.23269320475361455,0.03678245820146078,-0.023171418782703755,-0.020619900328408356,-0.09394133069991609,-0.15143590984082902,-0.1777291610471477,-0.39130933368987464,-0.23779540170026098,-0.22343041792636198,-0.3614498088382231,-0.3266101919526177,-0.4252806558606288,-0.2768037671765197,-0.2692012737555555,-0.30966699378826396,-0.3028472974233599,-0.14143881043456974,-0.12377959495644941,-0.033162484660876554"
26,9.81,2.780737964198378,"0.0,0.1,0.2,0.30000000000000004,0.4,0.5,0.6000000000000001,0.7000000000000001,0.8,0.9,1.0,1.1,1.2000000000000002,1.3,1.4000000000000001,1.5,1.6,1.7000000000000002,1.8,1.9000000000000001,2.0,2.1,2.2,2.3000000000000003,2.4000000000000004,2.5,2.6,2.7,2.8000000000000003,2.9000000000000004,3.0,3.1,3.2,3.3000000000000003,3.4000000000000004,3.5,3.6,3.7,3.8000000000000003,3.9000000000000004,4.0,4.1000000000000005,4.2,4.3,4.4,4.5,4.6000000000000005,4.7,4.800000000000001,4.9,5.0,5.1000000000000005,5.2,5.300000000000001,5.4,5.5,5.6000000000000005,5.7,5.800000000000001,5.9,6.0,6.1000000000000005,6.2,6.300000000000001,6.4,6.5,6.6000000000000005,6.7,6.800000000000001,6.9,7.0,7.1000000000000005,7.2,7.300000000000001,7.4,7.5,7.6000000000000005,7.7,7.800000000000001,7.9,8.0,8.1,8.200000000000001,8.3,8.4,8.5,8.6,8.700000000000001,8.8,8.9,9.0,9.1,9.200000000000001,9.3,9.4,9.5,9.600000000000001,9.700000000000001,9.8,9.9,10.0","0.30325458586306897,0.32572305442203736,0.2823101686613094,0.31374996242060305,0.19865833761765017,0.14059798432134607,0.11045872708359417,0.08690471292070069,0.014291428681787892,-0.05584005723112076,-0.05536935055949292,-0.14095047752387377,-0.17183391166722278,-0.1698402934184634,-0.28760304710310935,-0.41302503931769774,-0.41686712066141796,-0.2896877870781275,-0.12876621729091292,-0.19387286181499758,-0.2953018276538265,-0.18381452832832182,-0.15318149269082487,-0.11478881309086417,-0.06373921927922367,-0.028661187346100687,-0.030748268451346573,0.08165636852860417,0.1496203479612041,0.17733383764281735,0.26436524808315776,0.20323051973741993,0.3589885081029928,0.30791918025340975,0.22632800198611736,0.26092863920347203,0.2384122310406267,0.18522785747966133,0.15229611073077093,0.06643231821572061,0.22515716292924354,0.040845269440684805,0.03630981578383026,0.007250555667490825,-0.13184285108740615,-0.15885049972420232,-0.14460022299093667,-0.2215101114530999,-0.26184037056105763,-0.2929106462355501,-0.24654143518503135,-0.3500474740066917,-0.21808676863389664,-0.25492494068464827,-0.29117122360688463,-0.24001667309424274,-0.1236199011366485,-0.19518502845921865,-0.06598627360771923,0.0067688696522932475,0.0752272447779767,0.1355088409187563,0.20266560162512115,0.2120792962038657,0.15056062930776326,0.2584432065726038,0.24511800661985006,0.3360231629243182,0.3304693673455909,0.24624830466035183,0.23630105899313886,0.2604441766364707,0.3001386962147668,0.1498233544541227,0.04986629847934643,0.132541402124413,-0.03743682475787359,-0.0011478650742079155,-0.20465904609080784,-0.23034249428160003,-0.2189711470779947,-0.2328740664354514,-0.3055814855473621,-0.2453401965784847,-0.3169757550234733,-0.313149439612008,-0.27655533277976585,-0.17930995514028875,-0.2512714711102951,-0.23155956730066513,-0.11365851813234534,-0.03436844676831272,0.005155500738771444,0.07847075367472084,0.19733795528869524,0.2189259213033699,0.20316622996527078,0.35210572933989764,0.27963278121664525,0.29336574750207906,0.28139004411205193"
27,9.81,2.791429816385304,"0.0,0.1,0.2,0.30000000000000004,0.4,0.5,0.6000000000000001,0.7000000000000001,0.8,0.9,1.0,1.1,1.2000000000000002,1.3,1.4000000000000001,1.5,1.6,1.7000000000000002,1.8,1.9000000000000001,2.0,2.1,2.2,2.3000000000000003,2.4000000000000004,2.5,2.6,2.7,2.8000000000000003,2.9000000000000004,3.0,3.1,3.2,3.3000000000000003,3.4000000000000004,3.5,3.6,3.7,3.8000000000000003,3.9000000000000004,4.0,4.1000000000000005,4.2,4.3,4.4,4.5,4.6000000000000005,4.7,4.800000000000001,4.9,5.0,5.1000000000000005,5.2,5.300000000000001,5.4,5.5,5.6000000000000005,5.7,5.800000000000001,5.9,6.0,6.1000000000000005,6.2,6.300000000000001,6.4,6.5,6.6000000000000005,6.7,6.800000000000001,6.9,7.0,7.1000000000000005,7.2,7.300000000000001,7.4,7.5,7.6000000000000005,7.7,7.800000000000001,7.9,8.0,8.1,8.200000000000001,8.3,8.4,8.5,8.6,8.700000000000001,8.8,8.9,9.0,9.1,9.200000000000001,9.3,9.4,9.5,9.600000000000001,9.700000000000001,9.8,9.9,10.0","0.4047687059043873,0.36004088356542907,0.35896816700313255,0.1483183273324765,0.16592936091923888,0.10308886330352846,0.12900752860971235,0.07846252251495967,0.05197337945282972,-0.019165859140937012,-0.155091836882293,-0.09631812917249705,-0.20459358378428824,-0.23410588996919662,-0.23847185363005577,-0.33603807725551094,-0.4075236386262516,-0.2560100820507332,-0.32836824831878075,-0.24700114737659135,-0.30405370497248163,-0.20797176506715548,-0.1738545751636505,-0.09071414104588268,-0.08756337048930113,0.09220753822007538,0.037410744673032834,0.13467849284773792,0.1935157144989441,0.22790758121812682,0.27272782164814324,0.24515001703076275,0.206456525693156,0.2920759599446094,0.34069721978161915,0.2293136262886843,0.275790674181439,0.13281230949100115,0.2129396596125696,0.13836108110878476,0.03618858324682325,-0.01712122210417702,0.028914518044172176,-0.026195417459973596,-0.1261741464975176,-0.17391997999103695,-0.1775168808722679,-0.264059209120876,-0.2832269843972683,-0.31020195018275015,-0.34751832295557566,-0.28492212225636965,-0.3287787923098343,-0.24507961110709503,-0.21949813464113754,-0.22880529529251883,-0.17056896585418962,-0.19647125084947287,-0.13348747531238153,-0.039111980272930676,0.06986356684764874,0.09901986222249888,0.18545205192294797,0.2738040400784673,0.2159052293952289,0.26435880141140383,0.2513108289848993,0.28786514449063955,0.30411431967777636,0.2380453880905638,0.3310133765590072,0.32266899783454606,0.35360190813478953,0.1817973735927022,0.36911370698881873,0.10339291540536753,-0.0845265824619643,-0.21825425750865918,0.014596785301412007,-0.12361464882361609,-0.14163498947640205,-0.2941970332177253,-0.2818643480929269,-0.2541245586793462,-0.2611300341531557,-0.27759177095589094,-0.3092197581235434,-0.2772115367390762,-0.14826689327604536,-0.21816483621521723,-0.12433781698657961,-0.05155525512102535,-0.06399863489181533,0.053510213984062784,0.13269396461296226,0.03624636509238312,0.1546446695938549,0.23014398135363215,0.29131546567177036,0.32060648124388264,0.38788211442787274"
28,9.81,2.191688490556589,"0.0,0.1,0.2,0.30000000000000004,0.4,0.5,0.6000000000000001,0.7000000000000001,0.8,0.9,1.0,1.1,1.2000000000000002,1.3,1.4000000000000001,1.5,1.6,1.7000000000000002,1.8,1.9000000000000001,2.0,2.1,2.2,2.3000000000000003,2.4000000000000004,2.5,2.6,2.7,2.8000000000000003,2.9000000000000004,3.0,3.1,3.2,3.3000000000000003,3.4000000000000004,3.5,3.6,3.7,3.8000000000000003,3.9000000000000004,4.0,4.1000000000000005,4.2,4.3,4.4,4.5,4.6000000000000005,4.7,4.800000000000001,4.9,5.0,5.1000000000000005,5.2,5.300000000000001,5.4,5.5,5.6000000000000005,5.7,5.800000000000001,5.9,6.0,6.1000000000000005,6.2,6.300000000000001,6.4,6.5,6.6000000000000005,6.7,6.800000000000001,6.9,7.0,7.1000000000000005,7.2,7.300000000000001,7.4,7.5,7.6000000000000005,7.7,7.800000000000001,7.9,8.0,8.1,8.200000000000001,8.3,8.4,8.5,8.6,8.700000000000001,8.8,8.9,9.0,9.1,9.200000000000001,9.3,9.4,9.5,9.600000000000001,9.700000000000001,9.8,9.9,10.0","0.28314808892725335,0.364573668921572,0.2801422094004974,0.19669831441755203,0.1358172807154977,0.1730017548303081,0.06509998004276375,-0.0012367682340705677,-0.08064273186384574,-0.13164675139759763,-0.20003292604301803,-0.22109401221975927,-0.25320496842688284,-0.2548324830178866,-0.2992075760180666,-0.3566415714500037,-0.3108241407101991,-0.27364404902094697,-0.183577564373903,-0.032944055987289556,-0.13516727781396212,-0.08719260156037921,-0.064803419454571,0.07486555490031843,0.1401853313858743,0.187916192631631,0.20843800754808603,0.23501828793155136,0.31595757223004467,0.23770895984043325,0.37596067160734475,0.24034745905730429,0.23682762180433037,0.29899979527462217,0.18883226931089026,0.2095764687161683,0.05935699503652282,-0.025897989315761864,-0.045130001232210434,-0.14788675917137456,-0.1372679823310382,-0.08988343431397224,-0.08370797462129931,-0.27624934456367006,-0.2922262103103493,-0.27555731557972873,-0.27478945111414,-0.15312336983660718,-0.22397128621914886,-0.18956939487630903,-0.08800626977870724,-0.08947606264679506,0.07039336352233187,0.0493687786600418,0.19487714176728851,0.17337011020369464,0.0643548381305655,0.28138792373620686,0.385088278794378,0.3215832218404041,0.2825258711046403,0.30866987773172505,0.37289315803478584,0.20523155925485137,0.19116522824131582,0.234965542498195,0.05367324584008312,0.05096948032654042,-0.061105668343594446,-0.17302859272933302,-0.2550522055825619,-0.09462619239991851,-0.2440753734490885,-0.18912018159354335,-0.2398696018031416,-0.4000597991192179,-0.2696300066198496,-0.3071677218074843,-0.22671734747140404,-0.29954941710569294,-0.12875001587506804,-0.03352288198570511,-0.08843925027922658,0.08191833758524825,0.07120339132141199,0.16409125467649224,0.21819468332474712,0.1641773074569513,0.23999873861058346,0.26959191986932607,0.2747578220834725,0.28445161655094847,0.2926424090450023,0.2126796960630546,0.2892140213611683,0.11792466543083482,0.06544942916382049,0.0675211812868162,-0.05925291536439686,-0.09956410557170853,-0.2587548824952728"
29,9.81,2.71953972542811,"0.0,0.1,0.2,0.30000000000000004,0.4,0.5,0.6000000000000001,0.7000000000000001,0.8,0.9,1.0,1.1,1.2000000000000002,1.3,1.4000000000000001,1.5,1.6,1.7000000000000002,1.8,1.9000000000000001,2.0,2.1,2.2,2.3000000000000003,2.4000000000000004,2.5,2.6,2.7,2.8000000000000003,2.9000000000000004,3.0,3.1,3.2,3.3000000000000003,3.4000000000000004,3.5,3.6,3.7,3.8000000000000003,3.9000000000000004,4.0,4.1000000000000005,4.2,4.3,4.4,4.5,4.6000000000000005,4.7,4.800000000000001,4.9,5.0,5.1000000000000005,5.2,5.300000000000001,5.4,5.5,5.6000000000000005,5.7,5.800000000000001,5.9,6.0,6.1000000000000005,6.2,6.300000000000001,6.4,6.5,6.6000000000000005,6.7,6.800000000000001,6.9,7.0,7.1000000000000005,7.2,7.300000000000001,7.4,7.5,7.6000000000000005,7.7,7.800000000000001,7.9,8.0,8.1,8.200000000000001,8.3,8.4,8.5,8.6,8.700000000000001,8.8,8.9,9.0,9.1,9.200000000000001,9.3,9.4,9.5,9.600000000000001,9.700000000000001,9.8,9.9,10.0","0.3418815374044414,0.2824502256432723,0.34059120107359264,0.26736978969354397,0.24607122755146257,0.1828587041027351,0.0904850773779994,0.033695324595406945,-0.04678557423319854,0.05463485896747562,-0.012208610009186563,-0.11503574962902811,-0.20429049764737478,-0.25003985384370153,-0.23567115489309845,-0.39551466948161346,-0.33523033442249356,-0.30546575408529775,-0.16587716937664734,-0.2477317179820747,-0.26134034170800857,-0.18233984472280923,-0.1562728221277481,-0.07888396003799925,0.12556673824337322,-0.008378416112891278,0.07616353034892442,0.164274676519576,0.17777927950147154,0.17764262760673113,0.20613707418727084,0.2265478883318316,0.23367996937020985,0.38076845990858904,0.307056103869259,0.4367331213310254,0.2511568966454585,0.15540701274964558,0.15452487672436704,0.09061909787352013,0.016346097234320928,-0.005542186134925204,-0.011587358322753566,-0.07750781833335321,-0.14594651061776576,-0.181288304938616,-0.2200230212086186,-0.22413942253983882,-0.23851577136502763,-0.3390647834423929,-0.3666823102414502,-0.35206791987985686,-0.30925171389501,-0.2708659342206812,-0.2926131013221119,-0.17956907090939864,-0.09427790099877437,-0.024246480319529723,-0.0294733520725815,0.01064132453660998,0.10609114770564772,0.18251268667897733,0.3805174469380048,0.2137776805795663,0.28580403962494005,0.4767013398144785,0.3182728872867416,0.2613380580996183,0.29283813754429566,0.1822039146105125,0.22083295868622088,0.19604379891339477,0.09793239386105576,0.11340247448904112,0.07650506669552516,-0.06270848698549905,-0.11659579794849023,-0.22076527144926422,-0.2107103201871981,-0.24375569882983522,-0.20115691119851906,-0.2924398664186595,-0.23820107190405115,-0.2555922396883922,-0.18628184100849599,-0.24309519453857717,-0.2246140868600093,-0.1931158483912772,-0.2280258595852644,-0.12114444093834516,-0.08666294846036807,-0.03137786219706427,0.05742295865988062,0.06910297649630381,0.0943584771494058,0.20065134712595387,0.3002139968695841,0.3210197072373143,0.263095299463945,0.33310156944973063,0.14886506150042267"
30,9.81,3.4083879243917306,"0.0,0.1,0.2,0.30000000000000004,0.4,0.5,0.6000000000000001,0.7000000000000001,0.8,0.9,1.0,1.1,1.2000000000000002,1.3,1.4000000000000001,1.5,1.6,1.7000000000000002,1.8,1.9000000000000001,2.0,2.1,2.2,2.3000000000000003,2.4000000000000004,2.5,2.6,2.7,2.8000000000000003,2.9000000000000004,3.0,3.1,3.2,3.3000000000000003,3.4000000000000004,3.5,3.6,3.7,3.8000000000000003,3.9000000000000004,4.0,4.1000000000000005,4.2,4.3,4.4,4.5,4.6000000000000005,4.7,4.800000000000001,4.9,5.0,5.1000000000000005,5.2,5.300000000000001,5.4,5.5,5.6000000000000005,5.7,5.800000000000001,5.9,6.0,6.1000000000000005,6.2,6.300000000000001,6.4,6.5,6.6000000000000005,6.7,6.800000000000001,6.9,7.0,7.1000000000000005,7.2,7.300000000000001,7.4,7.5,7.6000000000000005,7.7,7.800000000000001,7.9,8.0,8.1,8.200000000000001,8.3,8.4,8.5,8.6,8.700000000000001,8.8,8.9,9.0,9.1,9.200000000000001,9.3,9.4,9.5,9.600000000000001,9.700000000000001,9.8,9.9,10.0","0.31446502524062797,0.13393161069488346,0.28263630606462087,0.29491557216075537,0.25964519188237406,0.24130893372931453,-0.0020493084123850702,0.13228483264638113,0.15328235964967518,-0.06990528450275185,-0.011252693570052277,-0.1741374950789803,-0.21063597293117783,-0.260645350523251,-0.18372321293117672,-0.2841434767347241,-0.1840607281790145,-0.28702453428961,-0.1391345181853313,-0.2295094938109833,-0.23678343239981983,-0.2613936901151406,-0.20751365964889465,-0.15375391340632372,-0.1705495209630322,-0.1900628364694766,-0.13488710999452327,-0.055925781725654336,0.1450957540893411,0.014162665066590571,0.11759804870189558,0.16501453698153074,0.15326697463725686,0.13362884650136508,0.2750432792541043,0.25473926287833226,0.3205814130246247,0.31865871617341296,0.32796259956155,0.29691573233189866,0.26792338470906213,0.23915259335722486,0.2075864928078513,0.10956257937119228,0.15262533129998299,0.13763930889636394,0.026486542671617794,0.10454059874510441,-0.16728403404520026,-0.08324151878452722,-0.21112234444948597,-0.09859963630859639,-0.22743812375133574,-0.26279187354091493,-0.18460316137861088,-0.29952127810388696,-0.30646267638613445,-0.357270789659553,-0.33771063989885547,-0.13431192389489183,0.04029757397207043,-0.08799300944838405,-0.17228338225251094,-0.08774710623729931,-0.07768514086330659,0.002617477147806798,0.014494614865385912,0.05495843363277128,0.13991234866382368,0.07047941580352875,0.12677770243056766,0.2550075819594978,0.35758504983726025,0.3672898329505181,0.30375379882306985,0.3509209072058744,0.340366523172679,0.18616554591014506,0.19770808420829739,0.20604275040949468,0.19967378895565718,0.17938081463976607,0.19263394449164092,0.07227602716814935,-4.4317422933100314e-05,-0.09600259703593586,-0.1174216722970649,-0.16632085314295497,-0.12122509618512872,-0.2256802009731264,-0.19806521394666768,-0.2938502454715139,-0.28552433046515197,-0.23186674976246097,-0.27132150603426514,-0.23144995155663384,-0.17370885011798898,-0.2523669193649294,-0.23032888158562295,-0.12834063786653185,-0.297992028580781"
31,9.81,4.860732436488008,"0.0,0.1,0.2,0.30000000000000004,0.4,0.5,0.6000000000000001,0.7000000000000001,0.8,0.9,1.0,1.1,1.2000000000000002,1.3,1.4000000000000001,1.5,1.6,1.7000000000000002,1.8,1.9000000000000001,2.0,2.1,2.2,2.3000000000000003,2.4000000000000004,2.5,2.6,2.7,2.8000000000000003,2.9000000000000004,3.0,3.1,3.2,3.3000000000000003,3.4000000000000004,3.5,3.6,3.7,3.8000000000000003,3.9000000000000004,4.0,4.1000000000000005,4.2,4.3,4.4,4.5,4.6000000000000005,4.7,4.800000000000001,4.9,5.0,5.1000000000000005,5.2,5.300000000000001,5.4,5.5,5.6000000000000005,5.7,5.800000000000001,5.9,6.0,6.1000000000000005,6.2,6.300000000000001,6.4,6.5,6.6000000000000005,6.7,6.800000000000001,6.9,7.0,7.1000000000000005,7.2,7.300000000000001,7.4,7.5,7.6000000000000005,7.7,7.800000000000001,7.9,8.0,8.1,8.200000000000001,8.3,8.4,8.5,8.6,8.700000000000001,8.8,8.9,9.0,9.1,9.200000000000001,9.3,9.4,9.5,9.600000000000001,9.700000000000001,9.8,9.9,10.0","0.3235345428189094,0.33272484269577335,0.3032345050280648,0.2181787017219121,0.1996988833781346,0.3685300344109951,0.1843677643088085,0.15802846651055785,0.11691693551409445,0.07625651615196113,0.052287494182700914,-0.0400767963765642,-0.10229967957262176,-0.1709652042816452,-0.13489357743319585,-0.15658590482194037,-0.24661446705519857,-0.29238450379725156,-0.2328591179742979,-0.3057481680801049,-0.16651795928137075,-0.38372525915965094,-0.3512097332078309,-0.27834419487163153,-0.22428045658128332,-0.20445034722077124,-0.3015641326496909,-0.3192882160852426,-0.31047300217648877,-0.19346550456030287,-0.11083766186785315,-0.12058846157220214,-0.06728113027336506,-0.07323690173488846,0.04337768287318108,0.05168023297997297,0.07046307520906145,0.13933859630696954,0.2000999208135869,0.24010815833018137,0.2483890797234455,0.2693475457997596,0.30662440467902463,0.2805483214702874,0.3229957585175909,0.27712856203437863,0.32130140765610726,0.25948095571759927,0.26120703949086316,0.24444221314118572,0.2417564199948196,0.12947631699293377,0.1211963171793525,0.1091440554965091,0.06990108667530964,0.0003446943411032459,0.008450695811891402,-0.08496577711851439,-0.13646684929675995,-0.17402807231767212,-0.19237948459581058,-0.13194040480247574,-0.19932396725694876,-0.31063698031643106,-0.34795586075586277,-0.3280724908054186,-0.5089763679504483,-0.2759335259017883,-0.35445903575755866,-0.37285777385724034,-0.2566426497015512,-0.25420566853072996,-0.24686352033107606,-0.23613875517403954,-0.17925883508993445,-0.17179018746416524,-0.08251758378974437,-0.07087342911213663,0.1198533318664397,-0.007820892788031157,0.1330495387104561,0.22998389507116374,0.24559408983121586,0.1555266099117859,0.24941251346535187,0.17570625664872833,0.3472731030755502,0.37137692557422475,0.3698549573824366,0.28446027831689996,0.3175923974944397,0.2637214516500674,0.43428283937667894,0.16139370967843386,0.13633951032720634,0.06286048949943163,0.1790021150609346,0.1018930812491031,0.14357042817434604,-0.07788935970956173,-0.0270647758922794"
32,9.81,2.095676179555052,"0.0,0.1,0.2,0.30000000000000004,0.4,0.5,0.6000000000000001,0.7000000000000001,0.8,0.9,1.0,1.1,1.2000000000000002,1.3,1.4000000000000001,1.5,1.6,1.7000000000000002,1.8,1.9000000000000001,2.0,2.1,2.2,2.3000000000000003,2.4000000000000004,2.5,2.6,2.7,2.8000000000000003,2.9000000000000004,3.0,3.1,3.2,3.3000000000000003,3.4000000000000004,3.5,3.6,3.7,3.8000000000000003,3.9000000000000004,4.0,4.1000000000000005,4.2,4.3,4.4,4.5,4.6000000000000005,4.7,4.800000000000001,4.9,5.0,5.1000000000000005,5.2,5.300000000000001,5.4,5.5,5.6000000000000005,5.7,5.800000000000001,5.9,6.0,6.1000000000000005,6.2,6.300000000000001,6.4,6.5,6.6000000000000005,6.7,6.800000000000001,6.9,7.0,7.1000000000000005,7.2,7.300000000000001,7.4,7.5,7.6000000000000005,7.7,7.800000000000001,7.9,8.0,8.1,8.200000000000001,8.3,8.4,8.5,8.6,8.700000000000001,8.8,8.9,9.0,9.1,9.200000000000001,9.3,9.4,9.5,9.600000000000001,9.700000000000001,9.8,9.9,10.0","0.28829950192429177,0.2798961259094476,0.26170906948891165,0.28561444747751474,0.10185285207727292,0.12448507208401004,0.17345665891582068,-0.0609919958975944,0.05288462968167479,-0.009783027209365594,-0.261050980174489,-0.2420092730038213,-0.2646550562389557,-0.2692101906486812,-0.3168207881740706,-0.2605627205400825,-0.15735162971901437,-0.28976033363645065,-0.17240278009293428,-0.18441987131436702,-0.04614891256516547,-0.04504867172815702,0.015555917210313049,0.12894144821163148,0.10422335529403216,0.24875991642001538,0.23981423086049805,0.38527356611263197,0.3740305497159236,0.3213130225337745,0.30751801811269414,0.13005185861885077,0.16960850460645738,0.18568180388414934,0.15109352713231775,0.042899972236259194,0.04666446299048372,0.01960498904591504,-0.07664985362646731,-0.07817535369203976,-0.13925358155221296,-0.15632979338307135,-0.22936899090584761,-0.18112829635174232,-0.2803909380139631,-0.2959119392558131,-0.2998403041487137,-0.20322609684891366,-0.1875192725161011,-0.11534425948063164,-0.026440183304489433,0.021024706925733785,0.043827852232751194,0.09591752180801147,0.17796072797173584,0.24550898435112595,0.19186733116605695,0.21983414602429857,0.16760265446854655,0.3319926197776217,0.16268059161063958,0.2366648714710684,0.22730460273361364,0.24880769600458208,0.21963251644889786,0.07552174541876364,-0.11204321900569558,-0.08078359738995775,-0.16949039063536384,-0.17606133753302794,-0.24644132865184137,-0.31337152761621245,-0.29332072759246713,-0.280593401080948,-0.25656659932633175,-0.2593305394981368,-0.24245984141483454,-0.23923923978078657,-0.19535792822147136,-0.10580430230453347,-0.0815145574545837,-0.021385162262964906,0.11286049253922963,0.19399173547882737,0.28610708532509094,0.33562138843873557,0.26664053481024397,0.35778371430605566,0.23696357565227988,0.3829041677863249,0.272098513754406,0.2188521838791521,0.1670979330766097,0.14537699993183456,-0.006279044877664605,-0.0020666942277983956,-0.09139974469809116,-0.17937903185083187,-0.3366827354483801,-0.2989652532522948,-0.2696426884540962"
33,9.81,3.954256097250376,"0.0,0.1,0.2,0.30000000000000004,0.4,0.5,0.6000000000000001,0.7000000000000001,0.8,0.9,1.0,1.1,1.2000000000000002,1.3,1.4000000000000001,1.5,1.6,1.7000000000000002,1.8,1.9000000000000001,2.0,2.1,2.2,2.3000000000000003,2.4000000000000004,2.5,2.6,2.7,2.8000000000000003,2.9000000000000004,3.0,3.1,3.2,3.3000000000000003,3.4000000000000004,3.5,3.6,3.7,3.8000000000000003,3.9000000000000004,4.0,4.1000000000000005,4.2,4.3,4.4,4.5,4.6000000000000005,4.7,4.800000000000001,4.9,5.0,5.1000000000000005,5.2,5.300000000000001,5.4,5.5,5.6000000000000005,5.7,5.800000000000001,5.9,6.0,6.1000000000000005,6.2,6.300000000000001,6.4,6.5,6.6000000000000005,6.7,6.800000000000001,6.9,7.0,7.1000000000000005,7.2,7.300000000000001,7.4,7.5,7.6000000000000005,7.7,7.800000000000001,7.9,8.0,8.1,8.200000000000001,8.3,8.4,8.5,8.6,8.700000000000001,8.8,8.9,9.0,9.1,9.200000000000001,9.3,9.4,9.5,9.600000000000001,9.700000000000001,9.8,9.9,10.0","0.2643322368073505,0.3204886165487909,0.3185477387972553,0.3780219502639276,0.24523447395584655,0.2500773283846707,0.1126720560028184,0.10512855677774077,0.06704872189283731,0.01351646266599181,0.022421532037281207,-0.05748352169524695,-0.11796632347835598,-0.18994564386475887,-0.18150371453088363,-0.2256730886969192,-0.27860492260414815,-0.28171321438153574,-0.34597717793527927,-0.46091537098022645,-0.1472188957177385,-0.22636202563681246,-0.26453515634082275,-0.36995467766692935,-0.2969099377588206,-0.21404369015499985,-0.14397743957335868,-0.12172409845627942,-0.11082886282618282,-0.016468644325469725,-0.028987148497555012,-0.15899394970050026,0.09297685519671778,0.08583887030932708,0.17731202503274607,0.16669505858590147,0.36662042384483295,0.29876298647006855,0.23206435466351608,0.25993096970178714,0.3505208526925815,0.23490918943357153,0.27004841710729327,0.2974483764382206,0.15722170318438966,0.19447739822326204,0.15254263748543181,0.18351279625603006,0.013087834673345289,0.02155734443518774,-0.06266735249039043,-0.10701495686552656,-0.06861705698211215,-0.14273062105628012,-0.19988177333111026,-0.16283478489036934,-0.2504855898098574,-0.21179555500689515,-0.29581038983177216,-0.2029796584365801,-0.33933173880731354,-0.31630268435141495,-0.25067124357536735,-0.19496130868898046,-0.33320428004987857,-0.21673991256573727,-0.14151246048628965,-0.15876254875350504,-0.08944654446584156,-0.05463960169190729,-0.06602900687226843,0.05259060421981519,0.09527419415606547,0.08919706504251197,0.1083464193757195,0.18753327000192238,0.2387757689772101,0.23542897451863626,0.30363580545587865,0.23016586654219584,0.2886694111759597,0.28945157458818677,0.2798621484336356,0.2943494191457988,0.2476182979731106,0.2343992907848164,0.246918676775191,0.06682915605892205,0.14519230867681499,0.03398580356403768,0.015780494702288157,-0.042408180002217265,-0.17322785365898957,-0.08762448094588843,-0.1657851448232362,-0.3034206805874812,-0.18434760201919984,-0.2547676435954689,-0.2525169984720797,-0.30113329372996267,-0.37639502750367426"
34,9.81,3.821233852635073,"0.0,0.1,0.2,0.30000000000000004,0.4,0.5,0.6000000000000001,0.7000000000000001,0.8,0.9,1.0,1.1,1.2000000000000002,1.3,1.4000000000000001,1.5,1.6,1.7000000000000002,1.8,1.9000000000000001,2.0,2.1,2.2,2.3000000000000003,2.4000000000000004,2.5,2.6,2.7,2.8000000000000003,2.9000000000000004,3.0,3.1,3.2,3.3000000000000003,3.4000000000000004,3.5,3.6,3.7,3.8000000000000003,3.9000000000000004,4.0,4.1000000000000005,4.2,4.3,4.4,4.5,4.6000000000000005,4.7,4.800000000000001,4.9,5.0,5.1000000000000005,5.2,5.300000000000001,5.4,5.5,5.6000000000000005,5.7,5.800000000000001,5.9,6.0,6.1000000000000005,6.2,6.300000000000001,6.4,6.5,6.6000000000000005,6.7,6.800000000000001,6.9,7.0,7.1000000000000005,7.2,7.300000000000001,7.4,7.5,7.6000000000000005,7.7,7.800000000000001,7.9,8.0,8.1,8.200000000000001,8.3,8.4,8.5,8.6,8.700000000000001,8.8,8.9,9.0,9.1,9.200000000000001,9.3,9.4,9.5,9.600000000000001,9.700000000000001,9.8,9.9,10.0","0.26116447418064076,0.2377572151111224,0.2721161860481888,0.22436253105185283,0.24934230694565246,0.24494791539572125,0.18841738940447877,0.1415267461176852,0.061576941487029024,0.15906740201222128,0.07252610326408732,-0.07013050822616805,-0.21340535447917958,-0.1580722653480528,-0.14582657034475505,-0.2590166812013515,-0.2234035673621235,-0.34013881754368946,-0.24840900433703314,-0.3618913003777107,-0.3628490343108465,-0.3028461590363392,-0.22085881952319988,-0.23346791312480944,-0.2940040075761146,-0.16012660596499684,-0.16003887082032586,-0.09444553445362094,-0.10895179192473575,-0.07552147170153133,0.046791536712817924,0.014198769831795202,0.05298823638834453,0.16439696468049567,0.2750082002994756,0.24403796897537794,0.22685233895607743,0.19654152206500164,0.34434176997433263,0.28818813614659433,0.25196856303628185,0.23738526041889474,0.28815493722521124,0.2103896191243077,0.31961783530943927,0.18612956962781765,0.15293628405968476,0.009508311313423085,-0.08023895357211301,-0.0006290760874037554,-0.05178315061718905,-0.030763202427704903,-0.10459053605632754,-0.09845340956511782,-0.09196588965964755,-0.1934399817871914,-0.12543804473319028,-0.17541231670116353,-0.41021411273039265,-0.26716915684573334,-0.22874882395942644,-0.35891097831902485,-0.2587399676521922,-0.17686039905687848,-0.3051175839700954,-0.2857625944903561,0.06492345026278973,-0.10602345261439533,-0.0492253863266644,-0.12078820505213583,0.1102441967589326,0.07807890565657646,0.13940757443296853,0.17526577933649515,0.39326037336644737,0.2668352273969062,0.2719591449589261,0.23287650661782933,0.31470035455299705,0.29089853317698994,0.34318516922602793,0.1927885756568224,0.302842291223073,0.31249393972845235,0.2609331444179159,0.13113663636135975,0.17691923994123132,0.09805278736520903,0.13683282131596902,0.06641678777497717,-0.13040782500378406,-0.1005285921572815,-0.12647482278425326,-0.15802145672075735,-0.21596723689152098,-0.23562983416019567,-0.19219469169404324,-0.27809699885838535,-0.31447938445718715,-0.4426018177292735,-0.3176685490511416"
35,9.81,2.2244145462066762,"0.0,0.1,0.2,0.30000000000000004,0.4,0.5,0.6000000000000001,0.7000000000000001,0.8,0.9,1.0,1.1,1.2000000000000002,1.3,1.4000000000000001,1.5,1.6,1.7000000000000002,1.8,1.9000000000000001,2.0,2.1,2.2,2.3000000000000003,2.4000000000000004,2.5,2.6,2.7,2.8000000000000003,2.9000000000000004,3.0,3.1,3.2,3.3000000000000003,3.4000000000000004,3.5,3.6,3.7,3.8000000000000003,3.9000000000000004,4.0,4.1000000000000005,4.2,4.3,4.4,4.5,4.6000000000000005,4.7,4.800000000000001,4.9,5.0,5.1000000000000005,5.2,5.300000000000001,5.4,5.5,5.6000000000000005,5.7,5.800000000000001,5.9,6.0,6.1000000000000005,6.2,6.300000000000001,6.4,6.5,6.6000000000000005,6.7,6.800000000000001,6.9,7.0,7.1000000000000005,7.2,7.300000000000001,7.4,7.5,7.6000000000000005,7.7,7.800000000000001,7.9,8.0,8.1,8.200000000000001,8.3,8.4,8.5,8.6,8.700000000000001,8.8,8.9,9.0,9.1,9.200000000000001,9.3,9.4,9.5,9.600000000000001,9.700000000000001,9.8,9.9,10.0","0.26618015428344716,0.3016556553242744,0.26493940383347064,0.2607685737424512,0.17811510878579853,0.14307852281994607,0.030395117071405714,-0.018480734623453697,0.014469614923545388,-0.17570846457798472,-0.19652960659992316,-0.2050999487335379,-0.1490542293181925,-0.24029577992096673,-0.3049305719486677,-0.24823038711870443,-0.2798671843118251,-0.29896910278649863,-0.26449932614212457,-0.20269700362275722,-0.1127307442103945,-0.06481164293316209,0.018098314440102833,0.17613924600860648,0.2212159296173099,0.17537808252048764,0.1978312503056891,0.2465851396534864,0.2854483503290776,0.27925139773732105,0.29794273838534824,0.2118063283821601,0.2502076539176197,0.256715323929717,0.21500487725741027,0.20443209628767883,0.07314739707167661,-0.00020807892402226885,-0.04061501921550594,-0.008053223741266546,-0.09030922146490139,-0.15635399233788486,-0.21830550506667531,-0.253466561858662,-0.20715001511701622,-0.3687673425410045,-0.34337858160016066,-0.1536813262247586,-0.23371892483210946,-0.2446587669698837,-0.19809503181643545,-0.05110469453592016,0.03720622420793776,0.03997561330091202,0.1618130577296644,0.15923942390034343,0.05081056318632654,0.1903348293458071,0.3268799489560618,0.29385770264932387,0.21014480300194283,0.27258217084223263,0.2742499619293882,0.2093826634524792,0.1908590898467656,0.15185659285477168,0.0932323376714686,0.09398288025812276,0.06305914870791317,-0.06748660307234831,-0.0776594937457245,-0.24672174305210975,-0.3628801858268702,-0.2738255304133548,-0.26312268381215387,-0.24376019316630188,-0.38652948389966113,-0.31388390300414654,-0.2384632250668151,-0.22163693901146012,-0.15633985151608867,-0.10958405322848086,-0.16810798269883215,-0.0019388821377567603,-0.020422752966800378,0.12705548981671916,0.18311525346961857,0.13151506892585715,0.3010710232832455,0.2714790310371002,0.2936141516950665,0.1635340601565501,0.2563539199613282,0.25754365139575214,0.20779695786737343,0.20739285439345975,0.14280202473300246,0.061003262951115494,-0.03462043945245895,0.016981509926800836,-0.06537141497724429"
36,9.81,3.699783782087321,"0.0,0.1,0.2,0.30000000000000004,0.4,0.5,0.6000000000000001,0.7000000000000001,0.8,0.9,1.0,1.1,1.2000000000000002,1.3,1.4000000000000001,1.5,1.6,1.7000000000000002,1.8,1.9000000000000001,2.0,2.1,2.2,2.3000000000000003,2.4000000000000004,2.5,2.6,2.7,2.8000000000000003,2.9000000000000004,3.0,3.1,3.2,3.3000000000000003,3.4000000000000004,3.5,3.6,3.7,3.8000000000000003,3.9000000000000004,4.0,4.1000000000000005,4.2,4.3,4.4,4.5,4.6000000000000005,4.7,4.800000000000001,4.9,5.0,5.1000000000000005,5.2,5.300000000000001,5.4,5.5,5.6000000000000005,5.7,5.800000000000001,5.9,6.0,6.1000000000000005,6.2,6.300000000000001,6.4,6.5,6.6000000000000005,6.7,6.800000000000001,6.9,7.0,7.1000000000000005,7.2,7.300000000000001,7.4,7.5,7.6000000000000005,7.7,7.800000000000001,7.9,8.0,8.1,8.200000000000001,8.3,8.4,8.5,8.6,8.700000000000001,8.8,8.9,9.0,9.1,9.200000000000001,9.3,9.4,9.5,9.600000000000001,9.700000000000001,9.8,9.9,10.0","0.2667930111628714,0.26732109564657136,0.24369220257651436,0.23495847950494955,0.3290707300716865,0.21584066719191206,0.37861763440407276,0.1618205804410316,0.028491000601521106,0.10299532552389251,0.09430924711232053,-0.08339596837820393,-0.052457990537145165,-0.08939900749795765,-0.2908105917607915,-0.22152140159996192,-0.44766202423065693,-0.28310420206116443,-0.25564714392719234,-0.28834418472157863,-0.2997036887926225,-0.30761179886843304,-0.2074810765390806,-0.1833106351856929,-0.021053307959958856,-0.09704669395814337,0.029430115836960535,-0.045573377889353714,-0.05017300148859624,-0.009860042230719658,0.005057440735574001,0.24565533271915052,0.1487033773813699,0.21065341971106383,0.24421174118779382,0.32629919321171474,0.3887748716610159,0.22460417633194638,0.2429707787618074,0.1442669475518572,0.18380871288892636,0.2772949026729102,0.25946640551775363,0.18541418112603691,0.2089775704876848,0.19703288249276285,0.12936779431415385,0.11199790066888562,0.037703702370419895,-0.03013882646565172,-0.02712602271181916,-0.0125092785045426,-0.12402182200035758,-0.20244939733996745,-0.2481398204046812,-0.2451680965897803,-0.20225432955156292,-0.3037710430264827,-0.3758187845283219,-0.27721767642651923,-0.3068472070450183,-0.25223701614784405,-0.11956901152442703,-0.19736133266961642,-0.17193968311563027,-0.22525225675181446,-0.07006576509427608,-0.09729766021696976,0.07844297403133428,0.11998875529125817,0.07798543538589216,0.08840960040566495,0.2983105537886461,0.25710475303469077,0.27802772416913596,0.09913081685390282,0.2204319943569418,0.41311069145687185,0.308783391233134,0.342185447715545,0.36908642134321884,0.2196939046240829,0.2976928870809569,0.1349296960813338,0.21787889555011258,0.07717257650865797,0.0925560892979756,-0.025316724573400014,0.07447064280469853,-0.0634282528338647,-0.07663857678950761,-0.27091054551144966,-0.18643736018538334,-0.28627659701404296,-0.3103727698834751,-0.3823117634559381,-0.33412203148349784,-0.40086158940312594,-0.27272792307797994,-0.33194691426815076,-0.24814334623831344"
37,9.81,0.60426449122127,"0.0,0.1,0.2,0.30000000000000004,0.4,0.5,0.6000000000000001,0.7000000000000001,0.8,0.9,1.0,1.1,1.2000000000000002,1.3,1.4000000000000001,1.5,1.6,1.7000000000000002,1.8,1.9000000000000001,2.0,2.1,2.2,2.3000000000000003,2.4000000000000004,2.5,2.6,2.7,2.8000000000000003,2.9000000000000004,3.0,3.1,3.2,3.3000000000000003,3.4000000000000004,3.5,3.6,3.7,3.8000000000000003,3.9000000000000004,4.0,4.1000000000000005,4.2,4.3,4.4,4.5,4.6000000000000005,4.7,4.800000000000001,4.9,5.0,5.1000000000000005,5.2,5.300000000000001,5.4,5.5,5.6000000000000005,5.7,5.800000000000001,5.9,6.0,6.1000000000000005,6.2,6.300000000000001,6.4,6.5,6.6000000000000005,6.7,6.800000000000001,6.9,7.0,7.1000000000000005,7.2,7.300000000000001,7.4,7.5,7.6000000000000005,7.7,7.800000000000001,7.9,8.0,8.1,8.200000000000001,8.3,8.4,8.5,8.6,8.700000000000001,8.8,8.9,9.0,9.1,9.200000000000001,9.3,9.4,9.5,9.600000000000001,9.700000000000001,9.8,9.9,10.0","0.3208288859553503,0.2525223962359703,0.26699979837690896,0.01949300798907673,-0.08575283640904868,-0.24983359463376723,-0.28813321471641473,-0.30222949208296396,-0.3022658694951695,-0.40188521465178795,-0.09076065527643404,-0.027485286864052834,-0.032966820183468325,0.13655946021878482,0.48225256977620024,0.28071289896998775,0.3266709906885403,0.2577282314741409,0.00895145732714267,0.10550657651336309,-0.11254758206123441,-0.13673441178473666,-0.2304623938488392,-0.3273661283089526,-0.28027828855800896,-0.3841777190170462,-0.25567077239014735,-0.06781814911668788,0.10110877685369579,0.07054621752107221,0.23714075621153902,0.3124969094988006,0.3487305341363451,0.2131424099469954,0.10842469842820611,0.020711949665385136,-0.368850572100861,-0.2973106364375311,-0.1720828819012542,-0.3294860153454233,-0.289035896068817,-0.1844554237114251,-0.03502395940003558,0.028804358438474044,0.24765566489119667,0.2541116914328255,0.26309525991513383,0.3125234744300246,0.1728221713595936,0.0008168411926438024,0.12413013402525665,-0.1641092647585335,-0.21196338920009405,-0.2900527469214762,-0.3551188595876942,-0.3491961262294996,-0.25373913710484297,-0.1067539764205928,-0.050317017778626336,0.00655123107061123,0.24194173475882685,0.49654735921241,0.407644564532076,0.23445345560543066,0.3146982887747002,0.1715221758970725,0.05386295251686847,-0.06599841288409541,-0.26246074573193634,-0.16897295883732438,-0.28079513228803915,-0.2510374113682676,-0.2032148520134689,-0.13060608272807067,0.004185374171928925,0.12431606458612597,0.25939968773389627,0.41506564886450964,0.39115000002393074,0.09952231856050087,0.12671901302054936,0.11967006174531969,-0.04738677186945889,-0.1752031839083704,-0.25934687309679544,-0.28943516272552194,-0.3081416042101139,-0.4101659587136667,-0.3015060227973273,-0.02000641934245377,0.023023438787857137,0.261023579222604,0.23107731406291218,0.2521767147086971,0.2048573306859785,0.29110151127258027,0.08774914494343337,0.010335628068406648,0.005626145678724437,-0.05133123720477448,-0.26965560934471844"
38,9.81,4.812390127539228,"0.0,0.1,0.2,0.30000000000000004,0.4,0.5,0.6000000000000001,0.7000000000000001,0.8,0.9,1.0,1.1,1.2000000000000002,1.3,1.4000000000000001,1.5,1.6,1.7000000000000002,1.8,1.9000000000000001,2.0,2.1,2.2,2.3000000000000003,2.4000000000000004,2.5,2.6,2.7,2.8000000000000003,2.9000000000000004,3.0,3.1,3.2,3.3000000000000003,3.4000000000000004,3.5,3.6,3.7,3.8000000000000003,3.9000000000000004,4.0,4.1000000000000005,4.2,4.3,4.4,4.5,4.6000000000000005,4.7,4.800000000000001,4.9,5.0,5.1000000000000005,5.2,5.300000000000001,5.4,5.5,5.6000000000000005,5.7,5.800000000000001,5.9,6.0,6.1000000000000005,6.2,6.300000000000001,6.4,6.5,6.6000000000000005,6.7,6.800000000000001,6.9,7.0,7.1000000000000005,7.2,7.300000000000001,7.4,7.5,7.6000000000000005,7.7,7.800000000000001,7.9,8.0,8.1,8.200000000000001,8.3,8.4,8.5,8.6,8.700000000000001,8.8,8.9,9.0,9.1,9.200000000000001,9.3,9.4,9.5,9.600000000000001,9.700000000000001,9.8,9.9,10.0","0.3213359240983693,0.224803184175857,0.32839027594495906,0.07483402607259265,0.3740314978576062,0.3117914130490641,0.20467894063895925,0.168214605701227,0.019906942227457522,0.08506793566765065,-0.040661221885082977,-0.08168003306114961,-0.04184677524405589,-0.30275989554782157,-0.14531719710299243,-0.1737621871023618,-0.19559436749235246,-0.3122248337093072,-0.12600363954014263,-0.3538880836073883,-0.3682028205259681,-0.08817379579874304,-0.39465385233555345,-0.3245671448485215,-0.2751178614277824,-0.18341478247721765,-0.09915248827964201,-0.44488256761796874,-0.15136742541000192,-0.1555058822487005,-0.11857142968565781,-0.12039453765670326,-0.07729758502760939,-0.027226980039541233,0.1901080217065406,0.07878288249745724,0.10446163554285107,0.16327158760564428,0.1259300685535571,0.17576318076909722,0.2435978036192791,0.3369320411912127,0.2827755288023513,0.404420493977508,0.2534598910033188,0.3045962112616936,0.3282945776544373,0.311784859629569,0.287121247131571,0.21829932280219866,0.14804950440927045,0.15096897629984868,0.10466037866363713,0.11088543035097677,0.02227337939789132,0.03615787216652066,-0.03517389990724982,-0.11318292392715851,-0.11782193612772003,0.08403763193800984,-0.17550047867212923,-0.2467896482400053,-0.24068996996287315,-0.2065473159707929,-0.2807600599428358,-0.3046454440047673,-0.3049198937407595,-0.26307979139841203,-0.2390937067120172,-0.31069520566968756,-0.24475669789418109,-0.2047653279277039,-0.23892808516164954,-0.20846834621753965,-0.27751729747619447,-0.15511468152622102,0.0915545082465912,-0.006034337340364258,0.03331019543734117,-0.09287282919528088,0.18561730931340156,0.21147751220563987,0.13872783842063685,0.20781593537277068,0.248604862646954,0.15857380925818026,0.3564944838345995,0.514784014840895,0.3284539151644245,0.35266926586833236,0.31683977002009495,0.24911424711429725,0.06212122788063432,0.23953862034331042,0.15509021876458012,0.27943396368604484,0.20746099507321777,0.12965988400305659,0.016293284060060143,-0.022893583221606294,-0.01280054122505339"
39,9.81,3.9126519651219196,"0.0,0.1,0.2,0.30000000000000004,0.4,0.5,0.6000000000000001,0.7000000000000001,0.8,0.9,1.0,1.1,1.2000000000000002,1.3,1.4000000000000001,1.5,1.6,1.7000000000000002,1.8,1.9000000000000001,2.0,2.1,2.2,2.3000000000000003,2.4000000000000004,2.5,2.6,2.7,2.8000000000000003,2.9000000000000004,3.0,3.1,3.2,3.3000000000000003,3.4000000000000004,3.5,3.6,3.7,3.8000000000000003,3.9000000000000004,4.0,4.1000000000000005,4.2,4.3,4.4,4.5,4.6000000000000005,4.7,4.800000000000001,4.9,5.0,5.1000000000000005,5.2,5.300000000000001,5.4,5.5,5.6000000000000005,5.7,5.800000000000001,5.9,6.0,6.1000000000000005,6.2,6.300000000000001,6.4,6.5,6.6000000000000005,6.7,6.800000000000001,6.9,7.0,7.1000000000000005,7.2,7.300000000000001,7.4,7.5,7.6000000000000005,7.7,7.800000000000001,7.9,8.0,8.1,8.200000000000001,8.3,8.4,8.5,8.6,8.700000000000001,8.8,8.9,9.0,9.1,9.200000000000001,9.3,9.4,9.5,9.600000000000001,9.700000000000001,9.8,9.9,10.0","0.12553254993560561,0.32443861601781854,0.3485418442941104,0.2850478210245492,0.2433915782105586,0.23200940894539546,0.21048897828749635,0.15636214604682755,0.09096540430942641,0.08375193225564447,-0.025789126449643943,0.015886297401272537,-0.0992221841467906,-0.05854343463007419,-0.12777983775237192,-0.2320803121558114,-0.26043863622101754,-0.279330445709254,-0.2774767688631542,-0.25126103189248244,-0.18727925082005312,-0.11955502111575339,-0.24892823236538306,-0.2987922648246817,-0.2602191005355727,-0.10578748325246753,-0.1811435664456909,-0.029866796131911427,-0.12634680032265588,-0.0751552603818671,0.01289887394777615,-0.031119089460908314,0.06537486836852852,0.27720697555239193,0.16435599934126932,0.19490438405339128,0.2597565100804754,0.26852619801729266,0.29094462960536577,0.2745494101715866,0.35023600529855264,0.22847578925139955,0.29161212609992615,0.21855238094693158,0.26578399911665757,0.06998044400271461,0.18650494944622734,-0.07821961065617677,0.01692503584900691,-0.02299475156613333,0.09467137053153302,-0.12527993456077158,-0.09086279223450895,-0.18462438422675076,-0.18623961701115802,-0.1405196195704645,-0.3400403597229897,-0.33270497979539604,-0.28999913811750433,-0.3942963329594841,-0.3038256191602954,-0.2923965354877426,-0.2973107736409241,-0.22309947049212553,-0.39851456288975295,-0.1857792987514437,-0.12538737747996428,-0.10166802192793523,-0.0644708356456507,-0.10456463267681429,0.04863406336999697,0.08571369618517713,0.09403453477339832,0.1260550705607165,0.3936701059986395,0.24059286151296877,0.2645590401601761,0.20350037024054182,0.4126798464157686,0.24633634276910682,0.31698478821187714,0.3087446582385416,0.14470276132821436,0.2636945894509357,0.2966920169980274,0.22970493106910111,0.17510643687668836,0.11257660578061907,0.09255153497709544,-0.041225125083059255,-0.18790811963145498,-0.07636746185454737,-0.06672936524082655,-0.17867597360068777,-0.16101584021067522,-0.24005548062512644,-0.15775200057985297,-0.26548789502938097,-0.3257723370206387,-0.10765757273340634,-0.42615374808973616"
40,9.81,1.6766313824905277,"0.0,0.1,0.2,0.30000000000000004,0.4,0.5,0.6000000000000001,0.7000000000000001,0.8,0.9,1.0,1.1,1.2000000000000002,1.3,1.4000000000000001,1.5,1.6,1.7000000000000002,1.8,1.9000000000000001,2.0,2.1,2.2,2.3000000000000003,2.4000000000000004,2.5,2.6,2.7,2.8000000000000003,2.9000000000000004,3.0,3.1,3.2,3.3000000000000003,3.4000000000000004,3.5,3.6,3.7,3.8000000000000003,3.9000000000000004,4.0,4.1000000000000005,4.2,4.3,4.4,4.5,4.6000000000000005,4.7,4.800000000000001,4.9,5.0,5.1000000000000005,5.2,5.300000000000001,5.4,5.5,5.6000000000000005,5.7,5.800000000000001,5.9,6.0,6.1000000000000005,6.2,6.300000000000001,6.4,6.5,6.6000000000000005,6.7,6.800000000000001,6.9,7.0,7.1000000000000005,7.2,7.300000000000001,7.4,7.5,7.6000000000000005,7.7,7.800000000000001,7.9,8.0,8.1,8.200000000000001,8.3,8.4,8.5,8.6,8.700000000000001,8.8,8.9,9.0,9.1,9.200000000000001,9.3,9.4,9.5,9.600000000000001,9.700000000000001,9.8,9.9,10.0","0.2955619310877223,0.26250271230233296,0.35351167838146247,0.23112579484582038,0.1343480298432404,0.14702526311316114,-0.009847348371317274,-0.12223655069531378,-0.09589635296737097,-0.1608073033659412,-0.2391997273747786,-0.25574279246366,-0.2915475689566561,-0.24512510578304386,-0.3393468741542232,-0.302113328358656,-0.21985382751494015,-0.05228517746562385,-0.038422410171871424,-0.11440048161903743,0.08927164509317394,0.042355091594995106,0.198919125894563,0.19956646875847256,0.2695030257773402,0.2858230838336456,0.2886977111850087,0.28855851226399293,0.2866513178345917,0.2719852189082561,0.12688949107709518,0.10297180990123572,-0.1507624470294092,-0.03388956790560871,-0.10674252840433135,-0.16692787129594652,-0.18041899361119673,-0.22827027930095461,-0.23452144049336993,-0.338988187148706,-0.3115315663982948,-0.2642883974218807,-0.16629181899938086,-0.09836179917610806,-0.14766431740320515,-0.025702140856107215,0.031717914657201175,0.11074480732302588,0.22213940705908866,0.21185157662133058,0.41181982074718093,0.24686734145538422,0.36457505420609965,0.21639627238735898,0.32641984261016854,0.2464854000573526,0.20022583739134284,0.11889049779707753,-0.025350274016535765,-0.06348049403883174,-0.08855927663182071,-0.19573977675383342,-0.22565211370297178,-0.31851790540280955,-0.2819179203528373,-0.2678122795352052,-0.307557618826718,-0.27969043602915794,-0.29381018739681153,-0.10456953508334413,-0.1033156243453022,0.01006359958828227,0.07188391170223696,0.17571648768955103,0.1413760745777228,0.20079276230366733,0.2554257443357187,0.28517126377871377,0.33229942083346536,0.2323200597429635,0.2278764217722293,0.22179346260959965,0.14772045601367578,0.11575820611501511,-0.024454254503645377,0.024503568684592643,-0.17962201091138758,-0.1281340809513813,-0.1829872238399315,-0.304422208234554,-0.27436396483316533,-0.23660246513579614,-0.17154536856974423,-0.26614514082073926,-0.2719412732145446,-0.26106677110008036,-0.13133724759685603,0.020679552359549505,0.11199912130353074,0.059770894844896526,0.21855798683789657"
41,9.81,2.5327007990504016,"0.0,0.1,0.2,0.30000000000000004,0.4,0.5,0.6000000000000001,0.7000000000000001,0.8,0.9,1.0,1.1,1.2000000000000002,1.3,1.4000000000000001,1.5,1.6,1.7000000000000002,1.8,1.9000000000000001,2.0,2.1,2.2,2.3000000000000003,2.4000000000000004,2.5,2.6,2.7,2.8000000000000003,2.9000000000000004,3.0,3.1,3.2,3.3000000000000003,3.4000000000000004,3.5,3.6,3.7,3.8000000000000003,3.9000000000000004,4.0,4.1000000000000005,4.2,4.3,4.4,4.5,4.6000000000000005,4.7,4.800000000000001,4.9,5.0,5.1000000000000005,5.2,5.300000000000001,5.4,5.5,5.6000000000000005,5.7,5.800000000000001,5.9,6.0,6.1000000000000005,6.2,6.300000000000001,6.4,6.5,6.6000000000000005,6.7,6.800000000000001,6.9,7.0,7.1000000000000005,7.2,7.300000000000001,7.4,7.5,7.6000000000000005,7.7,7.800000000000001,7.9,8.0,8.1,8.200000000000001,8.3,8.4,8.5,8.6,8.700000000000001,8.8,8.9,9.0,9.1,9.200000000000001,9.3,9.4,9.5,9.600000000000001,9.700000000000001,9.8,9.9,10.0","0.3543012068890974,0.29444983021787824,0.3341541952859516,0.25233992807337413,0.17954527211682886,0.20931008348793506,0.1441408570331239,0.2756859663775434,0.01732910498754364,-0.0077232974432927815,0.14387591142920964,-0.19102249287203138,-0.21828944746001527,-0.23316773657897055,-0.2847430460535176,-0.33828719474150537,-0.3639754897590474,-0.1973855221023115,-0.2852602845237381,-0.24138855230097653,-0.2964050096125436,-0.15930884984531252,-0.16249831616870275,0.010288110067497747,-0.0770011776008301,-0.007917744551189543,0.16006381359044314,0.14480700434109745,0.19907472640475854,0.20866533654522607,0.17498208068076393,0.4138155270861222,0.31598217450933547,0.28375176034182314,0.15963233220327172,0.29105632492310574,0.19790880437648578,0.1728737239211548,0.15985826592998006,0.08082029532540062,0.03923297683905681,-0.08591078296910196,-0.08139365362153829,-0.10050330465155724,-0.23643750269076413,-0.2998618943609461,-0.30382354601902567,-0.2933323884713645,-0.2837641075174166,-0.31807632554807913,-0.30351822635716097,-0.23814709596916284,-0.21813122458714426,-0.1326664165302588,-0.1122587744907818,-0.034308798535272016,-0.08538132050085186,0.07988781936304803,0.14613958659447224,0.047728558389287995,0.32947964781903605,0.24796318374636556,0.2655836650903206,0.24061929791514208,0.3044433103114756,0.30687339933606234,0.2994332967964386,0.21570857055602266,0.13711171186034374,0.2844780795129496,0.11652881998434839,0.04914976592827726,0.0006421319068490887,-0.12688058679770256,-0.11516527686186348,-0.17402689772126803,-0.1410124314141466,-0.23865688277192124,-0.33340454528721963,-0.34502049652914246,-0.23214029154963475,-0.32113694677536764,-0.2193959457418394,-0.2534943637382346,-0.19741987031923125,-0.157781826993641,-0.17403076956605928,-0.0987017247240436,-0.0031104308939101013,0.06605426082028745,0.05585586008189051,0.08567500012899187,0.12233578791679725,0.26240151532733536,0.35445433901086276,0.2855531398043345,0.29666352087029574,0.379287525123633,0.25480728634155136,0.21207506081625452,0.2292073681045655"
42,9.81,3.4437901969528326,"0.0,0.1,0.2,0.30000000000000004,0.4,0.5,0.6000000000000001,0.7000000000000001,0.8,0.9,1.0,1.1,1.2000000000000002,1.3,1.4000000000000001,1.5,1.6,1.7000000000000002,1.8,1.9000000000000001,2.0,2.1,2.2,2.3000000000000003,2.4000000000000004,2.5,2.6,2.7,2.8000000000000003,2.9000000000000004,3.0,3.1,3.2,3.3000000000000003,3.4000000000000004,3.5,3.6,3.7,3.8000000000000003,3.9000000000000004,4.0,4.1000000000000005,4.2,4.3,4.4,4.5,4.6000000000000005,4.7,4.800000000000001,4.9,5.0,5.1000000000000005,5.2,5.300000000000001,5.4,5.5,5.6000000000000005,5.7,5.800000000000001,5.9,6.0,6.1000000000000005,6.2,6.300000000000001,6.4,6.5,6.6000000000000005,6.7,6.800000000000001,6.9,7.0,7.1000000000000005,7.2,7.300000000000001,7.4,7.5,7.6000000000000005,7.7,7.800000000000001,7.9,8.0,8.1,8.200000000000001,8.3,8.4,8.5,8.6,8.700000000000001,8.8,8.9,9.0,9.1,9.200000000000001,9.3,9.4,9.5,9.600000000000001,9.700000000000001,9.8,9.9,10.0","0.3018011473970602,0.3151675366864633,0.2741587540902941,0.3599959821725739,0.3274606614358319,0.23359747166315986,0.09712306620796776,0.002165940887327758,0.2391768495236022,0.032318389588187946,0.04735632522077585,-0.09526062419378833,-0.19396729910922006,-0.22888605590369848,-0.10717958379196973,-0.11879729448130472,-0.3109052503965575,-0.33336960630070755,-0.28133664750737297,-0.23367717075721722,-0.3203810503006153,-0.25889924923386165,-0.16019597433944377,-0.20863026797729584,-0.21950172272776144,-0.15075390776447625,-0.07940107519642361,-0.07724875173321848,-0.009021977807705224,0.07070140316066585,0.1310256113913329,0.12646765824425008,0.17087279832902907,0.1604511760291513,0.23529147428267966,0.2677756556606952,0.30204594874448093,0.36924842426818677,0.337040975143608,0.31971401917425146,0.21131987123852108,0.1982191979669849,0.23347082919368958,0.16897158168861526,0.14800246267615422,0.09910577984367658,0.01973828473691395,0.008421133680205901,-0.09091820628065884,-0.12383054289125903,-0.1907474108709822,-0.14716238190370054,-0.2891207035170485,-0.2746467562492367,-0.2502640759863922,-0.18425112420013862,-0.26696689363942927,-0.3770683695908452,-0.3745335019079474,-0.22507905607396367,0.043962165823974775,-0.24998166928756646,-0.1423749281184864,-0.1371627467086799,-0.06279802574389579,0.007021818793782653,0.018126552646660955,0.05386897739792372,0.19318090290883433,0.14357317931515706,0.2536325257338391,0.23443606541807055,0.32481167655799836,0.3518955150281333,0.31676601092289386,0.29347181107100495,0.3504391179989107,0.2459961981114753,0.35017701408669566,0.24017347601128758,0.1744130577004138,0.23360476729890345,0.13508172721224773,0.1516610188976069,0.01316201632881693,-0.05399960016637236,-0.11266925096560651,-0.11653326069315124,-0.17398074397081462,-0.21087347467577774,-0.1901852519107421,-0.27123011801642294,-0.3005231840895034,-0.32128449352035315,-0.34117343272149736,-0.17094780172439253,-0.3973642376847616,-0.34560655257705,-0.19449991829236835,-0.1761204010998285,-0.14809389109838944"
43,9.81,1.7370520181501456,"0.0,0.1,0.2,0.30000000000000004,0.4,0.5,0.6000000000000001,0.7000000000000001,0.8,0.9,1.0,1.1,1.2000000000000002,1.3,1.4000000000000001,1.5,1.6,1.7000000000000002,1.8,1.9000000000000001,2.0,2.1,2.2,2.3000000000000003,2.4000000000000004,2.5,2.6,2.7,2.8000000000000003,2.9000000000000004,3.0,3.1,3.2,3.3000000000000003,3.4000000000000004,3.5,3.6,3.7,3.8000000000000003,3.9000000000000004,4.0,4.1000000000000005,4.2,4.3,4.4,4.5,4.6000000000000005,4.7,4.800000000000001,4.9,5.0,5.1000000000000005,5.2,5.300000000000001,5.4,5.5,5.6000000000000005,5.7,5.800000000000001,5.9,6.0,6.1000000000000005,6.2,6.300000000000001,6.4,6.5,6.6000000000000005,6.7,6.800000000000001,6.9,7.0,7.1000000000000005,7.2,7.300000000000001,7.4,7.5,7.6000000000000005,7.7,7.800000000000001,7.9,8.0,8.1,8.200000000000001,8.3,8.4,8.5,8.6,8.700000000000001,8.8,8.9,9.0,9.1,9.200000000000001,9.3,9.4,9.5,9.600000000000001,9.700000000000001,9.8,9.9,10.0","0.2553311205087447,0.39867018550229505,0.33762502763132207,0.09042391084935072,0.26542666357666145,0.1621764505662129,-0.05599117749974469,-0.0522603315474692,-0.1008614667365167,-0.15024018507485692,-0.236162213054429,-0.36715354728457816,-0.2744192204355658,-0.2629381488547233,-0.31772159966453223,-0.2707275144256726,-0.2700674784223284,-0.15283325812634616,0.01682262031108156,-0.011939435403345078,0.005732907188348904,0.10688078958844127,0.19488026184744886,0.30588052558232626,0.24632334040087284,0.26597683456213933,0.2692919701627327,0.2718931117369117,0.2550281507559404,0.2907597810851778,0.12775906440235044,0.020939625859121958,0.026614954011822387,-0.05275341000149175,-0.00781150471223168,-0.07435583026955132,-0.15341567418130742,-0.2399516007455753,-0.23674998286828916,-0.3404272779343557,-0.2683955917100874,-0.2803938177464493,-0.37348165083443946,-0.23181389618417927,-0.15379560471996134,-0.17849708119187066,0.04940802289294351,0.1451237225269729,0.24969646817082675,0.15895322550077184,0.1612655183523649,0.2846790713409651,0.3357108326212361,0.34994248051366567,0.35964773434267927,0.31765508065328785,0.21760266365385875,0.15284334478846276,0.06426820513973697,-0.010507339446881009,-0.0032108176133345857,-0.1064249806896517,-0.17196414220327685,-0.18281556409916094,-0.22962024921218854,-0.3086564244709345,-0.34363174774603483,-0.3382221038696235,-0.31544571968536045,-0.32471310302270256,-0.26702380796767666,-0.12206996313752486,-0.003078141074807028,-0.06382823145194724,0.04894481894282441,0.13849290100725056,0.1998804259277388,0.2138909909786944,0.2509813452488425,0.24379467400786384,0.3046593457146404,0.284403996473813,0.2307004713302132,0.18270191137252628,0.06008528316282741,0.034324949958086964,-0.012098511639301066,0.014291819728001823,-0.20878682252096997,-0.21236232850451242,-0.2523282714053676,-0.21555079331983482,-0.23348298868428513,-0.2824058999558415,-0.34156810715513336,-0.23782422740145184,-0.20264832352002962,-0.18956900255396436,-0.1327720491143351,-0.009597235172866887,0.0580583671725366"
44,9.81,2.287666565894973,"0.0,0.1,0.2,0.30000000000000004,0.4,0.5,0.6000000000000001,0.7000000000000001,0.8,0.9,1.0,1.1,1.2000000000000002,1.3,1.4000000000000001,1.5,1.6,1.7000000000000002,1.8,1.9000000000000001,2.0,2.1,2.2,2.3000000000000003,2.4000000000000004,2.5,2.6,2.7,2.8000000000000003,2.9000000000000004,3.0,3.1,3.2,3.3000000000000003,3.4000000000000004,3.5,3.6,3.7,3.8000000000000003,3.9000000000000004,4.0,4.1000000000000005,4.2,4.3,4.4,4.5,4.6000000000000005,4.7,4.800000000000001,4.9,5.0,5.1000000000000005,5.2,5.300000000000001,5.4,5.5,5.6000000000000005,5.7,5.800000000000001,5.9,6.0,6.1000000000000005,6.2,6.300000000000001,6.4,6.5,6.6000000000000005,6.7,6.800000000000001,6.9,7.0,7.1000000000000005,7.2,7.300000000000001,7.4,7.5,7.6000000000000005,7.7,7.800000000000001,7.9,8.0,8.1,8.200000000000001,8.3,8.4,8.5,8.6,8.700000000000001,8.8,8.9,9.0,9.1,9.200000000000001,9.3,9.4,9.5,9.600000000000001,9.700000000000001,9.8,9.9,10.0","0.3048656481033919,0.2278776087176989,0.24615133985286072,0.25584432892512815,0.3037111360994502,0.09865186325061728,0.007631296459139375,0.04392570336090904,-0.09180443043503893,-0.2007957906576564,-0.13105715816728927,-0.20189538986294586,-0.26327300608077275,-0.25425493533138926,-0.32367290401848414,-0.3277191152907675,-0.347211158589219,-0.2761946227717642,-0.2733625247299045,-0.20521187388903311,-0.23388815110955608,-0.10606208186424546,-0.0100778804411557,0.15142053753007165,0.14656209443242507,0.2400739004894729,0.18145930116000683,0.20661683221220617,0.28602313483190384,0.28220149203797046,0.31692944674864565,0.25236831515686164,0.31422944972400635,0.3596789176567098,0.2505067122234952,0.2130065172920499,0.09440331689556317,0.1085218732353449,-0.022382018036632728,-0.0021229998412889417,-0.1564184248404386,-0.1320385518675248,-0.1539503375110153,-0.22313879898609293,-0.4090766392331131,-0.32997925775608533,-0.20796374486201172,-0.28661497258101515,-0.25475321794470185,-0.26096651921658887,-0.1777874964650214,-0.21593668787588996,-0.13225760128019148,-0.008156789442112806,-0.0416563887587755,0.067619369191946,0.05848615764396693,0.18323547428139897,0.20034685831398147,0.21722023141637953,0.1642336885105002,0.257892235868436,0.29467992254981085,0.24452912542497807,0.2680741435581754,0.286790765021376,0.1943416151610594,0.11510217989232131,0.06505375950647502,-0.035176822891693715,-0.07786891859430768,-0.2787373336912682,-0.2480178207654517,-0.28219527836628466,-0.32066283944983465,-0.354836365587799,-0.31991402525518164,-0.33491132490450154,-0.3439741861956426,-0.22440511040286945,-0.17322506979137442,-0.15459583083001763,-0.13098635308772905,-0.038483227135561265,0.02528566824757859,0.040510006334074256,0.0058578721156992974,0.20663261099523114,0.31946422612980574,0.2959736328810079,0.24464698493631762,0.24590297890262758,0.3577136696662718,0.25923045479114915,0.2307643504307227,0.1945999622744684,0.17833491520000386,0.11846116379451144,0.051904516128308736,0.07051388568378893,-0.022736196397799648"
45,9.81,3.8228177668116032,"0.0,0.1,0.2,0.30000000000000004,0.4,0.5,0.6000000000000001,0.7000000000000001,0.8,0.9,1.0,1.1,1.2000000000000002,1.3,1.4000000000000001,1.5,1.6,1.7000000000000002,1.8,1.9000000000000001,2.0,2.1,2.2,2.3000000000000003,2.4000000000000004,2.5,2.6,2.7,2.8000000000000003,2.9000000000000004,3.0,3.1,3.2,3.3000000000000003,3.4000000000000004,3.5,3.6,3.7,3.8000000000000003,3.9000000000000004,4.0,4.1000000000000005,4.2,4.3,4.4,4.5,4.6000000000000005,4.7,4.800000000000001,4.9,5.0,5.1000000000000005,5.2,5.300000000000001,5.4,5.5,5.6000000000000005,5.7,5.800000000000001,5.9,6.0,6.1000000000000005,6.2,6.300000000000001,6.4,6.5,6.6000000000000005,6.7,6.800000000000001,6.9,7.0,7.1000000000000005,7.2,7.300000000000001,7.4,7.5,7.6000000000000005,7.7,7.800000000000001,7.9,8.0,8.1,8.200000000000001,8.3,8.4,8.5,8.6,8.700000000000001,8.8,8.9,9.0,9.1,9.200000000000001,9.3,9.4,9.5,9.600000000000001,9.700000000000001,9.8,9.9,10.0","0.24033496736532775,0.2881162321755814,0.26786804807250025,0.2338373098683212,0.2522207161552374,0.24110559789841673,0.2537778561063292,0.05913170068213491,0.06432027873294546,0.10368386924930739,0.06302185631739635,-0.17052230195054255,-0.11362403235601229,-0.16483753170677745,-0.1594247560730764,-0.3112659400559549,-0.2561976544140876,-0.28223273041325053,-0.276555334241564,-0.34167860507359193,-0.2590820069214553,-0.3245393475711613,-0.32192646487767973,-0.2510551094735036,-0.2245677867369442,-0.3123189385677905,-0.07178066912319456,-0.1793453348136601,-0.059148662465172155,-0.04939665376687653,0.048360779560937685,0.1951511818339443,0.12253481004142375,0.14974234964751154,0.20303274238939248,0.27995044894505655,0.19277532538224074,0.25555554837917266,0.18934841458245938,0.45390615268453804,0.25885196539725525,0.21036458999269697,0.2641897212175606,0.23558006763634864,0.1205974954283103,0.09954373308003837,0.15069699844896822,0.0030421644754485833,0.022040222846242574,-0.006418094303167192,-0.05622399186095725,-0.06586764998963535,-0.09671267333457328,-0.16468193355792557,-0.22449512276619457,-0.24313717903224458,-0.36980644751675973,-0.28425217047920326,-0.2822620014362535,-0.3459401509762316,-0.3173657702138263,-0.3628619383457349,-0.2751116660481851,-0.2088254656165201,-0.2798274086972803,-0.23806327022765728,-0.182519742579573,-0.19655236961323438,-0.07274864627079974,-0.058376586688224,0.0025778785751650254,0.09532106422031425,0.13005869747506268,0.13891661406475675,0.2213405216317654,0.29288090650983156,0.2779017099561349,0.29273448472442387,0.40227531324513843,0.1479014770649184,0.3107978396571517,0.3506998375785226,0.2375477845082751,0.2958227920019061,0.2343545534150011,0.142741250192092,0.1894844319569205,0.06175920010253228,0.12912913110983734,-0.027204846513055207,-0.058166817628609514,-0.19811808733369402,0.0587726884441821,-0.1949088758826174,-0.1878486982840044,-0.2799113711750383,-0.1921411955433785,-0.3826238635888873,-0.3887264861136063,-0.3141263953890738,-0.3141132719334024"
46,9.81,3.488183420313869,"0.0,0.1,0.2,0.30000000000000004,0.4,0.5,0.6000000000000001,0.7000000000000001,0.8,0.9,1.0,1.1,1.2000000000000002,1.3,1.4000000000000001,1.5,1.6,1.7000000000000002,1.8,1.9000000000000001,2.0,2.1,2.2,2.3000000000000003,2.4000000000000004,2.5,2.6,2.7,2.8000000000000003,2.9000000000000004,3.0,3.1,3.2,3.3000000000000003,3.4000000000000004,3.5,3.6,3.7,3.8000000000000003,3.9000000000000004,4.0,4.1000000000000005,4.2,4.3,4.4,4.5,4.6000000000000005,4.7,4.800000000000001,4.9,5.0,5.1000000000000005,5.2,5.300000000000001,5.4,5.5,5.6000000000000005,5.7,5.800000000000001,5.9,6.0,6.1000000000000005,6.2,6.300000000000001,6.4,6.5,6.6000000000000005,6.7,6.800000000000001,6.9,7.0,7.1000000000000005,7.2,7.300000000000001,7.4,7.5,7.6000000000000005,7.7,7.800000000000001,7.9,8.0,8.1,8.200000000000001,8.3,8.4,8.5,8.6,8.700000000000001,8.8,8.9,9.0,9.1,9.200000000000001,9.3,9.4,9.5,9.600000000000001,9.700000000000001,9.8,9.9,10.0","0.3484258531577069,0.22143277946055,0.3165570392912321,0.25863577957910955,0.24652656335820827,0.17549210742499544,0.12303165712076464,0.056416122259363426,0.10251176391985971,0.09916556812270502,-0.0035031367951903133,-0.11240819155511667,-0.09558049992872109,0.12103183384321459,-0.18676922943227667,-0.11909081042268078,-0.281473720738013,-0.32444019558946535,-0.309593742097704,-0.2917492214382245,-0.299134281866048,-0.28075537799339806,-0.17010813520913273,-0.29181038979506274,-0.2343676570149278,-0.16824122757792614,-0.11676008147041597,-0.07448872046807231,-0.007612943975563316,0.07456537341588737,0.12308577007761973,0.16448917738441146,0.17411288165653496,0.21398710549941058,0.2707013460506652,0.18585456382741522,0.29303750483496344,0.30892382369129306,0.22474134812567476,0.25879287589348177,0.3698624407905271,0.25474952350825,0.26195989115789564,0.13815072333608147,0.16583520033616056,0.09978315657420882,0.05571904372414275,-0.1342996083929634,0.017896052685445668,-0.1257529507063631,-0.15935748206102723,-0.10467846836974477,-0.30346628272665,-0.2667115465516087,-0.3092787242319697,-0.28637772948750734,-0.3924488821781096,-0.2939322346764345,-0.19597422715066984,-0.30695872376046013,-0.2603676045934142,-0.22541197422504233,-0.21402587543144402,-0.17526348250185314,-0.07781894915317113,-0.01294140423185794,0.07774941079319428,0.09216144845886177,0.13274562349576105,0.2737542058719524,0.20464406309512623,0.25594101408431974,0.01481343957723813,0.35096602478453687,0.2433463195566284,0.21520075915887568,0.3255902762297882,0.2662873893455787,0.2059321818452389,0.22919163960126257,0.13374494987250107,0.14240630497538515,0.13577164301395478,0.1362730849209855,0.18169690270362415,-0.016553858974334562,-0.0647378209236306,-0.11925627776724189,0.013429742210016304,-0.18577668958056143,-0.14097185581427724,-0.23461724647861815,-0.2927259622362053,-0.31398374337524376,-0.2770480800327966,-0.29376368875040126,-0.5891321460073511,-0.32281876535438175,-0.19096914678803764,-0.2257784167207611,-0.18609362107135666"
47,9.81,2.8352235330248705,"0.0,0.1,0.2,0.30000000000000004,0.4,0.5,0.6000000000000001,0.7000000000000001,0.8,0.9,1.0,1.1,1.2000000000000002,1.3,1.4000000000000001,1.5,1.6,1.7000000000000002,1.8,1.9000000000000001,2.0,2.1,2.2,2.3000000000000003,2.4000000000000004,2.5,2.6,2.7,2.8000000000000003,2.9000000000000004,3.0,3.1,3.2,3.3000000000000003,3.4000000000000004,3.5,3.6,3.7,3.8000000000000003,3.9000000000000004,4.0,4.1000000000000005,4.2,4.3,4.4,4.5,4.6000000000000005,4.7,4.800000000000001,4.9,5.0,5.1000000000000005,5.2,5.300000000000001,5.4,5.5,5.6000000000000005,5.7,5.800000000000001,5.9,6.0,6.1000000000000005,6.2,6.300000000000001,6.4,6.5,6.6000000000000005,6.7,6.800000000000001,6.9,7.0,7.1000000000000005,7.2,7.300000000000001,7.4,7.5,7.6000000000000005,7.7,7.800000000000001,7.9,8.0,8.1,8.200000000000001,8.3,8.4,8.5,8.6,8.700000000000001,8.8,8.9,9.0,9.1,9.200000000000001,9.3,9.4,9.5,9.600000000000001,9.700000000000001,9.8,9.9,10.0","0.2591258979142077,0.2557881869050133,0.26709326322251126,0.22827605499813783,0.1824135140559368,0.1118064829145432,0.2205161481336407,0.0813888633955995,0.09728018159989366,-0.01592580016901178,0.048056695976971486,-0.1800832948991124,-0.1750476876415853,-0.1983607875525731,-0.2603948946953136,-0.45205618653561275,-0.42639128676297866,-0.42579959972440773,-0.051936024582430074,-0.3132338015564806,-0.4416903870465607,-0.2417028012931859,-0.17476960404183495,-0.1398571674708962,-0.036133522661657654,-0.003513255436507063,0.05741058381258571,0.007792424727088618,0.26035171622590714,0.09761964327435221,0.24014741664682823,0.41788673524188896,0.1640196089068952,0.294688219632285,0.3656716368126881,0.2655556651644566,0.03994399112789279,0.3095389921709705,0.256363740725347,-0.026995649876361633,0.22947067793001152,0.09172464735052996,-0.14480025183110093,-0.05950091238127664,-0.08374906622542193,-0.20808916248382192,-0.16254601207871877,-0.2191403389939194,-0.311466985852879,-0.3435998138996812,-0.4359765801109693,-0.19090891671682683,-0.270392178392235,-0.19513937734636388,-0.30032274651386404,-0.2616850489376827,-0.2163881446411701,-0.19327570256849874,-0.07888969374057206,-0.11241784074541035,0.09824609858088568,0.062039352729509854,0.18127702319554864,0.23710933016929248,0.2182327965192815,0.25317954659943587,0.24713989247900037,0.3099443112603526,0.34488607258893283,0.26014726439703034,0.2310099564724299,0.2925288449172304,0.2182775588548826,0.28354118615446333,-0.0031288698082685418,0.0878857190227195,-0.02634804500249409,-0.25423240847460743,-0.049654972431435546,0.00831603451916968,-0.17818722476451748,-0.22585715668098572,-0.24657489285758347,-0.2946418349183659,-0.3075616127416679,-0.316441686665352,-0.2966975333700843,-0.25932978948739704,-0.2525156900599972,-0.38762046452495424,-0.1938062564766442,0.011066204490461154,-0.1705001987762118,-0.01300378374318856,0.17173921647023405,0.07750500077730403,0.17374757035785882,0.03223349336402137,0.20131268480688805,0.3100582060345544,0.31386956514966113"
48,9.81,1.7129780457598256,"0.0,0.1,0.2,0.30000000000000004,0.4,0.5,0.6000000000000001,0.7000000000000001,0.8,0.9,1.0,1.1,1.2000000000000002,1.3,1.4000000000000001,1.5,1.6,1.7000000000000002,1.8,1.9000000000000001,2.0,2.1,2.2,2.3000000000000003,2.4000000000000004,2.5,2.6,2.7,2.8000000000000003,2.9000000000000004,3.0,3.1,3.2,3.3000000000000003,3.4000000000000004,3.5,3.6,3.7,3.8000000000000003,3.9000000000000004,4.0,4.1000000000000005,4.2,4.3,4.4,4.5,4.6000000000000005,4.7,4.800000000000001,4.9,5.0,5.1000000000000005,5.2,5.300000000000001,5.4,5.5,5.6000000000000005,5.7,5.800000000000001,5.9,6.0,6.1000000000000005,6.2,6.300000000000001,6.4,6.5,6.6000000000000005,6.7,6.800000000000001,6.9,7.0,7.1000000000000005,7.2,7.300000000000001,7.4,7.5,7.6000000000000005,7.7,7.800000000000001,7.9,8.0,8.1,8.200000000000001,8.3,8.4,8.5,8.6,8.700000000000001,8.8,8.9,9.0,9.1,9.200000000000001,9.3,9.4,9.5,9.600000000000001,9.700000000000001,9.8,9.9,10.0","0.3321265281985876,0.3138848455142459,0.4253740498873463,0.1890353558744946,0.22840974619202797,0.11594414884120963,-0.05060946336411203,-0.017820782616513813,-0.10438001753748763,-0.16081637000222526,-0.21486371460774611,-0.2160788061429384,-0.24220207258202603,-0.3016607428178866,-0.25418680411454947,-0.26797899935111513,-0.238479396082657,-0.2604890598071678,-0.2254705689288171,-0.19775507512352625,-0.0464017925852529,0.1453394771106028,0.21631971880729922,0.27591342234693556,0.20380946087462373,0.3228989512987507,0.33884569416358223,0.2976301230160162,0.2862330011822472,0.1976482400053217,0.15001719976810218,0.11161121229079056,-0.01191996689668072,0.034589433917248516,-0.08453515099767883,-0.08981076228380848,-0.1300780770829628,-0.23210924266295813,-0.2510953454528633,-0.297603771362388,-0.29230062006537644,-0.35632137850333717,-0.33120958320349514,-0.26679742238655507,-0.25754358650827885,-0.12001474154314706,0.01197470116283065,0.06978740529803619,0.214005078515691,0.2535512566585104,0.18631253490081132,0.44025393928095397,0.12016017969086545,0.2259352825060507,0.33338124209772235,0.3077985540711587,0.2033194290292026,0.09159471541321565,0.028683259749415824,0.08571750780424335,-0.043683404788430184,-0.09955251913911584,-0.09978895584235475,-0.2332889278876361,-0.24799403742644557,-0.2892001047104958,-0.3422727012668047,-0.2291694914435456,-0.22057525870696607,-0.2022974389380495,-0.1951834169851588,-0.1324947269132931,-0.0029502868561525897,0.07179467284728852,0.1690685397734671,0.20403225507204525,0.2441138591330455,0.31196232019280506,0.3173970150575141,0.29691952525529064,0.35787498833595643,0.3088126187119603,0.25249323215329306,0.18977637314739626,0.0835065355495703,0.03302528023243003,-0.021800080321830145,-0.15080059827933168,-0.13766538544454487,-0.28258946089495884,-0.2745531912980475,-0.21348410310877797,-0.25697128798012425,-0.20256317173509092,-0.2743122368087032,-0.1788219040420586,-0.22535967920329208,-0.09948257131762128,-0.0652173136005055,-0.0007300197250231615,0.048728119882901766"
49,9.81,1.1691827337499188,"0.0,0.1,0.2,0.30000000000000004,0.4,0.5,0.6000000000000001,0.7000000000000001,0.8,0.9,1.0,1.1,1.2000000000000002,1.3,1.4000000000000001,1.5,1.6,1.7000000000000002,1.8,1.9000000000000001,2.0,2.1,2.2,2.3000000000000003,2.4000000000000004,2.5,2.6,2.7,2.8000000000000003,2.9000000000000004,3.0,3.1,3.2,3.3000000000000003,3.4000000000000004,3.5,3.6,3.7,3.8000000000000003,3.9000000000000004,4.0,4.1000000000000005,4.2,4.3,4.4,4.5,4.6000000000000005,4.7,4.800000000000001,4.9,5.0,5.1000000000000005,5.2,5.300000000000001,5.4,5.5,5.6000000000000005,5.7,5.800000000000001,5.9,6.0,6.1000000000000005,6.2,6.300000000000001,6.4,6.5,6.6000000000000005,6.7,6.800000000000001,6.9,7.0,7.1000000000000005,7.2,7.300000000000001,7.4,7.5,7.6000000000000005,7.7,7.800000000000001,7.9,8.0,8.1,8.200000000000001,8.3,8.4,8.5,8.6,8.700000000000001,8.8,8.9,9.0,9.1,9.200000000000001,9.3,9.4,9.5,9.600000000000001,9.700000000000001,9.8,9.9,10.0","0.39724891477662116,0.23879631598050913,0.2704625420353684,0.13938106384734977,0.12635468592249552,0.021834592790672635,-0.023634058731292356,-0.15013392737353892,-0.2013048588758795,-0.29444248347718294,-0.35418996459190316,-0.36475813386088257,-0.14028740959963407,-0.39654785945306087,-0.19210174745188557,-0.18682546181251453,-0.1008351469648632,0.05067489007659781,0.23274638909490625,0.20638414880760636,0.1860762289151413,0.3222894274202164,0.34581844247155474,0.33099231592142175,0.2437190287423655,0.10400539661818912,0.10819131515640233,-0.026094980337251064,-0.05338852714349794,-0.08704362578710678,-0.212010761721275,-0.2800100875444046,-0.25792277626410004,-0.22197496728170557,-0.27468834086423627,-0.29472530772547817,-0.29288730589744116,-0.05230653950566532,0.056087803192009365,0.18051025655450023,0.2167578404410061,0.22045247428820508,0.27635956831314484,0.21652664405959374,0.25437959692368517,0.11802462879913672,0.1852939703521299,0.1146100155755342,0.04911780297518258,-0.006467311353046559,-0.1434924180236086,-0.10864327518495101,-0.2712044753307016,-0.008858633701016805,-0.2460067629145487,-0.29007615680950116,-0.18626473724356785,-0.22702036060144912,-0.13229225276951118,-0.015769863969358672,0.017851538059482808,0.12884936427674742,0.28460637193211086,0.2855868453703986,0.24663260384620386,0.27917127768981376,0.23777186096120534,0.3148841743074123,0.2951090768077185,0.21918929256590358,0.03970294229235246,0.054619524608983616,-0.05033043753008204,-0.18243055170223377,-0.22965444290586137,-0.19192917248504088,-0.2396074710156293,-0.3628175213588498,-0.1921264345146064,-0.1921948183319438,-0.0838158304498718,-0.16599946900856746,0.19455991034500342,0.14058494746872596,0.2534302695680329,0.30431499623257474,0.30396703718725654,0.34422631948595767,0.3930396135939276,0.18319074986998918,0.13572587984869997,0.11381326783814968,0.08982589739881175,-0.063484021647469,-0.043976893971869394,-0.16494715683196662,-0.31150402161940455,-0.30136997678903454,-0.337707572302289,-0.2882180100119549,-0.3252643698750416"
50,9.81,3.363326109986982,"0.0,0.1,0.2,0.30000000000000004,0.4,0.5,0.6000000000000001,0.7000000000000001,0.8,0.9,1.0,1.1,1.2000000000000002,1.3,1.4000000000000001,1.5,1.6,1.7000000000000002,1.8,1.9000000000000001,2.0,2.1,2.2,2.3000000000000003,2.4000000000000004,2.5,2.6,2.7,2.8000000000000003,2.9000000000000004,3.0,3.1,3.2,3.3000000000000003,3.4000000000000004,3.5,3.6,3.7,3.8000000000000003,3.9000000000000004,4.0,4.1000000000000005,4.2,4.3,4.4,4.5,4.6000000000000005,4.7,4.800000000000001,4.9,5.0,5.1000000000000005,5.2,5.300000000000001,5.4,5.5,5.6000000000000005,5.7,5.800000000000001,5.9,6.0,6.1000000000000005,6.2,6.300000000000001,6.4,6.5,6.6000000000000005,6.7,6.800000000000001,6.9,7.0,7.1000000000000005,7.2,7.300000000000001,7.4,7.5,7.6000000000000005,7.7,7.800000000000001,7.9,8.0,8.1,8.200000000000001,8.3,8.4,8.5,8.6,8.700000000000001,8.8,8.9,9.0,9.1,9.200000000000001,9.3,9.4,9.5,9.600000000000001,9.700000000000001,9.8,9.9,10.0","0.3228721307430599,0.24980525037254891,0.2790854727413615,0.27350707113244727,0.2874271165590464,0.19803103216918372,0.11963175639873891,0.10961730765136932,0.088302324576326,0.021314260137838804,-0.05877719352819535,0.09315438457896094,-0.11012694124229948,-0.20770716056367391,-0.195728676838171,-0.30752894216020243,-0.23356220811805753,-0.2943953518210002,-0.26967375554511064,-0.26674010767923534,-0.3699255813278539,-0.33211351523904914,-0.2218888021642194,-0.33175050129879846,-0.16622208584829948,-0.11148484826693092,-0.16320357646121805,0.009845288142308943,0.228186053474124,0.19766754647763823,0.12417521235375471,0.24187800594769632,0.15682403442908402,0.2761613010257566,0.23489937470136146,0.20783883867585343,0.2902088259951979,0.3523818279353326,0.3014586616774612,0.2930634281111047,0.26616765892119865,0.09343240422837268,0.12639832820411118,0.1385102520372551,0.19571111060692475,0.08076653126411001,0.015417278552736535,-0.03479523897697466,-0.08629480904301771,-0.12837022299312442,-0.1558808357942215,-0.18584086802601085,-0.27442708740029464,-0.26218725997519315,-0.21750415758970676,-0.2680399595990262,-0.23073599264439748,-0.19401253909660926,-0.306005164325911,-0.29315705676951936,-0.23539486653490668,-0.17678893028013262,-0.15783582622972428,-0.10164859727522443,-0.028338907622967643,0.03714686854160526,-0.0068568937134578095,0.11145679429855405,0.24624300146411712,0.14100203493451696,0.17861505206318146,0.34374930839892887,0.33319280408956475,0.26545587767529066,0.26837167061931466,0.286608898190643,0.2797170016590845,0.24436819980204144,0.3533229267656132,0.11433958692447105,0.19179598793997826,0.02656229007568245,-0.001390171377100749,-0.018726811393134347,-0.009993031778066597,-0.22008272060805043,-0.12545767458727952,-0.1804536277424506,-0.0577772588525792,-0.19109060075988304,-0.08463116091394213,-0.3643391206203014,-0.3631034577716199,-0.29007381059772663,-0.22912301640424737,-0.2570625644005722,-0.26758882905159004,-0.1868250255016226,-0.09026468040940344,-0.15650942198531897,-0.08595753928923613"
51,9.81,4.471156525975952,"0.0,0.1,0.2,0.30000000000000004,0.4,0.5,0.6000000000000001,0.7000000000000001,0.8,0.9,1.0,1.1,1.2000000000000002,1.3,1.4000000000000001,1.5,1.6,1.7000000000000002,1.8,1.9000000000000001,2.0,2.1,2.2,2.3000000000000003,2.4000000000000004,2.5,2.6,2.7,2.8000000000000003,2.9000000000000004,3.0,3.1,3.2,3.3000000000000003,3.4000000000000004,3.5,3.6,3.7,3.8000000000000003,3.9000000000000004,4.0,4.1000000000000005,4.2,4.3,4.4,4.5,4.6000000000000005,4.7,4.800000000000001,4.9,5.0,5.1000000000000005,5.2,5.300000000000001,5.4,5.5,5.6000000000000005,5.7,5.800000000000001,5.9,6.0,6.1000000000000005,6.2,6.300000000000001,6.4,6.5,6.6000000000000005,6.7,6.800000000000001,6.9,7.0,7.1000000000000005,7.2,7.300000000000001,7.4,7.5,7.6000000000000005,7.7,7.800000000000001,7.9,8.0,8.1,8.200000000000001,8.3,8.4,8.5,8.6,8.700000000000001,8.8,8.9,9.0,9.1,9.200000000000001,9.3,9.4,9.5,9.600000000000001,9.700000000000001,9.8,9.9,10.0","0.29289802315585245,0.3294736061309005,0.31619854620121135,0.418078912905976,0.24313748349358183,0.32526336207211715,0.17581299227856323,0.14905614340654944,0.19359161388190066,0.11609629462303941,0.04395167550831919,-0.05871219742471498,-0.12114385944150902,-0.1495969281228388,-0.08033265529707619,-0.21092197494170278,-0.2051954754515124,-0.2781856564989115,-0.2794264488645702,-0.26128451203659436,-0.400427704979337,-0.35015120344838485,-0.23195685446188183,-0.35215437803276384,-0.26836208481046586,-0.22771208295776021,-0.20638337810048646,-0.18472518710124342,-0.1309408565343664,0.008975436075614518,-0.013732571653095882,-0.015063304660543241,0.012390368150336784,-0.03177269923974668,-0.02043704954249137,0.09365292245005771,0.22438020988315513,0.19887566397159792,0.15408583456743807,0.2921433721495379,0.3602932931579731,0.34100488485094066,0.40066664855858203,0.3839575782830939,0.3511490727586879,0.23656612208546182,0.31527382736176024,0.23980956765164005,0.18623990986478509,0.26397212061536784,0.2761522895000591,0.13761786884099242,0.052182224705380906,-0.03595112198790432,-0.006073352145701594,-0.08554267356078304,-0.2130338541430985,-0.23837976413195644,-0.2298871850259338,-0.22878379956179287,-0.21563468481618456,-0.2648829518001141,-0.25279522375070707,-0.3343323455541133,-0.36971781399757564,-0.22100579182678323,-0.3085763032553392,-0.3234824989168627,-0.2640627436548015,-0.31192399045740615,-0.18792305997698178,-0.08866222554130639,-0.13348717739864355,-0.05522590635512104,-0.10060665215619154,-0.007984774703671822,0.02146046122931642,0.07204005856107829,0.14162825614531077,0.11110829064355908,0.30684030836127935,0.29023720868558117,0.22902750892590318,0.3836880084762437,0.13151418823888278,0.2824079522375347,0.2239806257897896,0.27252952948970566,0.26659571352833167,0.22515223540579485,0.1887548925481645,0.13029823979991584,0.18483988497703568,0.20938758526939175,0.09552963559068457,-0.04180619603967143,-0.003094555329419174,-0.04629346517233714,-0.047451061059588455,-0.10489455393112752,-0.12897794165423546"
52,9.81,1.7442795094415047,"0.0,0.1,0.2,0.30000000000000004,0.4,0.5,0.6000000000000001,0.7000000000000001,0.8,0.9,1.0,1.1,1.2000000000000002,1.3,1.4000000000000001,1.5,1.6,1.7000000000000002,1.8,1.9000000000000001,2.0,2.1,2.2,2.3000000000000003,2.4000000000000004,2.5,2.6,2.7,2.8000000000000003,2.9000000000000004,3.0,3.1,3.2,3.3000000000000003,3.4000000000000004,3.5,3.6,3.7,3.8000000000000003,3.9000000000000004,4.0,4.1000000000000005,4.2,4.3,4.4,4.5,4.6000000000000005,4.7,4.800000000000001,4.9,5.0,5.1000000000000005,5.2,5.300000000000001,5.4,5.5,5.6000000000000005,5.7,5.800000000000001,5.9,6.0,6.1000000000000005,6.2,6.300000000000001,6.4,6.5,6.6000000000000005,6.7,6.800000000000001,6.9,7.0,7.1000000000000005,7.2,7.300000000000001,7.4,7.5,7.6000000000000005,7.7,7.800000000000001,7.9,8.0,8.1,8.200000000000001,8.3,8.4,8.5,8.6,8.700000000000001,8.8,8.9,9.0,9.1,9.200000000000001,9.3,9.4,9.5,9.600000000000001,9.700000000000001,9.8,9.9,10.0","0.39358875200172566,0.25997744798320793,0.3516467680816425,0.3627999896206577,0.257375770953956,0.09108845366175317,-0.058761221559120266,-0.06265325686712803,-0.10550804489249956,-0.18674458725713405,-0.01365200962088256,-0.15446831752319426,-0.2508734564708041,-0.2409484650061171,-0.3518601966075496,-0.2553218838717094,-0.18925721902917936,-0.15452729444568913,-0.08456286027939813,0.060648128742708585,-0.06357404533058542,0.09365304717040376,0.3076449419086361,0.24041939784837768,0.2542582712046994,0.3142568685788848,0.3373983356210583,0.32984285324846224,0.3173460541398251,0.20365352200694553,0.21079963446673008,0.12389905235928021,0.04018886125031787,-0.047276491396476224,-0.17024486171210887,-0.052530753839709704,-0.07322552923178825,-0.12527267186294289,-0.3432222760308477,-0.2624383037793129,-0.2941068603179147,-0.31953941501938166,-0.2862757546583125,-0.2742674949144873,-0.17745648323849214,-0.13430811897893435,-0.004963235309770678,0.07402594537798318,0.10680950288812399,0.1212016226382208,0.2866252382979272,0.2464209574288782,0.21707483882161432,0.3244697103479114,0.29574882707424355,0.3066780151955184,0.2552153450919944,0.15475034611278787,0.14224278375202862,0.024656421064503005,0.03368272050169763,-0.07807068204012912,-0.20605628148333033,-0.27207949848396457,-0.2637182647600984,-0.2991188848443863,-0.2743147857019807,-0.3619423716666748,-0.2387999903232173,-0.2401363975812612,-0.244739204871306,-0.1453495896772385,-0.05174265300780133,0.09016988074721782,0.11595112072593526,0.11774852537899111,0.16224023874189938,0.25315541771169703,0.2776467462542796,0.19944355882123857,0.2821107584785364,0.3131604940245895,0.15490799726761212,0.15248429173014974,0.13961070310475845,0.21471135800490385,0.06092258557012824,-0.01648779358890088,-0.16572198323061615,-0.2004206886143145,-0.20055597746197285,-0.18069557932618874,-0.19946791668213026,-0.2755139679821573,-0.3772263444739695,-0.24673420161076928,-0.26286391548713556,-0.17795734975769462,-0.09102769595909399,-0.026677969785789714,-0.06751968216725948"
53,9.81,1.067771741815763,"0.0,0.1,0.2,0.30000000000000004,0.4,0.5,0.6000000000000001,0.7000000000000001,0.8,0.9,1.0,1.1,1.2000000000000002,1.3,1.4000000000000001,1.5,1.6,1.7000000000000002,1.8,1.9000000000000001,2.0,2.1,2.2,2.3000000000000003,2.4000000000000004,2.5,2.6,2.7,2.8000000000000003,2.9000000000000004,3.0,3.1,3.2,3.3000000000000003,3.4000000000000004,3.5,3.6,3.7,3.8000000000000003,3.9000000000000004,4.0,4.1000000000000005,4.2,4.3,4.4,4.5,4.6000000000000005,4.7,4.800000000000001,4.9,5.0,5.1000000000000005,5.2,5.300000000000001,5.4,5.5,5.6000000000000005,5.7,5.800000000000001,5.9,6.0,6.1000000000000005,6.2,6.300000000000001,6.4,6.5,6.6000000000000005,6.7,6.800000000000001,6.9,7.0,7.1000000000000005,7.2,7.300000000000001,7.4,7.5,7.6000000000000005,7.7,7.800000000000001,7.9,8.0,8.1,8.200000000000001,8.3,8.4,8.5,8.6,8.700000000000001,8.8,8.9,9.0,9.1,9.200000000000001,9.3,9.4,9.5,9.600000000000001,9.700000000000001,9.8,9.9,10.0","0.3287770726512056,0.40569593832191386,0.27457360349637994,0.1602304479130928,0.056820714913013826,-0.021408904556480986,-0.08158530760882532,-0.17729583580589373,-0.2343868483386321,-0.2144623174410306,-0.3330273658337823,-0.23200443272389207,-0.1824073392502833,-0.20808832184473353,-0.12015401371935212,-0.011313782026691747,0.015414639041240297,0.12098671596069646,0.28340783711038764,0.22199651318445562,0.3059013025144913,0.26872401647955785,0.28426217608156923,0.22514341061261922,0.12081368070668,0.0125039783254456,-0.04067384026861532,-0.1731491534166968,-0.22186262660113912,-0.21868372274890122,-0.2843145775036831,-0.3467150678208094,-0.305631017019555,-0.28785207244770705,-0.2273853923445972,-0.2000290829858534,-0.05251825583400467,0.05738994248111506,0.08591790651850822,0.22177754333350763,0.25514333498592506,0.376604181291762,0.31238275426213125,0.1923742672391167,0.21264905303068643,0.19686883496970334,0.011949824010872141,-0.06123534200224709,-0.11886700415558804,-0.2024911557058214,-0.19988951941870192,-0.35362714614515633,-0.258556485293429,-0.22675769160864442,-0.2323713834448211,-0.17091188665596563,-0.24593463042440258,0.08001486091377724,0.14313216158327396,0.28269204921525914,0.30975033194625745,0.2833934897161934,0.3622889265754812,0.4080648316772295,0.2187328865092895,0.19129957054998883,0.1970149322988211,0.030513633689248705,-0.038101474787198164,-0.1512871562326516,-0.23889045402741926,-0.2517875002650357,-0.33975298260414577,-0.32676288791385616,-0.23538925305583203,-0.1510736505781778,-0.22382789234457912,-0.08564315093708258,0.00016618310208500742,0.14601176479635194,0.1857230981235303,0.19117692325476873,0.23851936787135186,0.11218812654456822,0.2905460896270861,0.19274416413934206,0.13663687764301144,0.11758946803999175,-0.045725241364514044,-0.04523686361120524,-0.16302631937281992,-0.12701575391380676,-0.25661649324337216,-0.3202605675912772,-0.17562228807096097,-0.3156459146059029,-0.16789009882115566,-0.1746286177594117,-0.07832673388132486,0.006276138335849592,0.1794355515389821"
54,9.81,1.4742213959055426,"0.0,0.1,0.2,0.30000000000000004,0.4,0.5,0.6000000000000001,0.7000000000000001,0.8,0.9,1.0,1.1,1.2000000000000002,1.3,1.4000000000000001,1.5,1.6,1.7000000000000002,1.8,1.9000000000000001,2.0,2.1,2.2,2.3000000000000003,2.4000000000000004,2.5,2.6,2.7,2.8000000000000003,2.9000000000000004,3.0,3.1,3.2,3.3000000000000003,3.4000000000000004,3.5,3.6,3.7,3.8000000000000003,3.9000000000000004,4.0,4.1000000000000005,4.2,4.3,4.4,4.5,4.6000000000000005,4.7,4.800000000000001,4.9,5.0,5.1000000000000005,5.2,5.300000000000001,5.4,5.5,5.6000000000000005,5.7,5.800000000000001,5.9,6.0,6.1000000000000005,6.2,6.300000000000001,6.4,6.5,6.6000000000000005,6.7,6.800000000000001,6.9,7.0,7.1000000000000005,7.2,7.300000000000001,7.4,7.5,7.6000000000000005,7.7,7.800000000000001,7.9,8.0,8.1,8.200000000000001,8.3,8.4,8.5,8.6,8.700000000000001,8.8,8.9,9.0,9.1,9.200000000000001,9.3,9.4,9.5,9.600000000000001,9.700000000000001,9.8,9.9,10.0","0.31878824892678675,0.28648732947371486,0.21806708690664706,0.21980658125008323,0.1790264444592613,-0.000555416577508655,0.013488010704129381,-0.13943702004458267,-0.1016243010370283,-0.2595549717174651,-0.22400164859468286,-0.29154766018443035,-0.29387333951044553,-0.39881108505815543,-0.32399991034332837,-0.2103584651095929,-0.18723639140671186,-0.09615603214155945,-0.03687804323384593,0.04950516257889034,0.09671959527133119,0.18982669879662153,0.2163116793270352,0.24953957401473162,0.2123876823572275,0.2929291590798971,0.23695683469882406,0.18072203017704547,0.16333639812217582,0.1257069020076318,-0.21034137963970231,-0.1577604799500832,-0.0853166608321464,-0.1445280906286955,-0.26680652434023794,-0.300696929442341,-0.27966344551539024,-0.2585483478562254,-0.348655567256971,-0.26930250913798925,-0.187278631765854,-0.13890112040967206,-0.1822133873390186,0.07333162563023618,0.09167004136826032,0.15754482437218142,0.21942816826158096,0.29059472512836554,0.30716158236263447,0.39199464035749915,0.20023170160889642,0.2730242845190587,0.16484469861612128,0.11696053568416527,0.09461553826169661,0.045410503256056174,0.04567062030346161,-0.1017682536681973,-0.23632333272235007,-0.17093331767130235,-0.3894993815433944,-0.2969709969569282,-0.31530656804428736,-0.09851766459366301,-0.05345100841198561,-0.05960466945864773,-0.082188383135375,0.07298295347600112,0.04289624681521144,0.14852009123663862,0.21820223661225288,0.28070273391404144,0.28335811275990114,0.3337974386016794,0.28545689427627147,0.2541221926739212,0.23816979476770653,0.18721413039881676,0.09872850048314921,0.014509892762737637,0.017115252992239996,-0.11953337333398409,-0.18565514589015025,-0.32921470480564075,-0.32988316421281216,-0.41753289723186016,-0.3578587095087097,-0.2713220021413861,-0.31740993564292097,-0.3186899883022921,-0.1535671860193147,-0.028481132112774147,0.05440723766932294,0.11747550891487356,0.17209786616080536,0.2819467014372949,0.29761322818422786,0.3025228717592789,0.41373894876969747,0.3220740304621723,0.28330527185866067"
55,9.81,3.6644478184397933,"0.0,0.1,0.2,0.30000000000000004,0.4,0.5,0.6000000000000001,0.7000000000000001,0.8,0.9,1.0,1.1,1.2000000000000002,1.3,1.4000000000000001,1.5,1.6,1.7000000000000002,1.8,1.9000000000000001,2.0,2.1,2.2,2.3000000000000003,2.4000000000000004,2.5,2.6,2.7,2.8000000000000003,2.9000000000000004,3.0,3.1,3.2,3.3000000000000003,3.4000000000000004,3.5,3.6,3.7,3.8000000000000003,3.9000000000000004,4.0,4.1000000000000005,4.2,4.3,4.4,4.5,4.6000000000000005,4.7,4.800000000000001,4.9,5.0,5.1000000000000005,5.2,5.300000000000001,5.4,5.5,5.6000000000000005,5.7,5.800000000000001,5.9,6.0,6.1000000000000005,6.2,6.300000000000001,6.4,6.5,6.6000000000000005,6.7,6.800000000000001,6.9,7.0,7.1000000000000005,7.2,7.300000000000001,7.4,7.5,7.6000000000000005,7.7,7.800000000000001,7.9,8.0,8.1,8.200000000000001,8.3,8.4,8.5,8.6,8.700000000000001,8.8,8.9,9.0,9.1,9.200000000000001,9.3,9.4,9.5,9.600000000000001,9.700000000000001,9.8,9.9,10.0","0.2826904272564862,0.2518886015347901,0.25440618377258317,0.23790446718752883,0.1915947340667944,0.17712209458743608,0.3747775883988219,0.13411707962147928,0.14936853742849365,0.04542492842901214,0.20814951650960206,0.11481818629429591,-0.11383011091420892,-0.16614388322059315,-0.23099772189305864,-0.2448655046073798,-0.31005512001125246,-0.31317411450299365,-0.3347010693513817,-0.32400450338349085,-0.28607724401790163,-0.2365310095987853,-0.20585030919441225,-0.24101176499399002,-0.32658144976094217,-0.10287619723363199,-0.1583701824070602,-0.05460430979192,0.0939010990819667,-0.02630662370079921,-0.05261306965990089,0.08376483642737426,0.16046047288562637,0.20745036666531513,0.24603622552727933,0.4026769767701951,0.2885951482765867,0.3049967782397054,0.2129916065688109,0.34570639130379116,0.30409810184021224,0.3691226729120863,0.07778025115963794,0.21744516492868274,0.2744115020036626,0.1950578916956205,0.17190603189088116,0.016008879820255333,0.030220483898695968,-0.0800262963981731,-0.04674989625337567,-0.10598617163792416,-0.1667684423978568,-0.2525191969712824,-0.3187513084157487,-0.24889074310997233,-0.2725481637212328,-0.27778581396184593,-0.3187863572588594,-0.33150542537195965,-0.2685304763561336,-0.2800790145263552,-0.19706867862347596,-0.19843225669379636,-0.14746745531838293,-0.15223435558690024,-0.12202302298018304,0.03665851391638098,0.13955602909279158,-0.005080571165609282,0.30384059718245743,0.2007661138551975,0.15989137824540656,0.18131896035796646,0.20006815274773881,0.25596156892237826,0.3484505723908169,0.3992768867067006,0.2616948998569107,0.37200645928542875,0.21647296222212867,0.21160343173749618,0.33863892312517024,0.18218353458267533,0.11864879087473994,0.02256958072376135,0.04143961366395784,-0.039313488368580785,0.016598550954404337,-0.02097979333032625,-0.1801401355826398,-0.2882096376024959,-0.1612106099265196,-0.25627934173657624,-0.3354265380012035,-0.21476026141139726,-0.34210729986601573,-0.29550333233181014,-0.22227636868646933,-0.22997402972463957,-0.24013728058691097"
56,9.81,3.610364369821395,"0.0,0.1,0.2,0.30000000000000004,0.4,0.5,0.6000000000000001,0.7000000000000001,0.8,0.9,1.0,1.1,1.2000000000000002,1.3,1.4000000000000001,1.5,1.6,1.7000000000000002,1.8,1.9000000000000001,2.0,2.1,2.2,2.3000000000000003,2.4000000000000004,2.5,2.6,2.7,2.8000000000000003,2.9000000000000004,3.0,3.1,3.2,3.3000000000000003,3.4000000000000004,3.5,3.6,3.7,3.8000000000000003,3.9000000000000004,4.0,4.1000000000000005,4.2,4.3,4.4,4.5,4.6000000000000005,4.7,4.800000000000001,4.9,5.0,5.1000000000000005,5.2,5.300000000000001,5.4,5.5,5.6000000000000005,5.7,5.800000000000001,5.9,6.0,6.1000000000000005,6.2,6.300000000000001,6.4,6.5,6.6000000000000005,6.7,6.800000000000001,6.9,7.0,7.1000000000000005,7.2,7.300000000000001,7.4,7.5,7.6000000000000005,7.7,7.800000000000001,7.9,8.0,8.1,8.200000000000001,8.3,8.4,8.5,8.6,8.700000000000001,8.8,8.9,9.0,9.1,9.200000000000001,9.3,9.4,9.5,9.600000000000001,9.700000000000001,9.8,9.9,10.0","0.3453139066088303,0.22004572019392105,0.24433208168054238,0.34560360680635605,0.2028521920652332,0.22861985652301733,0.13807043348339074,-0.010857121245539808,0.08535790012345545,0.04283879593370613,0.0019167228532245041,-0.053230016652841564,-0.14799444111952534,-0.16355216471756212,-0.1832834683884606,-0.2366821957337677,-0.24379806203309567,-0.2981154668045802,-0.3112820599936656,-0.29389668012439174,-0.3253224885898055,-0.33061728804961876,-0.32862937247976864,-0.24027657639674627,-0.2797941422143754,-0.23736831938818126,-0.22903922227196377,-0.061816156878127734,-0.02736600313594706,-0.05427181862165141,0.047674487936981494,0.14936453616828912,0.10185951310933455,0.19219301552522308,0.24201931544211291,0.2966717707298125,0.21027864127888896,0.2562286710999928,0.33119720772463573,0.24940513709689527,0.28331650781052065,0.14781653760152197,0.1900010548206063,0.13657011628651516,0.17460228136637052,0.1793628423469369,0.05879591424481,-0.031999628268717537,-0.05414817463970621,0.150982181153724,-0.03928771184633363,-0.1034142280303625,-0.19706706572859575,-0.2461450639737192,-0.2515105943499352,-0.2724113242851331,-0.2707107007119433,-0.1629437295364212,-0.24812131686270783,-0.34712613823140753,-0.28522045740729324,-0.11892918258781998,-0.21740680156185446,-0.23356896812215555,-0.1621394389997408,-0.1552422184884869,-0.018543878966930827,0.13312415605639136,0.07528582569530709,0.1390426634756859,0.12616939474880967,0.22939571060314534,0.1752013298490232,0.3288440118499666,0.32950029652572943,0.33206284531040936,0.3838221520967347,0.27779673599161814,0.3057836354046792,0.2623069851561641,0.2638918820789524,0.2032007787911655,0.0920306000431729,0.127553744092209,0.15900937786111605,0.06509750579707563,-0.1160199057132636,0.06562076255577455,-0.03655393164144086,-0.15515268799753698,-0.20726732484695787,-0.16802757832138082,-0.17258176091340646,-0.25952996300280334,-0.3333432152795723,-0.2671105996971042,-0.2460086244710335,-0.3259874392560826,-0.2849065098384163,-0.2771784690460538,-0.23293879205192072"
57,9.81,1.6377842287896367,"0.0,0.1,0.2,0.30000000000000004,0.4,0.5,0.6000000000000001,0.7000000000000001,0.8,0.9,1.0,1.1,1.2000000000000002,1.3,1.4000000000000001,1.5,1.6,1.7000000000000002,1.8,1.9000000000000001,2.0,2.1,2.2,2.3000000000000003,2.4000000000000004,2.5,2.6,2.7,2.8000000000000003,2.9000000000000004,3.0,3.1,3.2,3.3000000000000003,3.4000000000000004,3.5,3.6,3.7,3.8000000000000003,3.9000000000000004,4.0,4.1000000000000005,4.2,4.3,4.4,4.5,4.6000000000000005,4.7,4.800000000000001,4.9,5.0,5.1000000000000005,5.2,5.300000000000001,5.4,5.5,5.6000000000000005,5.7,5.800000000000001,5.9,6.0,6.1000000000000005,6.2,6.300000000000001,6.4,6.5,6.6000000000000005,6.7,6.800000000000001,6.9,7.0,7.1000000000000005,7.2,7.300000000000001,7.4,7.5,7.6000000000000005,7.7,7.800000000000001,7.9,8.0,8.1,8.200000000000001,8.3,8.4,8.5,8.6,8.700000000000001,8.8,8.9,9.0,9.1,9.200000000000001,9.3,9.4,9.5,9.600000000000001,9.700000000000001,9.8,9.9,10.0","0.3265136148538134,0.33140595139878726,0.3068255221168294,0.23917267643632015,0.18755739820538547,0.16767488254030832,-0.02000437456895627,-0.08529425690650998,-0.06893566009253588,-0.15797106524066387,-0.28667039085096574,-0.2619481771183127,-0.2778050773208422,-0.2698462430091644,-0.26956410774009026,-0.29506090143681063,-0.3180836083901932,-0.19014710827474474,-0.0884094822119251,-0.05947418988507405,0.031707684717225126,0.04640819387808989,0.2110140244154066,0.19191109293700376,0.2883164922370688,0.2890810062529895,0.3558538542590245,0.32172235390986254,0.28651107763630995,0.10558468578773963,0.11914481115044889,0.008125039910872295,-0.08356899598338503,-0.0873016341957722,-0.11293780886717515,-0.23175362775614722,-0.28913765140478603,-0.2899996122970062,-0.32344162345587496,-0.22225900817261746,-0.39328546673341813,-0.2160088976003944,-0.18942364708428222,-0.07991590467910499,-0.04757772779518387,-0.024915703969819795,-0.0038499270827580256,0.15460509279514079,0.2158785374275541,0.093050484186537,0.3039499739583795,0.1789324592563798,0.22157256699878589,0.19088159542045474,0.2958110397928485,0.19524550871274565,0.1644453241553973,0.10941738059375061,-0.08900618118159191,-0.12132715475935513,-0.0709025642335139,-0.17366072568895297,-0.28750011922752117,-0.31846208687243627,-0.24006838048191026,-0.23834860538664218,-0.3097420816914147,-0.3590794599334352,-0.10897546259849486,-0.18616374648906897,-0.06949385670872422,0.04520246154944399,0.1991900978995679,0.15160942716884893,0.22182314617184531,0.2749656501060128,0.280020243893495,0.26969623089266787,0.1695399586490142,0.31545433782910404,0.18515771502330075,0.1677412478843087,0.12113828530610238,0.0952125136124063,-0.05093608064819333,-0.06338381882305433,-0.19288801653611096,-0.29082946678540805,-0.24984661081083387,-0.32131889517478396,-0.1937895078808296,-0.2429720073130423,-0.20501326950906074,-0.2507362798980801,-0.20169186113237098,-0.1040566433922736,-0.018328390050527537,0.038144085598527264,0.270629166527057,0.1727510909197856,0.2393596241929129"
58,9.81,1.0577381538718145,"0.0,0.1,0.2,0.30000000000000004,0.4,0.5,0.6000000000000001,0.7000000000000001,0.8,0.9,1.0,1.1,1.2000000000000002,1.3,1.4000000000000001,1.5,1.6,1.7000000000000002,1.8,1.9000000000000001,2.0,2.1,2.2,2.3000000000000003,2.4000000000000004,2.5,2.6,2.7,2.8000000000000003,2.9000000000000004,3.0,3.1,3.2,3.3000000000000003,3.4000000000000004,3.5,3.6,3.7,3.8000000000000003,3.9000000000000004,4.0,4.1000000000000005,4.2,4.3,4.4,4.5,4.6000000000000005,4.7,4.800000000000001,4.9,5.0,5.1000000000000005,5.2,5.300000000000001,5.4,5.5,5.6000000000000005,5.7,5.800000000000001,5.9,6.0,6.1000000000000005,6.2,6.300000000000001,6.4,6.5,6.6000000000000005,6.7,6.800000000000001,6.9,7.0,7.1000000000000005,7.2,7.300000000000001,7.4,7.5,7.6000000000000005,7.7,7.800000000000001,7.9,8.0,8.1,8.200000000000001,8.3,8.4,8.5,8.6,8.700000000000001,8.8,8.9,9.0,9.1,9.200000000000001,9.3,9.4,9.5,9.600000000000001,9.700000000000001,9.8,9.9,10.0","0.3071748707272051,0.3114224813071149,0.27651436155035947,0.17428331509394804,0.08398220162835718,-0.07689957652598703,-0.07390252773971392,-0.16646220035320947,-0.22808697882352388,-0.28761744385629134,-0.3421595606276686,-0.3441044500134259,-0.27969392743359056,-0.20938845083203755,-0.2310699957474597,-0.012448576572912914,-0.007906420638121553,0.14172205569616994,0.20365565308523037,0.22011907000077507,0.2828653889962428,0.2572749230265407,0.02743350748910031,0.1902398831185756,0.22156486355097837,0.13439844607764656,-0.02241160517715656,-0.09056946220061875,-0.205383015310127,-0.08429073510832846,-0.32581443807709265,-0.305070652793897,-0.2726278757437873,-0.24214698000833834,-0.29594343933042655,-0.2439364127946821,0.0758986549214437,0.04814167931938379,0.2878767702625551,0.2096332824650338,0.33171054843134207,0.32432110946734827,0.31847163133732675,0.1764570671803471,0.20950487206760862,0.16633571437716121,-0.10527709083553022,-0.04860085075990468,0.008620183059875108,-0.21404466803350922,-0.16575360621485383,-0.37320949247988716,-0.33642328885407874,-0.24608703636942478,-0.18228261372939028,-0.20800977298534273,0.054644292022298493,0.030578565791304066,0.06871976046825139,0.1705874272165015,0.3657388655878662,0.14262853576145837,0.5748722240222977,0.3433977895938209,0.14349843002898366,0.23662726624876385,0.1378324696754767,0.2172082323827837,-0.17242380501906407,-0.19855072454885964,-0.1940787885343942,-0.28141929536129984,-0.291864198293188,-0.25207458284994994,-0.20025976530087758,-0.20101540214502334,-0.2149715804281182,-0.0285801019564559,-0.027032890471177157,0.16478143798966655,0.15116158856979978,0.24710680268099655,0.2869049301232075,0.30427489174979094,0.4766209773283084,0.20217899458617458,0.13947044737883438,0.0926354552510466,0.0025036081866531192,-0.1507233641127857,-0.1301112594060874,-0.2534106233287729,-0.277470278772706,-0.35557943415718635,-0.3278747597734923,-0.22484792540558496,-0.2140945787418711,-0.07462960987578716,0.17139418063194667,0.11165084519444239,0.23545056349086435"
59,9.81,4.745371163636542,"0.0,0.1,0.2,0.30000000000000004,0.4,0.5,0.6000000000000001,0.7000000000000001,0.8,0.9,1.0,1.1,1.2000000000000002,1.3,1.4000000000000001,1.5,1.6,1.7000000000000002,1.8,1.9000000000000001,2.0,2.1,2.2,2.3000000000000003,2.4000000000000004,2.5,2.6,2.7,2.8000000000000003,2.9000000000000004,3.0,3.1,3.2,3.3000000000000003,3.4000000000000004,3.5,3.6,3.7,3.8000000000000003,3.9000000000000004,4.0,4.1000000000000005,4.2,4.3,4.4,4.5,4.6000000000000005,4.7,4.800000000000001,4.9,5.0,5.1000000000000005,5.2,5.300000000000001,5.4,5.5,5.6000000000000005,5.7,5.800000000000001,5.9,6.0,6.1000000000000005,6.2,6.300000000000001,6.4,6.5,6.6000000000000005,6.7,6.800000000000001,6.9,7.0,7.1000000000000005,7.2,7.300000000000001,7.4,7.5,7.6000000000000005,7.7,7.800000000000001,7.9,8.0,8.1,8.200000000000001,8.3,8.4,8.5,8.6,8.700000000000001,8.8,8.9,9.0,9.1,9.200000000000001,9.3,9.4,9.5,9.600000000000001,9.700000000000001,9.8,9.9,10.0","0.2923148968249133,0.2379837031873747,0.20769176781474108,0.13786351350296952,0.3563414055410413,0.13488090088403837,0.07565049078824834,0.19344625151767184,0.13128106571392228,-0.03740670628002067,0.058826927051251796,-0.08931419067326068,-0.0500407331449045,-0.2622588851599549,-0.06325370503289404,-0.16116744008341288,-0.18819885220605326,-0.20160971036171232,-0.24909395712558471,-0.16719411816920404,-0.34246227177988364,-0.27838202138391677,-0.31558466912048466,-0.3555750815274878,-0.36912904698552307,-0.36636833217692844,-0.2833497954449621,-0.19032534957762734,-0.2198159925363199,-0.1296118630369513,-0.11042149031631965,-0.09397829767238264,-0.031539917810446724,-0.0054350615562829005,-0.05729332183269303,-0.01000471392218634,0.145500149255597,0.2125618676213788,0.17207346844644744,0.27698853414256963,0.26062929610202207,0.28389065438076894,0.23923434997548348,0.3699039922745865,0.43710289592991186,0.30196394144103383,0.3143575610918513,0.3675395301940163,0.2660549420255601,0.28055267568715725,0.19275294985266686,0.0896888496795624,0.09537867321764236,0.15222498074100105,0.08904574205969903,0.07697958349266643,-0.011277933956991872,-0.022839866562895633,-0.1642430761329863,-0.16347089657326128,-0.17868921829888895,-0.1825406928041864,-0.26565132070217906,-0.22874254500261437,-0.2702263068816269,-0.302599741142317,-0.301073708519631,-0.37548770094235,-0.28350851732267934,-0.3284929965186038,-0.38985604853196343,-0.16812718182219016,-0.14800293998077227,-0.15685352973512715,-0.2226707932759945,-0.10516246235520846,-0.02839286507520347,0.015683890833935836,-0.126849825374766,0.10672410421092442,0.12259425726512752,0.1289269519162396,0.18952400931098368,0.2525172599243018,0.3414387380061824,0.2158614072795451,0.24250807946791741,0.42964563272378775,0.3383584595569214,0.15840985169049246,0.28974469371657896,0.20099194728349462,0.14646967479295156,0.19002064273186176,0.2506484328262392,0.19417134865179647,0.07477498613252019,-0.04898340884314176,0.04399021505825999,-0.002886121360575611,-0.05986458655643759"
60,9.81,1.041349677801264,"0.0,0.1,0.2,0.30000000000000004,0.4,0.5,0.6000000000000001,0.7000000000000001,0.8,0.9,1.0,1.1,1.2000000000000002,1.3,1.4000000000000001,1.5,1.6,1.7000000000000002,1.8,1.9000000000000001,2.0,2.1,2.2,2.3000000000000003,2.4000000000000004,2.5,2.6,2.7,2.8000000000000003,2.9000000000000004,3.0,3.1,3.2,3.3000000000000003,3.4000000000000004,3.5,3.6,3.7,3.8000000000000003,3.9000000000000004,4.0,4.1000000000000005,4.2,4.3,4.4,4.5,4.6000000000000005,4.7,4.800000000000001,4.9,5.0,5.1000000000000005,5.2,5.300000000000001,5.4,5.5,5.6000000000000005,5.7,5.800000000000001,5.9,6.0,6.1000000000000005,6.2,6.300000000000001,6.4,6.5,6.6000000000000005,6.7,6.800000000000001,6.9,7.0,7.1000000000000005,7.2,7.300000000000001,7.4,7.5,7.6000000000000005,7.7,7.800000000000001,7.9,8.0,8.1,8.200000000000001,8.3,8.4,8.5,8.6,8.700000000000001,8.8,8.9,9.0,9.1,9.200000000000001,9.3,9.4,9.5,9.600000000000001,9.700000000000001,9.8,9.9,10.0","0.3804065923093144,0.35463681411690595,0.2699783575901843,0.18663985236406194,0.015031011664793772,-0.01960309875575768,-0.07846907037109765,-0.1995787627920637,-0.2356789144967449,-0.33244834186155914,-0.3669090120518592,-0.35244711586693594,-0.15336636812573223,-0.18708727931820981,-0.1167287358450245,-0.08031066430571172,0.13894042146102398,0.1150343637626598,0.35419033306923114,0.3821160138433763,0.2877486146531021,0.28385171192393444,0.10190489267876945,0.21496352528151674,0.20127717295511893,0.15802449040796143,-0.0436497326791388,-0.20376600133715667,-0.25732734753698594,-0.19239923454244862,-0.3836380509635441,-0.29882395663759864,-0.17602407068178924,-0.30695852835260834,-0.29310199468878373,-0.10195556490561726,0.02059303393156281,0.029106018990306154,0.16516961697771884,0.27614661746304087,0.28222711898550323,0.332259975743735,0.27054284434826004,0.3254742753684984,0.28322012952203535,0.053941757178414707,0.09907965293813145,-0.12946065816179628,-0.09096966348372491,-0.3332835767515243,-0.3028461784044741,-0.3768296984914014,-0.2681531854547582,-0.287762119416487,-0.24153597294350382,-0.1977606790705877,0.06621278533836558,0.11219493269592021,0.14651764447415447,0.091386435158236,0.279708356490775,0.2977120350117371,0.583272013507451,0.24372253714364778,0.2605150271111545,0.23092093346235784,0.16170948969076435,-0.02654979678698281,-0.14903132457582824,-0.1659053524316434,-0.2892922236912556,-0.32213505207998866,-0.3514096006890062,-0.3408809817601971,-0.24386244319758407,-0.17278276642033286,-0.14779992994091085,0.005452115128454025,0.1540166810862241,0.24766069457800816,0.18490989899149457,0.1463535286932262,0.26521709172506996,0.3235968609488001,0.1189480521506393,0.13612491698608914,0.03795849536795966,-0.028925694916688355,-0.04918113036737018,-0.11518147490663372,-0.2070397444825638,-0.3282087438222617,-0.23133652276530042,-0.2694553534638207,-0.25582757001581297,-0.2182425680864643,-0.1580392533206056,-0.03202923349642241,0.1567050117600704,0.11150328187472011,0.34628835108806"
61,9.81,4.815949116012768,"0.0,0.1,0.2,0.30000000000000004,0.4,0.5,0.6000000000000001,0.7000000000000001,0.8,0.9,1.0,1.1,1.2000000000000002,1.3,1.4000000000000001,1.5,1.6,1.7000000000000002,1.8,1.9000000000000001,2.0,2.1,2.2,2.3000000000000003,2.4000000000000004,2.5,2.6,2.7,2.8000000000000003,2.9000000000000004,3.0,3.1,3.2,3.3000000000000003,3.4000000000000004,3.5,3.6,3.7,3.8000000000000003,3.9000000000000004,4.0,4.1000000000000005,4.2,4.3,4.4,4.5,4.6000000000000005,4.7,4.800000000000001,4.9,5.0,5.1000000000000005,5.2,5.300000000000001,5.4,5.5,5.6000000000000005,5.7,5.800000000000001,5.9,6.0,6.1000000000000005,6.2,6.300000000000001,6.4,6.5,6.6000000000000005,6.7,6.800000000000001,6.9,7.0,7.1000000000000005,7.2,7.300000000000001,7.4,7.5,7.6000000000000005,7.7,7.800000000000001,7.9,8.0,8.1,8.200000000000001,8.3,8.4,8.5,8.6,8.700000000000001,8.8,8.9,9.0,9.1,9.200000000000001,9.3,9.4,9.5,9.600000000000001,9.700000000000001,9.8,9.9,10.0","0.30849100130424534,0.2650308580574385,0.4634772776468933,0.16420549078866079,0.287427945480088,0.17109609244853416,0.20447576242699725,0.18810056560700883,0.10369292886009498,0.08858085230297277,-0.03681771951644031,-0.03201382704439803,-0.09149417942383531,-0.49403083401641423,-0.12052858729017792,-0.19621515708536452,-0.20841067166031976,-0.2670201766246131,-0.12948693445845227,-0.26223861217432687,-0.3990633145297934,-0.04796309151013192,-0.36854561551681775,-0.30219737446128847,-0.273713577272684,-0.2568381724974914,-0.21100995586921795,-0.2227373408701324,-0.19604240754030897,-0.28018567465047683,-0.122183184139915,-0.14002790898831505,-0.1005304770845768,-0.03698646272193921,0.11333558495613219,0.08569289216618159,0.15759445573546518,0.17092087351311552,0.12035818320196112,0.23644920542821224,0.24923771552808427,0.2925325739155029,0.2807739961711565,0.3079973511712709,0.34867543419101005,0.2834796824538925,0.3233656727079511,0.3747032343544138,0.32056513345688964,0.2346255366382517,0.11721160972856648,0.16154635547258506,0.1803410725277639,0.144235539827051,0.06141421904899344,0.030335085362355685,-0.021430908265063962,-0.15065475753346247,-0.12811246393970527,-0.07276611046956474,-0.19707577341192767,-0.22300188673760096,-0.19313910123895944,-0.16808709540237832,-0.43376305676591265,-0.29734135059389183,-0.29904779153383515,-0.4377836166436837,-0.24590742570401458,-0.2726588933114694,-0.26386401414608135,-0.22314789884673908,-0.22585137571016903,-0.23324690746644045,-0.21818589876898914,-0.14856684795411682,-0.019119843850134655,-0.07287706674965957,-0.011969315449407148,0.0039346290863869204,0.12998638661473447,0.1652540086427289,0.40284567541377303,0.21773452436988988,0.23582795142584967,0.2543841296089479,0.2748301551227515,0.37402976151000666,0.3884244282686331,0.3047583728443535,0.2848549470312257,0.25615400258097937,0.3163848302089378,0.27874341763720345,0.26934308023976333,0.2317191689784509,0.17028639643570675,0.045077036923656985,0.0072660535647416855,-0.019882484262624095,-0.040254316273564336"
62,9.81,4.541662357693046,"0.0,0.1,0.2,0.30000000000000004,0.4,0.5,0.6000000000000001,0.7000000000000001,0.8,0.9,1.0,1.1,1.2000000000000002,1.3,1.4000000000000001,1.5,1.6,1.7000000000000002,1.8,1.9000000000000001,2.0,2.1,2.2,2.3000000000000003,2.4000000000000004,2.5,2.6,2.7,2.8000000000000003,2.9000000000000004,3.0,3.1,3.2,3.3000000000000003,3.4000000000000004,3.5,3.6,3.7,3.8000000000000003,3.9000000000000004,4.0,4.1000000000000005,4.2,4.3,4.4,4.5,4.6000000000000005,4.7,4.800000000000001,4.9,5.0,5.1000000000000005,5.2,5.300000000000001,5.4,5.5,5.6000000000000005,5.7,5.800000000000001,5.9,6.0,6.1000000000000005,6.2,6.300000000000001,6.4,6.5,6.6000000000000005,6.7,6.800000000000001,6.9,7.0,7.1000000000000005,7.2,7.300000000000001,7.4,7.5,7.6000000000000005,7.7,7.800000000000001,7.9,8.0,8.1,8.200000000000001,8.3,8.4,8.5,8.6,8.700000000000001,8.8,8.9,9.0,9.1,9.200000000000001,9.3,9.4,9.5,9.600000000000001,9.700000000000001,9.8,9.9,10.0","0.2822796276916971,0.310758881137807,0.26599030814461466,0.10823068195077964,0.14288230016073272,0.18275619426421053,0.18673988915341785,0.1853898556894935,0.20002831123069972,0.0639162759616721,0.05524419919302741,-0.10774664584432816,-0.16681783784554194,-0.18572575805614094,-0.11964052613408058,-0.18489183187056502,-0.13283155056501408,-0.22215529093050312,-0.27192544204292535,-0.3075188620531765,-0.3128192721587512,-0.3625145217266851,-0.30446547519677314,-0.3535285183799249,-0.35497928108964105,-0.24228002817136296,-0.2914691250912976,-0.21828273267139547,-0.1356818704530476,-0.00542477800748864,0.13533107299221026,0.001583750838759973,-0.0038369007523912195,0.1505527382911992,0.0372655328774743,0.05362700185905324,0.2021488141058911,0.2556892928178416,0.2206806368643563,0.23738022207662823,0.3781645438160484,0.2944781501361165,0.1944686334471178,0.29221423638665806,0.33615381499646313,0.3245068622094303,0.24847455556946624,0.25369740770027926,0.3241575829108936,0.15485563116657636,0.143486783093042,0.10953596959401507,0.1275788680464946,-0.006536103958600284,0.06674221633323496,0.0017541084967232223,-0.1978793048646847,-0.29351115727693317,-0.28302672706459453,-0.26769280034767845,-0.2312481227667071,-0.2922891359253743,-0.24131599132778608,-0.2989242279543051,-0.38612795782085363,-0.2897838242469306,-0.42008730495581414,-0.2819139532198551,-0.25835296260632884,-0.22684141898078472,-0.2039676674742977,-0.18803259171790093,-0.016660297540368504,-0.08618594822421904,-0.0066130370171215355,-0.0349772867563448,0.011145952041707225,0.02928373760573451,0.13043467581054285,0.16988485442698584,0.2531457051617904,0.24063185371494722,0.17178440334180878,0.2350960268830551,0.23485145901105617,0.18721762600906527,0.3922143701596409,0.27234891922756405,0.2574554399266382,0.27647640897654024,0.21488704796151664,0.2742244117874183,0.2365084192718818,0.0887635415473085,0.1977259416384532,0.054352501746159285,0.052801696881973115,0.0076492411854380896,-0.027001689117399946,0.003981225418627263,-0.20040479077394613"
63,9.81,4.686453342413124,"0.0,0.1,0.2,0.30000000000000004,0.4,0.5,0.6000000000000001,0.7000000000000001,0.8,0.9,1.0,1.1,1.2000000000000002,1.3,1.4000000000000001,1.5,1.6,1.7000000000000002,1.8,1.9000000000000001,2.0,2.1,2.2,2.3000000000000003,2.4000000000000004,2.5,2.6,2.7,2.8000000000000003,2.9000000000000004,3.0,3.1,3.2,3.3000000000000003,3.4000000000000004,3.5,3.6,3.7,3.8000000000000003,3.9000000000000004,4.0,4.1000000000000005,4.2,4.3,4.4,4.5,4.6000000000000005,4.7,4.800000000000001,4.9,5.0,5.1000000000000005,5.2,5.300000000000001,5.4,5.5,5.6000000000000005,5.7,5.800000000000001,5.9,6.0,6.1000000000000005,6.2,6.300000000000001,6.4,6.5,6.6000000000000005,6.7,6.800000000000001,6.9,7.0,7.1000000000000005,7.2,7.300000000000001,7.4,7.5,7.6000000000000005,7.7,7.800000000000001,7.9,8.0,8.1,8.200000000000001,8.3,8.4,8.5,8.6,8.700000000000001,8.8,8.9,9.0,9.1,9.200000000000001,9.3,9.4,9.5,9.600000000000001,9.700000000000001,9.8,9.9,10.0","0.30486655351550035,0.2978834471007223,0.273058974162432,0.15879188917180845,0.15834621523951992,0.1761001441823664,0.23816201732062772,0.1577637194278267,0.08081216945187192,0.05980841793259117,0.02341699567259521,-0.04666597317070987,-0.1307782695018608,-0.14869871331015405,-0.1570351961175681,-0.2073153027124182,-0.23364230329474836,-0.1866730795762399,-0.26802426822018827,-0.29805536135439176,-0.32149410849153254,-0.34606678922813444,-0.3269282860570642,-0.3830832717048373,-0.19471659100061398,-0.2485474115928966,-0.20967277309525933,-0.23613683668319468,-0.2365552167100685,-0.035954499198354306,-0.059040170818012085,-0.051722594348501405,-0.05775691811330949,-0.004291564212946849,0.04920251090776328,-0.00987982375623088,0.17288826574945082,0.1574014375643992,0.14710885625054804,0.23159663442047085,0.28237793573926406,0.2824867578471911,0.2810696123256954,0.3074997143287299,0.37433465923686954,0.26638221794050493,0.24709475239748951,0.3043364246707449,0.26469914804765804,0.19853078655450918,0.1761850346788451,0.1745008952582395,0.19581786224198966,0.09058411185350046,0.1292492227326168,-0.02982326839382779,-0.09863366102381482,-0.12184777788416874,-0.272806521535223,-0.12414924492691418,-0.2278192398307383,-0.2189775039879459,-0.2248802243142209,-0.4641429534690076,-0.3677062637059533,-0.23092168356801251,-0.3256889656462177,-0.2549507701323981,-0.27205948856991274,-0.2956010546400295,-0.247991741749774,-0.1759730137589065,-0.1733318414816129,-0.1095819687729613,-0.15489238655822152,-0.01734587082565584,-0.17277208038634898,0.08245494694901123,0.03949782079718191,-0.017601276705031893,0.15148861929821017,0.13438403778694696,0.287132374498668,0.2685929338816646,0.23335142084722615,0.2875715414044822,0.3775285462688435,0.4200729863815222,0.32053904108067566,0.3216399598205631,0.23638481494332764,0.2573925450346847,0.0996043777841743,0.27233916206758646,0.1343339869360728,0.21544292894913958,0.06373078805538918,0.055499360692431665,-0.003020406920406369,-0.07732262520815922,-0.1247252298671473"
64,9.81,2.7155539348532884,"0.0,0.1,0.2,0.30000000000000004,0.4,0.5,0.6000000000000001,0.7000000000000001,0.8,0.9,1.0,1.1,1.2000000000000002,1.3,1.4000000000000001,1.5,1.6,1.7000000000000002,1.8,1.9000000000000001,2.0,2.1,2.2,2.3000000000000003,2.4000000000000004,2.5,2.6,2.7,2.8000000000000003,2.9000000000000004,3.0,3.1,3.2,3.3000000000000003,3.4000000000000004,3.5,3.6,3.7,3.8000000000000003,3.9000000000000004,4.0,4.1000000000000005,4.2,4.3,4.4,4.5,4.6000000000000005,4.7,4.800000000000001,4.9,5.0,5.1000000000000005,5.2,5.300000000000001,5.4,5.5,5.6000000000000005,5.7,5.800000000000001,5.9,6.0,6.1000000000000005,6.2,6.300000000000001,6.4,6.5,6.6000000000000005,6.7,6.800000000000001,6.9,7.0,7.1000000000000005,7.2,7.300000000000001,7.4,7.5,7.6000000000000005,7.7,7.800000000000001,7.9,8.0,8.1,8.200000000000001,8.3,8.4,8.5,8.6,8.700000000000001,8.8,8.9,9.0,9.1,9.200000000000001,9.3,9.4,9.5,9.600000000000001,9.700000000000001,9.8,9.9,10.0","0.3427991211946229,0.2515566384994674,0.31169779922959423,0.22802374012367083,0.27022130203603434,0.13002585768364008,0.07124473892244634,0.09154748744763853,0.005684711879120662,-0.1498794739808729,-0.05660647265680468,-0.1898253500786084,-0.22638542821174756,-0.24534092201298544,-0.32272711716512614,-0.3194065628158919,-0.35047123526017515,-0.2812748736083132,-0.1856511194369702,-0.2867606756347553,-0.18847023780129885,-0.1492829717184218,-0.14794494695615715,-0.06483817796935562,0.15073165446391884,0.05723944247241205,0.07682069131062053,0.1988233643082199,0.28068445545360754,0.23845404388080854,0.22912978183321694,0.26712664310147877,0.10215483260741418,0.29524799398971746,0.34104072177614464,0.3685825402259783,0.21067246406516768,0.25812073645049766,0.1860953029447151,0.09450334349811457,0.05609287761620363,-0.007666241787338674,-0.08763856203967653,-0.09535414241577327,-0.16563642009862659,-0.2655179135932832,-0.2176191492158437,-0.2658055012481801,-0.2815038139443974,-0.29757141921115215,-0.32028109870117616,-0.21450678934467857,-0.3427239073419535,-0.21283155493587025,-0.23152092918673137,-0.22857108751291225,-0.23065703300827678,-0.14581941377641067,-0.11036195300593798,0.010747854340913736,0.12599269066700894,0.17979331551590524,0.2329830814778609,0.2555788784746472,0.2726147849361503,0.24539193897675976,0.3327294903117475,0.2942453974980469,0.25376833822486594,0.2809410814977769,0.1880395255236642,0.2107460045556022,0.11357542934241517,0.09682076915425099,0.20848940414856112,-0.04168701083616555,-0.11076619203097958,-0.07247883461872236,-0.13394909773094063,-0.1395478899976998,-0.3339249015375831,-0.2492163338782009,-0.3413910286173779,-0.23293599153286573,-0.253479623998876,-0.36976490020098657,-0.2349536756050866,-0.22432789692207408,-0.23455719557943383,-0.13807930509226984,-0.09767955806208128,-0.03458174751886358,0.011571601759528337,0.11965470131073744,0.08229648047332017,0.2259820747542749,0.3114353180561991,0.18332175248527327,0.2729837293562917,0.1982592926708511,0.33213299815828395"
65,9.81,0.7649119413228004,"0.0,0.1,0.2,0.30000000000000004,0.4,0.5,0.6000000000000001,0.7000000000000001,0.8,0.9,1.0,1.1,1.2000000000000002,1.3,1.4000000000000001,1.5,1.6,1.7000000000000002,1.8,1.9000000000000001,2.0,2.1,2.2,2.3000000000000003,2.4000000000000004,2.5,2.6,2.7,2.8000000000000003,2.9000000000000004,3.0,3.1,3.2,3.3000000000000003,3.4000000000000004,3.5,3.6,3.7,3.8000000000000003,3.9000000000000004,4.0,4.1000000000000005,4.2,4.3,4.4,4.5,4.6000000000000005,4.7,4.800000000000001,4.9,5.0,5.1000000000000005,5.2,5.300000000000001,5.4,5.5,5.6000000000000005,5.7,5.800000000000001,5.9,6.0,6.1000000000000005,6.2,6.300000000000001,6.4,6.5,6.6000000000000005,6.7,6.800000000000001,6.9,7.0,7.1000000000000005,7.2,7.300000000000001,7.4,7.5,7.6000000000000005,7.7,7.800000000000001,7.9,8.0,8.1,8.200000000000001,8.3,8.4,8.5,8.6,8.700000000000001,8.8,8.9,9.0,9.1,9.200000000000001,9.3,9.4,9.5,9.600000000000001,9.700000000000001,9.8,9.9,10.0","0.19802317278420345,0.2748122136664539,0.02235419111204276,0.15420308602793764,-0.03267305728579734,0.026347678903180752,-0.1162479739654522,-0.19434149263911427,-0.224734767152299,-0.24656400501907155,-0.2616536669275754,-0.07814054422185249,-0.09777039142063913,0.19998090204789157,0.01452455851696173,0.09462343933374885,0.1690045678085638,0.30020313977643037,0.26758808484414165,0.19144274202154193,0.17435654248184765,0.09574980426899744,0.07213345938363305,-0.0855543863974561,-0.19769001969298888,-0.3742950557164868,-0.3604002239311136,-0.3217825197151546,-0.3745717490450366,-0.1483107169856238,-0.07040019182213324,0.1099165818989092,0.07185964297121186,0.2147347702383632,0.14624459836946108,0.2791041011503037,0.27410642788448497,0.26189548061459617,0.20546650009075462,0.043870107455703286,-0.09956863337438406,-0.12880303061781456,-0.40055913420730094,-0.22646193896362093,-0.2883083438816048,-0.2894511263201664,-0.17342117831930232,-0.09184779579057314,-0.004169792605474714,0.1450327496087604,0.13372059441833584,0.30500158016283174,0.27931804846160724,0.30898975578988497,0.2573490365140447,0.24495810662401524,0.1694825835931533,0.058652387562153865,-0.10796363685056319,-0.1989248684320409,-0.3622639515449548,-0.26904463641279597,-0.3986239765223375,0.19511542294213535,-0.12208506110940662,-0.053820682648949736,0.032142799770003026,0.14207704039653515,0.26047766773441733,0.2918061738012491,0.372578014598339,0.31024001498638265,0.2720739342638217,0.19312757408053174,0.018693408978112412,-0.03573090818670403,-0.28127799176493556,-0.2369632227754199,-0.29664421124586066,-0.2948243073275393,-0.41830669098670004,-0.2256556758610141,-0.1448628076849508,-0.19130417147389356,0.004609830307464299,0.2802813903200794,0.2436935786552321,0.2961461313359148,0.36161779057840365,0.32894944518039493,0.16166119058757453,0.12684810242627398,0.04123035714488062,-0.120089942793066,-0.11511339198546897,-0.24831832119005354,-0.4117902941441006,-0.26028310451296427,-0.17298526303523104,-0.08536893482339906,-0.0417529337167346"
66,9.81,1.176425744465176,"0.0,0.1,0.2,0.30000000000000004,0.4,0.5,0.6000000000000001,0.7000000000000001,0.8,0.9,1.0,1.1,1.2000000000000002,1.3,1.4000000000000001,1.5,1.6,1.7000000000000002,1.8,1.9000000000000001,2.0,2.1,2.2,2.3000000000000003,2.4000000000000004,2.5,2.6,2.7,2.8000000000000003,2.9000000000000004,3.0,3.1,3.2,3.3000000000000003,3.4000000000000004,3.5,3.6,3.7,3.8000000000000003,3.9000000000000004,4.0,4.1000000000000005,4.2,4.3,4.4,4.5,4.6000000000000005,4.7,4.800000000000001,4.9,5.0,5.1000000000000005,5.2,5.300000000000001,5.4,5.5,5.6000000000000005,5.7,5.800000000000001,5.9,6.0,6.1000000000000005,6.2,6.300000000000001,6.4,6.5,6.6000000000000005,6.7,6.800000000000001,6.9,7.0,7.1000000000000005,7.2,7.300000000000001,7.4,7.5,7.6000000000000005,7.7,7.800000000000001,7.9,8.0,8.1,8.200000000000001,8.3,8.4,8.5,8.6,8.700000000000001,8.8,8.9,9.0,9.1,9.200000000000001,9.3,9.4,9.5,9.600000000000001,9.700000000000001,9.8,9.9,10.0","0.3384121134009258,0.2708730439077366,0.20050338103662882,0.1925559442004236,-0.11055444238127234,0.0780089160620471,-0.06981334990747207,-0.12525190688392646,-0.23999272603214844,-0.254596161473188,-0.3384931587755478,-0.39244052829686205,-0.19947166221097357,-0.21246711460157133,-0.18783177942492596,-0.1430455980361726,-0.07261664141730863,0.045931078891437896,0.18416917643129302,0.23926129334829738,0.12221327635193621,0.29969154179530666,0.21719423242708552,0.2836468118141612,0.3221882651776995,0.21052261918062545,0.07992909819310086,0.048087752861433505,-0.09090354300024395,-0.13013313225123488,-0.2002326917286562,-0.28283572833528103,-0.2811148976320505,-0.3397551038817793,-0.2524304680692368,-0.20265764997597577,-0.1532059015514169,-0.06601873873533215,-0.026507249714863235,0.03165916137924228,0.20334074593485568,0.3063393296050651,0.14697466949302843,0.2380150683186833,0.30799520431251304,0.262708934206776,0.15254146742033892,0.20786506380104208,0.06694197939595539,-0.028184620666869768,-0.13489087258175814,-0.3309927005219262,-0.2837022084980743,-0.28866214312479577,-0.32493553000064457,-0.28701939158558554,-0.3632467154016786,-0.29849923540975143,-0.14523595582936052,-0.21954212085548172,-0.002549453392854753,-0.002673238314005233,0.15053201866422167,0.2614466723345465,0.2698267057320125,0.3201432724499255,0.2491051032066753,0.27427650853227675,0.2963234080560758,0.22815583090763197,0.11032959723534402,-0.052820546346577915,-0.05789988127870185,-0.13346906783185247,-0.23531047438107067,-0.27530899961040506,-0.2642288333686208,-0.33016447705583035,-0.24630587117939898,-0.2610529709470495,0.02068449528695737,-0.15788117966492612,0.14459564114952136,0.13365592284847316,0.11152180173393464,0.27209761583051967,0.38443782447772484,0.4385567972524194,0.3586991707546412,0.2803125880672303,0.17416901688980269,0.18354504219929102,0.0016358412277720363,0.01285842225247007,-0.07187897767438442,-0.13963869471344975,-0.015009501616595672,-0.2724071977935836,-0.28802046795111974,-0.30894331357468946,-0.22682890872040717"
67,9.81,4.121907697701328,"0.0,0.1,0.2,0.30000000000000004,0.4,0.5,0.6000000000000001,0.7000000000000001,0.8,0.9,1.0,1.1,1.2000000000000002,1.3,1.4000000000000001,1.5,1.6,1.7000000000000002,1.8,1.9000000000000001,2.0,2.1,2.2,2.3000000000000003,2.4000000000000004,2.5,2.6,2.7,2.8000000000000003,2.9000000000000004,3.0,3.1,3.2,3.3000000000000003,3.4000000000000004,3.5,3.6,3.7,3.8000000000000003,3.9000000000000004,4.0,4.1000000000000005,4.2,4.3,4.4,4.5,4.6000000000000005,4.7,4.800000000000001,4.9,5.0,5.1000000000000005,5.2,5.300000000000001,5.4,5.5,5.6000000000000005,5.7,5.800000000000001,5.9,6.0,6.1000000000000005,6.2,6.300000000000001,6.4,6.5,6.6000000000000005,6.7,6.800000000000001,6.9,7.0,7.1000000000000005,7.2,7.300000000000001,7.4,7.5,7.6000000000000005,7.7,7.800000000000001,7.9,8.0,8.1,8.200000000000001,8.3,8.4,8.5,8.6,8.700000000000001,8.8,8.9,9.0,9.1,9.200000000000001,9.3,9.4,9.5,9.600000000000001,9.700000000000001,9.8,9.9,10.0","0.2707206895348258,0.16783889733203544,0.21583067526762645,0.14974112119622332,0.27774386185695454,0.26171538558090507,0.25662427021026746,0.1667237932661796,0.10144058422798073,0.08999539049117022,-0.00012544715401238173,-0.0017287639928939696,-0.07157489663244264,-0.07182087144883394,-0.24178904088553554,-0.1935675876690838,-0.26631260308592364,-0.23912471745860742,-0.34039014905035664,-0.23462672125368825,-0.33895284951892846,-0.31668033208344704,-0.2744531029845782,-0.2813096131904338,-0.10178803370144263,-0.2895421971456261,-0.18652106419805822,-0.07891983853106696,-0.04688255812231654,-0.12554936904026712,0.025206751945397107,0.043180246773794215,-0.03459336935007898,0.0642705366245892,0.05805037127236405,0.13280373886249186,0.1698183478145146,0.25233445147407063,0.26974591150492866,0.3682086385848266,0.32286643132314624,0.3554548252107682,0.3837757455840929,0.36564621538369835,0.21446645697512146,0.26435045828234843,0.18567199631955839,0.16298135541315262,0.14705792581390958,0.06277009692394467,0.010145534435477527,0.07614409334982235,0.013362153928414354,-0.08617710710246033,-0.1444323414860846,-0.2895904125417344,-0.13216955875745615,-0.2682536657580877,-0.3148902017697622,-0.3212354720148533,-0.28860182682310526,-0.30297263706384037,-0.32352021568948197,-0.26431243460615417,-0.30273173803286635,-0.2442149550031683,-0.17595095274743539,0.004784263564231395,-0.09776272376786563,-0.17348659324421745,0.019012714786793214,-0.012407844422455051,-0.15785361842275794,0.1124215566477529,0.17534417622189427,0.14920190230352792,0.14917593140302077,0.2842941972080657,0.1765840030531199,0.35142397364579386,0.43149603099265493,0.2439868387067971,0.2942977508809974,0.30485707076650376,0.24173075023523924,0.36510981855448277,0.26733987787275215,0.16296114296867253,0.16843730734668905,0.13282472711613577,0.08839635911064132,-0.016387186420712165,-0.07484293950682723,0.07612134252275066,-0.09364203380971539,-0.040841651306305016,-0.16968725314797897,-0.20179097886954225,-0.20540911824234692,-0.28873011744779586,-0.26081844533993076"
68,9.81,1.964887076378175,"0.0,0.1,0.2,0.30000000000000004,0.4,0.5,0.6000000000000001,0.7000000000000001,0.8,0.9,1.0,1.1,1.2000000000000002,1.3,1.4000000000000001,1.5,1.6,1.7000000000000002,1.8,1.9000000000000001,2.0,2.1,2.2,2.3000000000000003,2.4000000000000004,2.5,2.6,2.7,2.8000000000000003,2.9000000000000004,3.0,3.1,3.2,3.3000000000000003,3.4000000000000004,3.5,3.6,3.7,3.8000000000000003,3.9000000000000004,4.0,4.1000000000000005,4.2,4.3,4.4,4.5,4.6000000000000005,4.7,4.800000000000001,4.9,5.0,5.1000000000000005,5.2,5.300000000000001,5.4,5.5,5.6000000000000005,5.7,5.800000000000001,5.9,6.0,6.1000000000000005,6.2,6.300000000000001,6.4,6.5,6.6000000000000005,6.7,6.800000000000001,6.9,7.0,7.1000000000000005,7.2,7.300000000000001,7.4,7.5,7.6000000000000005,7.7,7.800000000000001,7.9,8.0,8.1,8.200000000000001,8.3,8.4,8.5,8.6,8.700000000000001,8.8,8.9,9.0,9.1,9.200000000000001,9.3,9.4,9.5,9.600000000000001,9.700000000000001,9.8,9.9,10.0","0.2623972027758772,0.33681659022656224,0.26742623397767057,0.23687039832857343,-0.0005494303185327176,0.1422221764771109,0.07540018013938385,-0.10682115107719255,-0.12320904088354859,-0.02231597455137377,-0.17806470931815516,-0.2557150348395672,-0.2975064018467828,-0.29522605185711975,-0.3661308710208888,-0.21438798478090282,-0.2924479171861129,-0.2729577685371206,-0.02531128869724933,-0.03784768440528055,-0.08683179897444478,0.028910690890909207,-0.1602175654979752,0.1457995722218519,0.17683629314164886,0.2165789698156835,0.2530867238342991,0.11511212111775976,0.38877967767011345,0.2540089324645167,0.44221450037553933,0.2596054394414674,0.10788618847222205,0.11349651861226795,0.01744873457412749,-0.015388142885612369,-0.040298119897513515,-0.019056747766787174,-0.15731001163181554,-0.21409900923432462,-0.24710566507853213,-0.27930472294530384,-0.2884709932081846,-0.27612135058565584,-0.2976444949341594,-0.2531411644041033,-0.1542241517692493,-0.1495095648183093,-0.144394623870398,0.2548528601813073,0.05110015215026223,0.16849056681056818,0.16062166269182337,0.2724753998575653,0.24437211061022968,0.2813419573952704,0.28075659258182273,0.26658173497365806,0.40232195808510296,0.2315292161884765,0.2289412033511038,0.15093401907616175,0.04516904338064545,0.06864683567623067,-0.002029391998172078,-0.051307429770891415,-0.13697141328466553,-0.1177587238771349,-0.27376500786975205,-0.2641780293198498,-0.09803262694729448,-0.5172191112482885,-0.29020910450239373,-0.2599027499260448,-0.20158359534811193,-0.13467256737511044,-0.11280126636589989,-0.040424755164344676,-0.0034668439418110986,0.10476323595619057,0.04454701510434517,0.27532297846261544,0.30491114075263914,0.2812639653291527,0.3011425233719095,0.2736021142788511,0.2735946194006286,0.3092108889336913,0.250722237355455,0.18266944345563474,0.05029062369443617,0.01718958456927443,0.0018866904479476337,-0.056322612638731874,-0.09354539519199163,-0.21481581075233971,-0.2497574340599257,-0.2341049919270868,-0.23161637227458057,-0.20907618718385132,-0.30250191971165363"
69,9.81,4.017690319874987,"0.0,0.1,0.2,0.30000000000000004,0.4,0.5,0.6000000000000001,0.7000000000000001,0.8,0.9,1.0,1.1,1.2000000000000002,1.3,1.4000000000000001,1.5,1.6,1.7000000000000002,1.8,1.9000000000000001,2.0,2.1,2.2,2.3000000000000003,2.4000000000000004,2.5,2.6,2.7,2.8000000000000003,2.9000000000000004,3.0,3.1,3.2,3.3000000000000003,3.4000000000000004,3.5,3.6,3.7,3.8000000000000003,3.9000000000000004,4.0,4.1000000000000005,4.2,4.3,4.4,4.5,4.6000000000000005,4.7,4.800000000000001,4.9,5.0,5.1000000000000005,5.2,5.300000000000001,5.4,5.5,5.6000000000000005,5.7,5.800000000000001,5.9,6.0,6.1000000000000005,6.2,6.300000000000001,6.4,6.5,6.6000000000000005,6.7,6.800000000000001,6.9,7.0,7.1000000000000005,7.2,7.300000000000001,7.4,7.5,7.6000000000000005,7.7,7.800000000000001,7.9,8.0,8.1,8.200000000000001,8.3,8.4,8.5,8.6,8.700000000000001,8.8,8.9,9.0,9.1,9.200000000000001,9.3,9.4,9.5,9.600000000000001,9.700000000000001,9.8,9.9,10.0","0.13476997702441995,0.28460824926999395,0.27185570802298803,0.20161378465193214,0.2466216800408691,0.23771887790590523,0.1998348527656467,0.0760559728062879,0.17385887029676778,0.0458965823138418,0.026942258237589833,-0.006182644852224403,-0.09764090524580979,-0.23816476487313282,-0.17002104016717878,-0.2412657561154758,-0.20691343692151254,-0.2713581516373718,-0.2769193597860765,-0.23545833755535553,-0.20776350776000915,-0.2900629065524001,-0.283049565961861,-0.2446572275477227,-0.13826349054374582,-0.18259888272912037,-0.2120942835595821,-0.1831714334523132,-0.04213051861507554,-0.14162691816792658,-0.01911357246117115,0.11019893971537181,0.04315117790530787,0.06994781058674429,0.16474756631749843,0.22330768265440626,0.22574099996804722,0.1281069504397923,0.2912177583418766,0.4327380838245243,0.3312010537157954,0.3171124887141886,0.20777131218238512,0.3395205878647024,0.2851226115485591,0.18012877139272937,0.1668901419191161,0.18294463735280425,0.1542427299527757,0.02445029087904569,0.01210103289142268,-0.0068193123536642135,-0.0919467288722553,-0.05060189460499799,-0.13666634978511655,-0.1736660684987979,-0.16334518202290627,-0.2110062491521537,-0.48619207269386083,-0.22893669534012706,-0.2766689045511679,-0.22335060906855136,-0.3519765060716774,-0.33510300692313116,-0.3487403494337855,-0.21984762396623342,-0.19355099529166472,-0.18049696920317432,-0.0720627287096734,-0.12977017436593602,0.014076567464095267,0.1005608206488342,0.1859585291513267,-0.050457506297696006,0.20877499411149036,0.26580955502870196,0.2390815109937217,0.2685756536636544,0.2656634864843959,0.23297553388643,0.2220459418583664,0.26713468980732047,0.3140992179204111,0.2758069380352145,0.273044672787512,0.3322086156324965,0.23725863923549673,0.04673474010411574,0.09712277498676242,0.09940067970645179,0.03269293739824963,0.015308545616603986,-0.10207670031551938,-0.021439199876029436,-0.13984868516961613,-0.032912125771230344,-0.20906482809123603,-0.23113288915761923,-0.2853922887455662,-0.3473732461956765,-0.3324000007958872"
70,9.81,2.306633901589477,"0.0,0.1,0.2,0.30000000000000004,0.4,0.5,0.6000000000000001,0.7000000000000001,0.8,0.9,1.0,1.1,1.2000000000000002,1.3,1.4000000000000001,1.5,1.6,1.7000000000000002,1.8,1.9000000000000001,2.0,2.1,2.2,2.3000000000000003,2.4000000000000004,2.5,2.6,2.7,2.8000000000000003,2.9000000000000004,3.0,3.1,3.2,3.3000000000000003,3.4000000000000004,3.5,3.6,3.7,3.8000000000000003,3.9000000000000004,4.0,4.1000000000000005,4.2,4.3,4.4,4.5,4.6000000000000005,4.7,4.800000000000001,4.9,5.0,5.1000000000000005,5.2,5.300000000000001,5.4,5.5,5.6000000000000005,5.7,5.800000000000001,5.9,6.0,6.1000000000000005,6.2,6.300000000000001,6.4,6.5,6.6000000000000005,6.7,6.800000000000001,6.9,7.0,7.1000000000000005,7.2,7.300000000000001,7.4,7.5,7.6000000000000005,7.7,7.800000000000001,7.9,8.0,8.1,8.200000000000001,8.3,8.4,8.5,8.6,8.700000000000001,8.8,8.9,9.0,9.1,9.200000000000001,9.3,9.4,9.5,9.600000000000001,9.700000000000001,9.8,9.9,10.0","0.21649228193382136,0.28950205681966124,0.29668239226164234,0.24060967963505753,0.1713467867351122,0.16898374184851395,0.04760132180180078,0.05673837669363166,-0.07691474395531277,-0.1296055844952553,-0.19329619749852575,-0.2647499973762942,-0.2026713754924419,-0.2463873606479593,-0.34516667485680375,-0.25913355008963457,-0.23525110957709633,-0.27110652605867785,-0.22368296026776763,-0.1798988867181227,-0.16521148197891414,-0.2668669938441725,-0.16384846258352276,-0.07795488388561837,0.0697683049668021,0.19171930399144133,0.19529070706738358,0.2302837745906076,0.2565932640397844,0.27273444616189896,0.2332946550921975,0.22170194980979738,0.22466407309680592,0.2723366532799682,0.22923607076554486,0.1977950388442005,0.13602747931674927,-0.03216069602802352,-0.03446975128170424,-0.030298608893976477,-0.09015805486753323,-0.136965174319591,-0.1810033743889286,-0.23630051026876367,-0.2858075644825433,-0.2650758040043378,-0.24053763882287255,-0.2228281655292031,-0.19465097865272885,-0.2667492741247005,-0.16973039480757995,-0.13104772470737772,-0.038906052258827845,-0.006047749026583154,-0.014043466498907295,0.13567774823057344,0.14814558364671912,0.1335909862450833,0.2670432652771791,0.2636365750128108,0.18157442259726606,0.28565645686478996,0.2808510432249854,0.2593972709841768,0.29333863572305496,0.1999732040147047,0.11953918124718571,0.13089609132919652,0.13364134074932738,0.047193745924527214,-0.11224878304525487,-0.2145092776686856,-0.25250913619305454,-0.300862673103663,-0.32119746820352524,-0.3241217584909484,-0.3571099500818203,-0.28647854099071973,-0.32173264345330244,-0.3134150931415495,-0.30183067653136253,-0.2189206080450809,-0.12748638551196598,-0.04943011828597502,-0.06453700651489357,0.05804446398158809,0.11574434179595824,0.030329958422962433,0.21299053643714336,0.2971539478398764,0.32537590972334135,0.3367923548586593,0.2815750218856422,0.3390904378742061,0.24746078441910024,0.2289449161703167,0.14584046668530964,0.12302313598347411,0.03193325084722125,0.04295770518832485,-0.017520475763943322"
71,9.81,1.6742735108154454,"0.0,0.1,0.2,0.30000000000000004,0.4,0.5,0.6000000000000001,0.7000000000000001,0.8,0.9,1.0,1.1,1.2000000000000002,1.3,1.4000000000000001,1.5,1.6,1.7000000000000002,1.8,1.9000000000000001,2.0,2.1,2.2,2.3000000000000003,2.4000000000000004,2.5,2.6,2.7,2.8000000000000003,2.9000000000000004,3.0,3.1,3.2,3.3000000000000003,3.4000000000000004,3.5,3.6,3.7,3.8000000000000003,3.9000000000000004,4.0,4.1000000000000005,4.2,4.3,4.4,4.5,4.6000000000000005,4.7,4.800000000000001,4.9,5.0,5.1000000000000005,5.2,5.300000000000001,5.4,5.5,5.6000000000000005,5.7,5.800000000000001,5.9,6.0,6.1000000000000005,6.2,6.300000000000001,6.4,6.5,6.6000000000000005,6.7,6.800000000000001,6.9,7.0,7.1000000000000005,7.2,7.300000000000001,7.4,7.5,7.6000000000000005,7.7,7.800000000000001,7.9,8.0,8.1,8.200000000000001,8.3,8.4,8.5,8.6,8.700000000000001,8.8,8.9,9.0,9.1,9.200000000000001,9.3,9.4,9.5,9.600000000000001,9.700000000000001,9.8,9.9,10.0","0.32079017951752636,0.2683019248873898,0.4105771816853302,0.26682904173691047,0.2437277770522288,0.13416665281107468,0.0655977409456962,0.002565364561698362,-0.07650002901700796,-0.16655853422563652,-0.2626146225830506,-0.26066470225801,-0.2712498964446606,-0.34329170129117803,-0.3064961376474991,-0.35132553346683937,-0.3133496458952736,-0.022751384708184247,-0.04965201806038491,-0.19094422560969124,-0.0669311041657875,0.1380062722764359,0.1879145522621377,0.27718032598251935,0.2729842225826514,0.35191516710175214,0.22314690997525505,0.31615341660101504,0.20359228132991586,0.1664712923693728,0.038289345014593246,0.15034419278522584,0.021749951130749838,-0.11279995874863744,-0.12592511017547298,-0.19656922416378148,-0.16262516741089342,-0.2720622702979288,-0.23884804768670648,-0.3135256440793242,-0.30511048848589034,-0.3001273596755441,-0.2494653445773436,-0.12308571794777556,-0.13163144547896766,-0.11275259381566823,-0.060121201540673214,0.15952742110843146,0.15499090605322555,0.14075497116995864,0.17012896913914982,0.27811493756639416,0.37607519240432963,0.3091180657763737,0.3090318372388272,0.22647739817937718,0.23704222363341226,0.20143467379219074,0.07069505099288778,0.06320811940198615,0.014724332507080287,-0.1895577293220157,-0.2619274115464577,-0.2020452771229864,-0.2742776814678222,-0.2933083489032849,-0.37050738874888756,-0.33801151000270435,-0.2549028393314246,-0.19250051239734095,-0.13191346416826696,0.02449401719826566,0.026276922817438025,0.13107252990280793,0.15918434500341713,0.27156407606387895,0.25948032378209607,0.27793975535046145,0.30976916721804215,0.21368218660023863,0.20843125622610023,0.256973195308414,0.20041353195119918,0.11003181381310792,-0.0704009276146062,-4.0763900828820476e-05,-0.0875275222958404,-0.18198763604690307,-0.20603561179995983,-0.31681297538387404,-0.2762056432191905,-0.33842563071857173,-0.33729050066070154,-0.2226643597486269,-0.25327646578465135,-0.1794358787526388,-0.13472974354973785,-0.05863459573807882,-0.050164918073589845,0.06404810139007847,0.12807843564272622"
72,9.81,3.825665580678579,"0.0,0.1,0.2,0.30000000000000004,0.4,0.5,0.6000000000000001,0.7000000000000001,0.8,0.9,1.0,1.1,1.2000000000000002,1.3,1.4000000000000001,1.5,1.6,1.7000000000000002,1.8,1.9000000000000001,2.0,2.1,2.2,2.3000000000000003,2.4000000000000004,2.5,2.6,2.7,2.8000000000000003,2.9000000000000004,3.0,3.1,3.2,3.3000000000000003,3.4000000000000004,3.5,3.6,3.7,3.8000000000000003,3.9000000000000004,4.0,4.1000000000000005,4.2,4.3,4.4,4.5,4.6000000000000005,4.7,4.800000000000001,4.9,5.0,5.1000000000000005,5.2,5.300000000000001,5.4,5.5,5.6000000000000005,5.7,5.800000000000001,5.9,6.0,6.1000000000000005,6.2,6.300000000000001,6.4,6.5,6.6000000000000005,6.7,6.800000000000001,6.9,7.0,7.1000000000000005,7.2,7.300000000000001,7.4,7.5,7.6000000000000005,7.7,7.800000000000001,7.9,8.0,8.1,8.200000000000001,8.3,8.4,8.5,8.6,8.700000000000001,8.8,8.9,9.0,9.1,9.200000000000001,9.3,9.4,9.5,9.600000000000001,9.700000000000001,9.8,9.9,10.0","0.2862109447535161,0.2761883382231543,0.24253748243217305,0.22247663243400817,0.1848050622657664,0.09453304952932182,0.14618616234274254,0.1750872669111377,0.09018685216875091,0.06665751742803658,-0.032482057401419656,-0.08171499608306787,-0.09022284727016633,-0.16139463793149844,-0.1869843848582167,-0.2348796306993974,-0.2667379067462586,-0.2450642233301946,-0.3445960499696266,-0.27680446453724444,-0.17979216013017055,-0.24760312348143287,-0.27642891001162545,-0.3368785689504742,-0.33487055515575737,-0.16250668575683716,-0.06437237753929384,0.03942099743399535,-0.11431664941905188,0.04553347626474516,0.005990796839026986,0.07069677469505127,0.15259984695059214,0.16719669147273106,0.16272829840504188,0.22146836053663274,0.18023363161365724,0.16152722891308607,0.2618073860914773,0.328646130087783,0.26848705776594806,0.23792463208894427,0.24338707208591753,0.2392634705232362,0.2804906141512563,0.11267307515955022,0.13736707873310022,0.20513835314890433,-0.06844020740592945,0.07773653256206223,-0.14071403858828535,-0.0612371039324327,-0.13280929589836638,-0.17403069972031984,-0.1754482003391911,-0.15309825497264629,-0.40066559879572616,-0.21666952935182893,-0.3330620455651125,-0.4558997163085355,-0.3619743155833203,-0.3598828573325903,-0.20673693161509746,-0.20903810714496573,-0.3309888340965208,-0.20593696212553897,-0.09464121386201378,-0.10288215349648047,-0.04812516034166348,0.04601357259975481,0.04331845089780145,0.07910651910059961,0.1970680552030054,0.09493672698418487,0.25508556990335285,0.16575470276694151,0.35400923291260666,0.26060360257412357,0.37686264993224183,0.2251005787947704,0.3225271830944024,0.2314998801577228,0.24281662398992152,0.3102948702522133,0.21692049927356866,0.18593853641150782,0.15319510301562617,0.18213171904150083,0.12101279323415542,-0.038968085159359504,-0.053911055694798336,-0.1212531157022503,-0.040883846247397757,-0.11577249531913231,-0.2187275696995204,-0.23515475338143543,-0.22336520891375444,-0.3534080503917906,-0.337436626624483,-0.2272959673867272,-0.23636285608734164"
73,9.81,3.6904922352507556,"0.0,0.1,0.2,0.30000000000000004,0.4,0.5,0.6000000000000001,0.7000000000000001,0.8,0.9,1.0,1.1,1.2000000000000002,1.3,1.4000000000000001,1.5,1.6,1.7000000000000002,1.8,1.9000000000000001,2.0,2.1,2.2,2.3000000000000003,2.4000000000000004,2.5,2.6,2.7,2.8000000000000003,2.9000000000000004,3.0,3.1,3.2,3.3000000000000003,3.4000000000000004,3.5,3.6,3.7,3.8000000000000003,3.9000000000000004,4.0,4.1000000000000005,4.2,4.3,4.4,4.5,4.6000000000000005,4.7,4.800000000000001,4.9,5.0,5.1000000000000005,5.2,5.300000000000001,5.4,5.5,5.6000000000000005,5.7,5.800000000000001,5.9,6.0,6.1000000000000005,6.2,6.300000000000001,6.4,6.5,6.6000000000000005,6.7,6.800000000000001,6.9,7.0,7.1000000000000005,7.2,7.300000000000001,7.4,7.5,7.6000000000000005,7.7,7.800000000000001,7.9,8.0,8.1,8.200000000000001,8.3,8.4,8.5,8.6,8.700000000000001,8.8,8.9,9.0,9.1,9.200000000000001,9.3,9.4,9.5,9.600000000000001,9.700000000000001,9.8,9.9,10.0","0.3767262098082245,0.3369153970261939,0.21694610146040288,0.23172918489971167,0.30525568876100906,0.26479052548486093,0.22866685666973163,0.14281649708742922,0.06525696760959127,0.04120782486057116,0.007845884806505676,0.1401013565516373,-0.05075561617946583,-0.12566805448841228,-0.15531328865405652,-0.2572696296679929,-0.28591064673995087,-0.27329273158105427,-0.32351686223927156,-0.26829575966630415,-0.23982954656791552,-0.24399202915831497,-0.23084086065728937,-0.3028288895351898,-0.2862761129601722,-0.24950409860613876,-0.04947149748051252,-0.12106182393771937,-0.016093398848716835,-0.0003492135326739936,0.024712561429811628,0.04634331173845114,0.13631113312157883,0.2521928645663984,0.2607735498998562,0.2670014044838785,0.10184927226577681,0.2039297196456055,0.24096037841626844,0.10047968145834818,0.2254444654527642,0.279122439413207,0.2772753092481692,0.2503157234974493,0.2152102815138506,0.13626285119743806,0.15135135885587858,0.07728761206455617,0.10180711163216805,0.030763054408509488,-0.013263582481538333,-0.07310940821307679,-0.18054198603747929,-0.2106514620245401,-0.24920135031076313,-0.2413283571722113,-0.24464305636870998,-0.29904799639248286,-0.26283275104123416,-0.3246399844607587,-0.288524742986112,-0.35448673959725346,-0.20944631836762334,-0.12419478432077569,-0.21560847055496482,-0.045692043885076555,-0.08065243873629988,-0.016784014520603876,-0.005926838800766441,0.048289841276483,0.055673507531061484,0.135172172567331,0.1466417300821346,0.2433722864740769,0.2766837633793699,0.15265916416532002,0.29619472151125315,0.3396238509593614,0.27167514368953277,0.32387228117061284,0.3630404349550116,0.23347456361919636,0.1541558333280473,0.14752552340139283,0.11598739994954371,0.08390901557385948,0.030725294612265693,0.04258019859769382,0.04827956980897046,-0.13499774553588584,-0.1339029891372237,-0.25771385916353395,-0.11082317739580105,-0.19879084045924938,-0.3461274229584109,-0.41326037509826363,-0.20458278423935142,-0.269741063130055,-0.3717059082873781,-0.3050739438212282,-0.2791890582786893"
74,9.81,4.477962914891677,"0.0,0.1,0.2,0.30000000000000004,0.4,0.5,0.6000000000000001,0.7000000000000001,0.8,0.9,1.0,1.1,1.2000000000000002,1.3,1.4000000000000001,1.5,1.6,1.7000000000000002,1.8,1.9000000000000001,2.0,2.1,2.2,2.3000000000000003,2.4000000000000004,2.5,2.6,2.7,2.8000000000000003,2.9000000000000004,3.0,3.1,3.2,3.3000000000000003,3.4000000000000004,3.5,3.6,3.7,3.8000000000000003,3.9000000000000004,4.0,4.1000000000000005,4.2,4.3,4.4,4.5,4.6000000000000005,4.7,4.800000000000001,4.9,5.0,5.1000000000000005,5.2,5.300000000000001,5.4,5.5,5.6000000000000005,5.7,5.800000000000001,5.9,6.0,6.1000000000000005,6.2,6.300000000000001,6.4,6.5,6.6000000000000005,6.7,6.800000000000001,6.9,7.0,7.1000000000000005,7.2,7.300000000000001,7.4,7.5,7.6000000000000005,7.7,7.800000000000001,7.9,8.0,8.1,8.200000000000001,8.3,8.4,8.5,8.6,8.700000000000001,8.8,8.9,9.0,9.1,9.200000000000001,9.3,9.4,9.5,9.600000000000001,9.700000000000001,9.8,9.9,10.0","0.3027062784136944,0.28634640857003485,0.27421612960672853,0.27827014778337505,0.0747182019922023,0.10741044729235592,0.09807292339959127,0.17433314567621874,0.15850515759033168,0.09459625968957378,-0.01893714706100454,-0.06176435723833539,-0.09797795760319179,-0.15680230436922574,-0.20950034230137096,-0.17161409552633042,-0.1220902088109913,-0.23528900924127177,-0.26593726200981127,-0.30276667851856953,-0.30393734759666946,-0.3243599642284697,-0.3680843700879018,-0.35730183371809443,-0.3161194048936796,-0.2631155687362535,-0.3175836049339746,-0.13955572885782425,-0.12263850220843643,-0.09935086856115898,-0.09784161454779247,-0.05198635710527559,-0.011387357444929334,-0.018087604613665986,-0.016312722119928888,0.2196733810609777,0.11832744412925932,0.2609587878477506,0.2141792667728703,0.2979764097669372,0.3685722242758456,0.3505358022251188,0.35066261438802293,0.35552018931308793,0.3007536053910461,0.2270744195964883,0.2909065860695619,0.2712351307635026,0.30312629463969204,0.1423294478824624,0.0986534171657577,0.08488290069639742,0.04243919198165198,0.0674998054144923,-0.021141560857847817,-0.09703490184562336,-0.16560155740203608,-0.18890265068052262,-0.22151506715054567,-0.20710887358977084,-0.2862515720601443,-0.2905873154184828,-0.29182924046033276,-0.33212318838274896,-0.16154967017376876,-0.24624738155398102,-0.24171417689736263,-0.28498779040443717,-0.25427710018353633,-0.2247999171340113,-0.21142628008795475,-0.10641258948400743,-0.004611956303543413,-0.07107323885477083,-0.10358338113430116,0.027608282690217242,0.05984232530648609,0.009857479251722062,0.10312249216981581,0.21313779847579406,0.23569579973164334,0.29624448932880343,0.2703881440048041,0.2707243442200506,0.3281209356943732,0.24892152333570722,0.5472171413504845,0.2925452991255383,0.2668111714797913,0.23898811270074594,0.21596053015081496,0.19705386289514817,0.1198425396461574,0.18780889531890668,0.1256630692149009,0.017737131703727767,-0.06343024725522525,-0.04127681019495631,-0.09295799511717971,-0.14897684028033334,-0.1373478798191549"
75,9.81,3.538990057796527,"0.0,0.1,0.2,0.30000000000000004,0.4,0.5,0.6000000000000001,0.7000000000000001,0.8,0.9,1.0,1.1,1.2000000000000002,1.3,1.4000000000000001,1.5,1.6,1.7000000000000002,1.8,1.9000000000000001,2.0,2.1,2.2,2.3000000000000003,2.4000000000000004,2.5,2.6,2.7,2.8000000000000003,2.9000000000000004,3.0,3.1,3.2,3.3000000000000003,3.4000000000000004,3.5,3.6,3.7,3.8000000000000003,3.9000000000000004,4.0,4.1000000000000005,4.2,4.3,4.4,4.5,4.6000000000000005,4.7,4.800000000000001,4.9,5.0,5.1000000000000005,5.2,5.300000000000001,5.4,5.5,5.6000000000000005,5.7,5.800000000000001,5.9,6.0,6.1000000000000005,6.2,6.300000000000001,6.4,6.5,6.6000000000000005,6.7,6.800000000000001,6.9,7.0,7.1000000000000005,7.2,7.300000000000001,7.4,7.5,7.6000000000000005,7.7,7.800000000000001,7.9,8.0,8.1,8.200000000000001,8.3,8.4,8.5,8.6,8.700000000000001,8.8,8.9,9.0,9.1,9.200000000000001,9.3,9.4,9.5,9.600000000000001,9.700000000000001,9.8,9.9,10.0","0.19954426148361132,0.3172575992973613,0.35507008023376563,0.2818143359863673,0.22840839682229858,0.2100795445577126,0.1564111380044207,0.1438405224550302,0.15548753463833018,0.13926154729725787,0.23680125684644812,0.04731526764828815,-0.0911852804442386,-0.008145994855689509,-0.1975391202993831,-0.13510539659824866,-0.24873768975074592,-0.3196746918094856,-0.3946194345659649,-0.2782790018999206,-0.32797023582176527,-0.2964564187570234,-0.2787637711677417,-0.30941961344323243,-0.21148289460047195,-0.19747776897689118,-0.12453335199733209,-0.0901864184291821,-0.01335580080964967,0.014350206089052919,0.10109942635312172,0.1541130825381356,0.10509377478730497,0.22662531293324972,0.2243700050515231,0.31499405029307526,0.2555150454395943,0.30721838766132303,0.3265226005765876,0.2759788651465729,0.25338224892613914,0.3142101561856111,0.09557244498067866,0.15788511961925153,0.14536130796710434,0.14628203132631484,0.13613321153935817,0.047894600350225414,-0.012057849484543085,-0.002752320238919234,-0.1287485249831357,-0.15950881457743446,-0.29758417211752375,-0.25629396301072427,-0.31925803419352605,-0.29357993384949427,-0.28007864195313464,-0.2939454859989599,-0.3013556351809733,-0.2860690867063435,-0.29317156665781513,-0.232611507478036,-0.13074226632808444,-0.1582383011053622,-0.11886419509768976,0.00906499865007905,0.08831101910854311,0.1370608689459639,0.05456954115819066,0.11194031250472534,0.10255191115315636,0.24692182029195023,0.1525142648400381,0.23933192200223258,0.2972311509830049,0.31519551244884125,0.2802774134435849,0.33065643185430815,0.24020157912849457,0.2399125872098848,0.20779265977152053,0.20547604685801732,0.09164217317015425,0.15358342707034978,0.13187426238863326,0.020110100888534453,-0.07714070494963568,-0.10984268368659203,-0.1333469089776652,-0.1388597208541519,-0.1208622663475109,-0.20023229232961068,-0.3287090147766958,-0.2327867740261213,-0.28839235181702616,-0.12159923947077897,-0.3515542152343313,-0.2557703704495679,-0.24722190262436347,-0.2158664498041343,-0.23265731128192596"
76,9.81,2.2891179937391044,"0.0,0.1,0.2,0.30000000000000004,0.4,0.5,0.6000000000000001,0.7000000000000001,0.8,0.9,1.0,1.1,1.2000000000000002,1.3,1.4000000000000001,1.5,1.6,1.7000000000000002,1.8,1.9000000000000001,2.0,2.1,2.2,2.3000000000000003,2.4000000000000004,2.5,2.6,2.7,2.8000000000000003,2.9000000000000004,3.0,3.1,3.2,3.3000000000000003,3.4000000000000004,3.5,3.6,3.7,3.8000000000000003,3.9000000000000004,4.0,4.1000000000000005,4.2,4.3,4.4,4.5,4.6000000000000005,4.7,4.800000000000001,4.9,5.0,5.1000000000000005,5.2,5.300000000000001,5.4,5.5,5.6000000000000005,5.7,5.800000000000001,5.9,6.0,6.1000000000000005,6.2,6.300000000000001,6.4,6.5,6.6000000000000005,6.7,6.800000000000001,6.9,7.0,7.1000000000000005,7.2,7.300000000000001,7.4,7.5,7.6000000000000005,7.7,7.800000000000001,7.9,8.0,8.1,8.200000000000001,8.3,8.4,8.5,8.6,8.700000000000001,8.8,8.9,9.0,9.1,9.200000000000001,9.3,9.4,9.5,9.600000000000001,9.700000000000001,9.8,9.9,10.0","0.29502975615965343,0.2881136806588448,0.26132769246070786,0.23014606680844907,0.21464378404535614,0.21109706739757328,0.09989240943045048,0.01465991826041066,-0.06883052394033536,-0.01808135366967281,-0.17482809206153918,-0.20743421559825506,-0.20071764744406634,-0.19622282039257996,-0.3333566498989329,-0.3283392118336281,-0.322989920331542,-0.28834388529453325,-0.21214590148566956,-0.20829895036585597,-0.2506722260920263,-0.11830638015503693,-0.04015435620353923,0.060976714028353717,0.15000860611087274,0.14393101833326608,0.2405662584766187,0.23650268863612525,0.26729691688457125,0.2409499375796404,0.2881978538407865,0.2963200223772736,0.18664583768968288,0.28330266911174284,0.19824357899716422,0.19911526719645187,0.05839486361030187,-0.0012484765994247582,0.053778358781393004,-0.043646717719025147,-0.09011775922100444,-0.24369637593009688,-0.18133227731873697,-0.2277931837653335,-0.36918012602982314,-0.34738149775318156,-0.21048119050201977,-0.24999915021410726,-0.25244686566806906,-0.23539731642009173,-0.14741756298694073,-0.2541448509443085,-0.023590166370474834,-0.07175008528255225,0.06026779841383989,0.12052132239649518,0.16393559440799957,0.11574957483466422,0.2726403128188534,0.2973154640502427,0.24700184794826147,0.27896142328804013,0.3227111461923818,0.2927763599307329,0.292362602627688,0.1885833431805813,0.1425733219178559,0.08652497468059947,0.11591895861159027,0.03747626681198678,-0.03307783765045552,-0.13391717983801416,-0.2811410535918085,-0.23975376702441054,-0.22974936887126385,-0.20557506644821036,-0.2971383285542306,-0.2872167041608602,-0.27868607599644335,-0.26853109613620296,-0.28477997587680953,-0.15302525222395327,-0.12653921685825203,0.004472074395032069,0.03010561936561422,0.13386428422473212,0.11041609710751846,0.04208249280400975,0.1832911757712668,0.30335197534715375,0.20794475315960825,0.3488193363328996,0.32224117991798096,0.25011665672796546,0.25907737085890936,0.29587356498454354,0.158422215492545,0.13618685625320065,0.032289089402612846,-0.0018773902538583706,-0.04564798083808446"
77,9.81,0.9989224455959419,"0.0,0.1,0.2,0.30000000000000004,0.4,0.5,0.6000000000000001,0.7000000000000001,0.8,0.9,1.0,1.1,1.2000000000000002,1.3,1.4000000000000001,1.5,1.6,1.7000000000000002,1.8,1.9000000000000001,2.0,2.1,2.2,2.3000000000000003,2.4000000000000004,2.5,2.6,2.7,2.8000000000000003,2.9000000000000004,3.0,3.1,3.2,3.3000000000000003,3.4000000000000004,3.5,3.6,3.7,3.8000000000000003,3.9000000000000004,4.0,4.1000000000000005,4.2,4.3,4.4,4.5,4.6000000000000005,4.7,4.800000000000001,4.9,5.0,5.1000000000000005,5.2,5.300000000000001,5.4,5.5,5.6000000000000005,5.7,5.800000000000001,5.9,6.0,6.1000000000000005,6.2,6.300000000000001,6.4,6.5,6.6000000000000005,6.7,6.800000000000001,6.9,7.0,7.1000000000000005,7.2,7.300000000000001,7.4,7.5,7.6000000000000005,7.7,7.800000000000001,7.9,8.0,8.1,8.200000000000001,8.3,8.4,8.5,8.6,8.700000000000001,8.8,8.9,9.0,9.1,9.200000000000001,9.3,9.4,9.5,9.600000000000001,9.700000000000001,9.8,9.9,10.0","0.31287302919162185,0.3233937819551918,0.27229876875567177,0.09593543400183999,0.08239486907062946,0.008814152497078278,-0.1662125532178449,-0.1867150077001347,-0.21904718588318256,-0.33177475521760047,-0.4123233085081269,-0.35035662396270084,-0.25980083912469615,-0.1875436726674244,-0.08348513708067057,-0.065795248090651,0.11159280377931396,0.20320802009016975,0.3599678071741721,0.3413419253476079,0.3138440337654786,0.27314687736453197,0.2144324246982481,0.20563697444806037,0.05237012551936305,0.013612374593941223,-0.10587561651852231,-0.24079336952714678,-0.30047476689407693,-0.2867597341272076,-0.3294832471482419,-0.3233777809847698,-0.3320972631833541,-0.25533576985598094,-0.13097948711206792,-0.028479920827502427,0.18595867349227696,0.12788765101630517,0.19231735526349594,0.33294953934462246,0.2756717125820552,0.27569611489596463,0.31495190470961476,0.20763237826137532,0.06231206860553474,-0.03889900872833471,-0.044160235309563464,-0.16756501463858764,-0.20083257688413209,-0.3076949352749027,-0.2959671789761847,-0.2889055849131522,-0.24793045886061313,-0.2749840323011167,-0.25012178325474965,-0.01586785641656681,0.07238251200525664,0.12178499286247008,0.23885173650168573,0.26314481451463,0.35084914514595106,0.29422797378055304,0.46592388599923396,0.2750626630067874,0.13453178560916476,-0.15650678120053488,-0.1910483836448974,-0.25145233879100704,-0.1752718872987122,-0.24829135582856365,-0.3005658754272313,-0.3233687438259787,-0.2751368156991208,-0.1692436937072538,-0.12698620551499715,0.11639456544216259,0.07324994507091483,0.16151967873449194,0.029963111532537223,0.24219938054101756,0.2484793765342594,0.2403801654119268,0.1328291323521012,0.27967401288128924,0.27698360514722115,0.1384541531247251,-0.09145067267742721,-0.17255216052485467,-0.3171458332683884,-0.23888759625412165,-0.278034815020178,-0.4027992804428538,-0.22684672448272794,-0.2180248995926499,-0.20097328956100666,-0.027382652327099827,0.03174322519324496,0.14751343952200172,0.18385713613201188,0.28152266346479704,0.2546573269691569"
78,9.81,0.7572021921350203,"0.0,0.1,0.2,0.30000000000000004,0.4,0.5,0.6000000000000001,0.7000000000000001,0.8,0.9,1.0,1.1,1.2000000000000002,1.3,1.4000000000000001,1.5,1.6,1.7000000000000002,1.8,1.9000000000000001,2.0,2.1,2.2,2.3000000000000003,2.4000000000000004,2.5,2.6,2.7,2.8000000000000003,2.9000000000000004,3.0,3.1,3.2,3.3000000000000003,3.4000000000000004,3.5,3.6,3.7,3.8000000000000003,3.9000000000000004,4.0,4.1000000000000005,4.2,4.3,4.4,4.5,4.6000000000000005,4.7,4.800000000000001,4.9,5.0,5.1000000000000005,5.2,5.300000000000001,5.4,5.5,5.6000000000000005,5.7,5.800000000000001,5.9,6.0,6.1000000000000005,6.2,6.300000000000001,6.4,6.5,6.6000000000000005,6.7,6.800000000000001,6.9,7.0,7.1000000000000005,7.2,7.300000000000001,7.4,7.5,7.6000000000000005,7.7,7.800000000000001,7.9,8.0,8.1,8.200000000000001,8.3,8.4,8.5,8.6,8.700000000000001,8.8,8.9,9.0,9.1,9.200000000000001,9.3,9.4,9.5,9.600000000000001,9.700000000000001,9.8,9.9,10.0","0.6256729755632795,0.252846932526738,0.31330947292357925,0.15337148415242363,0.029446114876843787,-0.029928490398595978,-0.14219735675996875,-0.2667674751416082,-0.24714335586616049,-0.23649554745764595,-0.2528537208636412,-0.17440131450771645,-0.07935283442397437,0.08569524096185456,0.011841526311125755,0.1324665963617392,0.1254025013531691,0.22183417120076204,0.30175672854099744,0.09126414717626963,0.14258911592631565,0.09187903496580534,0.03535394814100236,-0.15764623337475278,-0.2162370399447867,-0.34623530045618156,-0.36355989423022944,-0.20449753168888105,-0.23602971184602173,-0.16302288469031478,-0.055277539076843546,-0.025915156496931872,0.07656860719394532,0.3486364908989105,0.23647912995435633,0.16863377920776915,0.25934861083724176,0.23197074922889033,0.18036457930396402,0.04186012991728459,-0.11121592919238565,-0.21950292162335228,-0.11925045394645953,-0.26315523699847787,-0.2154337017264143,-0.2722328714523375,-0.16631731683443976,-0.07272240713788734,0.015330184089231012,0.15559024392387158,0.2197869856576797,0.2597477498144826,0.36417444811086547,0.349934906441343,0.23602230748994477,0.2641792693337781,0.11660981122703325,0.06167422079518383,-0.17298824441236552,-0.25899155035127314,-0.17530201543674287,-0.22273239477972168,-0.2472017829033154,0.07750075351024174,-0.11735094338176907,-0.006269243599942492,0.05026807977046066,0.15190261830388785,0.41545702260714656,0.31573297670560363,0.2492135103414163,0.18706032351145757,0.17209436490717875,0.19591836823127584,0.009156557091857281,-0.11999398234046707,-0.21221649566815406,-0.2497537123503021,-0.31079499818432194,-0.2939175472252134,-0.32741539150337995,-0.20575024709633716,-0.01956850993962017,0.10485398284567203,-0.002343732773564186,0.24308105375328287,0.27287524362094323,0.2998502198722842,0.32458691549388236,0.12697153905866818,0.20891094837792867,0.16881101349767552,0.04288271902937844,-0.11326139450415755,-0.2571681423181151,-0.2860332432401034,-0.419076886860744,-0.29696127321500626,-0.15533749757846377,0.1317023087215085,-0.017540515258200773"
79,9.81,1.5462533153342712,"0.0,0.1,0.2,0.30000000000000004,0.4,0.5,0.6000000000000001,0.7000000000000001,0.8,0.9,1.0,1.1,1.2000000000000002,1.3,1.4000000000000001,1.5,1.6,1.7000000000000002,1.8,1.9000000000000001,2.0,2.1,2.2,2.3000000000000003,2.4000000000000004,2.5,2.6,2.7,2.8000000000000003,2.9000000000000004,3.0,3.1,3.2,3.3000000000000003,3.4000000000000004,3.5,3.6,3.7,3.8000000000000003,3.9000000000000004,4.0,4.1000000000000005,4.2,4.3,4.4,4.5,4.6000000000000005,4.7,4.800000000000001,4.9,5.0,5.1000000000000005,5.2,5.300000000000001,5.4,5.5,5.6000000000000005,5.7,5.800000000000001,5.9,6.0,6.1000000000000005,6.2,6.300000000000001,6.4,6.5,6.6000000000000005,6.7,6.800000000000001,6.9,7.0,7.1000000000000005,7.2,7.300000000000001,7.4,7.5,7.6000000000000005,7.7,7.800000000000001,7.9,8.0,8.1,8.200000000000001,8.3,8.4,8.5,8.6,8.700000000000001,8.8,8.9,9.0,9.1,9.200000000000001,9.3,9.4,9.5,9.600000000000001,9.700000000000001,9.8,9.9,10.0","0.28149988279530236,0.27857714707434916,0.2657800933144503,0.21599552729333432,0.14401927521700877,0.19941548632906933,-0.030810372835749708,-0.13915954831192756,-0.15138538005024102,-0.17438425456888984,-0.22211232212304066,-0.2810287602737106,-0.2517082950238452,-0.32348328083649425,-0.2708052193075516,-0.14413644773618287,-0.3138909233028989,-0.23968574813913135,0.0003227009196030556,0.06250819033959124,0.11044944484968815,0.2042890245797927,0.1930636277335175,0.2746524310490429,0.3180720967515747,0.25321703019235764,0.33945027151525664,0.3099174876368146,0.12322617243742523,0.1610567221338872,0.14380510384600034,-0.2181243277823679,-0.21116519040023163,-0.19914383194994112,-0.15283955695990253,-0.22691892628559515,-0.30162680184975327,-0.323629248148191,-0.21587831565310306,-0.247599151471516,-0.3243007499681041,-0.26887724222309495,-0.14680896952661315,-0.18584708568335415,-0.03799718612232249,0.09946228304371514,0.17841846753562518,0.18076659661551533,0.3253239670207425,0.35248444081603436,0.3150287769455824,0.37827553892166843,0.19768029887008215,0.18362124541868668,0.1654475594500145,0.13563788025692136,-0.06129412764656002,-0.03245807952825171,-0.1293189814500953,-0.18100864388632953,-0.3597270048212131,-0.2842874045022088,-0.31797657935996454,-0.2712574695965964,-0.23617566104056453,-0.2850319532104942,-0.2597359809603942,-0.09839111871066614,-0.04133131233734988,0.08720176938758217,0.08299992709715402,0.2115632259109727,0.25023719401191924,0.2881485019378917,0.24159114845662832,0.32555113520169376,0.2687808065756125,0.20866227838801693,0.18746318469899947,0.18214386565710552,0.12381241498044494,0.06996802438897863,-0.03131842771484593,-0.124657551924472,-0.11987701669062839,-0.2216625456855857,-0.2929934669555314,-0.30604047227925957,-0.2894033154322481,-0.31493833897343104,-0.24915087169545658,-0.14502004642477356,-0.04472724628193739,-0.20631550528340148,-0.007408951691680682,0.12141778511098869,0.17532663261374815,0.3014164728986787,0.2633808605779589,0.3561678694209972,0.2965610885770555"
80,9.81,3.1219461422747115,"0.0,0.1,0.2,0.30000000000000004,0.4,0.5,0.6000000000000001,0.7000000000000001,0.8,0.9,1.0,1.1,1.2000000000000002,1.3,1.4000000000000001,1.5,1.6,1.7000000000000002,1.8,1.9000000000000001,2.0,2.1,2.2,2.3000000000000003,2.4000000000000004,2.5,2.6,2.7,2.8000000000000003,2.9000000000000004,3.0,3.1,3.2,3.3000000000000003,3.4000000000000004,3.5,3.6,3.7,3.8000000000000003,3.9000000000000004,4.0,4.1000000000000005,4.2,4.3,4.4,4.5,4.6000000000000005,4.7,4.800000000000001,4.9,5.0,5.1000000000000005,5.2,5.300000000000001,5.4,5.5,5.6000000000000005,5.7,5.800000000000001,5.9,6.0,6.1000000000000005,6.2,6.300000000000001,6.4,6.5,6.6000000000000005,6.7,6.800000000000001,6.9,7.0,7.1000000000000005,7.2,7.300000000000001,7.4,7.5,7.6000000000000005,7.7,7.800000000000001,7.9,8.0,8.1,8.200000000000001,8.3,8.4,8.5,8.6,8.700000000000001,8.8,8.9,9.0,9.1,9.200000000000001,9.3,9.4,9.5,9.600000000000001,9.700000000000001,9.8,9.9,10.0","0.3032169107510281,0.23638798663335764,0.2682762428666254,0.12366227486611917,0.2727451077013376,0.19110070541823715,0.10290262409608689,0.03370016014850506,0.08298046764445016,-0.10429463850757811,-0.12045944880178228,-0.10458581962399081,-0.16585100734719263,-0.1779421719848054,-0.10983703666804842,-0.26693039372504956,-0.23678744024144113,-0.2916735629271367,-0.3208829390793663,-0.290538996694969,-0.18340840672972616,-0.2127992915396351,-0.12176350740322556,-0.18810765682597158,-0.02068745614791523,-0.19244938801544353,-0.07375146441536055,-0.021539755881928583,0.08300636146884846,0.09797220852771743,0.2040112702888206,0.20496721231920279,0.23794626227659768,0.2811713970255255,0.25990903974995183,0.30996006931105297,0.26824994105067207,0.30799148071939086,0.3729814606633183,0.324059238447327,0.18265014232648724,0.13158895487610994,0.14360473242348004,0.13560560642285094,-0.011882541516011542,0.015969755294903378,-0.16343581329110352,-0.17585612748714058,-0.15103805348494395,-0.26377686327725797,-0.2358201257331978,-0.24432662969032798,-0.3370579979463427,-0.2718949265183167,-0.27960593111862875,-0.30095078280106935,-0.2248390506862773,-0.18664926948905045,-0.16062017896091704,-0.1609453565853186,-0.1397768295456957,-0.08977282220336352,0.05478484334378725,0.2112611812790702,0.07871281378483547,0.16723031845971836,0.19263641674921972,0.2667049548128476,0.32710569622535374,0.3881223172160871,0.29838748990669334,0.24288541687785195,0.22095752240990224,0.38284419341855014,0.43447768586479,0.26450360882231305,0.2606362086146693,0.1125324067994875,0.06142043916753258,0.0616855964427217,0.03285006642781943,-0.023223080814849546,-0.03952446999207257,-0.03529593862870396,-0.2005698459599838,-0.24029450990046497,-0.17170478859007854,-0.17928217830809007,-0.33398368547053714,-0.3238046115565267,-0.3347739690353858,-0.2836292393447849,-0.24414864448006612,-0.26709822465463123,-0.18528028282854714,-0.14530219472305625,0.015703755028406943,-0.054752984022177625,0.043458671704319336,0.05007648998469179,0.017294767714387357"
81,9.81,4.487129823632635,"0.0,0.1,0.2,0.30000000000000004,0.4,0.5,0.6000000000000001,0.7000000000000001,0.8,0.9,1.0,1.1,1.2000000000000002,1.3,1.4000000000000001,1.5,1.6,1.7000000000000002,1.8,1.9000000000000001,2.0,2.1,2.2,2.3000000000000003,2.4000000000000004,2.5,2.6,2.7,2.8000000000000003,2.9000000000000004,3.0,3.1,3.2,3.3000000000000003,3.4000000000000004,3.5,3.6,3.7,3.8000000000000003,3.9000000000000004,4.0,4.1000000000000005,4.2,4.3,4.4,4.5,4.6000000000000005,4.7,4.800000000000001,4.9,5.0,5.1000000000000005,5.2,5.300000000000001,5.4,5.5,5.6000000000000005,5.7,5.800000000000001,5.9,6.0,6.1000000000000005,6.2,6.300000000000001,6.4,6.5,6.6000000000000005,6.7,6.800000000000001,6.9,7.0,7.1000000000000005,7.2,7.300000000000001,7.4,7.5,7.6000000000000005,7.7,7.800000000000001,7.9,8.0,8.1,8.200000000000001,8.3,8.4,8.5,8.6,8.700000000000001,8.8,8.9,9.0,9.1,9.200000000000001,9.3,9.4,9.5,9.600000000000001,9.700000000000001,9.8,9.9,10.0","0.34921136161436817,0.3396481931962415,0.17088781729880148,0.2098588785222289,0.2149459749226657,0.28333081140180066,0.20408511504409285,0.1340382300528284,0.19900758932713436,0.18323115406992024,-0.0028655954480532354,-0.058896723023876406,-0.13849022754963836,-0.14783996291217633,-0.009774467878988752,-0.17430559583072597,-0.1395735118819239,-0.21521498409967302,-0.2536507445971792,-0.2873745126061062,-0.24038727283002848,-0.34531775823691074,-0.31245046967398976,-0.4146276242385661,-0.23690860684847379,-0.2416711609089878,-0.17213264112661705,-0.17894810482945778,-0.14589256921843902,-0.017611017224239883,-0.03000856093273741,-0.10227417245186303,-0.04726004026202151,-0.05668572485295062,0.046924823045756354,0.13736145238401182,0.1293724722290715,0.18194466446945673,0.3354243390582548,0.2359032472633545,0.33962415635470966,0.26731317439219265,0.34001092607774075,0.33525747063319217,0.3094097385250112,0.2823027117292547,0.24213135747136788,0.17095522453994544,0.21507602018417918,0.18247572653055508,0.053251595449948785,0.1328635612683017,0.12658685552625684,-0.01619015036010674,-0.06515052114802328,-0.017314766714595378,-0.20818172414218294,-0.14607057962112258,-0.30543820491042245,-0.1986896878301329,-0.21354246792784673,-0.2693381542160049,-0.3229735746341309,-0.2805996332903535,-0.2340765933455683,-0.2959237374150429,-0.1544839011132466,-0.28494260605607585,-0.30703583042739535,-0.14394841012009674,-0.19049999833287407,-0.1254699860566743,0.04195864445897729,-0.09792899512754952,-0.04931643422640569,0.002369081766850049,0.06472693456207831,0.04473559302611923,0.14989061042290244,0.1684780177478084,0.22315327665392093,0.31579796714823205,0.3155703490746933,0.2564294678816962,0.3395195326016705,0.3297595839899581,0.40881208237701255,0.27444740182191235,0.27200474840575983,0.2547332161980438,0.27328804352363056,0.2096145911268565,0.1554193042950041,0.19350032973637205,0.08159850624241442,0.06748024757597565,0.021144022243238997,-0.026914015877927962,-0.14039041383104908,-0.14728894293545505,-0.1368151307979658"
82,9.81,3.451909178447057,"0.0,0.1,0.2,0.30000000000000004,0.4,0.5,0.6000000000000001,0.7000000000000001,0.8,0.9,1.0,1.1,1.2000000000000002,1.3,1.4000000000000001,1.5,1.6,1.7000000000000002,1.8,1.9000000000000001,2.0,2.1,2.2,2.3000000000000003,2.4000000000000004,2.5,2.6,2.7,2.8000000000000003,2.9000000000000004,3.0,3.1,3.2,3.3000000000000003,3.4000000000000004,3.5,3.6,3.7,3.8000000000000003,3.9000000000000004,4.0,4.1000000000000005,4.2,4.3,4.4,4.5,4.6000000000000005,4.7,4.800000000000001,4.9,5.0,5.1000000000000005,5.2,5.300000000000001,5.4,5.5,5.6000000000000005,5.7,5.800000000000001,5.9,6.0,6.1000000000000005,6.2,6.300000000000001,6.4,6.5,6.6000000000000005,6.7,6.800000000000001,6.9,7.0,7.1000000000000005,7.2,7.300000000000001,7.4,7.5,7.6000000000000005,7.7,7.800000000000001,7.9,8.0,8.1,8.200000000000001,8.3,8.4,8.5,8.6,8.700000000000001,8.8,8.9,9.0,9.1,9.200000000000001,9.3,9.4,9.5,9.600000000000001,9.700000000000001,9.8,9.9,10.0","0.2792881514666418,0.35423553900086185,0.22035889538945602,0.3115608930907349,0.26497323487822527,0.13451515941682407,0.16414937148030567,0.1219171923383922,0.17217981415334596,0.14066918457683683,0.172434143710321,-0.14919192047056215,-0.09906629840757922,-0.09570262392079286,-0.1419855207936203,-0.33466021796216483,-0.23403300122775056,-0.31955565671097,-0.28841148734380334,-0.23092812353515757,-0.33765014612581745,-0.38937146161980873,-0.1551851216079835,-0.24748811169305426,-0.23132887561446427,-0.15613878904289533,-0.0863614754055527,-0.11758259855939282,0.19356603572465408,0.023758949800458007,0.1534494141105442,0.11016434122727664,0.1500867889229565,0.19614066982691644,0.2751740150450122,0.33197049037662524,0.31375721970319503,0.32523041138075026,0.33567934898028295,0.28471521927381394,0.30567839448829254,0.27609437190101926,0.25419398068468246,0.17522430472506156,0.13786353714078958,0.12397419678887668,0.03582902003725337,-0.1468906015439321,-0.08838925679022414,-0.145574409542517,-0.12497936920862684,-0.1899419964858562,-0.19580747684946442,-0.4212635618587903,-0.24967262192984097,-0.22382785134387073,-0.3266794830385395,-0.44390176675454945,-0.34955228630525537,-0.3198384912680446,-0.24631597250396145,-0.10617436214438619,-0.2935026176018162,-0.15106518974606867,-0.0359673052394762,-0.04276280856931984,0.005956531459222775,0.03975322529509574,0.15053809665981313,0.19546301890928403,0.25498501953005914,0.16867657000890812,0.2677794880834214,0.3383716047938219,0.17220574037637482,0.27501355404212124,0.34536498645950303,0.2669830100328116,0.24535322384897382,0.22205293784144967,0.15901487800458944,0.23736109007524225,0.19538654432708835,0.10580642474615216,0.03468911114068271,-0.0471645946544815,-0.08561313890429127,-0.12155691748427702,-0.1460120986616548,-0.18676754163189793,-0.21579655210814175,-0.28159667276471556,-0.31914919851232476,-0.2880559249703489,-0.2713274622414989,-0.21467358553276694,-0.2749523721705604,-0.17938726575585573,-0.27735672315498483,-0.16000866723908783,-0.1832252302916264"
83,9.81,2.9180927407107022,"0.0,0.1,0.2,0.30000000000000004,0.4,0.5,0.6000000000000001,0.7000000000000001,0.8,0.9,1.0,1.1,1.2000000000000002,1.3,1.4000000000000001,1.5,1.6,1.7000000000000002,1.8,1.9000000000000001,2.0,2.1,2.2,2.3000000000000003,2.4000000000000004,2.5,2.6,2.7,2.8000000000000003,2.9000000000000004,3.0,3.1,3.2,3.3000000000000003,3.4000000000000004,3.5,3.6,3.7,3.8000000000000003,3.9000000000000004,4.0,4.1000000000000005,4.2,4.3,4.4,4.5,4.6000000000000005,4.7,4.800000000000001,4.9,5.0,5.1000000000000005,5.2,5.300000000000001,5.4,5.5,5.6000000000000005,5.7,5.800000000000001,5.9,6.0,6.1000000000000005,6.2,6.300000000000001,6.4,6.5,6.6000000000000005,6.7,6.800000000000001,6.9,7.0,7.1000000000000005,7.2,7.300000000000001,7.4,7.5,7.6000000000000005,7.7,7.800000000000001,7.9,8.0,8.1,8.200000000000001,8.3,8.4,8.5,8.6,8.700000000000001,8.8,8.9,9.0,9.1,9.200000000000001,9.3,9.4,9.5,9.600000000000001,9.700000000000001,9.8,9.9,10.0","0.2760269328700181,0.2122455405883544,0.21632233894662076,0.26266873983728967,0.26929464135322223,0.1450696450670222,0.08620740521666662,-0.09985453696161703,0.08046579626059949,0.00039444957126165414,-0.10602553744612969,-0.128012075908948,-0.1580240290046212,-0.23348667772780626,-0.20789659442449704,-0.38003907674322823,-0.33171907663440703,-0.36275470660577597,-0.21351500578095028,-0.3141731831310466,-0.254540771548017,-0.20135455806791402,-0.18809048538391812,-0.19003043224473326,-0.055775672651433836,-0.13726395331178654,-0.017551195999496408,0.0479079422920569,0.10480870152105114,0.23187441254861102,0.22958936294318974,0.21469230687646856,0.3722512919709925,0.23907029983282238,0.4692031412573374,0.282830485223592,0.37881346402586136,0.2400945415608203,0.12545659463795622,0.04370555698115,0.2238373377850292,0.09456217964769989,0.11876642429434782,0.056411562008747,-0.08483819233215757,-0.23928310724451918,-0.0960752257406847,-0.21047327622607093,-0.34276736190281176,-0.3155975827445566,-0.32082231913324527,-0.2586618120050655,-0.22740596774673427,-0.2969860233582197,-0.2468796126691703,-0.2824178747245976,-0.2759334229315423,-0.1917347619490975,-0.12331791793881375,-0.07350444867183772,-0.0391233280420066,0.06972364280644938,0.08695687695964678,0.20294253200350917,0.2275458782997641,0.17702220307057,0.25851626844665127,0.2733787821003158,0.27902179934073573,0.3493214160403896,0.26700455296265596,0.2604058054464702,0.2998569163681366,0.25409850356701663,0.12475242526782693,0.1496635608083553,0.14109745081616332,-0.03392520007479286,0.0043596335236024825,-0.12175045434608843,-0.150502742785903,-0.11895361568506674,-0.23891702584004637,-0.21232411175924404,-0.24347540382531305,-0.22155886034435146,-0.2935850486078325,-0.22390097265668857,-0.28291554474755554,-0.30640227288522986,-0.21844945478473762,-0.152821153582538,-0.0734746379122589,0.04617670946768068,0.020175932032089637,-0.0122837504211862,0.0566565861180836,0.1740037264924605,0.22960516359358235,0.22012130732244106,0.21284454483214937"
84,9.81,1.4077919296773338,"0.0,0.1,0.2,0.30000000000000004,0.4,0.5,0.6000000000000001,0.7000000000000001,0.8,0.9,1.0,1.1,1.2000000000000002,1.3,1.4000000000000001,1.5,1.6,1.7000000000000002,1.8,1.9000000000000001,2.0,2.1,2.2,2.3000000000000003,2.4000000000000004,2.5,2.6,2.7,2.8000000000000003,2.9000000000000004,3.0,3.1,3.2,3.3000000000000003,3.4000000000000004,3.5,3.6,3.7,3.8000000000000003,3.9000000000000004,4.0,4.1000000000000005,4.2,4.3,4.4,4.5,4.6000000000000005,4.7,4.800000000000001,4.9,5.0,5.1000000000000005,5.2,5.300000000000001,5.4,5.5,5.6000000000000005,5.7,5.800000000000001,5.9,6.0,6.1000000000000005,6.2,6.300000000000001,6.4,6.5,6.6000000000000005,6.7,6.800000000000001,6.9,7.0,7.1000000000000005,7.2,7.300000000000001,7.4,7.5,7.6000000000000005,7.7,7.800000000000001,7.9,8.0,8.1,8.200000000000001,8.3,8.4,8.5,8.6,8.700000000000001,8.8,8.9,9.0,9.1,9.200000000000001,9.3,9.4,9.5,9.600000000000001,9.700000000000001,9.8,9.9,10.0","0.3103158713175121,0.29531816770560354,0.24065875725610059,0.26484069925659404,0.11577586699010121,0.018337538814149568,-0.07005318126531997,-0.13482792154986173,0.038898034690362654,-0.20550784582511225,-0.2053474333701933,-0.20528947796583713,-0.22273253208528127,-0.32626403772296714,-0.26425656487835003,-0.2417761014629594,-0.15099597356007788,-0.03687747425359852,0.08088773876776485,0.08680752459956216,0.22466261895509104,0.17711479091933308,0.2598247913539521,0.27254295722651456,0.40456450534758226,0.3051625803823675,0.33217476531442713,0.1791386559813406,0.18208221825642246,0.03828875664173472,0.07662929459771958,-0.24569505011544138,-0.1565232750589583,-0.22029020949818612,-0.30443247491615144,-0.26302155488443046,-0.2581887644493113,-0.3028428084828768,-0.29574947833513476,-0.3078526947807842,-0.20491816371882432,-0.22279260589259406,-0.059500748128565144,0.10619157727457228,0.18120846045776545,0.25375127965874317,0.2288701980020878,0.24912523464372063,0.3867380223414138,0.15816517858115825,0.30691260727518316,0.17825255337328041,0.17147317999293782,0.033311861528804484,0.054251047662338236,-0.08542490892858551,-0.1529278306579946,-0.1903175784029552,-0.26956725722476343,-0.22972047819532698,-0.3146795219805921,-0.3022728042958316,-0.2523980759541818,-0.10712384027021865,-0.09993584735285978,-0.029387011113277527,0.1065353380197353,0.09541401793688163,0.2831438801223779,0.199911894624098,0.3148432002385943,0.37512831120117507,0.38772839771200485,0.27827091444959573,0.2318154024206777,0.20146202638114094,0.1395912124038979,0.045615559145930136,-0.10573297957712707,-0.16206795587012035,-0.05353349124638482,-0.1473752641607398,-0.1616440377580623,-0.26328769751145287,-0.30942213587269163,-0.26247522818046826,-0.2579733586335048,-0.26445001521542455,-0.12455064642727809,-0.06235555775759337,-0.010333508521962263,0.09648602947082043,0.19091246681437618,0.25847802820606,0.35150851331811944,0.3012369811872253,0.30106956106476773,0.3657504542899354,0.2257131608851904,0.22642597471115009,0.12229349867791674"
85,9.81,4.922662355299719,"0.0,0.1,0.2,0.30000000000000004,0.4,0.5,0.6000000000000001,0.7000000000000001,0.8,0.9,1.0,1.1,1.2000000000000002,1.3,1.4000000000000001,1.5,1.6,1.7000000000000002,1.8,1.9000000000000001,2.0,2.1,2.2,2.3000000000000003,2.4000000000000004,2.5,2.6,2.7,2.8000000000000003,2.9000000000000004,3.0,3.1,3.2,3.3000000000000003,3.4000000000000004,3.5,3.6,3.7,3.8000000000000003,3.9000000000000004,4.0,4.1000000000000005,4.2,4.3,4.4,4.5,4.6000000000000005,4.7,4.800000000000001,4.9,5.0,5.1000000000000005,5.2,5.300000000000001,5.4,5.5,5.6000000000000005,5.7,5.800000000000001,5.9,6.0,6.1000000000000005,6.2,6.300000000000001,6.4,6.5,6.6000000000000005,6.7,6.800000000000001,6.9,7.0,7.1000000000000005,7.2,7.300000000000001,7.4,7.5,7.6000000000000005,7.7,7.800000000000001,7.9,8.0,8.1,8.200000000000001,8.3,8.4,8.5,8.6,8.700000000000001,8.8,8.9,9.0,9.1,9.200000000000001,9.3,9.4,9.5,9.600000000000001,9.700000000000001,9.8,9.9,10.0","0.19071084742408653,0.2934508139930963,0.25525680846471605,0.20234800681049686,0.21019991669905758,0.2056643722230598,0.30319449052642083,0.20758686050019137,0.06819309692871983,0.08153847379788734,0.007386421281487872,-0.11083886256243913,-0.10233645437956349,-0.010339681776704732,-0.19833090798896963,-0.20985881295843836,-0.12898990299026436,-0.24497689540272596,-0.32774026960718816,-0.32143949354748297,-0.5076134320441521,-0.38837698053025094,-0.24972493903863907,-0.22923083950206996,-0.12783162957586247,-0.2649327923043807,-0.20318914187810228,-0.2908282863336871,-0.18371112211603424,-0.1830196600164573,-0.20529329111277259,-0.1190821892577298,-0.12670545703234404,-0.07957661454900548,-0.042020783763513855,0.04691721565321594,0.09648140650633859,0.13485532992436539,0.12598806310188898,0.20497894963757096,0.23886489083335835,0.27846102557139635,0.2954143122345925,0.3345922805038564,0.3346746129329058,0.30194249477893165,0.3016151933988066,0.2501399055396125,0.31437589868712745,0.29118833541901434,0.20798345915474312,0.23120857456982433,0.1729602376968583,0.07201860547635697,0.07399753475553844,0.04545599185335434,-0.0446546634252319,-0.06890525359163807,-0.16355968496800916,-0.13174731032476858,-0.2289847773685301,-0.23824081229295327,-0.1969858270299503,-0.15247321799453778,-0.19175899799283116,-0.2905682036705604,-0.26557543558057595,-0.36913603540588197,-0.32854988592852247,-0.2582553236601381,-0.30481263783948875,-0.3333825206969188,-0.22267529451934037,-0.2640476610616932,-0.292666799375061,-0.10847417156174656,-0.07880427000929766,-0.06121379642180191,-0.057408834790439615,-0.034215338334570765,0.1311877315464084,0.16771669976995818,0.3071257263932052,0.0902383574504203,0.1816039993294879,0.3227476391394215,0.277278817759239,0.29530895117863387,0.3019249966970458,0.37650996221704003,0.2570698637246087,0.3011875893556359,0.21968738199846408,0.17275650776698012,0.21467935877355246,0.2095379657816037,0.2006402395178739,0.21465380360979255,-0.060395974357932966,0.08729574127811246,0.003602166769814324"
86,9.81,2.4972612965321908,"0.0,0.1,0.2,0.30000000000000004,0.4,0.5,0.6000000000000001,0.7000000000000001,0.8,0.9,1.0,1.1,1.2000000000000002,1.3,1.4000000000000001,1.5,1.6,1.7000000000000002,1.8,1.9000000000000001,2.0,2.1,2.2,2.3000000000000003,2.4000000000000004,2.5,2.6,2.7,2.8000000000000003,2.9000000000000004,3.0,3.1,3.2,3.3000000000000003,3.4000000000000004,3.5,3.6,3.7,3.8000000000000003,3.9000000000000004,4.0,4.1000000000000005,4.2,4.3,4.4,4.5,4.6000000000000005,4.7,4.800000000000001,4.9,5.0,5.1000000000000005,5.2,5.300000000000001,5.4,5.5,5.6000000000000005,5.7,5.800000000000001,5.9,6.0,6.1000000000000005,6.2,6.300000000000001,6.4,6.5,6.6000000000000005,6.7,6.800000000000001,6.9,7.0,7.1000000000000005,7.2,7.300000000000001,7.4,7.5,7.6000000000000005,7.7,7.800000000000001,7.9,8.0,8.1,8.200000000000001,8.3,8.4,8.5,8.6,8.700000000000001,8.8,8.9,9.0,9.1,9.200000000000001,9.3,9.4,9.5,9.600000000000001,9.700000000000001,9.8,9.9,10.0","0.16531497356718766,0.28949590758651256,0.2968604185987334,0.3020503558726172,0.1470635371059239,0.17942025261068964,0.1712347396195156,0.026902969469562797,-0.010795234179212503,-0.1130699523255593,-0.068695033972322,-0.15350564630334915,-0.2063129719851357,-0.25620313255692195,-0.35136536775903104,-0.3760326543917812,-0.22276242684529743,-0.2213765393188668,-0.26060215694545535,-0.2615289954601565,-0.2490187851363636,-0.27206319951956315,-0.12631531939962168,0.013230908929123854,-0.07508945984528072,0.013650963195297107,0.11203536120580665,0.20478148056909712,0.18696923950433794,0.355459628099607,0.2512414741609713,0.38546581361550186,0.21235001187617553,0.38232007318812955,0.011413532995535602,0.2512325778189385,0.3523134707049105,0.1983144350471301,0.18635268469649321,0.05225945527629908,0.02859280702372308,-0.03322552920752388,-0.12228495059329386,-0.1862983343123419,-0.1193205986984523,-0.18279358771947152,-0.21489722930759864,-0.33837111462644887,-0.2592981349756322,-0.27645229088007117,-0.2268137362128511,-0.10137183210419065,-0.1911483647708556,-0.13380155104374672,-0.09685303636704778,-0.008768371382972422,0.07810442831491794,0.0809898578736255,0.13625366874441602,0.2235970014088054,0.2347725147790848,0.2491857227532016,0.1640901789372619,0.18064764457255972,0.34747413935276594,0.27726125724608064,0.21605958125855407,0.1862614158299035,0.2739828152357118,0.15643513919889931,0.08143105636157588,0.0310781830317451,-0.04696476195648511,-0.16006805070878427,-0.14258299782385206,-0.23959787146105116,-0.2031734236756127,-0.2142524360846872,-0.31439367802774754,-0.3898418307788999,-0.2938341340023221,-0.06304004528717563,-0.2722078419721278,-0.14248886366036118,-0.19005671943079816,-0.14092083858701937,-0.18055166653934832,-0.1302284934421053,-0.1365899545099417,0.11584585432791478,0.11852055404982809,-0.06868381768000265,0.1460271409294664,0.2747779686679169,0.28280360240430036,0.36208805257151083,0.3300419008857734,0.3093274145179892,0.2567235533253055,0.26044201670619466,0.1787680687467117"
87,9.81,2.3533933957484514,"0.0,0.1,0.2,0.30000000000000004,0.4,0.5,0.6000000000000001,0.7000000000000001,0.8,0.9,1.0,1.1,1.2000000000000002,1.3,1.4000000000000001,1.5,1.6,1.7000000000000002,1.8,1.9000000000000001,2.0,2.1,2.2,2.3000000000000003,2.4000000000000004,2.5,2.6,2.7,2.8000000000000003,2.9000000000000004,3.0,3.1,3.2,3.3000000000000003,3.4000000000000004,3.5,3.6,3.7,3.8000000000000003,3.9000000000000004,4.0,4.1000000000000005,4.2,4.3,4.4,4.5,4.6000000000000005,4.7,4.800000000000001,4.9,5.0,5.1000000000000005,5.2,5.300000000000001,5.4,5.5,5.6000000000000005,5.7,5.800000000000001,5.9,6.0,6.1000000000000005,6.2,6.300000000000001,6.4,6.5,6.6000000000000005,6.7,6.800000000000001,6.9,7.0,7.1000000000000005,7.2,7.300000000000001,7.4,7.5,7.6000000000000005,7.7,7.800000000000001,7.9,8.0,8.1,8.200000000000001,8.3,8.4,8.5,8.6,8.700000000000001,8.8,8.9,9.0,9.1,9.200000000000001,9.3,9.4,9.5,9.600000000000001,9.700000000000001,9.8,9.9,10.0","0.2300814773182698,0.2345368730901471,0.23256447317620463,0.30137064330007746,0.10962154719346255,0.1838620072819626,0.005149574767787615,0.03623354346468524,-0.11565922619728687,-0.0990549166938221,-0.09736520087335586,-0.17323585962542457,-0.22115995770853464,-0.24754624052034951,-0.30527904681795814,-0.295767947755851,-0.23541554585760555,-0.2796050454108059,-0.2884694886648839,-0.21716194718261028,-0.3636177064618191,-0.08643705179763367,-0.1619529259540063,-0.01809566227288633,0.06853099153155962,0.1637402873375391,0.14307080781870252,0.20543444481821269,0.27519236068190916,0.30159335046788244,0.23356845585918573,0.288118080680289,0.2911669795911004,0.3370898040561073,0.1652829623839679,0.18337383897559656,0.21342260927845233,0.13722795461452847,0.023233216111557597,0.04682102498282387,-0.08519818325133677,-0.17687356610100563,-0.13362132803286284,-0.19542746729628027,-0.3193755174301433,-0.2123082067150609,-0.3295928403584034,-0.32030859944434414,-0.21407965241215315,-0.2389253021905135,-0.30065994612335933,-0.18000259251837472,-0.1392227529741461,-0.09579724442322073,-0.02089619260495075,0.03640642185406432,0.11330063558056944,0.2555465172759468,0.21356371473468108,0.2658703932523221,0.27453799824835295,0.3044436074357175,0.31382708327939907,0.4274108474819624,0.3002919930551371,0.27363453290783357,0.13028548818740088,0.17098956491299117,0.059884903010498064,0.041691196212996065,0.14008974609504968,-0.01904648500192413,-0.20897730732303327,-0.18722109039964102,-0.22229482156792946,-0.3115663160118742,-0.35625025155175205,-0.31102838606299393,-0.4017843966840366,-0.2743913237681547,-0.26103957761447494,-0.1567276243216815,-0.25167506277681334,-0.16360941933869688,-0.09344899907171321,0.02862145321867044,-0.032658918765572906,0.09270190281929744,0.12939136970716142,0.23234342622200463,0.3132969824421601,0.31641713822990164,0.25731705789981046,0.3334502031116605,0.34303307734676103,0.26400835943825307,0.28837336963406346,0.2508779370065991,0.21034419680236183,0.05972770831795442,0.09120998831669329"
88,9.81,1.3590083639834323,"0.0,0.1,0.2,0.30000000000000004,0.4,0.5,0.6000000000000001,0.7000000000000001,0.8,0.9,1.0,1.1,1.2000000000000002,1.3,1.4000000000000001,1.5,1.6,1.7000000000000002,1.8,1.9000000000000001,2.0,2.1,2.2,2.3000000000000003,2.4000000000000004,2.5,2.6,2.7,2.8000000000000003,2.9000000000000004,3.0,3.1,3.2,3.3000000000000003,3.4000000000000004,3.5,3.6,3.7,3.8000000000000003,3.9000000000000004,4.0,4.1000000000000005,4.2,4.3,4.4,4.5,4.6000000000000005,4.7,4.800000000000001,4.9,5.0,5.1000000000000005,5.2,5.300000000000001,5.4,5.5,5.6000000000000005,5.7,5.800000000000001,5.9,6.0,6.1000000000000005,6.2,6.300000000000001,6.4,6.5,6.6000000000000005,6.7,6.800000000000001,6.9,7.0,7.1000000000000005,7.2,7.300000000000001,7.4,7.5,7.6000000000000005,7.7,7.800000000000001,7.9,8.0,8.1,8.200000000000001,8.3,8.4,8.5,8.6,8.700000000000001,8.8,8.9,9.0,9.1,9.200000000000001,9.3,9.4,9.5,9.600000000000001,9.700000000000001,9.8,9.9,10.0","0.31912004758449714,0.29092654795962686,0.26310647096469875,0.2397238691269071,0.12499357298808708,-0.10247379817043091,-0.0772028068093887,-0.05141762623286413,-0.16883310097281728,-0.1275965289418784,-0.2528408098959734,-0.2993854046736303,-0.33932569013934843,-0.3131627790648639,-0.22743808706216806,-0.24922107378275596,-0.21618960385936667,-0.049218340468496914,0.019043860283382473,0.10868056275532774,0.19951238545316097,0.15063878313971618,0.18266627383350265,0.3767472992533307,0.4143344440373374,0.255010190294737,0.2294178525421968,0.21238106325009254,0.07741267997329651,0.031558250569587165,-0.10267165867389677,-0.15609983540532896,-0.16622312484563612,-0.34421894562221317,-0.305622783145254,-0.2975508975655785,-0.3317789023061912,-0.2933655894344859,-0.164362722756013,-0.2073752878334031,-0.09072945417302779,0.019729918396133042,0.09571801310264902,0.14002651064157967,0.18333093145957685,0.24710476624730215,0.30348549196639857,0.30622202253614994,0.28876806146799144,0.16870983244413673,0.24750412341697556,0.19464676665186856,0.052093667830751034,-0.037997352905555865,-0.08615401896194358,-0.1652970707194809,-0.11119759057681308,-0.24548408077847658,-0.21638197649530608,-0.2729524053146024,-0.3608950532923043,-0.45033640878583003,-0.2820829389211319,-0.15066714093071576,-0.018498830735412607,0.04966949983935674,0.10761267221173965,0.15095989139933824,0.2130149593829731,0.37940604309771286,0.37934111203925003,0.39046732299091097,0.3511057374313286,0.3330539982149907,0.11425045611045305,0.117506279522473,0.042698666331873254,-0.048902017310999836,-0.23012555022091125,-0.16062553983677025,-0.3329136360908249,-0.17174344212391932,-0.26494795721235964,-0.2924857570422488,-0.20621912062749947,-0.22843500640809059,-0.21419291964397932,-0.0510911783272776,-0.027196869920873615,0.0829285935101189,0.15842604231135496,0.22052383466041708,0.33304340908607444,0.35496213021251405,0.34998478599770805,0.2874656711158269,0.27643071724837087,0.3309780955127255,0.1338746966293492,0.12394403050205718,0.023673040376642997"
89,9.81,4.53332522950751,"0.0,0.1,0.2,0.30000000000000004,0.4,0.5,0.6000000000000001,0.7000000000000001,0.8,0.9,1.0,1.1,1.2000000000000002,1.3,1.4000000000000001,1.5,1.6,1.7000000000000002,1.8,1.9000000000000001,2.0,2.1,2.2,2.3000000000000003,2.4000000000000004,2.5,2.6,2.7,2.8000000000000003,2.9000000000000004,3.0,3.1,3.2,3.3000000000000003,3.4000000000000004,3.5,3.6,3.7,3.8000000000000003,3.9000000000000004,4.0,4.1000000000000005,4.2,4.3,4.4,4.5,4.6000000000000005,4.7,4.800000000000001,4.9,5.0,5.1000000000000005,5.2,5.300000000000001,5.4,5.5,5.6000000000000005,5.7,5.800000000000001,5.9,6.0,6.1000000000000005,6.2,6.300000000000001,6.4,6.5,6.6000000000000005,6.7,6.800000000000001,6.9,7.0,7.1000000000000005,7.2,7.300000000000001,7.4,7.5,7.6000000000000005,7.7,7.800000000000001,7.9,8.0,8.1,8.200000000000001,8.3,8.4,8.5,8.6,8.700000000000001,8.8,8.9,9.0,9.1,9.200000000000001,9.3,9.4,9.5,9.600000000000001,9.700000000000001,9.8,9.9,10.0","0.3243772648260407,0.2567765747037689,0.2790934979244171,0.27020215678011755,0.13187884055644972,0.1262685110068798,0.20139169544587657,0.2183652744628778,0.21194680624498177,0.10352390502620967,-0.014009332508903759,-0.01086579920793014,-0.38541220304117907,-0.14400497345723393,-0.1983624883705295,-0.11795397863886939,-0.2881794022725629,-0.18263403296186362,-0.28166469076651063,-0.2588937696550967,-0.3399163182808846,-0.28991005769372363,-0.28259627592085773,-0.3936199405454123,-0.28441635072199073,-0.23009968974060296,-0.15660370702028414,-0.18402584540635686,-0.1203834799943036,0.07326840956969166,0.015577979407034565,-0.09098399066291236,0.011011754997050748,0.0062381969176683386,0.09514252906780682,0.14390266553647119,0.12029035037956815,0.2274411761006345,0.2412301122020494,0.2067141877992983,0.27829994468617,0.30868941452051385,0.35679180700087043,0.3889289329664204,0.33572185770783824,0.35449561671188223,0.15461975832798436,0.24393222357799052,0.22454980721317086,0.2324075446275547,0.2005783309070866,0.18586291836324784,0.06148366493423657,-0.0480148614495986,-0.020335128364411044,-0.06210788300710937,-0.16263415502077702,-0.2772764003184103,-0.2233060896192825,-0.2624851212925963,-0.2426956337920297,-0.23611722981209368,-0.31257012555230423,-0.3871211178078252,-0.2556904205115461,-0.14274346493725026,-0.3693076351946522,-0.2949177282475542,-0.2552386077629296,-0.24937170348005422,-0.21758936362393766,-0.06188960419928537,-0.12004605774868021,-0.05381635116498323,0.03276840641096923,-0.06167715299872316,0.040616175701257265,-0.021898007995372323,0.1319524240987662,0.18887619786684867,0.1857682608362366,0.27987028112456863,0.2528699210292549,0.23240622832510544,0.32934339751683817,0.3100132733000598,0.3487294726740175,0.3281640639959023,0.2388011569813015,0.2579238960583108,0.13797304202223815,0.28935954817880377,0.13101577408112833,0.16303303835993602,0.11013000378024969,0.05191135875544449,0.005368581721435079,0.01521248358184889,0.03506424623957338,-0.11308460683276308,-0.1177257575247827"
90,9.81,3.4662310877701437,"0.0,0.1,0.2,0.30000000000000004,0.4,0.5,0.6000000000000001,0.7000000000000001,0.8,0.9,1.0,1.1,1.2000000000000002,1.3,1.4000000000000001,1.5,1.6,1.7000000000000002,1.8,1.9000000000000001,2.0,2.1,2.2,2.3000000000000003,2.4000000000000004,2.5,2.6,2.7,2.8000000000000003,2.9000000000000004,3.0,3.1,3.2,3.3000000000000003,3.4000000000000004,3.5,3.6,3.7,3.8000000000000003,3.9000000000000004,4.0,4.1000000000000005,4.2,4.3,4.4,4.5,4.6000000000000005,4.7,4.800000000000001,4.9,5.0,5.1000000000000005,5.2,5.300000000000001,5.4,5.5,5.6000000000000005,5.7,5.800000000000001,5.9,6.0,6.1000000000000005,6.2,6.300000000000001,6.4,6.5,6.6000000000000005,6.7,6.800000000000001,6.9,7.0,7.1000000000000005,7.2,7.300000000000001,7.4,7.5,7.6000000000000005,7.7,7.800000000000001,7.9,8.0,8.1,8.200000000000001,8.3,8.4,8.5,8.6,8.700000000000001,8.8,8.9,9.0,9.1,9.200000000000001,9.3,9.4,9.5,9.600000000000001,9.700000000000001,9.8,9.9,10.0","0.31022087949984406,0.2613693738153033,0.23676408840932747,0.2909402685596082,0.2750119166348912,0.19229751737393325,0.15712254009343007,0.097195881960663,0.23214571681270874,0.08246275721929976,0.15950723350856472,-0.1014615717829634,-0.12491311985631023,-0.11741573372254951,-0.20662486799816204,-0.24967622265443906,-0.2988474993971686,-0.3361707181884428,-0.2126442851864391,-0.23646148679485124,-0.30829029033946903,-0.2395649908449648,-0.26375811610591854,-0.30547531331585853,-0.24579725736770602,-0.13961258018133052,-0.1224963964567693,-0.0741943835341332,0.00428099281114864,0.12262003203402269,0.11076029903985214,0.13748366766746037,0.23125115783723565,0.20799691154211492,0.3009806809152962,0.3486414338070606,0.25972448212338184,0.23577998408710782,0.30950252959729885,0.2801011347784038,0.23949809628347363,0.21799794549729176,0.30265168421919214,0.15898183996505585,0.14773421428546135,0.11749509798530725,0.0232586119605209,-0.021655919822961223,-0.11269404895647654,-0.05957522692912849,-0.1402118327496203,-0.15586913981984077,-0.20923874642681486,-0.20831454928481882,-0.33234621826347727,-0.26931233417267325,-0.3242523837384512,-0.4559589959294146,-0.26202050850340497,-0.2561094553793164,-0.22980103636918922,-0.223123706993845,-0.18432589739113175,-0.11049864032127314,-0.08155115184273662,0.00648421084123859,0.05672159687366671,0.07974593630746883,0.22495104653460185,0.21097786637946414,0.23611002034902245,0.2910969737440141,0.22828063666259207,0.17870829588333,0.3605485062217331,0.2893402092207702,0.26765615019306277,0.1843084533769114,0.18267969549285065,0.22531447350041972,0.15585129590260244,0.16686070724963997,0.028306493440388075,0.11663920371586137,0.05595031576169311,-0.031203705933602402,-0.09688695312098217,-0.14802655850724955,-0.11239816799600853,-0.22906985790333492,-0.22153285919185572,-0.17381664668414515,-0.30608665623548886,-0.3359334844589941,-0.2623299218546986,-0.27581432800606537,-0.4938432420286913,-0.3076911769284115,-0.21210711419726855,-0.24040374303467138,-0.10021931448997509"
91,9.81,1.0067049604229965,"0.0,0.1,0.2,0.30000000000000004,0.4,0.5,0.6000000000000001,0.7000000000000001,0.8,0.9,1.0,1.1,1.2000000000000002,1.3,1.4000000000000001,1.5,1.6,1.7000000000000002,1.8,1.9000000000000001,2.0,2.1,2.2,2.3000000000000003,2.4000000000000004,2.5,2.6,2.7,2.8000000000000003,2.9000000000000004,3.0,3.1,3.2,3.3000000000000003,3.4000000000000004,3.5,3.6,3.7,3.8000000000000003,3.9000000000000004,4.0,4.1000000000000005,4.2,4.3,4.4,4.5,4.6000000000000005,4.7,4.800000000000001,4.9,5.0,5.1000000000000005,5.2,5.300000000000001,5.4,5.5,5.6000000000000005,5.7,5.800000000000001,5.9,6.0,6.1000000000000005,6.2,6.300000000000001,6.4,6.5,6.6000000000000005,6.7,6.800000000000001,6.9,7.0,7.1000000000000005,7.2,7.300000000000001,7.4,7.5,7.6000000000000005,7.7,7.800000000000001,7.9,8.0,8.1,8.200000000000001,8.3,8.4,8.5,8.6,8.700000000000001,8.8,8.9,9.0,9.1,9.200000000000001,9.3,9.4,9.5,9.600000000000001,9.700000000000001,9.8,9.9,10.0","0.3115708679721807,0.4279389519261322,0.1594201963767447,0.22854528327521773,0.1182378794329772,-0.046508212360248526,-0.12752829720161912,-0.18586651435780818,-0.22237980135856486,-0.2963605845111965,-0.29490503246582855,-0.30678273545949647,-0.24109839410648898,-0.1844942145621493,-0.12008650926873152,-0.1544067674257192,0.10793997975923308,0.20358280627799674,0.30613731030948904,0.37604865753250405,0.35290552060835667,0.2919729096107059,0.17411032491883932,0.2663013533153472,0.15573073464851322,0.024191174078964157,-0.11699137450043401,-0.19957189650479737,-0.22184242263705195,-0.3121849444971737,-0.3222778722734429,-0.30237425596214607,-0.20212999491637168,-0.30403885124766117,-0.12416159646260938,-0.0073655801485519624,0.1260639272475668,0.16383176235687602,0.21450825449182404,0.3140381206411623,0.34267312909723335,0.32431376503183623,0.30385911282332484,0.16621396502041463,0.13681612341812419,-0.014235072176388398,-0.1816832842426989,-0.22173260712837276,-0.14190444310727152,-0.2859421653768353,-0.5569086960022842,-0.36591924693421024,-0.32253664441913393,-0.21780368616145412,-0.2143055975616063,-0.09175445711974592,0.12222645197962308,0.16687420266009956,0.320165430169879,0.20303017603505644,0.30783456388991853,0.3442921185284664,0.5181556860372887,0.2842754595207646,0.2064430151199907,-0.04567274184500762,-0.11540430579621158,-0.12308462506329057,-0.25082189142262507,-0.18551521126087062,-0.3354825217443472,-0.31675119369453286,-0.4509918742742192,-0.23115481278128883,-0.1743623162031193,-0.08680818422865413,0.05886609300410957,0.10719512377134047,0.061752902357093825,0.20038427066537695,0.33866458924034054,0.21647714590814582,0.2122540002179414,0.22327734360976323,0.2728997686652394,0.1862162633771205,-0.05872568675869378,-0.03934967608928912,-0.227820560833905,-0.2160727727477452,-0.26610378126448775,-0.31310295432106344,-0.26113924193036053,-0.2884623122066611,-0.06254167504491964,0.013598780014275072,0.0430959422754638,0.13766148621766405,0.2199966176907972,0.18113266428069574,0.17497886007920338"
92,9.81,1.5465861602733342,"0.0,0.1,0.2,0.30000000000000004,0.4,0.5,0.6000000000000001,0.7000000000000001,0.8,0.9,1.0,1.1,1.2000000000000002,1.3,1.4000000000000001,1.5,1.6,1.7000000000000002,1.8,1.9000000000000001,2.0,2.1,2.2,2.3000000000000003,2.4000000000000004,2.5,2.6,2.7,2.8000000000000003,2.9000000000000004,3.0,3.1,3.2,3.3000000000000003,3.4000000000000004,3.5,3.6,3.7,3.8000000000000003,3.9000000000000004,4.0,4.1000000000000005,4.2,4.3,4.4,4.5,4.6000000000000005,4.7,4.800000000000001,4.9,5.0,5.1000000000000005,5.2,5.300000000000001,5.4,5.5,5.6000000000000005,5.7,5.800000000000001,5.9,6.0,6.1000000000000005,6.2,6.300000000000001,6.4,6.5,6.6000000000000005,6.7,6.800000000000001,6.9,7.0,7.1000000000000005,7.2,7.300000000000001,7.4,7.5,7.6000000000000005,7.7,7.800000000000001,7.9,8.0,8.1,8.200000000000001,8.3,8.4,8.5,8.6,8.700000000000001,8.8,8.9,9.0,9.1,9.200000000000001,9.3,9.4,9.5,9.600000000000001,9.700000000000001,9.8,9.9,10.0","0.29107574774831324,0.27728114762450057,0.2868187346523754,0.23312096303025323,0.20711862475910592,0.13076974306545489,0.029384942018608657,-0.10544447169794288,-0.12106665828747679,-0.24162490175830562,-0.18649742224013527,-0.300755233336719,-0.24571153236122384,-0.30537664707937,-0.2313405623267465,-0.17521501504942563,-0.3309746035877804,-0.27461846598580686,-0.0380198949964099,0.08689902854923008,0.0756616193219187,0.15890558134554483,0.19141495142201015,0.25768596555359286,0.27348394835576456,0.282499673807267,0.24895639197059857,0.28133167197717734,0.12582416302272162,0.06494095953042675,0.09420781726117596,-0.0771169326840192,-0.12127905098121033,-0.16125587712112968,-0.2569830764055182,-0.20319390682836153,-0.32320406419704917,-0.213632843751895,-0.3089162087936239,-0.32546237087589047,-0.2989430277374821,-0.23944586899253356,-0.14745062611638748,-0.15907451682635065,-0.01614433819116377,0.0863171814232186,0.11719327152076861,0.1841702979982282,0.28209786302177947,0.4556622585322048,0.3253497404320961,0.29963605193871934,0.1749421732202046,0.1714556861413086,0.16940046916824067,0.10170918974100931,0.03518156454991057,0.046663123386936234,-0.11164365312881602,-0.25200886187573884,-0.30930531597731076,-0.3587904335087817,-0.3156742153041166,-0.2662840962777215,-0.383523187213198,-0.20436819153570057,-0.1968075459981495,-0.13542958627555207,-0.00875210860547488,-0.014582188505689207,0.11498864488017346,0.12399474424057355,0.23231241966384786,0.2401308292188132,0.2588290537410056,0.3091290956921039,0.2645471607658349,0.28470832300609805,0.24905805721766125,0.16396195605061817,0.07599601562447802,-0.0031070697101352393,-0.09301953704493193,-0.1959290335492071,-0.17494011341568078,-0.21309538009095003,-0.2751273117330258,-0.32695994317309757,-0.2732617769067452,-0.3959407525745234,-0.2869671507946804,-0.15678127103703607,-0.08229411784661311,-0.19735005851370735,-0.03806043633590913,0.05348110163351376,0.17561512353425307,0.2669240904969311,0.24426743096531048,0.3937849544556149,0.32131393841466294"
93,9.81,1.0407785646052865,"0.0,0.1,0.2,0.30000000000000004,0.4,0.5,0.6000000000000001,0.7000000000000001,0.8,0.9,1.0,1.1,1.2000000000000002,1.3,1.4000000000000001,1.5,1.6,1.7000000000000002,1.8,1.9000000000000001,2.0,2.1,2.2,2.3000000000000003,2.4000000000000004,2.5,2.6,2.7,2.8000000000000003,2.9000000000000004,3.0,3.1,3.2,3.3000000000000003,3.4000000000000004,3.5,3.6,3.7,3.8000000000000003,3.9000000000000004,4.0,4.1000000000000005,4.2,4.3,4.4,4.5,4.6000000000000005,4.7,4.800000000000001,4.9,5.0,5.1000000000000005,5.2,5.300000000000001,5.4,5.5,5.6000000000000005,5.7,5.800000000000001,5.9,6.0,6.1000000000000005,6.2,6.300000000000001,6.4,6.5,6.6000000000000005,6.7,6.800000000000001,6.9,7.0,7.1000000000000005,7.2,7.300000000000001,7.4,7.5,7.6000000000000005,7.7,7.800000000000001,7.9,8.0,8.1,8.200000000000001,8.3,8.4,8.5,8.6,8.700000000000001,8.8,8.9,9.0,9.1,9.200000000000001,9.3,9.4,9.5,9.600000000000001,9.700000000000001,9.8,9.9,10.0","0.3150908087455472,0.38876556806678275,0.24698720786051676,0.14863357767862112,0.19223707563119424,-0.04333322633900378,-0.061657022670299017,-0.19575925858302612,-0.22241028526894085,-0.3443535545689872,-0.3525640533454562,-0.2089913589724945,-0.24717057431320225,-0.20636794194867752,-0.1642663021648561,-0.12621753667658767,0.11565505361848256,0.09837383480507689,0.15602400671844335,0.2862082871924926,0.3080274329862861,0.27361810732016933,0.13224760279800496,0.17295445564589446,0.0673964704258507,0.04166687645435635,-0.011520336783532491,-0.08317867018829479,-0.2305589090960552,-0.2456242900471658,-0.35119663410002017,-0.3370363185659838,-0.30862711982965885,-0.24772195680653655,-0.13946412664826913,-0.06778434775560267,0.0024640184390994756,0.06204614189580736,0.16458677230359234,0.31363756507191587,0.374967516402125,0.29285755163176447,0.352231077002997,0.3740217739735501,0.23835426379991967,0.06763441927054607,0.04329396965207616,-0.07200665004342635,-0.07389201034701083,-0.26512924161493157,-0.34589997575119374,-0.3498352191075675,-0.3264524090116328,-0.30202396087584654,-0.2820274461931341,-0.2320518115445988,0.11901828776894237,0.1286705044497184,0.16790871222535622,0.20499989524749118,0.34453155377705086,0.20705573300007568,0.4442538045752221,0.4646321872274863,0.12028659004233627,0.165565057604832,0.12834743333694024,-0.014942747412812457,-0.25934763535238514,-0.26153918415775057,-0.297917542015593,-0.3233719702609531,-0.3138336005072197,-0.25779854524773227,-0.17108045754916243,-0.1264195929889785,-0.08655542769469499,-0.03202128265207468,0.0939366773433063,0.23592454644008864,0.2590486127624637,0.2563622187759567,0.2790588012044627,0.22948809529032904,0.27578916561118183,0.04101741210058371,0.08396046094466389,-0.024997734066002333,-0.11041566109301987,-0.0989431058363905,-0.09433580272355313,-0.3014324367008391,-0.2801038472614683,-0.25614158438694706,-0.2529162596087625,-0.21199549925770145,-0.13285290945784967,0.040151682598320436,0.2070606226209389,0.13252912465816838,0.24246435284868526"
94,9.81,1.2035892693942167,"0.0,0.1,0.2,0.30000000000000004,0.4,0.5,0.6000000000000001,0.7000000000000001,0.8,0.9,1.0,1.1,1.2000000000000002,1.3,1.4000000000000001,1.5,1.6,1.7000000000000002,1.8,1.9000000000000001,2.0,2.1,2.2,2.3000000000000003,2.4000000000000004,2.5,2.6,2.7,2.8000000000000003,2.9000000000000004,3.0,3.1,3.2,3.3000000000000003,3.4000000000000004,3.5,3.6,3.7,3.8000000000000003,3.9000000000000004,4.0,4.1000000000000005,4.2,4.3,4.4,4.5,4.6000000000000005,4.7,4.800000000000001,4.9,5.0,5.1000000000000005,5.2,5.300000000000001,5.4,5.5,5.6000000000000005,5.7,5.800000000000001,5.9,6.0,6.1000000000000005,6.2,6.300000000000001,6.4,6.5,6.6000000000000005,6.7,6.800000000000001,6.9,7.0,7.1000000000000005,7.2,7.300000000000001,7.4,7.5,7.6000000000000005,7.7,7.800000000000001,7.9,8.0,8.1,8.200000000000001,8.3,8.4,8.5,8.6,8.700000000000001,8.8,8.9,9.0,9.1,9.200000000000001,9.3,9.4,9.5,9.600000000000001,9.700000000000001,9.8,9.9,10.0","0.2866170732416738,0.2682659626866557,0.2172389646719634,0.1647635790983411,0.030023592271701857,-0.007395356667977367,-0.07902868422037712,-0.07591596575436053,-0.2798619076209916,-0.19048732917671102,-0.3962353354198445,-0.3613496456639461,-0.37169412705304317,-0.21907451469633235,-0.24733771911557154,-0.10895169860352369,0.0033588625042501458,0.011157965713146516,0.14069426748593264,0.1656125262922795,0.23030436258965745,0.3599242229008407,0.44706962971698877,0.23017917585536607,0.2489030547151849,0.12458855976884252,0.15351563573864294,0.12947707705742673,0.030439053323926046,-0.06623700449908254,-0.18482683082587018,-0.18306890137789397,-0.21641662895966543,-0.29249329210198216,-0.2600574934349152,-0.2495654077890489,-0.11459050531376869,-0.07227810486578226,-0.08009427717852433,0.1972754186726886,0.11444551688560475,0.2532001654135815,0.23740860704473138,0.3070810363950167,0.1957123956380934,0.309791151333732,0.2175303572281939,0.22289200561049138,0.2143167457884062,0.015420214776761754,0.009816429277794143,-0.11053985894099959,-0.17754007472280597,-0.18298287248631978,-0.28835765423951965,-0.3116230206602059,-0.27824564371488103,-0.2128570510534129,-0.25953122624957314,-0.24315413199806502,-0.02035040853995127,0.025811788176209084,0.12162976784727512,0.21302567280223297,0.26862176063870374,0.20963004447455266,0.25822010158237785,0.3237612787626717,0.1664630077406743,0.24069763131367547,0.1406318190684047,0.05614184720117803,-0.04311430577598824,-0.15950635816420233,-0.21288465327585,-0.2000049285815296,-0.2797192733626376,-0.24048590036360007,-0.29004995555939495,-0.19582327330912658,-0.1894932427513561,-0.1791821680261217,-0.03305134172603344,0.0305882413394235,0.0670786428040768,0.13621914014095476,0.31686700694853936,0.46962756395829697,0.293033437370075,0.26511691605756116,0.2788371190329264,0.20303396822450812,0.24941517025461601,0.055598707728845086,0.07247849734588802,-0.029462603829000233,-0.07180984933138165,-0.21029935999778446,-0.28124695829898017,-0.3076709582137568,-0.23294542923007655"
95,9.81,1.406453165424141,"0.0,0.1,0.2,0.30000000000000004,0.4,0.5,0.6000000000000001,0.7000000000000001,0.8,0.9,1.0,1.1,1.2000000000000002,1.3,1.4000000000000001,1.5,1.6,1.7000000000000002,1.8,1.9000000000000001,2.0,2.1,2.2,2.3000000000000003,2.4000000000000004,2.5,2.6,2.7,2.8000000000000003,2.9000000000000004,3.0,3.1,3.2,3.3000000000000003,3.4000000000000004,3.5,3.6,3.7,3.8000000000000003,3.9000000000000004,4.0,4.1000000000000005,4.2,4.3,4.4,4.5,4.6000000000000005,4.7,4.800000000000001,4.9,5.0,5.1000000000000005,5.2,5.300000000000001,5.4,5.5,5.6000000000000005,5.7,5.800000000000001,5.9,6.0,6.1000000000000005,6.2,6.300000000000001,6.4,6.5,6.6000000000000005,6.7,6.800000000000001,6.9,7.0,7.1000000000000005,7.2,7.300000000000001,7.4,7.5,7.6000000000000005,7.7,7.800000000000001,7.9,8.0,8.1,8.200000000000001,8.3,8.4,8.5,8.6,8.700000000000001,8.8,8.9,9.0,9.1,9.200000000000001,9.3,9.4,9.5,9.600000000000001,9.700000000000001,9.8,9.9,10.0","0.2923667234744437,0.3270355602102297,0.24637111129954992,0.24044495733173665,0.1445540162917275,0.04237317690498284,-0.08520415519725547,-0.11076701479249246,-0.10165700009582526,-0.17878915316486477,-0.2334581603522684,-0.21813721415897117,-0.24682698656084848,-0.25279631193889845,-0.27453911888901555,-0.14330567336293817,-0.08878860626858565,-0.08262460676201308,0.019697166832795078,0.09011065018611444,0.12838520705355316,0.16240443344927377,0.15073775727461441,0.2429775702393059,0.2960622104660478,0.29450428211074936,0.2875555422579199,0.12098105045125479,0.12641443644975014,0.15955621311616008,-0.014944605348953897,-0.0686835319571602,-0.15032936243414566,-0.19941120003022475,-0.2599287268319596,-0.3338430436378406,-0.2551509244118117,-0.2877870930704376,-0.3035394462826218,-0.2225746735514136,-0.17265178772785028,-0.06793602830054606,-0.059304106957443245,0.12476156611628136,0.12833008205851737,0.21770575801661346,0.24254969394713516,0.2722472939957967,0.3488460052908438,0.34958601699685904,0.3332750227192335,0.1530325462270653,0.003227341880558926,0.09710209728955004,-0.03202522610413115,-0.036989649087043316,-0.1654281850459475,-0.2186062274378951,-0.2967190472295741,-0.35355357481198835,-0.34593872962563316,-0.35409902045563085,-0.23292825654601884,-0.2267700718886684,0.06545842874173459,-0.09909757142608586,0.047126630263269936,0.16143113107245477,0.11017868567607103,0.22983566007758602,0.36372855320640296,0.3303282222802266,0.3619082507294619,0.29965163156585084,0.18372867273215004,0.1812581580045257,0.11688626253534704,0.03701436259392138,-0.04395658547853904,-0.13131370860755798,-0.18226088243175578,-0.1429848368693073,-0.33305102318772745,-0.2534141075909051,-0.18078425321455024,-0.23383110270339258,-0.27565758337129403,-0.18272162553241933,-0.07902394798370514,0.012195298512570278,0.05698974395683237,0.10179655208966137,0.2321457757878306,0.21066327959790873,0.2960690193627309,0.3936580445396636,0.21646422872720283,0.3935383954728014,0.281291190314802,0.17489167654229226,0.20068076705481852"
96,9.81,2.226877950365054,"0.0,0.1,0.2,0.30000000000000004,0.4,0.5,0.6000000000000001,0.7000000000000001,0.8,0.9,1.0,1.1,1.2000000000000002,1.3,1.4000000000000001,1.5,1.6,1.7000000000000002,1.8,1.9000000000000001,2.0,2.1,2.2,2.3000000000000003,2.4000000000000004,2.5,2.6,2.7,2.8000000000000003,2.9000000000000004,3.0,3.1,3.2,3.3000000000000003,3.4000000000000004,3.5,3.6,3.7,3.8000000000000003,3.9000000000000004,4.0,4.1000000000000005,4.2,4.3,4.4,4.5,4.6000000000000005,4.7,4.800000000000001,4.9,5.0,5.1000000000000005,5.2,5.300000000000001,5.4,5.5,5.6000000000000005,5.7,5.800000000000001,5.9,6.0,6.1000000000000005,6.2,6.300000000000001,6.4,6.5,6.6000000000000005,6.7,6.800000000000001,6.9,7.0,7.1000000000000005,7.2,7.300000000000001,7.4,7.5,7.6000000000000005,7.7,7.800000000000001,7.9,8.0,8.1,8.200000000000001,8.3,8.4,8.5,8.6,8.700000000000001,8.8,8.9,9.0,9.1,9.200000000000001,9.3,9.4,9.5,9.600000000000001,9.700000000000001,9.8,9.9,10.0","0.3482036537255512,0.28076365249809637,0.2512705621156698,0.17121866023224913,0.20590982437514074,0.19461791907732442,0.05663057868098223,0.0024856886508733723,-0.02952336231262214,-0.01859321006084748,-0.21333891873590316,-0.3174329356376589,-0.3133055725363556,-0.28676147032577826,-0.3075314435390342,-0.32082550520066433,-0.26799994990443043,-0.2966387459728671,-0.250394821983547,-0.08151592555822587,-0.17908275513249533,-0.09498370912437867,-0.22090187028551034,0.06367095434452177,0.06282169147849097,0.10641186861444474,0.18305977197756468,0.2699736154907262,0.28165426375886576,0.26409852957564617,0.30837945044695336,0.13913337073137738,0.23959104757421498,0.3046987989595146,0.22486402957955356,0.17529543190205246,0.1588531451350717,0.04847151359095228,-0.08996613066331598,-0.07532056061924862,-0.19480453641333753,-0.15934206322017128,-0.24082557379433053,-0.2719054501793335,-0.34305245469642776,-0.3617603267378566,-0.2828400896764121,-0.1549309096675803,-0.2021415521611662,-0.09321467445341908,-0.17319714462782265,-0.05652203373091372,-0.06510556438727977,-0.014533480648910867,0.12794547701490372,0.09479227336153623,0.178138675537625,0.22107311860198023,0.15790775238927138,0.25941509993061257,0.31755796303028594,0.29592492058210573,0.24912325641995708,0.25190602681045077,0.19447318401833524,0.17626293175276062,0.10869195703067121,0.05407881859636781,0.00845088320844151,-0.07515936091417903,-0.0852416938440027,-0.2720669304931461,-0.22967922024813786,-0.2653836261682368,-0.29427386741036193,-0.2005487460218263,-0.2901735102518498,-0.3258269204029568,-0.21346873342669917,-0.4235399662607776,-0.15436658820491697,-0.07132849180053907,0.036912542362446656,0.07390891641407055,0.18725852976714508,0.0819695857746158,0.14415703716224187,0.24904876712610705,0.3226033964356113,0.30686725898106076,0.2119758118774322,0.15128090970598862,0.293073223420715,0.2187063322478824,0.3076744193451979,0.13247087691236623,0.09191087407683535,0.0445393225013849,-0.06248717888206075,-0.04116800663409624,-0.06453901347689513"
97,9.81,1.464101549499678,"0.0,0.1,0.2,0.30000000000000004,0.4,0.5,0.6000000000000001,0.7000000000000001,0.8,0.9,1.0,1.1,1.2000000000000002,1.3,1.4000000000000001,1.5,1.6,1.7000000000000002,1.8,1.9000000000000001,2.0,2.1,2.2,2.3000000000000003,2.4000000000000004,2.5,2.6,2.7,2.8000000000000003,2.9000000000000004,3.0,3.1,3.2,3.3000000000000003,3.4000000000000004,3.5,3.6,3.7,3.8000000000000003,3.9000000000000004,4.0,4.1000000000000005,4.2,4.3,4.4,4.5,4.6000000000000005,4.7,4.800000000000001,4.9,5.0,5.1000000000000005,5.2,5.300000000000001,5.4,5.5,5.6000000000000005,5.7,5.800000000000001,5.9,6.0,6.1000000000000005,6.2,6.300000000000001,6.4,6.5,6.6000000000000005,6.7,6.800000000000001,6.9,7.0,7.1000000000000005,7.2,7.300000000000001,7.4,7.5,7.6000000000000005,7.7,7.800000000000001,7.9,8.0,8.1,8.200000000000001,8.3,8.4,8.5,8.6,8.700000000000001,8.8,8.9,9.0,9.1,9.200000000000001,9.3,9.4,9.5,9.600000000000001,9.700000000000001,9.8,9.9,10.0","0.2886896728932583,0.32096824637977195,0.20461082873054554,0.25902068108984133,0.18864873658149778,0.2631174082393223,0.011851513416623743,-0.20174233225966318,0.05093516968241779,-0.19725207973982342,-0.2203883361097629,-0.2583721149804031,-0.30728915906223786,-0.3336562174148512,-0.3046756757711608,-0.11201229297766462,-0.25296099680098405,-0.07807398577829636,-0.0011498935905655816,0.05984141512938926,0.11908253430267456,0.16744093426902198,0.26751969825787814,0.20739056122075739,0.2922365062587423,0.4418751779322147,0.18567674837670478,0.25289570712256193,0.08013005115457021,0.116433662139646,0.08203121552900733,-0.3025455769665149,-0.061329781601982214,-0.18788191457177997,-0.29075922373658536,-0.19160146555789026,-0.2949404316400562,-0.28382634562807746,-0.2688604356913214,-0.2868860123139553,-0.22938501412762466,-0.16833611203930238,-0.08337172475607829,0.02636318437008487,0.1406292602894305,0.1529650918387095,0.2129131286537419,0.2641253800861379,0.3112436000460336,0.17168075041664826,0.18791459651067555,0.22022891000388767,0.1961152135029054,0.13445372751625173,0.06615380718748384,0.0011202947742906151,-0.04543267204039596,-0.16118337877839464,-0.3063565600147317,-0.1972905022603963,-0.29967980413192014,-0.29874643913476906,-0.30933589889415747,-0.24301772887612968,-0.07731311225958559,-0.12464067723038676,-0.0519186981312032,-0.007887350292637152,0.15375133683636286,0.14744262216406726,0.2122425124990249,0.385765933583833,0.2573221034098939,0.24366244473525428,0.3077028559041945,0.2428581445267127,0.22472770248616689,0.15937016933206327,0.11807654874854523,-0.021474158994299962,-0.056105227584687625,-0.02891901659690152,-0.1851386782518399,-0.2398834861311921,-0.21481732784448948,-0.40026814538533084,-0.26436634865434094,-0.28687437664605947,-0.19082143048414363,-0.1365057642622281,-0.10505473998684937,-0.04601298912087069,0.0774405925533844,0.1679351663465989,0.1764119553796731,0.3514152315138178,0.2493009772895693,0.2864105339060383,0.12399886717270489,0.2774528472822227,0.24004511586053717"
98,9.81,4.62737433499355,"0.0,0.1,0.2,0.30000000000000004,0.4,0.5,0.6000000000000001,0.7000000000000001,0.8,0.9,1.0,1.1,1.2000000000000002,1.3,1.4000000000000001,1.5,1.6,1.7000000000000002,1.8,1.9000000000000001,2.0,2.1,2.2,2.3000000000000003,2.4000000000000004,2.5,2.6,2.7,2.8000000000000003,2.9000000000000004,3.0,3.1,3.2,3.3000000000000003,3.4000000000000004,3.5,3.6,3.7,3.8000000000000003,3.9000000000000004,4.0,4.1000000000000005,4.2,4.3,4.4,4.5,4.6000000000000005,4.7,4.800000000000001,4.9,5.0,5.1000000000000005,5.2,5.300000000000001,5.4,5.5,5.6000000000000005,5.7,5.800000000000001,5.9,6.0,6.1000000000000005,6.2,6.300000000000001,6.4,6.5,6.6000000000000005,6.7,6.800000000000001,6.9,7.0,7.1000000000000005,7.2,7.300000000000001,7.4,7.5,7.6000000000000005,7.7,7.800000000000001,7.9,8.0,8.1,8.200000000000001,8.3,8.4,8.5,8.6,8.700000000000001,8.8,8.9,9.0,9.1,9.200000000000001,9.3,9.4,9.5,9.600000000000001,9.700000000000001,9.8,9.9,10.0","0.2704932216107457,0.24458611637445765,0.3230163697483677,0.12671591981069347,0.26287723761429843,0.12786592750092124,0.14521894417216494,0.14126214405036913,0.1272601786150269,0.028871230773626605,0.06589934559425617,-0.02341873839974689,-0.08087651817655214,-0.18417360135311722,-0.1524939019310282,-0.1794645653694637,-0.15808153201397313,-0.1988834163272736,-0.2955383585858589,-0.25382948455436055,-0.39752092679525985,-0.2484571137068159,-0.4235341319575604,-0.32532439683707526,-0.34528872010269696,-0.1901028060132489,-0.3093480857940701,-0.23281866578099786,-0.196689819115563,-0.12712224006587844,0.010712489786861484,-0.02866936104576783,-0.001994542846712761,0.026231737493504822,-0.009082155896305191,-0.004830066576220482,0.06634245623108843,0.1859230780949018,0.16449651869168727,0.29097438963978706,0.24756119199367022,0.33338363865890286,0.3042687933910439,0.2899366406467162,0.3322098058555055,0.3293447623593704,0.3387966808766155,0.2998512894589639,0.32616416487251715,0.21316117800173315,0.16072773807637272,0.14140721104821538,0.20741059482535834,0.11268825391259756,-0.0549459029671078,-0.03449843918850456,-0.007605668695021092,-0.30017606147694287,-0.20318014257690659,-0.1811709892054739,-0.23971841188002074,-0.2227001098091438,-0.3268592847279187,-0.29129461941725565,-0.3373067129016253,-0.22367151263043555,-0.19118390867992813,-0.275160361303065,-0.27861391242601546,-0.22806249736765538,-0.26006967561009686,-0.19239165840542455,-0.13390256801470435,-0.09194634827073415,-0.06400679748669807,-0.03011432757090347,-0.10477297267078076,-0.023639856261803274,0.09939007540906594,0.13540547465877395,0.21664938239958842,0.2784413607811502,0.2738079316918275,0.304381227559701,0.2701738767131861,0.3486468724268047,0.28695723014124097,0.32726586343380365,0.31942786329028844,0.30255345355024016,0.26543343475566356,0.24523441804617313,0.25424541878353946,0.20289799479731335,0.20672429215617127,0.06963193208917182,0.0997348928367345,0.06191423510323221,-0.007328005296241632,-0.1111699490559243,-0.11101809404915544"
99,9.81,3.9154935164307805,"0.0,0.1,0.2,0.30000000000000004,0.4,0.5,0.6000000000000001,0.7000000000000001,0.8,0.9,1.0,1.1,1.2000000000000002,1.3,1.4000000000000001,1.5,1.6,1.7000000000000002,1.8,1.9000000000000001,2.0,2.1,2.2,2.3000000000000003,2.4000000000000004,2.5,2.6,2.7,2.8000000000000003,2.9000000000000004,3.0,3.1,3.2,3.3000000000000003,3.4000000000000004,3.5,3.6,3.7,3.8000000000000003,3.9000000000000004,4.0,4.1000000000000005,4.2,4.3,4.4,4.5,4.6000000000000005,4.7,4.800000000000001,4.9,5.0,5.1000000000000005,5.2,5.300000000000001,5.4,5.5,5.6000000000000005,5.7,5.800000000000001,5.9,6.0,6.1000000000000005,6.2,6.300000000000001,6.4,6.5,6.6000000000000005,6.7,6.800000000000001,6.9,7.0,7.1000000000000005,7.2,7.300000000000001,7.4,7.5,7.6000000000000005,7.7,7.800000000000001,7.9,8.0,8.1,8.200000000000001,8.3,8.4,8.5,8.6,8.700000000000001,8.8,8.9,9.0,9.1,9.200000000000001,9.3,9.4,9.5,9.600000000000001,9.700000000000001,9.8,9.9,10.0","0.3627298024281821,0.2777134101583516,0.3152379143228472,0.20941381719035235,0.19231252826325418,0.23741257123212284,0.24812867020881593,0.06260559377866501,0.08118144988023134,0.019615174394365532,-0.02207808794008937,-0.019904504239916174,-0.1490447324340472,-0.1740406821608479,-0.10810729554787395,-0.23455951433749173,-0.2583407804188763,-0.2644866504649605,-0.24442530761854941,-0.36711821404140477,-0.34314252640037124,-0.28621025907003017,-0.25767214155756735,-0.2842601460689141,-0.22087742441432393,-0.1714485927604814,-0.2276519569299289,-0.0827775794235839,-0.03773450134450308,-0.06939132505387556,0.00962566154737762,-0.05525544208075901,0.03508999183263641,0.13281574211912894,0.159457909890041,0.18082721836504526,0.1546685797381561,0.1334868825398035,0.27699103886195797,0.29140661269545654,0.27158823644264896,0.32403744878723795,0.2729493243595499,0.26156384550177836,0.30800571349754013,0.16173457876392994,0.2114585905511822,0.15531890461991435,0.07873972139110234,0.20005263987803895,0.00039809274057376123,-0.045903053055256736,-0.10860837891511493,-0.1666488998509923,-0.1706076692063897,-0.23548944943459632,-0.26351943073334727,-0.24106257977624757,-0.33930895307498815,-0.31992352486756265,-0.31514502941616607,-0.2695118829685858,-0.3239639048213856,-0.2443027652921904,-0.42320900765620184,-0.24009356008740773,-0.17354151812259752,-0.054499726990607206,-0.13326778370832512,-0.178032925166178,-0.08404182538511548,0.04721945558351162,0.06666940055252393,0.09345528792753828,0.2564273099602787,0.15796572636298722,0.30062738721736604,0.2355147762256445,0.31526874970352525,0.16640776193637527,0.30640376573806943,0.3373233250368132,0.21040361141079036,0.2521882883744566,0.24123017602480906,0.2895829554973547,0.1958717930011703,0.1497456859139756,0.06373693872977178,-0.01775011253686601,-0.14419159621855784,-0.05620286943236635,-0.0993842529186457,-0.1806236650889052,-0.09425191638672971,-0.1945713910401331,-0.20213189544970261,-0.26286294273840244,-0.30494980076303446,-0.18010235121941326,-0.32770692071809604"
100,9.81,4.687691920219505,"0.0,0.1,0.2,0.30000000000000004,0.4,0.5,0.6000000000000001,0.7000000000000001,0.8,0.9,1.0,1.1,1.2000000000000002,1.3,1.4000000000000001,1.5,1.6,1.7000000000000002,1.8,1.9000000000000001,2.0,2.1,2.2,2.3000000000000003,2.4000000000000004,2.5,2.6,2.7,2.8000000000000003,2.9000000000000004,3.0,3.1,3.2,3.3000000000000003,3.4000000000000004,3.5,3.6,3.7,3.8000000000000003,3.9000000000000004,4.0,4.1000000000000005,4.2,4.3,4.4,4.5,4.6000000000000005,4.7,4.800000000000001,4.9,5.0,5.1000000000000005,5.2,5.300000000000001,5.4,5.5,5.6000000000000005,5.7,5.800000000000001,5.9,6.0,6.1000000000000005,6.2,6.300000000000001,6.4,6.5,6.6000000000000005,6.7,6.800000000000001,6.9,7.0,7.1000000000000005,7.2,7.300000000000001,7.4,7.5,7.6000000000000005,7.7,7.800000000000001,7.9,8.0,8.1,8.200000000000001,8.3,8.4,8.5,8.6,8.700000000000001,8.8,8.9,9.0,9.1,9.200000000000001,9.3,9.4,9.5,9.600000000000001,9.700000000000001,9.8,9.9,10.0","0.26807006039512593,0.28508634698861807,0.1686951414352495,0.16432978584180094,0.23556531803936068,0.19197487185976547,0.2183071714046309,0.1437061359398659,0.08427867243700277,0.08601221112252208,0.08903445350605049,-0.08244743408848937,-0.07555211164156843,-0.16242670711241058,-0.11600661978679211,-0.15855044809966948,-0.17919983431373074,-0.25880890513509247,-0.2359118001637615,-0.29622434385940793,-0.3473057017065208,-0.3314611997656437,-0.3901250127003623,-0.4058661060315606,-0.31079798364641986,-0.2909463104058366,-0.17980348134070318,-0.25170794556972703,-0.19930353208531665,-0.020025724098753694,-0.021772484021185617,-0.004002431465085443,-0.09346734246283919,0.1283471806969347,-0.018852968019080277,-0.017359628162712845,0.13542317718235014,0.1402455041986139,0.23593167413852983,0.24273022664718663,0.2515228328837611,0.2747639260755771,0.2816345671398477,0.33384380890074283,0.3727221865342697,0.3186769876808581,0.3108004906596014,0.24549493281107845,0.23704873680204305,0.21338287563608604,0.15342295237243633,0.16562392658263683,0.11711449969482617,0.06042958448634647,-0.01800966362058005,0.045311720228419144,-0.11388150376835729,-0.17376430758006234,-0.10601470435060106,-0.1480251116156313,-0.21245500240914278,-0.23399599932806778,-0.2363843869807563,-0.4066887998272881,-0.29773610232805925,-0.18249785518577794,-0.37737127454205804,-0.28662329522271696,-0.29207766346149383,-0.2118661446135569,-0.2223236020904904,-0.2267949125123805,-0.18210209984105755,-0.17318281826778134,-0.09098827315511175,-0.06517651437985723,-0.025510054051941053,0.06643153134300059,0.06421283533740132,0.08111151226012157,0.16187056671721917,0.267890267322791,0.1797115887404765,0.1556698464170464,0.23948738172198344,0.23658842928355303,0.2691084976087015,0.34628010621996824,0.24578667412408767,0.3656301362679,0.28213207025724696,0.18406860005305675,0.20524890713337732,0.20630106860676295,0.08156607031185395,0.10056989055302203,0.06449704569540468,0.02418192901155961,-0.05658837491396096,0.02217502682828154,-0.0761249877491472"
101,9.81,1.3993839286610108,"0.0,0.1,0.2,0.30000000000000004,0.4,0.5,0.6000000000000001,0.7000000000000001,0.8,0.9,1.0,1.1,1.2000000000000002,1.3,1.4000000000000001,1.5,1.6,1.7000000000000002,1.8,1.9000000000000001,2.0,2.1,2.2,2.3000000000000003,2.4000000000000004,2.5,2.6,2.7,2.8000000000000003,2.9000000000000004,3.0,3.1,3.2,3.3000000000000003,3.4000000000000004,3.5,3.6,3.7,3.8000000000000003,3.9000000000000004,4.0,4.1000000000000005,4.2,4.3,4.4,4.5,4.6000000000000005,4.7,4.800000000000001,4.9,5.0,5.1000000000000005,5.2,5.300000000000001,5.4,5.5,5.6000000000000005,5.7,5.800000000000001,5.9,6.0,6.1000000000000005,6.2,6.300000000000001,6.4,6.5,6.6000000000000005,6.7,6.800000000000001,6.9,7.0,7.1000000000000005,7.2,7.300000000000001,7.4,7.5,7.6000000000000005,7.7,7.800000000000001,7.9,8.0,8.1,8.200000000000001,8.3,8.4,8.5,8.6,8.700000000000001,8.8,8.9,9.0,9.1,9.200000000000001,9.3,9.4,9.5,9.600000000000001,9.700000000000001,9.8,9.9,10.0","0.3265485811992017,0.29323282803920203,0.23700370043638805,0.24593921431499344,0.0753399226200305,-0.028232225791694474,-0.03972477395637314,-0.028363270402895588,-0.25188037518244744,-0.2121274257138699,-0.3018726346820212,-0.2770553433979415,-0.2709716168569701,-0.35891713704452266,-0.26213567442107333,-0.21663870891445078,-0.20629493361109957,-0.016082530132218567,0.005701383380166132,0.09134269908602957,0.10574713022257808,0.10396537154967495,0.20470150217148325,0.32642770887722855,0.24431645726208898,0.44733305277109753,0.35256561233735983,0.2316869835980736,0.0566036164645016,0.08432349247015708,-0.007667835176680272,-0.14129603788672698,-0.13975267782350842,-0.2042576843203398,-0.2558044622877869,-0.32017857701422237,-0.2561144454069423,-0.2509016262471711,-0.22095122442218748,-0.2882551844457948,-0.17836991028439653,-0.11078290669501625,0.06503411139643148,0.11331325461293724,0.1304022220993475,0.22778397428525518,0.23179731222242586,0.30605844672473875,0.29549039310870173,0.21525801240677928,0.19622046673539661,0.19896308701225712,0.03445933201074661,-0.000475764041889086,-0.049013353617318886,-0.09545895737568676,-0.189083505612033,-0.14104691708920275,-0.31409219037942004,-0.40042549275364814,-0.2289817601955526,-0.37188021208794986,-0.272756798274608,0.025159459639697623,-0.019227340764706766,0.009399301840676173,0.10300852288583777,0.09822206179173953,0.3109587252792387,0.2732960480645098,0.2555580534254303,0.3519544042799904,0.3796804480095418,0.24142183057480393,0.28365215560944157,0.17941302667034173,0.13757712569531855,0.011484827373959833,-0.05355419690620887,-0.03576509002050195,-0.12228177237097931,-0.1924891789522799,-0.2547010445112327,-0.3136013514189548,-0.2690895280615006,-0.2642641451786316,-0.24491709386063776,-0.178268641473817,-0.1091768580625774,0.010488887642772948,0.04942947790807785,0.191456895993722,0.22725853904543425,0.2777699326994395,0.41470779318037876,0.3681365705184764,0.2935238626989093,0.27269490056984247,0.20537479934226513,0.1868312162948561,0.10130324483578326"
102,9.81,4.15373901413524,"0.0,0.1,0.2,0.30000000000000004,0.4,0.5,0.6000000000000001,0.7000000000000001,0.8,0.9,1.0,1.1,1.2000000000000002,1.3,1.4000000000000001,1.5,1.6,1.7000000000000002,1.8,1.9000000000000001,2.0,2.1,2.2,2.3000000000000003,2.4000000000000004,2.5,2.6,2.7,2.8000000000000003,2.9000000000000004,3.0,3.1,3.2,3.3000000000000003,3.4000000000000004,3.5,3.6,3.7,3.8000000000000003,3.9000000000000004,4.0,4.1000000000000005,4.2,4.3,4.4,4.5,4.6000000000000005,4.7,4.800000000000001,4.9,5.0,5.1000000000000005,5.2,5.300000000000001,5.4,5.5,5.6000000000000005,5.7,5.800000000000001,5.9,6.0,6.1000000000000005,6.2,6.300000000000001,6.4,6.5,6.6000000000000005,6.7,6.800000000000001,6.9,7.0,7.1000000000000005,7.2,7.300000000000001,7.4,7.5,7.6000000000000005,7.7,7.800000000000001,7.9,8.0,8.1,8.200000000000001,8.3,8.4,8.5,8.6,8.700000000000001,8.8,8.9,9.0,9.1,9.200000000000001,9.3,9.4,9.5,9.600000000000001,9.700000000000001,9.8,9.9,10.0","0.23888177256595144,0.28271129369002235,0.2474504969546666,0.24781476212170586,0.24900905700227688,0.2260720978846779,0.22268817776208105,0.190226923070694,0.10919272879331006,0.07905792828520924,0.04992945391035436,-0.03018469421074941,-0.07298347407189423,-0.1190536269148129,-0.18944506744770354,-0.13638008015338007,-0.2166772950497842,-0.30976546539185745,-0.2692633142138732,-0.2653526279462692,-0.2720586668639999,-0.3454266674761881,-0.18024548299614074,-0.2211752487951686,-0.22100513508874522,-0.1700331033799619,-0.18861258573935485,-0.08790046829864377,-0.11481533837868875,0.023645549056364498,-0.035958487581545635,-0.09252725499431547,-0.01586762670297625,0.03481833055894526,0.14664816665510746,0.11182044794649165,0.26922079407230787,0.23995329474043897,0.3813548400081874,0.3166699379474102,0.4548815258531132,0.3171971496719571,0.3032216744874733,0.365860520176911,0.26849644265582806,0.25522417604858527,0.20184043798984003,0.11168759507080397,0.14513337836839135,0.10748655363997667,0.07965696024105953,-0.03831248883587401,-0.052066264281849656,-0.14197898203993606,-0.0758879095365805,-0.08733889376150097,-0.2222127319921993,-0.16449162952768526,-0.4111983258913827,-0.3647169567498969,-0.3233775955531786,-0.2796102787026244,-0.31053922649652044,-0.29171105308987627,-0.30080040581935674,-0.24269760888735487,-0.22299241817906257,-0.1924948835771323,-0.08593215206526576,-0.05636037969425822,0.03424726434080577,0.02328262730466319,0.07233980515401947,0.07658191475119605,0.16723584646801776,0.21943672199827038,0.15217486038338318,0.19873513895062445,0.3280109581284218,0.2522070867895798,0.3260304762629144,0.3311548240013262,0.23205942755990827,0.29418867309841124,0.28338346124323105,0.27651903919736237,0.15753007696408505,0.1976774515383679,0.0995783140763673,0.14086202063573877,0.08643569846671068,-0.007516352790857009,0.06662349575405149,-0.05610321867794074,-0.2147991969712304,-0.08468852275211608,-0.16467688138033498,-0.040675963973472895,-0.1412724810364812,-0.2805471017100069,-0.3505481286639175"
103,9.81,2.3958276522075312,"0.0,0.1,0.2,0.30000000000000004,0.4,0.5,0.6000000000000001,0.7000000000000001,0.8,0.9,1.0,1.1,1.2000000000000002,1.3,1.4000000000000001,1.5,1.6,1.7000000000000002,1.8,1.9000000000000001,2.0,2.1,2.2,2.3000000000000003,2.4000000000000004,2.5,2.6,2.7,2.8000000000000003,2.9000000000000004,3.0,3.1,3.2,3.3000000000000003,3.4000000000000004,3.5,3.6,3.7,3.8000000000000003,3.9000000000000004,4.0,4.1000000000000005,4.2,4.3,4.4,4.5,4.6000000000000005,4.7,4.800000000000001,4.9,5.0,5.1000000000000005,5.2,5.300000000000001,5.4,5.5,5.6000000000000005,5.7,5.800000000000001,5.9,6.0,6.1000000000000005,6.2,6.300000000000001,6.4,6.5,6.6000000000000005,6.7,6.800000000000001,6.9,7.0,7.1000000000000005,7.2,7.300000000000001,7.4,7.5,7.6000000000000005,7.7,7.800000000000001,7.9,8.0,8.1,8.200000000000001,8.3,8.4,8.5,8.6,8.700000000000001,8.8,8.9,9.0,9.1,9.200000000000001,9.3,9.4,9.5,9.600000000000001,9.700000000000001,9.8,9.9,10.0","0.22910477304041635,0.27534227539954964,0.31237283379036296,0.30816216196685486,0.10747406095115009,0.11641788778479563,0.07274190228391754,0.008936282594035186,-0.03434019708811234,-0.09007022380857824,-0.10695453081149009,-0.18132155078958298,-0.20029311995122734,-0.23024148906785932,-0.289446293814431,-0.39926143967831473,-0.27287231070293144,-0.33620277256034087,-0.28591236764227823,-0.26023533287510336,-0.20705600837629934,-0.11437995393875401,-0.10935302245565923,-0.0013475387592377513,0.015419138424766547,0.09631203181138623,0.09435964736075853,0.24913380526186493,0.22330818309651643,0.30325087628786423,0.2613996197584737,0.3289144346207219,0.3021200882807826,0.3362254973745425,0.1801661017417262,0.27422780814817177,0.28923768630858837,0.1393203355151461,0.1375570392000838,-0.002598700780337633,-0.09148646676885572,-0.14824156574367303,-0.15566532073426287,-0.2590789346155893,-0.33126707955229273,-0.32788623551411866,-0.2791329040025299,-0.3075318289069237,-0.36581457142727036,-0.2926465513177929,-0.1469883716415077,-0.21779770643633362,-0.21662852806768645,-0.08411763958559819,-0.03753801296242091,0.06096341737714166,0.0914257518645792,0.15902185703774369,0.2106715913803333,0.27870124213347436,0.2769550853491393,0.310942102523293,0.3091749039582936,0.3080536025581231,0.1992473309013722,0.2440848195063972,0.22746348118683757,0.19340965681487235,0.19630424503471922,0.06962250135918444,0.07277500148715058,0.0751682260878859,-0.044292045932417146,-0.13526902498854715,-0.22485483796065311,-0.26250832048592126,-0.19300012204067135,-0.1014743032509079,-0.339495165057398,-0.24948882809475237,-0.1788267739441723,-0.3680595938993057,-0.1536128417368497,-0.1870078990047384,-0.03350028709715348,-0.11528183789756638,0.014204428585452053,-0.05435575514119731,0.09569063193211723,0.15011192942229834,0.2018017351079173,0.30916729075377797,0.2548159764420941,0.2772741109500178,0.2963177196772302,0.29783584520669726,0.3855592882723562,0.3669762831294217,0.17362801388308555,0.08803923524464204,0.04585056864568317"
104,9.81,4.690624831276585,"0.0,0.1,0.2,0.30000000000000004,0.4,0.5,0.6000000000000001,0.7000000000000001,0.8,0.9,1.0,1.1,1.2000000000000002,1.3,1.4000000000000001,1.5,1.6,1.7000000000000002,1.8,1.9000000000000001,2.0,2.1,2.2,2.3000000000000003,2.4000000000000004,2.5,2.6,2.7,2.8000000000000003,2.9000000000000004,3.0,3.1,3.2,3.3000000000000003,3.4000000000000004,3.5,3.6,3.7,3.8000000000000003,3.9000000000000004,4.0,4.1000000000000005,4.2,4.3,4.4,4.5,4.6000000000000005,4.7,4.800000000000001,4.9,5.0,5.1000000000000005,5.2,5.300000000000001,5.4,5.5,5.6000000000000005,5.7,5.800000000000001,5.9,6.0,6.1000000000000005,6.2,6.300000000000001,6.4,6.5,6.6000000000000005,6.7,6.800000000000001,6.9,7.0,7.1000000000000005,7.2,7.300000000000001,7.4,7.5,7.6000000000000005,7.7,7.800000000000001,7.9,8.0,8.1,8.200000000000001,8.3,8.4,8.5,8.6,8.700000000000001,8.8,8.9,9.0,9.1,9.200000000000001,9.3,9.4,9.5,9.600000000000001,9.700000000000001,9.8,9.9,10.0","0.3284346652351455,0.29561018039178205,0.24254086008032322,0.24426628900520947,0.17586950808964597,0.30241109468445426,0.17266228066613212,0.14949406966389844,0.18445301179532264,0.018731596125335606,0.051721740850587186,0.032759088957928256,-0.1385837667588652,-0.09733855048545553,-0.04522797588104653,-0.11902135500258987,-0.19685496597616148,-0.22400774548716768,-0.22668551229726733,-0.3352082546605312,-0.4448936929130491,-0.4080764188372945,-0.3747714394843372,-0.28276509659140875,-0.26477384853568026,-0.29646657657906966,-0.32138084858452054,-0.2439501826965745,-0.18803471677582886,0.02283476487274702,-0.07751209051492494,-0.061501896572398886,-0.07042331883547413,0.13497853239669927,-0.029379926598350738,0.0271127026025227,0.11218268529108232,0.14649219485166148,0.18015513133250047,0.25611306482413704,0.20913654213691574,0.2648032227348699,0.2270048606471151,0.27083244911655335,0.36301853313894833,0.32112806317054715,0.3014663585689603,0.30395582305591873,0.25888365932776114,0.2038633063143375,0.19286458953077365,0.10642302193280062,0.2280228655384496,0.12445893710181434,0.1366457762180824,-0.04503553480604403,-0.11033956568180034,-0.20360148340918371,-0.21857956992157948,-0.18000818830558918,-0.2160709852785335,-0.24176092137988942,-0.30330021322716627,-0.306725044109656,-0.3710525893554743,-0.3107592026160846,-0.4452496624468125,-0.3123399788350902,-0.2816888986656255,-0.23201930397601903,-0.1826338186332866,-0.21689681182538187,-0.17456675090052548,-0.12049857281004465,-0.13063693442365845,-0.15223857515546926,-0.0629895505673897,0.020271195741950694,-0.0006666263124338739,0.005685837119360007,0.1359164410231997,0.14932378915150837,0.10367415410478528,0.23989178709382292,0.21261022401026172,0.27019598574869447,0.284902395264779,0.3700403778362844,0.3497023924670591,0.28330373151793126,0.31976396867144485,0.3369965647225942,0.21012604057049017,0.1968928803363281,0.14626763311592517,0.08536587461826858,0.07152316360642502,0.035888071269933465,0.03609178233813244,-0.05794574022315846,-0.018058324031428215"
105,9.81,1.7158133173278258,"0.0,0.1,0.2,0.30000000000000004,0.4,0.5,0.6000000000000001,0.7000000000000001,0.8,0.9,1.0,1.1,1.2000000000000002,1.3,1.4000000000000001,1.5,1.6,1.7000000000000002,1.8,1.9000000000000001,2.0,2.1,2.2,2.3000000000000003,2.4000000000000004,2.5,2.6,2.7,2.8000000000000003,2.9000000000000004,3.0,3.1,3.2,3.3000000000000003,3.4000000000000004,3.5,3.6,3.7,3.8000000000000003,3.9000000000000004,4.0,4.1000000000000005,4.2,4.3,4.4,4.5,4.6000000000000005,4.7,4.800000000000001,4.9,5.0,5.1000000000000005,5.2,5.300000000000001,5.4,5.5,5.6000000000000005,5.7,5.800000000000001,5.9,6.0,6.1000000000000005,6.2,6.300000000000001,6.4,6.5,6.6000000000000005,6.7,6.800000000000001,6.9,7.0,7.1000000000000005,7.2,7.300000000000001,7.4,7.5,7.6000000000000005,7.7,7.800000000000001,7.9,8.0,8.1,8.200000000000001,8.3,8.4,8.5,8.6,8.700000000000001,8.8,8.9,9.0,9.1,9.200000000000001,9.3,9.4,9.5,9.600000000000001,9.700000000000001,9.8,9.9,10.0","0.3729388890564145,0.3986865936898511,0.4966273423076102,0.24399415037143443,0.24048027326862031,0.14008643746054042,-0.021211095481099014,0.022389033252440155,-0.0957430570828003,-0.1961070233021737,-0.1910496367115474,-0.3110016305918002,-0.2629099818651586,-0.2964350920311562,-0.34400048359443963,-0.2823160745207003,-0.25628391628140557,-0.1302071589054186,-0.006877951217661174,-0.19664980336465326,-0.07499304967483854,0.03345009424837346,0.15387279767548215,0.2745579118825136,0.28585620765688613,0.30535433004892715,0.28494494245343066,0.2805464820773269,0.2634986281885283,0.3069199592428784,0.11252634893798125,0.09670267901274182,0.05717627678174943,0.012316194885181334,-0.07548214877167014,-0.07599804178013517,-0.1176533200845169,-0.24662289408369825,-0.334194839270552,-0.26549265664774574,-0.30821496906758034,-0.3205027261963065,-0.23850479371633485,-0.21769514975527413,-0.19892825708399595,-0.15257298170004868,0.13012413070555306,0.09325623482068193,0.12733452984040722,0.22481746527725482,0.14661044847717708,0.41354319223775204,0.2700195209073229,0.26236707991694036,0.19775117296152178,0.3211875213732401,0.26286593046569856,0.1611184354681783,0.13412091911752838,0.02561200462637245,-0.09171874581719736,-0.13464168818866784,-0.21548657083645598,-0.265133675418574,-0.25731956122412086,-0.3130432901966528,-0.35218473102154124,-0.3272751481745596,-0.2862366458192003,-0.17472991754801082,-0.15452507183742453,-0.13411791665553296,0.005382476336025788,-0.029193191383231107,0.19185275166652122,0.17435267930670334,0.22026354674797552,0.26670242357027585,0.3034915331790325,0.2735072808421196,0.2632539341301523,0.26866614925735793,0.3182746888381493,0.07548658166332055,0.13299619477698407,0.054731406256114626,-0.01921408942813224,0.03263545601440368,-0.1882107393725172,-0.1950459725825046,-0.2576774041306915,-0.2396528666149953,-0.19600894764697258,-0.33827659503010316,-0.2651822601798482,-0.24625018887458713,-0.19206393887351453,-0.12862275432362102,0.028563707921631154,-0.017961788886766333,0.09950207018968482"
106,9.81,3.2664076730559684,"0.0,0.1,0.2,0.30000000000000004,0.4,0.5,0.6000000000000001,0.7000000000000001,0.8,0.9,1.0,1.1,1.2000000000000002,1.3,1.4000000000000001,1.5,1.6,1.7000000000000002,1.8,1.9000000000000001,2.0,2.1,2.2,2.3000000000000003,2.4000000000000004,2.5,2.6,2.7,2.8000000000000003,2.9000000000000004,3.0,3.1,3.2,3.3000000000000003,3.4000000000000004,3.5,3.6,3.7,3.8000000000000003,3.9000000000000004,4.0,4.1000000000000005,4.2,4.3,4.4,4.5,4.6000000000000005,4.7,4.800000000000001,4.9,5.0,5.1000000000000005,5.2,5.300000000000001,5.4,5.5,5.6000000000000005,5.7,5.800000000000001,5.9,6.0,6.1000000000000005,6.2,6.300000000000001,6.4,6.5,6.6000000000000005,6.7,6.800000000000001,6.9,7.0,7.1000000000000005,7.2,7.300000000000001,7.4,7.5,7.6000000000000005,7.7,7.800000000000001,7.9,8.0,8.1,8.200000000000001,8.3,8.4,8.5,8.6,8.700000000000001,8.8,8.9,9.0,9.1,9.200000000000001,9.3,9.4,9.5,9.600000000000001,9.700000000000001,9.8,9.9,10.0","0.27783287128365247,0.2260916618133781,0.27422535477018667,0.25390051442756334,0.23844056207753458,0.14638729476849138,0.17146085319397053,0.003923074972279603,0.05979654310585969,-0.015116583169810013,0.011979697882429821,-0.03092854723383269,-0.16292089087241382,-0.19652602806288777,-0.23334186363295495,-0.2517691097703345,-0.22307658862972787,-0.3586984530734202,-0.28281691324789193,-0.23112045645220253,-0.30974265866295364,-0.1867025092042528,-0.24948265116336416,-0.15933750979637254,-0.19447229668288152,-0.123052161712667,-0.08206090792285457,0.009234103113807957,0.3117582846910525,0.1007235995487446,0.20530791417392083,0.1741450366180748,0.18597948348993093,0.2667457749573231,0.2268481205596497,0.25294169709699793,0.24461162968104494,0.3191323813064691,0.25401152878797845,0.3481507423311129,0.2736685064923009,0.16615184707874533,0.11514251220380738,0.11527664539089899,0.02293463903473228,0.008535549028785706,0.01032080791167016,-0.01570897681011986,-0.0957840060495563,-0.16113760352591758,-0.29867388733179456,-0.41670160496480424,-0.23034301644116134,-0.2581904693036235,-0.3456430378078288,-0.1924100588920211,-0.3062307587119203,-0.29122356922037174,-0.32854877704918983,-0.15528999906754887,-0.234708027390236,-0.12068558763145351,-0.10474388384279296,0.02207153210218593,0.08304750433647695,0.0871728283156816,0.1104532097691891,0.18574858660257185,0.2127776055699788,0.2267087252686983,0.25552086466046003,0.3823502923085439,0.3232739169178626,0.43062675249402116,0.35355735893832246,0.3750829863387267,0.2640527782133079,0.20306964341530837,0.17911634635470616,0.12492305310440223,0.08914167994156569,0.030788866277072252,0.045007418185227535,-0.10857183457481451,-0.11791077663622276,-0.1483538422748462,-0.16267145411282222,-0.16838337544445472,-0.20241860625775948,-0.22415594980737216,-0.26918616730730993,-0.3233011436107986,-0.36123182677118876,-0.22884967386731175,-0.23819096951092444,-0.23219618922567511,-0.21648685165064208,-0.20443184810992626,-0.14498887601378174,-0.13900335105599226,0.0287620974632489"
107,9.81,1.3151792580678978,"0.0,0.1,0.2,0.30000000000000004,0.4,0.5,0.6000000000000001,0.7000000000000001,0.8,0.9,1.0,1.1,1.2000000000000002,1.3,1.4000000000000001,1.5,1.6,1.7000000000000002,1.8,1.9000000000000001,2.0,2.1,2.2,2.3000000000000003,2.4000000000000004,2.5,2.6,2.7,2.8000000000000003,2.9000000000000004,3.0,3.1,3.2,3.3000000000000003,3.4000000000000004,3.5,3.6,3.7,3.8000000000000003,3.9000000000000004,4.0,4.1000000000000005,4.2,4.3,4.4,4.5,4.6000000000000005,4.7,4.800000000000001,4.9,5.0,5.1000000000000005,5.2,5.300000000000001,5.4,5.5,5.6000000000000005,5.7,5.800000000000001,5.9,6.0,6.1000000000000005,6.2,6.300000000000001,6.4,6.5,6.6000000000000005,6.7,6.800000000000001,6.9,7.0,7.1000000000000005,7.2,7.300000000000001,7.4,7.5,7.6000000000000005,7.7,7.800000000000001,7.9,8.0,8.1,8.200000000000001,8.3,8.4,8.5,8.6,8.700000000000001,8.8,8.9,9.0,9.1,9.200000000000001,9.3,9.4,9.5,9.600000000000001,9.700000000000001,9.8,9.9,10.0","0.2665914853658882,0.28670608289642596,0.2203250980455748,0.21902601762786553,0.20618468472131934,0.001701202344862443,-0.019549594686201495,-0.10932965126442748,-0.24914822157103514,-0.21416560279456812,-0.29736793837856823,-0.30725700801668415,-0.2366371941760253,-0.2709565264165953,-0.28275245951570777,-0.18479383597136256,-0.28520423336069356,-0.11577157079880801,0.019426777680750025,0.09765341439265715,0.23939885253191032,0.3386226544660023,0.45439746651384627,0.3367218675430372,0.2688325900925265,0.2579497309793338,0.20310303598218998,0.13418292538862986,0.17349913686359203,0.0027899607892454166,-0.013258670150721866,-0.14368831787519198,-0.17883135134663197,-0.2902725274268712,-0.2855172290598851,-0.2711511531767605,-0.24746835456609093,-0.19321075338601507,-0.15470515923927883,-0.10293104198135963,0.07511564921517923,0.006532778725495271,0.21736036099442446,0.15454910877656391,0.17822067563659819,0.3219423533279977,0.23104666199360346,0.36379354247822215,0.2739048604938314,0.19251980126483778,0.25562584772410224,0.027771208025302502,-0.006361326612197404,-0.09305123353835926,-0.1278374682830552,-0.2343179246959451,-0.31280279562213353,-0.28232722498734597,-0.35495598278816237,-0.17784713138162841,-0.262338095490718,-0.22757789662082703,-0.10151862462342591,-0.15946874794605484,0.0028840780480203984,0.10696877972654219,0.20984481670347785,0.15956786729275965,0.2836955493400428,0.37034595765055844,0.31460413343957855,0.24081382839950038,0.2719759660203822,0.2097538846351153,0.08468451002243738,0.02735009746487306,-0.08057668357337933,-0.18728485647647375,-0.19638347485368285,-0.3784982868778547,-0.11657090642268889,-0.23861927184884263,-0.26729788440963553,-0.20230586762266362,-0.1675276049494053,-0.15452468257365265,-0.04875249573103391,0.023059150598400253,0.12101672325295695,0.14699085593166095,0.25046355271427556,0.26402661153364543,0.3082343115242525,0.3268334357318499,0.2747903331682962,0.15391801802028943,0.12017179754992875,0.22513999331795873,-0.03878121693037819,-0.06104632707198555,-0.17230298170319513"
108,9.81,0.5916924903226048,"0.0,0.1,0.2,0.30000000000000004,0.4,0.5,0.6000000000000001,0.7000000000000001,0.8,0.9,1.0,1.1,1.2000000000000002,1.3,1.4000000000000001,1.5,1.6,1.7000000000000002,1.8,1.9000000000000001,2.0,2.1,2.2,2.3000000000000003,2.4000000000000004,2.5,2.6,2.7,2.8000000000000003,2.9000000000000004,3.0,3.1,3.2,3.3000000000000003,3.4000000000000004,3.5,3.6,3.7,3.8000000000000003,3.9000000000000004,4.0,4.1000000000000005,4.2,4.3,4.4,4.5,4.6000000000000005,4.7,4.800000000000001,4.9,5.0,5.1000000000000005,5.2,5.300000000000001,5.4,5.5,5.6000000000000005,5.7,5.800000000000001,5.9,6.0,6.1000000000000005,6.2,6.300000000000001,6.4,6.5,6.6000000000000005,6.7,6.800000000000001,6.9,7.0,7.1000000000000005,7.2,7.300000000000001,7.4,7.5,7.6000000000000005,7.7,7.800000000000001,7.9,8.0,8.1,8.200000000000001,8.3,8.4,8.5,8.6,8.700000000000001,8.8,8.9,9.0,9.1,9.200000000000001,9.3,9.4,9.5,9.600000000000001,9.700000000000001,9.8,9.9,10.0","0.27481238878963693,0.2465065586552818,0.2831050275964835,-0.06455996374912044,-0.03490515141262367,-0.18264440808245191,-0.3083052637377477,-0.2971107403176768,-0.302328198850387,-0.26514326710170727,-0.10944487607453039,0.06381295045163321,-0.022523415006796853,0.09255319244751023,0.3205746830522268,0.26248881111555,0.28627164533833604,0.2975131757691144,0.08638971980532562,0.006315279484095718,-0.2334728594070831,-0.2001962387153115,-0.2428855955616679,-0.30183726655853615,-0.30631887956028464,-0.27569921511164625,-0.18117623777439734,0.012058265919596377,0.07490577245171867,0.2252009081154157,0.23422449975497128,0.3094915717452716,0.15956164775437864,0.1906864355144024,0.03566918593951038,-0.020640238790954862,-0.15051348026323497,-0.2388862246304744,-0.2300223293992559,-0.38308871487218654,-0.2916070544098299,-0.13944403638242872,-0.09607293625969984,0.24121461317210433,0.22139039816649303,0.23157864621391225,0.29057860603937186,0.2383685755636893,0.2521534636565559,0.014453536263273198,0.039630473017256196,-0.3014197112789545,-0.1884655832547522,-0.22596733854801856,-0.3875539284819057,-0.24516947232680514,-0.17647600277476377,-0.1223946415336778,0.04519460856077216,0.10482543378012896,0.17182847042430888,0.3700938366227124,0.3746845659052139,0.2543316315010826,0.22707470668195112,0.09001129086064877,-0.049222907691504426,-0.2757034993652964,-0.2974941564474285,-0.38759079472272967,-0.2557787557936737,-0.2259896352415516,-0.11382885802461855,0.004240202264490782,0.0979130578270563,0.24736437998543398,0.3517997522371666,0.14667807302793553,0.2371503496547452,0.19912147897047613,0.04715265835539885,0.006869248546214617,-0.13087517807966217,-0.3187926032591184,-0.45340470934224353,-0.49896541135026995,-0.35676092064361886,0.002639464808403408,-0.13050286347316467,0.2136723832941267,0.0717709133651179,0.2388982472192968,0.2040593207802515,0.23062449693775927,0.2720649447992282,0.23460541244604943,0.06907162723249038,-0.167353990893218,-0.2581085705949354,-0.21187864411797896,-0.2837261652901139"
109,9.81,2.8280664901320653,"0.0,0.1,0.2,0.30000000000000004,0.4,0.5,0.6000000000000001,0.7000000000000001,0.8,0.9,1.0,1.1,1.2000000000000002,1.3,1.4000000000000001,1.5,1.6,1.7000000000000002,1.8,1.9000000000000001,2.0,2.1,2.2,2.3000000000000003,2.4000000000000004,2.5,2.6,2.7,2.8000000000000003,2.9000000000000004,3.0,3.1,3.2,3.3000000000000003,3.4000000000000004,3.5,3.6,3.7,3.8000000000000003,3.9000000000000004,4.0,4.1000000000000005,4.2,4.3,4.4,4.5,4.6000000000000005,4.7,4.800000000000001,4.9,5.0,5.1000000000000005,5.2,5.300000000000001,5.4,5.5,5.6000000000000005,5.7,5.800000000000001,5.9,6.0,6.1000000000000005,6.2,6.300000000000001,6.4,6.5,6.6000000000000005,6.7,6.800000000000001,6.9,7.0,7.1000000000000005,7.2,7.300000000000001,7.4,7.5,7.6000000000000005,7.7,7.800000000000001,7.9,8.0,8.1,8.200000000000001,8.3,8.4,8.5,8.6,8.700000000000001,8.8,8.9,9.0,9.1,9.200000000000001,9.3,9.4,9.5,9.600000000000001,9.700000000000001,9.8,9.9,10.0","0.3245993200841313,0.31390738566671234,0.509458422444572,0.25181242699258455,0.1858670514625188,0.16197032811418258,0.18230089440271768,0.07560073084671386,0.026709382043857914,-0.054994596584072436,-0.11827486439741072,-0.159806172491352,-0.15622718805830493,-0.2231128366684403,-0.24320804058728424,-0.35701420656612004,-0.33974112200913476,-0.4305212665142278,-0.04852167312027805,-0.30188262500001706,-0.29093421952346815,-0.2626651200859572,-0.17445903645948613,-0.14091933805383286,0.02620556537586083,0.02996398597685883,0.010875552449054166,0.09790998947504986,0.18202445710290116,0.15041206400271673,0.2306976870888428,0.40909183945902194,0.17651529771258204,0.2836541957964075,0.45632994220807366,0.2216555364047646,0.19150134889393833,0.179435597990433,0.24260385524350814,-0.09074596227447274,0.1641089065749989,0.09014041853458138,-0.09511748585929386,-0.11772936851833571,-0.0836300503245557,-0.21816516628635435,-0.1863150159258751,-0.2171751143453034,-0.3160422064518282,-0.2622148413715603,-0.39258409128656835,-0.31591127560614596,-0.3175546206205908,-0.2800495500271811,-0.28854210198149455,-0.2580319072157855,-0.22933207082397442,-0.19132593013773616,-0.05221650037289003,-0.018540426269689277,0.07743209023860811,0.0797653034831557,0.20939420276888926,0.20904805037428986,0.19371392780702956,0.2434652164044543,0.24447655118632,0.30112587567501475,0.36833413367289053,0.3646761796202798,0.3252364320939906,0.24803310621006666,0.2463354434870011,0.2710512957113148,0.029411206301604292,0.08098675778786697,0.0012980019800835803,-0.33798961136815464,-0.12974899222915082,0.07117037175709517,-0.20084258400035676,-0.2613938894858641,-0.26245971230080056,-0.2947752723783039,-0.2983928411346396,-0.4605653495303836,-0.29790786720118123,-0.17462943669699113,-0.21566398846800253,-0.24443679882970476,-0.22895369771033805,-0.12333350363660438,-0.0986896588380653,0.06615265832987557,0.005112552826650206,0.08418146939655388,0.1475936851189165,0.3641424949514239,0.2848367980834131,0.3666976984400808,0.3039138288575101"
110,9.81,0.957811267992042,"0.0,0.1,0.2,0.30000000000000004,0.4,0.5,0.6000000000000001,0.7000000000000001,0.8,0.9,1.0,1.1,1.2000000000000002,1.3,1.4000000000000001,1.5,1.6,1.7000000000000002,1.8,1.9000000000000001,2.0,2.1,2.2,2.3000000000000003,2.4000000000000004,2.5,2.6,2.7,2.8000000000000003,2.9000000000000004,3.0,3.1,3.2,3.3000000000000003,3.4000000000000004,3.5,3.6,3.7,3.8000000000000003,3.9000000000000004,4.0,4.1000000000000005,4.2,4.3,4.4,4.5,4.6000000000000005,4.7,4.800000000000001,4.9,5.0,5.1000000000000005,5.2,5.300000000000001,5.4,5.5,5.6000000000000005,5.7,5.800000000000001,5.9,6.0,6.1000000000000005,6.2,6.300000000000001,6.4,6.5,6.6000000000000005,6.7,6.800000000000001,6.9,7.0,7.1000000000000005,7.2,7.300000000000001,7.4,7.5,7.6000000000000005,7.7,7.800000000000001,7.9,8.0,8.1,8.200000000000001,8.3,8.4,8.5,8.6,8.700000000000001,8.8,8.9,9.0,9.1,9.200000000000001,9.3,9.4,9.5,9.600000000000001,9.700000000000001,9.8,9.9,10.0","0.23295535241544296,0.23693974571093612,0.28114388454568634,0.0712802725587903,0.06977631942466753,-0.07433372142156952,-0.08227899410782906,-0.165378839814822,-0.2873205035422852,-0.3011858682824771,-0.1474971116782144,-0.2645355282963484,-0.32567200574315225,-0.17046455600466576,-0.11218276751315395,-0.04835300715248802,0.27122546483532234,0.21631826769790524,0.3204265538413486,0.2580392602043716,0.3889313279272676,0.3221914273771299,0.17401984001845217,0.15007726163108373,0.0023652518441684076,-0.03973540500066935,-0.12329821671203132,-0.1298738782696814,-0.2603890928777653,-0.25861525675027985,-0.33732137973850673,-0.23083161825494816,-0.2703960730534564,-0.1439441351507231,-0.02177880147006527,0.03247890831529647,0.03965262676124019,0.1450554014869027,0.21060322596936557,0.36559540478040453,0.25635414965711645,0.10937050940756085,0.19098990208869496,0.13732444014136172,0.015313639544178179,-0.07226292158582602,-0.23345292538567108,-0.2970106733412424,-0.2805658345784702,-0.44463470797494964,-0.40412156605398286,-0.24122804405062467,-0.27392382340859517,-0.09747138519487987,-0.03216703109089321,0.07963334223968459,0.15885846530169953,0.24584454183497045,0.21019188424667837,0.2788940433156026,0.24803637225599162,0.2507944632572509,-0.004188565579927889,0.18627959977588587,-0.04163760863139336,-0.05445604550462975,-0.23857635896546786,-0.28976119805133665,-0.25325305490753125,-0.2895661043478782,-0.33681412863323185,-0.2744618065974366,-0.15834911716432598,-0.08880732336244843,-0.10476810383815557,0.1157890110089937,0.2775983924343046,0.2814868042829325,0.382910511616802,0.4617015027789867,0.3076033351467403,0.14839650938771987,0.04065635834291008,-0.0074505429723487615,-0.008875577836457559,-0.10357508556252616,-0.2535478504094282,-0.18426982840841868,-0.27167851420172573,-0.3759625644923076,-0.2808600235856867,-0.28182899613787665,-0.1462164842779484,-0.07526201181637834,0.09008253615954909,0.1781575425341776,0.22147447885498128,0.2442149565159254,0.27240509800794466,0.32048019864057564,0.24059543539821396"
111,9.81,2.2346681775106214,"0.0,0.1,0.2,0.30000000000000004,0.4,0.5,0.6000000000000001,0.7000000000000001,0.8,0.9,1.0,1.1,1.2000000000000002,1.3,1.4000000000000001,1.5,1.6,1.7000000000000002,1.8,1.9000000000000001,2.0,2.1,2.2,2.3000000000000003,2.4000000000000004,2.5,2.6,2.7,2.8000000000000003,2.9000000000000004,3.0,3.1,3.2,3.3000000000000003,3.4000000000000004,3.5,3.6,3.7,3.8000000000000003,3.9000000000000004,4.0,4.1000000000000005,4.2,4.3,4.4,4.5,4.6000000000000005,4.7,4.800000000000001,4.9,5.0,5.1000000000000005,5.2,5.300000000000001,5.4,5.5,5.6000000000000005,5.7,5.800000000000001,5.9,6.0,6.1000000000000005,6.2,6.300000000000001,6.4,6.5,6.6000000000000005,6.7,6.800000000000001,6.9,7.0,7.1000000000000005,7.2,7.300000000000001,7.4,7.5,7.6000000000000005,7.7,7.800000000000001,7.9,8.0,8.1,8.200000000000001,8.3,8.4,8.5,8.6,8.700000000000001,8.8,8.9,9.0,9.1,9.200000000000001,9.3,9.4,9.5,9.600000000000001,9.700000000000001,9.8,9.9,10.0","0.251475453043652,0.2683419053735512,0.2208246932961997,0.28843861909379637,0.21809955228397968,0.17245788772339968,-0.0526698138817895,0.053514629930493426,-0.05454678297998261,-0.18370522528900612,-0.17745846712344032,-0.24209332768360767,-0.2372932087496038,-0.34311849621795654,-0.2584083879769464,-0.2792115354870453,-0.3282256218351587,-0.3028939564353241,-0.3433163503254296,-0.16432354583353043,-0.2861714231806058,-0.040692703464294835,-0.20139634536236856,0.07543821915469197,0.18108033818918395,0.2502519102898768,0.18317441891875197,0.25840759026707005,0.25590591767297316,0.20399339019983695,0.2841546512447739,0.3119279096862927,0.23870186673787355,0.3809115330732405,0.2342621808168566,0.20923569083332172,-0.06493547251642207,0.05371692423669799,-0.055511761472691795,-0.06933237360478396,-0.17478929771719204,-0.16232478668206327,-0.17536007027382466,-0.24096884012755238,-0.32057215908470627,-0.33389256129048567,-0.17638831344164801,-0.22864898336019096,-0.2374093457563578,-0.19501033324673478,-0.09406868785912953,-0.14237240765685566,-0.10328576197332966,-0.012603941767389569,0.10621154085668139,0.22228656998462926,0.11331330831654109,0.1588365093395384,0.21532009208418687,0.25724079358783514,0.2553607412003189,0.2694628400037084,0.31090907074469365,0.3353281033022938,0.2047786292075264,0.12431922194667133,0.08082409345872045,0.02918924222052357,0.11084968091943616,-0.004795159486644038,-0.1402878878983167,-0.3631661187427955,-0.3211899102989403,-0.33363105794012193,-0.2635194849806551,-0.36774303737153186,-0.38715512576586886,-0.4076977189104947,-0.2813176898114352,-0.26593399337424556,-0.1787693846215579,-0.10502242519240497,-0.04494488870137617,-0.04253521499637722,0.10830132351904072,0.07157744495616683,0.07390930453851902,0.12754691615434427,0.283602754228763,0.31441751469691653,0.2914680102256296,0.2093015825454885,0.29765047050610566,0.22322562357843062,0.23701132567749122,0.179015901837617,0.07888423361729463,0.010319718114250392,-0.04632739141942417,-0.05676161681018223,-0.16615039608092025"
112,9.81,2.808208683275474,"0.0,0.1,0.2,0.30000000000000004,0.4,0.5,0.6000000000000001,0.7000000000000001,0.8,0.9,1.0,1.1,1.2000000000000002,1.3,1.4000000000000001,1.5,1.6,1.7000000000000002,1.8,1.9000000000000001,2.0,2.1,2.2,2.3000000000000003,2.4000000000000004,2.5,2.6,2.7,2.8000000000000003,2.9000000000000004,3.0,3.1,3.2,3.3000000000000003,3.4000000000000004,3.5,3.6,3.7,3.8000000000000003,3.9000000000000004,4.0,4.1000000000000005,4.2,4.3,4.4,4.5,4.6000000000000005,4.7,4.800000000000001,4.9,5.0,5.1000000000000005,5.2,5.300000000000001,5.4,5.5,5.6000000000000005,5.7,5.800000000000001,5.9,6.0,6.1000000000000005,6.2,6.300000000000001,6.4,6.5,6.6000000000000005,6.7,6.800000000000001,6.9,7.0,7.1000000000000005,7.2,7.300000000000001,7.4,7.5,7.6000000000000005,7.7,7.800000000000001,7.9,8.0,8.1,8.200000000000001,8.3,8.4,8.5,8.6,8.700000000000001,8.8,8.9,9.0,9.1,9.200000000000001,9.3,9.4,9.5,9.600000000000001,9.700000000000001,9.8,9.9,10.0","0.27147207251971456,0.37011805687751254,0.20544026676452334,0.2557772954045789,0.17878132371912991,0.11335650618938309,0.15210804304246361,0.027144967935041557,0.006704672918367256,-0.08080792801298875,-0.003679045760105193,-0.11465019041916188,-0.16603166745186962,-0.2239438228110758,-0.2467038063300374,-0.4019703673049967,-0.2967241272338597,-0.30176656421992637,-0.24889464548141227,-0.3710232280465988,-0.2726559773346008,-0.25116012955482975,-0.1821213211753856,-0.13908512134110854,-0.07172421233206075,0.004306515294095793,0.0946258429717638,0.06030500051531897,0.23738223451826096,0.1744156428816818,0.2124773362664818,0.27768416811792096,0.36075146653272944,0.3430608488766522,0.3225984094598713,0.29970920630510023,0.22752072719946734,0.2427363927459925,0.1942111734757045,0.0012545463776216514,0.2195114711601067,0.05267477234776513,-0.10984063566859084,-0.10081583670835137,-0.14090613770209082,-0.2052371899874931,-0.22283217255544696,-0.25206373853262215,-0.32779096883610864,-0.33251978974828517,-0.36777987093853093,-0.43935036787878456,-0.20186660368782056,-0.2575804538794073,-0.33305821262843693,-0.16388611771632708,-0.18953822587718985,-0.20764392026521306,-0.041367282457474557,0.021903222486111974,0.09606871346458473,0.09811336761572166,0.18074424062413785,0.17795460756502343,0.22111848252809754,0.290658327623899,0.291147866119485,0.3243151145388275,0.3226096171226175,0.2817638951232752,0.24153869921207372,0.23865850163726024,0.2661385126835042,0.20834873214139205,0.08493985055146008,0.13331521952122502,-0.0832856363477643,-0.2105942471643851,0.08601075100104709,-0.09895589047815126,-0.32320966606661816,-0.270736591152138,-0.26320759300356616,-0.2769496221304122,-0.26957089345976165,-0.38888141406931315,-0.30919638933414734,-0.23499375721500285,-0.27304505620066477,-0.26130059394976174,-0.2143722214762103,-0.12501966710290624,-0.06989467627389936,-0.0017218372029758448,0.0608165956184038,0.1481560164881569,0.18079127859894087,0.288972896739458,0.2256503979588411,0.26869763927202667,0.3081841695819615"
113,9.81,3.6284817026914284,"0.0,0.1,0.2,0.30000000000000004,0.4,0.5,0.6000000000000001,0.7000000000000001,0.8,0.9,1.0,1.1,1.2000000000000002,1.3,1.4000000000000001,1.5,1.6,1.7000000000000002,1.8,1.9000000000000001,2.0,2.1,2.2,2.3000000000000003,2.4000000000000004,2.5,2.6,2.7,2.8000000000000003,2.9000000000000004,3.0,3.1,3.2,3.3000000000000003,3.4000000000000004,3.5,3.6,3.7,3.8000000000000003,3.9000000000000004,4.0,4.1000000000000005,4.2,4.3,4.4,4.5,4.6000000000000005,4.7,4.800000000000001,4.9,5.0,5.1000000000000005,5.2,5.300000000000001,5.4,5.5,5.6000000000000005,5.7,5.800000000000001,5.9,6.0,6.1000000000000005,6.2,6.300000000000001,6.4,6.5,6.6000000000000005,6.7,6.800000000000001,6.9,7.0,7.1000000000000005,7.2,7.300000000000001,7.4,7.5,7.6000000000000005,7.7,7.800000000000001,7.9,8.0,8.1,8.200000000000001,8.3,8.4,8.5,8.6,8.700000000000001,8.8,8.9,9.0,9.1,9.200000000000001,9.3,9.4,9.5,9.600000000000001,9.700000000000001,9.8,9.9,10.0","0.2758027304762065,0.2086011839371371,0.30720437915827753,0.25095238759882055,0.15881930350587686,0.23780855815525093,0.36848252749835814,0.06667094233183625,0.09687956397696804,0.048140059603565995,0.22401853304508323,-0.07574283498741162,-0.05827829769215759,-0.060043334559189324,-0.19596884177880874,-0.224016412898673,-0.2782831502478102,-0.2582000373031154,-0.291789628594434,-0.36527721363845195,-0.34257588597890565,-0.28045080949996776,-0.3234317379936745,-0.20134628637503527,-0.15311761346232994,-0.17033713713704707,-0.07532254847828238,-0.10264316740752953,-0.11128110307000061,-0.0957540872071487,0.031753399393565966,0.10050641144318788,0.2214170948630126,0.2608136600036975,0.14099819953072792,0.39895373956471,0.24495903553684428,0.3730133322184911,0.2793360556234492,0.24285176863547506,0.24753738094832767,0.24798740418965287,0.22083260427692994,0.2634906904352415,0.17007564567236794,0.1432884878744307,0.12295963011647067,0.1080951085641299,0.08035629765396157,-0.11942799147526634,-0.04744101748494127,-0.10521619150842945,-0.21179546593614823,-0.24864879917608312,-0.3087534772178495,-0.20941775887125524,-0.2706315784291299,-0.2923184532156121,-0.3489468198833905,-0.30346558183215877,-0.32733980278692315,-0.19601460003190405,-0.13629412105590202,-0.1812136476665095,-0.15896058984021733,-0.04153252755424483,0.020900425135492597,-0.02149858179056329,0.09751247189642556,0.04149286025070968,0.09959609097080739,0.12966388046558125,0.32505579443868315,0.35829588427721343,0.2723826757888646,0.27474984652774886,0.2301813084779807,0.23829826280128014,0.3552664547817259,0.30131323626477274,0.31357095063883456,0.14589664367003385,0.17998363156968694,0.18024755160269335,0.2226330255718375,0.0963241605255904,0.023207667448569225,-0.03448545010767723,-0.04431138028519238,-0.16860396860018695,-0.1481941316036653,-0.2514704353712096,-0.22700469083505923,-0.2867636944431221,-0.39127059953451393,-0.2642292871085251,-0.16376175170582621,-0.30209567750821426,-0.30113272059090856,-0.2415064412980658,-0.20547068821056508"
114,9.81,3.1777222136438,"0.0,0.1,0.2,0.30000000000000004,0.4,0.5,0.6000000000000001,0.7000000000000001,0.8,0.9,1.0,1.1,1.2000000000000002,1.3,1.4000000000000001,1.5,1.6,1.7000000000000002,1.8,1.9000000000000001,2.0,2.1,2.2,2.3000000000000003,2.4000000000000004,2.5,2.6,2.7,2.8000000000000003,2.9000000000000004,3.0,3.1,3.2,3.3000000000000003,3.4000000000000004,3.5,3.6,3.7,3.8000000000000003,3.9000000000000004,4.0,4.1000000000000005,4.2,4.3,4.4,4.5,4.6000000000000005,4.7,4.800000000000001,4.9,5.0,5.1000000000000005,5.2,5.300000000000001,5.4,5.5,5.6000000000000005,5.7,5.800000000000001,5.9,6.0,6.1000000000000005,6.2,6.300000000000001,6.4,6.5,6.6000000000000005,6.7,6.800000000000001,6.9,7.0,7.1000000000000005,7.2,7.300000000000001,7.4,7.5,7.6000000000000005,7.7,7.800000000000001,7.9,8.0,8.1,8.200000000000001,8.3,8.4,8.5,8.6,8.700000000000001,8.8,8.9,9.0,9.1,9.200000000000001,9.3,9.4,9.5,9.600000000000001,9.700000000000001,9.8,9.9,10.0","0.2513684947105772,0.29056710034902294,0.28573432355403444,0.16833288047010111,0.2691476444741443,0.26857793185285717,0.13045051570360056,0.001964962239129203,0.02846095964710315,0.03794788647289938,0.043707210059682366,-0.06652389674015632,-0.13802222298997668,-0.2702407236245081,-0.15490794770764937,-0.2652355645391211,-0.3697355703064179,-0.2681473635420887,-0.42917509172953167,-0.3776147188714287,-0.2830673993905677,-0.20420562414820181,-0.12483791372623494,-0.1438409150095496,-0.15841680033420846,-0.22539686348104965,-0.02872377753802101,-0.03629945504944062,0.1300049293412443,0.06362543060326864,0.29652166605809505,0.20209042776613712,0.22593397002109697,0.24798332018936375,0.27986171818885014,0.2590727599808371,0.31674426772640474,0.21926113733061325,0.324424184602129,0.22656193885292278,0.28475118816531697,0.16666346551139125,0.13572357213595312,0.06943269158509738,0.023463926502050536,-0.0717487373541065,-0.09948435549146455,-0.10091772678830128,-0.15644329473987367,-0.19004649249260186,-0.23485177906614133,-0.3016009962465451,-0.3437528456538785,-0.2790346362549941,-0.3123161674698567,-0.31239881772832,-0.21012917070295764,-0.22604979445618859,-0.17518651851281075,-0.33303320846016304,-0.3026350674924145,-0.145980367036754,0.001881799867961026,0.09680388524632669,0.09535554369685062,0.07395147946013256,0.1269094687273648,0.1396227617611689,0.2803397555102997,0.28417130278088976,0.2996490563022589,0.2953569506853495,0.3134547797121108,0.2671357846675285,0.20227802506419518,0.26105936458187645,0.2979472031940867,0.20460055091690288,0.07955443652193009,0.15670280897652566,0.03228539607576655,0.03262583974679861,-0.11964242476743513,-0.24751407889816607,0.04984800955640606,-0.11145285840404463,-0.18628932733523745,-0.13910215887790858,-0.26407166891579753,-0.32908432918151587,-0.2801442217932717,-0.30787708827474625,-0.27112572661811873,-0.2872049606625016,-0.2294950346143803,-0.20112101063830112,-0.0992168477484032,-0.17236799117719304,-0.09130746653070934,-0.0032897456472840043,0.038094318422388064"
115,9.81,4.806988236594577,"0.0,0.1,0.2,0.30000000000000004,0.4,0.5,0.6000000000000001,0.7000000000000001,0.8,0.9,1.0,1.1,1.2000000000000002,1.3,1.4000000000000001,1.5,1.6,1.7000000000000002,1.8,1.9000000000000001,2.0,2.1,2.2,2.3000000000000003,2.4000000000000004,2.5,2.6,2.7,2.8000000000000003,2.9000000000000004,3.0,3.1,3.2,3.3000000000000003,3.4000000000000004,3.5,3.6,3.7,3.8000000000000003,3.9000000000000004,4.0,4.1000000000000005,4.2,4.3,4.4,4.5,4.6000000000000005,4.7,4.800000000000001,4.9,5.0,5.1000000000000005,5.2,5.300000000000001,5.4,5.5,5.6000000000000005,5.7,5.800000000000001,5.9,6.0,6.1000000000000005,6.2,6.300000000000001,6.4,6.5,6.6000000000000005,6.7,6.800000000000001,6.9,7.0,7.1000000000000005,7.2,7.300000000000001,7.4,7.5,7.6000000000000005,7.7,7.800000000000001,7.9,8.0,8.1,8.200000000000001,8.3,8.4,8.5,8.6,8.700000000000001,8.8,8.9,9.0,9.1,9.200000000000001,9.3,9.4,9.5,9.600000000000001,9.700000000000001,9.8,9.9,10.0","0.28770477899993596,0.16095089374341615,0.30005010588949627,0.20935316717763,0.32933886413633806,0.2083985791646716,0.20526127656239923,0.19278127934074818,0.07431139676102017,0.0672474495156686,-0.09115436716768534,-0.13619778684555656,-0.061264472788993114,-0.28531872158653276,-0.137566818305515,-0.2501016693968853,-0.2206373997371654,-0.26010371446915076,-0.10315651177826785,-0.23147273020656253,-0.3562032545239393,-0.13078095709914617,-0.4097905956544888,-0.34949878557964853,-0.2630215285837741,-0.1791859155810733,-0.1946759631299777,-0.2924383026195963,-0.15701549928384823,-0.23706655565630413,-0.13081881555913974,-0.07992103325698015,-0.0586392009787306,-0.07481650177812016,0.30580172627758645,0.06769186243210737,0.12290640213114515,0.1888248454617058,0.1823540054876751,0.2381817917335912,0.2677811344203097,0.3198255428992554,0.31851107381889865,0.2979646131587299,0.3736488488836034,0.30707868307921127,0.3548511551304365,0.3082533759787954,0.3236420164842352,0.22085401736208032,0.17877296479787783,0.19431369475128146,0.12069403816298081,0.12457410985716787,0.033019596380492525,0.0627309750181777,-0.02631887573063734,-0.07986684353403133,-0.0790868518600059,-0.10559024284988958,-0.19505237808434922,-0.20696651983568246,-0.19860103932468043,-0.2768049288557859,-0.23963688733204025,-0.32517688135996814,-0.3168808968909586,-0.4109397795710166,-0.29346203972637586,-0.2886982209838296,-0.3631030399229634,-0.1519648555782554,-0.1969426519662406,-0.13663929092000854,-0.23844926992569068,-0.1095100520508964,0.018930247921135644,-0.06122926415171462,0.020005095544694127,0.05837305390735727,0.02870033929645255,0.1411223922263757,0.25772353039106166,0.16083915475688965,0.3302967684317003,0.17780993419975163,0.3382108637416638,0.3705464515789759,0.44160874447987414,0.32330732118741456,0.328015924309626,0.21346607004988913,0.19847543523418637,0.23082033425427748,0.15419975065687508,0.40463280103442356,0.0787346080980262,0.04059631080038088,0.023299841900271484,-0.003218780514242299,-0.09157193159075117"
116,9.81,3.706562745660646,"0.0,0.1,0.2,0.30000000000000004,0.4,0.5,0.6000000000000001,0.7000000000000001,0.8,0.9,1.0,1.1,1.2000000000000002,1.3,1.4000000000000001,1.5,1.6,1.7000000000000002,1.8,1.9000000000000001,2.0,2.1,2.2,2.3000000000000003,2.4000000000000004,2.5,2.6,2.7,2.8000000000000003,2.9000000000000004,3.0,3.1,3.2,3.3000000000000003,3.4000000000000004,3.5,3.6,3.7,3.8000000000000003,3.9000000000000004,4.0,4.1000000000000005,4.2,4.3,4.4,4.5,4.6000000000000005,4.7,4.800000000000001,4.9,5.0,5.1000000000000005,5.2,5.300000000000001,5.4,5.5,5.6000000000000005,5.7,5.800000000000001,5.9,6.0,6.1000000000000005,6.2,6.300000000000001,6.4,6.5,6.6000000000000005,6.7,6.800000000000001,6.9,7.0,7.1000000000000005,7.2,7.300000000000001,7.4,7.5,7.6000000000000005,7.7,7.800000000000001,7.9,8.0,8.1,8.200000000000001,8.3,8.4,8.5,8.6,8.700000000000001,8.8,8.9,9.0,9.1,9.200000000000001,9.3,9.4,9.5,9.600000000000001,9.700000000000001,9.8,9.9,10.0","0.3652177869832934,0.31070302584467835,0.2504122284278285,0.21151287644579272,0.2573964395566817,0.24365493099168173,0.09375220390102028,0.13068839568530266,0.09062256241046004,0.0187220549741675,0.12048873455609928,-0.11977858036513214,-0.09057890063329892,-0.08403335023905648,-0.1678681351597349,-0.21493137865936535,-0.21802986216361728,-0.28617274979530094,-0.3105621435342375,-0.32288626573631046,-0.2556871377160129,-0.2645066314889742,-0.26467292952748783,-0.18160898581566254,-0.200850466970376,-0.09157926871385656,-0.059742275152828775,-0.05271680782427845,-0.12410151646362248,-0.09504763233496082,0.045193229486308245,0.2323230866033803,0.11083997215476298,0.16083362460796258,0.18615281329654962,0.21001187102354488,0.2741433772756371,0.23596929791807744,0.31000586589242257,0.3023908454317424,0.23477973382535733,0.295535464166542,0.21915712409997573,0.253770394709466,0.22059874191480328,0.18138954286159184,0.14243318242672254,0.08724098873803908,-0.007470323930088098,-0.04188051210055224,-0.01289413584115337,-0.01982158157640304,-0.12748336004664787,-0.19713049049692055,-0.15811334705143704,-0.28850433711987417,-0.254327960386388,-0.13679549485460862,-0.3627638936045978,-0.26668132612398404,-0.27846113514008747,-0.30639832127862465,-0.20848586473127922,-0.18016694827985336,-0.15214011465059862,-0.05892667854508721,-0.14957438696640163,-0.12735299434400307,0.05168786053810507,0.10784384307003819,0.1308674994654918,0.1481693052139087,0.13182253096599927,0.22734182499452668,0.18089984152131622,0.3310928164582893,0.21703276343036193,0.2910278652179307,0.4221282245835532,0.3217203170330585,0.35071324475280286,0.21595529386901002,0.30802035842949627,0.24768204621666937,0.19785155549723477,0.12334944809290493,0.09650668577706205,0.0077907221010165666,-0.16566238666606747,-0.012178641879545829,-0.17139715998990113,-0.10336706163363209,-0.09236973189123521,-0.1660121537481895,-0.25935148150513343,-0.18688128635276063,-0.31410393779450313,-0.15770333220426266,-0.3056147871898288,-0.2760879440204353,-0.3108425002179932"
117,9.81,2.5385132649974342,"0.0,0.1,0.2,0.30000000000000004,0.4,0.5,0.6000000000000001,0.7000000000000001,0.8,0.9,1.0,1.1,1.2000000000000002,1.3,1.4000000000000001,1.5,1.6,1.7000000000000002,1.8,1.9000000000000001,2.0,2.1,2.2,2.3000000000000003,2.4000000000000004,2.5,2.6,2.7,2.8000000000000003,2.9000000000000004,3.0,3.1,3.2,3.3000000000000003,3.4000000000000004,3.5,3.6,3.7,3.8000000000000003,3.9000000000000004,4.0,4.1000000000000005,4.2,4.3,4.4,4.5,4.6000000000000005,4.7,4.800000000000001,4.9,5.0,5.1000000000000005,5.2,5.300000000000001,5.4,5.5,5.6000000000000005,5.7,5.800000000000001,5.9,6.0,6.1000000000000005,6.2,6.300000000000001,6.4,6.5,6.6000000000000005,6.7,6.800000000000001,6.9,7.0,7.1000000000000005,7.2,7.300000000000001,7.4,7.5,7.6000000000000005,7.7,7.800000000000001,7.9,8.0,8.1,8.200000000000001,8.3,8.4,8.5,8.6,8.700000000000001,8.8,8.9,9.0,9.1,9.200000000000001,9.3,9.4,9.5,9.600000000000001,9.700000000000001,9.8,9.9,10.0","0.3176612278404117,0.2737641065068173,0.3435175341472166,0.2534058050338051,0.1897874104179373,0.19386759349683955,0.04357888504957,0.11560744275254464,-0.01885916931340698,-0.08204836774879509,-0.0012198836852148204,-0.16739257396879,-0.21753132297364033,-0.24254341137225913,-0.34352773554752214,-0.2098718593998749,-0.29546855569733665,-0.26354703625123305,-0.2797491544535002,-0.2960036455943147,-0.2590252018890208,-0.27228238938256044,-0.15576611854916805,-0.055710007469843836,-0.0035029672968455265,0.04382759662565166,0.15438499148779233,0.19409611139981636,0.1443661348081238,0.22058402677299277,0.1519521756357237,0.3065042640480775,0.23586426623831708,0.2904307254589363,0.21098288676137306,0.31044191967451595,0.3040847970817459,0.09919447518325306,0.07098986443679312,0.03836452667985875,-0.019850487336721796,-0.049598111485020226,-0.006336864787658131,-0.1088420438467595,-0.16638012400484153,-0.27268245654741896,-0.3094319434471507,-0.2386502469481526,-0.26298275090264633,-0.333055850541795,-0.3171792976175359,-0.23388985197357054,-0.21473927183097755,-0.16457381617796382,-0.07387658453971636,0.0050147258304590325,-0.025245744624535976,0.043669056755828606,0.10046967587617975,0.16770900228764815,0.22476542648738107,0.23429203117516573,0.23011266650338857,0.3334957808382517,0.4735540593310452,0.31990594203706135,0.2588130814887768,0.19023439171394568,0.20952172363619567,0.12200726976314444,0.12440200495921186,-0.026168985619838894,-0.06892958990903729,-0.086886797604639,-0.0903576244192778,-0.17674866611619489,-0.19884498089267483,-0.24428092062981432,-0.39641185265751105,-0.18163461178725787,-0.15691604100167195,-0.2589373513404029,-0.3326262259642484,-0.2755408710507799,-0.19536122935703398,-0.16141994107824506,-0.18833933064944028,-0.09196275307419151,0.05331384294913029,-0.008746346762536883,0.026194179566943393,0.20404078549654311,0.21243370925583224,0.26939632903188093,0.2653352096108953,0.3045798507207137,0.26492651531347833,0.28902099497858047,0.23561817968486842,0.26932110469781945,0.20143319119015052"
118,9.81,1.3075062136069557,"0.0,0.1,0.2,0.30000000000000004,0.4,0.5,0.6000000000000001,0.7000000000000001,0.8,0.9,1.0,1.1,1.2000000000000002,1.3,1.4000000000000001,1.5,1.6,1.7000000000000002,1.8,1.9000000000000001,2.0,2.1,2.2,2.3000000000000003,2.4000000000000004,2.5,2.6,2.7,2.8000000000000003,2.9000000000000004,3.0,3.1,3.2,3.3000000000000003,3.4000000000000004,3.5,3.6,3.7,3.8000000000000003,3.9000000000000004,4.0,4.1000000000000005,4.2,4.3,4.4,4.5,4.6000000000000005,4.7,4.800000000000001,4.9,5.0,5.1000000000000005,5.2,5.300000000000001,5.4,5.5,5.6000000000000005,5.7,5.800000000000001,5.9,6.0,6.1000000000000005,6.2,6.300000000000001,6.4,6.5,6.6000000000000005,6.7,6.800000000000001,6.9,7.0,7.1000000000000005,7.2,7.300000000000001,7.4,7.5,7.6000000000000005,7.7,7.800000000000001,7.9,8.0,8.1,8.200000000000001,8.3,8.4,8.5,8.6,8.700000000000001,8.8,8.9,9.0,9.1,9.200000000000001,9.3,9.4,9.5,9.600000000000001,9.700000000000001,9.8,9.9,10.0","0.29311857032260874,0.32097189473540133,0.2652824580975731,0.23427529134367098,0.19586324142656025,0.04580778259622559,-0.06904452795928073,-0.06741785250096348,-0.09636754548091143,-0.20981341775039059,-0.2787533139047913,-0.33265368637117654,-0.3285983895590517,-0.27739349959086906,-0.16718260424616946,-0.17102679595759165,-0.25755126513677734,-0.1739032295656514,0.0981681719370939,0.17086520755060958,0.16088196259763604,0.3272592217890281,0.1824460962899101,0.4018526594444551,0.32185201657702084,0.3136097703674764,0.17058041418530037,0.15767855520996832,0.09010577502719785,0.008242681967976173,0.01866613232091148,-0.15798236758478174,-0.3145241403335408,-0.3348719302794263,-0.22460690482784884,-0.3275183336769064,-0.24453281084202025,-0.17245689578747858,-0.22231733617516258,-0.08751458545806241,-0.06057106779746928,0.13168079073639466,0.21132418228239172,0.16195466270800993,0.20225988860901079,0.2670428597749982,0.236095105485305,0.27176182032814294,0.3573309103403589,0.14551290903252978,0.17815626150668307,-0.008736461167002461,-0.14010323363024832,-0.08761017002317674,-0.1206897402297894,-0.2742585894778058,-0.26838782345628287,-0.3687399979829115,-0.18516672935300407,-0.3399297993155463,-0.34594161961830733,-0.18917071039947125,-0.16049103102101483,-0.047755056081983084,0.04845696652513361,0.17059081725953587,0.20831944670454142,0.22234149684505577,0.3313839440231005,0.3188090216109752,0.23348641418013558,0.25638141216803284,0.21523583935146295,0.16598660450454444,0.15274785652186268,0.010542735663012212,-0.05708619901079557,-0.14061217483655228,-0.21208583741905118,-0.2711222616401324,-0.27474976403176515,-0.24465132421853922,-0.2507880026770215,-0.21351017248827647,-0.18194172236564302,-0.12364927268174034,0.027191692542027183,0.10902589667129886,0.08873276474168999,0.24407675534910137,0.1943264602548805,0.2768863406559847,0.3070915338210723,0.3430611828209291,0.29472821903597723,0.2400446578556541,0.2140336994857332,0.1387540594207382,-0.009266061363608222,-0.1597316504243774,-0.16641174777800738"
119,9.81,1.8027527507582581,"0.0,0.1,0.2,0.30000000000000004,0.4,0.5,0.6000000000000001,0.7000000000000001,0.8,0.9,1.0,1.1,1.2000000000000002,1.3,1.4000000000000001,1.5,1.6,1.7000000000000002,1.8,1.9000000000000001,2.0,2.1,2.2,2.3000000000000003,2.4000000000000004,2.5,2.6,2.7,2.8000000000000003,2.9000000000000004,3.0,3.1,3.2,3.3000000000000003,3.4000000000000004,3.5,3.6,3.7,3.8000000000000003,3.9000000000000004,4.0,4.1000000000000005,4.2,4.3,4.4,4.5,4.6000000000000005,4.7,4.800000000000001,4.9,5.0,5.1000000000000005,5.2,5.300000000000001,5.4,5.5,5.6000000000000005,5.7,5.800000000000001,5.9,6.0,6.1000000000000005,6.2,6.300000000000001,6.4,6.5,6.6000000000000005,6.7,6.800000000000001,6.9,7.0,7.1000000000000005,7.2,7.300000000000001,7.4,7.5,7.6000000000000005,7.7,7.800000000000001,7.9,8.0,8.1,8.200000000000001,8.3,8.4,8.5,8.6,8.700000000000001,8.8,8.9,9.0,9.1,9.200000000000001,9.3,9.4,9.5,9.600000000000001,9.700000000000001,9.8,9.9,10.0","0.31441530711553417,0.3813531608281292,0.28645877325068564,0.29529876286842427,0.16850506317555589,0.10187296502054796,-0.062442008244261875,-0.03502738059729647,-0.11232563810677404,-0.14483657587476387,-0.1539026608801027,-0.19784057568088864,-0.25809734556351416,-0.29780809766348304,-0.36619564947290073,-0.27148065206270783,-0.27570992492372437,-0.20491060692737756,0.029594248409005403,-0.14926810068520904,-0.12543953314806405,0.06250681234743537,0.1436410677750437,0.29794976028827436,0.21934095207839877,0.28092104609104646,0.3693324917177707,0.3371805054189392,0.2878367933177959,0.2785748862227322,0.3254724593725304,0.13449804134326568,0.08242290537986871,-0.008953338872376183,-0.06447654545174597,-0.034107832257701615,-0.06267380720899585,-0.17368828153419194,-0.16418247348237833,-0.3297147426638406,-0.3928752211281233,-0.3239105236302834,-0.265106604494733,-0.2675664220385691,-0.28560887768654897,-0.19145435126354404,-0.03954541015128873,-0.024210808826353347,0.15177672879227,0.11720724323119655,-0.09991802583732923,0.13994057922980646,0.09334682392079416,0.3040894515583108,0.2714923576496757,0.3357070456517913,0.20672367173578965,0.19840163664810867,0.2135081448876745,0.1781019068444894,0.06782516645963016,0.07840306421041396,-0.1231630261752577,-0.22737824438440585,-0.210389375333498,-0.25192336498759166,-0.27203159812903305,-0.2772870864914154,-0.3336761391833285,-0.26138247067840303,-0.30316587495749187,-0.21768594990392046,-0.16995498206372275,-0.14045322864936638,0.017331018353964354,0.03524568376543645,0.13253846403881572,0.1588824761411528,0.22803872027913477,0.19315362209009493,0.2784056206128903,0.26307220502960627,0.26963786018853353,0.2336024249391725,0.2746587257421846,0.18121481063899164,0.1109438118597165,0.01639261381913181,-0.06879537945069249,-0.028658175703635685,-0.16666714255429027,-0.22759015568370985,-0.23886454500618876,-0.2612030612400319,-0.30284213726399506,-0.20331040406088058,-0.24272835841540819,-0.2126410979418814,-0.16532532851504494,-0.19837959216371812,0.0002733830540753157"
120,9.81,1.5134045372505132,"0.0,0.1,0.2,0.30000000000000004,0.4,0.5,0.6000000000000001,0.7000000000000001,0.8,0.9,1.0,1.1,1.2000000000000002,1.3,1.4000000000000001,1.5,1.6,1.7000000000000002,1.8,1.9000000000000001,2.0,2.1,2.2,2.3000000000000003,2.4000000000000004,2.5,2.6,2.7,2.8000000000000003,2.9000000000000004,3.0,3.1,3.2,3.3000000000000003,3.4000000000000004,3.5,3.6,3.7,3.8000000000000003,3.9000000000000004,4.0,4.1000000000000005,4.2,4.3,4.4,4.5,4.6000000000000005,4.7,4.800000000000001,4.9,5.0,5.1000000000000005,5.2,5.300000000000001,5.4,5.5,5.6000000000000005,5.7,5.800000000000001,5.9,6.0,6.1000000000000005,6.2,6.300000000000001,6.4,6.5,6.6000000000000005,6.7,6.800000000000001,6.9,7.0,7.1000000000000005,7.2,7.300000000000001,7.4,7.5,7.6000000000000005,7.7,7.800000000000001,7.9,8.0,8.1,8.200000000000001,8.3,8.4,8.5,8.6,8.700000000000001,8.8,8.9,9.0,9.1,9.200000000000001,9.3,9.4,9.5,9.600000000000001,9.700000000000001,9.8,9.9,10.0","0.3038171608062399,0.28655481318827875,0.2450147749909024,0.21067745254628883,0.16824713069190445,0.10508948525397835,-0.0014936896274190727,-0.05577016717228279,-0.0985467640247735,-0.26978350824422676,-0.25182005522891276,-0.28879774706523703,-0.2905890928623058,-0.31486304888579664,-0.2008647001631077,-0.19685658321480992,-0.2175046298316066,-0.1476553411403672,0.03596289966290589,0.11089874280515322,0.12184085584876463,0.15165576936378666,0.15911468525410563,0.2594630394687722,0.1833468987588669,0.3069946692974554,0.2858196636354883,0.26051146748891807,0.19463261831363107,0.1620088979583304,0.18134878617949857,0.06992762216275648,-0.08382197580252057,-0.0950379654100066,-0.2209520275267144,-0.2515432646910518,-0.2503773976666166,-0.21445360178294912,-0.28152024323099717,-0.39462725716397684,-0.20336370283194907,-0.23268050012416663,-0.23909789149399868,-0.026047803382776062,0.08258292412509972,0.13616559179794166,0.17247960449571903,0.24590738782830382,0.3619133315285213,0.4296407981884092,0.33843634382581184,0.28753488377915853,0.10741919041149406,0.1704210129444464,0.12928734854867943,0.0608736454089771,-0.040006090708137126,-0.09917117364646091,-0.2536039948593698,-0.17856311835269376,-0.2783125632999993,-0.36292623667816076,-0.39287649211892517,-0.2750129101093686,-0.2375145068714045,-0.21060950270864642,-0.06795243419442301,-0.0034232757678104575,-0.028139168521464242,0.2236075839175319,0.17813095978211765,0.1885909415305882,0.33464864835655683,0.24406016419186966,0.268797851962111,0.3163498319975151,0.2781047666472942,0.21589508775698016,0.09258597471219408,0.06357279660807415,0.030704505680342997,-0.06161045486766415,-0.18413200294438042,-0.12464121370016228,-0.2604691238372657,-0.3293018979085913,-0.21433807236908126,-0.3047017176478945,-0.3802453122434215,-0.24453702107755548,-0.22219548550544044,-0.09272730051939208,-0.12910223849824798,-0.12121387145430433,0.026568959479181718,0.20113569250180335,0.22759210168018196,0.25488999437408966,0.3326794452489492,0.32064552226476273,0.3135171806772674"
121,9.81,2.7922187867411736,"0.0,0.1,0.2,0.30000000000000004,0.4,0.5,0.6000000000000001,0.7000000000000001,0.8,0.9,1.0,1.1,1.2000000000000002,1.3,1.4000000000000001,1.5,1.6,1.7000000000000002,1.8,1.9000000000000001,2.0,2.1,2.2,2.3000000000000003,2.4000000000000004,2.5,2.6,2.7,2.8000000000000003,2.9000000000000004,3.0,3.1,3.2,3.3000000000000003,3.4000000000000004,3.5,3.6,3.7,3.8000000000000003,3.9000000000000004,4.0,4.1000000000000005,4.2,4.3,4.4,4.5,4.6000000000000005,4.7,4.800000000000001,4.9,5.0,5.1000000000000005,5.2,5.300000000000001,5.4,5.5,5.6000000000000005,5.7,5.800000000000001,5.9,6.0,6.1000000000000005,6.2,6.300000000000001,6.4,6.5,6.6000000000000005,6.7,6.800000000000001,6.9,7.0,7.1000000000000005,7.2,7.300000000000001,7.4,7.5,7.6000000000000005,7.7,7.800000000000001,7.9,8.0,8.1,8.200000000000001,8.3,8.4,8.5,8.6,8.700000000000001,8.8,8.9,9.0,9.1,9.200000000000001,9.3,9.4,9.5,9.600000000000001,9.700000000000001,9.8,9.9,10.0","0.24125802136104835,0.2631861029907352,0.3025793499382813,0.2721781987940447,0.1867383751352914,0.15910179243370437,0.1572682914193646,0.0841684291389435,-0.00475859073351367,0.007172697533034303,0.013228942883415515,-0.20497086296436817,-0.1950307632045645,-0.23611460312284344,-0.28846283705172177,-0.32720247711363304,-0.4408507929448982,-0.33756620446233565,-0.28269513707087424,-0.31095379405557877,-0.29899734492294605,-0.21892548980554055,-0.1564593450292612,-0.11030056155390204,-0.0749837914651259,0.0659231924865251,0.027842383068417013,0.09154518336846024,0.1729580962977858,0.20638922893003506,0.23962717696237643,0.3145900078113707,0.19161245221073714,0.24273517442086434,0.2873721786148684,0.19647335011599038,0.16132312954337166,0.20632511850383167,0.17621088760915238,0.08596572759192914,0.1516110109709665,0.17084363522733262,-0.14375510267620453,-0.05322309202531156,-0.15089610635069128,-0.21210139443996504,-0.2201984697096886,-0.23983079461687568,-0.24332330295610022,-0.3292117430945761,-0.2579160827545516,-0.3049635396437528,-0.2509769455067393,-0.18579570089268765,-0.24574855338691945,-0.21469777891730396,-0.1448127198844164,-0.15841791066505911,-0.10313009517062041,-0.09083163628923749,0.07140409523017406,0.08926047411157507,0.1712945290640829,0.23122791846219892,0.19879874814437912,0.3378219222677487,0.26464616265108576,0.3422857684455633,0.28707594544484216,0.33933234396636186,0.31009604974285176,0.2242110972127085,0.2760568452117598,0.08909198221733662,0.10737129850220518,0.12305499491897876,-0.10137040290455439,0.0002473953087687858,-0.15575549202778882,-0.17048514461365946,-0.14220325081283297,-0.279864417293613,-0.28233820992574077,-0.26590352495360725,-0.364954243441441,-0.24255919163872222,-0.350317261456831,-0.227976384117371,-0.13407390096710498,-0.21097943609189718,-0.2049443670387851,-0.06054594955422686,-0.05262812627642376,-0.0035694529969875106,0.17274770354819213,0.10736572752052799,0.18972238975193048,0.2199952589560385,0.27404442459981565,0.23824163110908203,0.21787369243508253"
122,9.81,4.7932007077985554,"0.0,0.1,0.2,0.30000000000000004,0.4,0.5,0.6000000000000001,0.7000000000000001,0.8,0.9,1.0,1.1,1.2000000000000002,1.3,1.4000000000000001,1.5,1.6,1.7000000000000002,1.8,1.9000000000000001,2.0,2.1,2.2,2.3000000000000003,2.4000000000000004,2.5,2.6,2.7,2.8000000000000003,2.9000000000000004,3.0,3.1,3.2,3.3000000000000003,3.4000000000000004,3.5,3.6,3.7,3.8000000000000003,3.9000000000000004,4.0,4.1000000000000005,4.2,4.3,4.4,4.5,4.6000000000000005,4.7,4.800000000000001,4.9,5.0,5.1000000000000005,5.2,5.300000000000001,5.4,5.5,5.6000000000000005,5.7,5.800000000000001,5.9,6.0,6.1000000000000005,6.2,6.300000000000001,6.4,6.5,6.6000000000000005,6.7,6.800000000000001,6.9,7.0,7.1000000000000005,7.2,7.300000000000001,7.4,7.5,7.6000000000000005,7.7,7.800000000000001,7.9,8.0,8.1,8.200000000000001,8.3,8.4,8.5,8.6,8.700000000000001,8.8,8.9,9.0,9.1,9.200000000000001,9.3,9.4,9.5,9.600000000000001,9.700000000000001,9.8,9.9,10.0","0.36449400534383447,0.32327980250447264,0.20943983790785914,0.17964130343409293,0.32884171500991205,0.2850781472901561,0.1077554626378884,0.15696414544479362,0.05796444469000904,0.02898007966693985,-0.06156300705474337,-0.13185101049410067,-0.0970379149491638,-0.150151532469896,-0.15006411199452782,-0.15408853934865493,-0.17415292725579157,-0.22544996740789192,-0.24586685693623128,-0.3921645830239711,-0.36496435307873276,-0.2934545995676763,-0.424922492346664,-0.2772001020841776,-0.2845160511603139,-0.23725343352302805,0.0019873322801756133,-0.18581097747854602,-0.20627059028239134,-0.2095239419303615,-0.16984624862855235,-0.10229851682928238,-0.07473491573427885,-0.08249283730676163,0.1304975419121025,0.04228558643381972,0.13703328888515592,0.1659523905649169,0.20051387320359118,0.21804907535741477,0.2910634004498425,0.3070534678620235,0.32778710456705895,0.33821681148939686,0.3602712525445838,0.28514277749836425,0.3236412083465865,0.37169642368449085,0.32029939780729444,0.26965285284709184,0.1974397520185676,0.17266830482586448,0.08391004110915148,0.11741043217217068,0.05888786251738109,0.04249636087400742,-0.0020531318866978607,-0.15387026613536597,-0.05077098786691646,-0.19570116066520693,-0.1551054082501373,-0.23053220631822968,-0.25557047696165314,-0.31091306229715665,-0.2075422761311414,-0.22920653378352562,-0.33762703873340183,-0.3476411846368354,-0.33719255598338754,-0.240352165290363,-0.4082738616189849,-0.2545200471889196,-0.2526269934808166,-0.23963728313860388,-0.23025202708611578,-0.13131279381761912,-0.022837759292188793,-0.062153114640287575,-0.04383065868426345,0.13911766226994676,0.1316926678957883,0.21077699396267352,0.2581443131412997,0.29248450918721725,0.2534310673979547,0.18035212718224597,0.296039938292597,0.27785294080286344,0.23880771782991758,0.3107508341077753,0.3158468222080643,0.2836946660611902,0.2554552524909425,0.21466199719511211,0.19512010593896423,-0.003836245077194822,0.11172746133433598,-0.025349670019118406,0.09721200964071726,-0.05690112903115213,-0.039453358711964676"
123,9.81,2.490966250907578,"0.0,0.1,0.2,0.30000000000000004,0.4,0.5,0.6000000000000001,0.7000000000000001,0.8,0.9,1.0,1.1,1.2000000000000002,1.3,1.4000000000000001,1.5,1.6,1.7000000000000002,1.8,1.9000000000000001,2.0,2.1,2.2,2.3000000000000003,2.4000000000000004,2.5,2.6,2.7,2.8000000000000003,2.9000000000000004,3.0,3.1,3.2,3.3000000000000003,3.4000000000000004,3.5,3.6,3.7,3.8000000000000003,3.9000000000000004,4.0,4.1000000000000005,4.2,4.3,4.4,4.5,4.6000000000000005,4.7,4.800000000000001,4.9,5.0,5.1000000000000005,5.2,5.300000000000001,5.4,5.5,5.6000000000000005,5.7,5.800000000000001,5.9,6.0,6.1000000000000005,6.2,6.300000000000001,6.4,6.5,6.6000000000000005,6.7,6.800000000000001,6.9,7.0,7.1000000000000005,7.2,7.300000000000001,7.4,7.5,7.6000000000000005,7.7,7.800000000000001,7.9,8.0,8.1,8.200000000000001,8.3,8.4,8.5,8.6,8.700000000000001,8.8,8.9,9.0,9.1,9.200000000000001,9.3,9.4,9.5,9.600000000000001,9.700000000000001,9.8,9.9,10.0","0.25446317571485866,0.23642807702617233,0.308393340358113,0.3168336990224554,0.2201186092872248,0.19763600086028593,0.1478328046419775,0.06521079938704676,-0.009928243640076969,-0.05779085478609332,-0.07735810545353128,-0.17458757667489425,-0.21878723090888785,-0.24953826662146553,-0.3203430173615278,-0.3405371705491611,-0.27567313887208483,-0.35158802792781446,-0.29444631088788,-0.24828221350994428,-0.23259123880795238,-0.28062676551561233,-0.09499333802062006,-0.09516421557826904,-0.024485383069651118,0.04235195949589273,0.12832596598425625,0.19912039384858968,0.24987884718021355,0.23888653490366044,0.19060768746124404,0.4523071287643892,0.16449856136703694,0.3599673325003244,0.21665894442772515,0.22254753962811483,0.34974406865405777,0.17073357763280803,0.07297629740422135,0.07235562816686378,0.034994739704927225,-0.12625207383901021,-0.14448390567394484,-0.19232106723265818,-0.2963560415309036,-0.2503564778499539,-0.2319456895999595,-0.2756664704652283,-0.28167372371865873,-0.3001396163546948,-0.24810344172830995,-0.18744159750963077,-0.23490703986366965,-0.09789372626265738,-0.026018336089011093,0.010787685578567963,-0.0036005176975306107,0.07891837847683818,0.10265652579589332,0.15933446732471737,0.23214177765957913,0.2870037859479934,0.2751382143345005,0.2084170177282419,0.3081630151173575,0.29742299577332476,0.22398709551632687,0.20847350981046223,0.24540352151638983,0.1899236201482156,0.12061603448933322,0.01195304546669678,-0.03932511669970079,0.12636513704222982,-0.13530851029046623,-0.35140114598985916,-0.26224529181842576,-0.1940353421085742,-0.38122631701369847,-0.4185074582230624,-0.261901799055081,-0.38018169465080154,-0.26356838528650817,-0.16545413372177628,-0.22860026745079065,-0.10420319006436736,-0.09270337770825968,-0.07823938140163172,-0.018880950295533522,0.1089418086342589,0.15477650378734953,0.034366989495108746,0.15819357101687126,0.277612686943473,0.29539101053407313,0.2989560034382857,0.26634089245536074,0.3044625444795923,0.2450624396781365,0.17850463212224513,0.20152892855181553"
124,9.81,1.4729306766186945,"0.0,0.1,0.2,0.30000000000000004,0.4,0.5,0.6000000000000001,0.7000000000000001,0.8,0.9,1.0,1.1,1.2000000000000002,1.3,1.4000000000000001,1.5,1.6,1.7000000000000002,1.8,1.9000000000000001,2.0,2.1,2.2,2.3000000000000003,2.4000000000000004,2.5,2.6,2.7,2.8000000000000003,2.9000000000000004,3.0,3.1,3.2,3.3000000000000003,3.4000000000000004,3.5,3.6,3.7,3.8000000000000003,3.9000000000000004,4.0,4.1000000000000005,4.2,4.3,4.4,4.5,4.6000000000000005,4.7,4.800000000000001,4.9,5.0,5.1000000000000005,5.2,5.300000000000001,5.4,5.5,5.6000000000000005,5.7,5.800000000000001,5.9,6.0,6.1000000000000005,6.2,6.300000000000001,6.4,6.5,6.6000000000000005,6.7,6.800000000000001,6.9,7.0,7.1000000000000005,7.2,7.300000000000001,7.4,7.5,7.6000000000000005,7.7,7.800000000000001,7.9,8.0,8.1,8.200000000000001,8.3,8.4,8.5,8.6,8.700000000000001,8.8,8.9,9.0,9.1,9.200000000000001,9.3,9.4,9.5,9.600000000000001,9.700000000000001,9.8,9.9,10.0","0.29864109409694267,0.37567968479026953,0.2590348600336329,0.2816870105730086,0.17899796314371244,0.04317048664340037,0.01662503306320217,-0.2264344342895555,-0.0785480716810667,-0.25819327785966106,-0.25115174773253973,-0.10011319588321038,-0.4696873147945332,-0.2997105854147027,-0.4011175533841098,-0.14969717369999264,-0.3141586146883213,-0.13085343179538003,-0.039686171611417215,0.06072718133638161,0.08999686908058852,0.12669162528068645,0.2719115598402778,0.22395484695255224,0.5413823583564731,0.3048369541412766,0.25326572770647404,0.20427851236156352,0.09628899232052468,0.11089810699029506,-0.02122223637927812,-0.05401135026381036,-0.11155369469705134,-0.17051502303454683,-0.2502582041826028,-0.29160969522146624,-0.2739633813602967,-0.2704679490675506,-0.35736335027842137,-0.3085902801977747,-0.1931331140682721,-0.2737833963172641,-0.0431982589219851,-0.018381918726691884,0.09406547889892135,0.13819204977110974,0.218517482947036,0.2724133606674978,0.28118145113249793,0.1355600468305056,0.16755175141484746,0.22160562226941774,0.18106723680637568,0.13755122667822428,0.0695776670732162,0.00017216452854449966,0.07631805055606267,-0.08712091736200546,-0.26213915633419815,-0.29829952126079184,-0.3391518586079572,-0.3229574038025373,-0.34004262516586015,-0.21022621750197285,-0.2261955792971142,-0.01696322153001456,-0.0205521705291081,0.0014403479549844542,0.10699591591373858,0.12890821863440868,0.2376801255390545,0.4461097168589823,0.2991593690527213,0.3829178903203554,0.29600991437074264,0.2795978097501136,0.21801037159952524,0.21440419368869937,0.13027159777375236,-0.014457052060723612,-0.033148272801788635,-0.13537602089636436,-0.18843400257947565,-0.23193297814404001,-0.267563371153913,-0.24876681309459137,-0.2259907044849087,-0.30289961721275377,-0.2736207935140607,-0.24369540521582334,-0.1009992827625086,-0.04139108135556785,0.015541533945858138,0.12281493738730578,0.17672555326663175,0.19109952570673638,0.28543711921177406,0.2914948804263186,0.36927649398128926,0.25758645481653175,0.2210756399955457"
125,9.81,2.255673291336843,"0.0,0.1,0.2,0.30000000000000004,0.4,0.5,0.6000000000000001,0.7000000000000001,0.8,0.9,1.0,1.1,1.2000000000000002,1.3,1.4000000000000001,1.5,1.6,1.7000000000000002,1.8,1.9000000000000001,2.0,2.1,2.2,2.3000000000000003,2.4000000000000004,2.5,2.6,2.7,2.8000000000000003,2.9000000000000004,3.0,3.1,3.2,3.3000000000000003,3.4000000000000004,3.5,3.6,3.7,3.8000000000000003,3.9000000000000004,4.0,4.1000000000000005,4.2,4.3,4.4,4.5,4.6000000000000005,4.7,4.800000000000001,4.9,5.0,5.1000000000000005,5.2,5.300000000000001,5.4,5.5,5.6000000000000005,5.7,5.800000000000001,5.9,6.0,6.1000000000000005,6.2,6.300000000000001,6.4,6.5,6.6000000000000005,6.7,6.800000000000001,6.9,7.0,7.1000000000000005,7.2,7.300000000000001,7.4,7.5,7.6000000000000005,7.7,7.800000000000001,7.9,8.0,8.1,8.200000000000001,8.3,8.4,8.5,8.6,8.700000000000001,8.8,8.9,9.0,9.1,9.200000000000001,9.3,9.4,9.5,9.600000000000001,9.700000000000001,9.8,9.9,10.0","0.2946593788687785,0.2944700749039594,0.24220946905760038,0.19741912578289972,0.1871061649673292,0.21801047419025263,0.06289036404163281,0.06841383709166421,-0.07255446027796231,-0.11662675221751673,-0.238289962218041,-0.1894881789745175,-0.13209723987743202,-0.24736176080089542,-0.3094453992249645,-0.2689863417025584,-0.308153742127734,-0.2946840481852036,-0.22590379856266354,-0.1917054239157425,-0.21269711184152554,-0.08874483825823867,-0.09212903189671667,0.22527455827546716,0.1342803652948622,0.23404171233083762,0.1596195587047572,0.2366245631206447,0.24763631661616367,0.294270555482625,0.3470930529853878,0.21417901018005941,0.1867797550287878,0.3704589448375432,0.1990155416216818,0.15050419776812418,-0.02383166514476981,0.002241850015136354,-0.02616416537977452,-0.13039686686171548,-0.10378576772876401,-0.13102182384448385,-0.23117677346795376,-0.22201254228783612,-0.334469278706828,-0.3591290879293416,-0.2737409218317476,-0.21682584486552892,-0.2722088158270585,-0.2195472748362886,-0.23993555712154022,-0.13277662303586296,-0.10562324589294025,-0.08427638614357393,0.14602383233398314,0.17102019773885824,0.0910901525446138,0.25438508648989067,0.24026876307995482,0.27199121054036024,0.3000429832829539,0.31719129434990256,0.2813591041528802,0.2846225840665529,0.2483441733439635,0.16370509223354585,0.1368760482629334,0.10831710953093204,0.08052335061432712,-0.028643561327888895,-0.03236995451572354,-0.2696438453458618,-0.31834536012458514,-0.289332268660878,-0.23422262022711643,-0.35484765635724796,-0.351956583529575,-0.37567633671717066,-0.2585668563795175,-0.27721354717800484,-0.1836526104162155,-0.09266533677620672,-0.11309636997397664,0.060667134947941556,0.07008350361628321,0.028147645267076735,0.1716021278167542,0.170224257517066,0.34243722144779903,0.300529114565888,0.31258121663035143,0.25563228552314765,0.26891082830605856,0.2900812305586914,0.29536809321716206,0.21555871873533872,0.1134787925333596,0.04598603289755046,0.08310605158991796,-0.04588302624635998,-0.0758101677390179"
126,9.81,2.633985544523445,"0.0,0.1,0.2,0.30000000000000004,0.4,0.5,0.6000000000000001,0.7000000000000001,0.8,0.9,1.0,1.1,1.2000000000000002,1.3,1.4000000000000001,1.5,1.6,1.7000000000000002,1.8,1.9000000000000001,2.0,2.1,2.2,2.3000000000000003,2.4000000000000004,2.5,2.6,2.7,2.8000000000000003,2.9000000000000004,3.0,3.1,3.2,3.3000000000000003,3.4000000000000004,3.5,3.6,3.7,3.8000000000000003,3.9000000000000004,4.0,4.1000000000000005,4.2,4.3,4.4,4.5,4.6000000000000005,4.7,4.800000000000001,4.9,5.0,5.1000000000000005,5.2,5.300000000000001,5.4,5.5,5.6000000000000005,5.7,5.800000000000001,5.9,6.0,6.1000000000000005,6.2,6.300000000000001,6.4,6.5,6.6000000000000005,6.7,6.800000000000001,6.9,7.0,7.1000000000000005,7.2,7.300000000000001,7.4,7.5,7.6000000000000005,7.7,7.800000000000001,7.9,8.0,8.1,8.200000000000001,8.3,8.4,8.5,8.6,8.700000000000001,8.8,8.9,9.0,9.1,9.200000000000001,9.3,9.4,9.5,9.600000000000001,9.700000000000001,9.8,9.9,10.0","0.20996318050371363,0.2756186680555696,0.2651469372873969,0.21805287641497317,0.26667430119285424,0.14076140466663442,0.08407245732076746,0.025512820254040967,-0.02570603052761921,-0.012361263077537099,-0.03561497761338521,-0.2201942228589619,-0.21385641748975123,-0.19978505384454853,-0.30439985670265635,-0.3534117995416898,-0.3314167670419161,-0.2596106447819542,-0.3136276748462833,-0.269345381422284,-0.29381778854803187,-0.16887732297232416,-0.29849214822427833,-0.09673525368430386,-0.12823710684005454,0.08079479710582785,0.10780235255117093,0.07750362767246834,0.2813486474406753,0.24849423959543437,0.30879230573840927,0.2232220341878779,0.034400520061773576,0.4157171390498989,0.3490955135102189,0.1867593837753224,0.1484879951359625,0.10376948752474868,0.10291309953469625,0.14960253088234776,0.016162918558776544,0.041046538780264444,-0.0028168234451117144,-0.08705330555400644,-0.15433762556586256,-0.19067993014816867,-0.2575902818532269,-0.23309890858086807,-0.1898033029876735,-0.16697630094162877,-0.2745823486631225,-0.39019268211885694,-0.310123088897766,-0.1521717507615092,-0.2030191747521747,-0.1755857145087712,-0.07639342407768179,-0.08909701460152962,0.08877274666126424,0.0923977272645972,0.15409142941815782,0.0794589347686986,0.36490025009247284,0.22281235454697326,0.3039027450177981,0.21961690198779166,0.32991164412222757,0.28710887643637334,0.24291669637600863,0.19690033997032835,0.23347920501487818,0.12510189625199955,0.08473400219054861,0.08886495640979647,0.04607973849264929,-0.02063935166263644,-0.12646653811823844,-0.1836685851500889,-0.1647420256461461,-0.2465024282412406,-0.22825041244420882,-0.27371960210845253,-0.2964168550631323,-0.32928117770165666,-0.2973325836877781,-0.19847916977984575,-0.07588344625300025,-0.2165020393514039,-0.15935932657874324,-0.07467658272477878,0.028392444506385263,0.022201021017794864,0.13771379752545435,0.10188958429213564,0.1995924747823513,0.2387475367945702,0.5109433536822772,0.3351527040420882,0.26956968561664296,0.2731616603183414,0.19662289868381427"
127,9.81,1.5271793155098825,"0.0,0.1,0.2,0.30000000000000004,0.4,0.5,0.6000000000000001,0.7000000000000001,0.8,0.9,1.0,1.1,1.2000000000000002,1.3,1.4000000000000001,1.5,1.6,1.7000000000000002,1.8,1.9000000000000001,2.0,2.1,2.2,2.3000000000000003,2.4000000000000004,2.5,2.6,2.7,2.8000000000000003,2.9000000000000004,3.0,3.1,3.2,3.3000000000000003,3.4000000000000004,3.5,3.6,3.7,3.8000000000000003,3.9000000000000004,4.0,4.1000000000000005,4.2,4.3,4.4,4.5,4.6000000000000005,4.7,4.800000000000001,4.9,5.0,5.1000000000000005,5.2,5.300000000000001,5.4,5.5,5.6000000000000005,5.7,5.800000000000001,5.9,6.0,6.1000000000000005,6.2,6.300000000000001,6.4,6.5,6.6000000000000005,6.7,6.800000000000001,6.9,7.0,7.1000000000000005,7.2,7.300000000000001,7.4,7.5,7.6000000000000005,7.7,7.800000000000001,7.9,8.0,8.1,8.200000000000001,8.3,8.4,8.5,8.6,8.700000000000001,8.8,8.9,9.0,9.1,9.200000000000001,9.3,9.4,9.5,9.600000000000001,9.700000000000001,9.8,9.9,10.0","0.32512342988994036,0.33951965175621074,0.23577184954331437,0.2495727450446172,0.19954286439601296,0.09745701520448381,-0.016137007891760532,-0.07761374080125533,-0.13238731103176615,-0.18964719646738776,-0.2338974178572738,-0.2670838164861801,-0.11195626225688884,-0.2711035932087025,-0.2928170356321703,-0.23923385820990115,-0.12358010992167065,-0.07559086429591579,-0.010733359500503546,0.04103870390630093,0.09867318140931472,0.08327886941953225,0.11802296620699188,0.22552921239780865,0.30941206692397943,0.3128746837958407,0.2787270319021107,0.23468878517395328,0.1226325856922165,0.020894531077304046,0.15376452373287594,-0.16251045292374403,-0.07054195635870592,-0.11015244596043215,-0.2508632379350908,-0.32323658800701827,-0.29093591245462347,-0.21823223887142834,-0.34061497318687256,-0.362043377023905,-0.28873331886396103,-0.31599423073177435,-0.21859155626246213,-0.04242133879759034,-0.05769698940714662,0.09567960981404611,0.1446192958567272,0.13275136915297753,0.3096151480858497,0.30174652797158585,0.22057874560459007,0.6060396082492012,0.14994180194507328,0.21124550017971522,0.1489575338480699,0.04883578071232207,0.02260570557296416,0.06538336417490263,-0.09896672908039232,-0.24509657016968223,-0.3311072978295482,-0.2671042918501227,-0.3543386575034619,-0.21066372153575172,-0.17941075188601524,-0.17645488946050983,-0.13801267865643008,-0.06077164747868347,-0.0070053317659454495,0.030439660956859987,0.13188112762068202,0.18075507990513587,0.26967125229824496,0.24023233549245468,0.22347514862958365,0.31479924230474904,0.2881603345419034,0.23894699130294175,0.1750595931925638,0.09885364023585574,0.05148619997709329,0.1275251374115675,-0.02730709370318267,-0.23411165795436595,-0.2335458307258181,-0.2755645591572551,-0.24650099562391242,-0.3153071272657867,-0.37674025639097997,-0.29916351260998836,-0.2235870146704916,-0.1313030148483437,-0.05899204168442818,-0.021266983617891935,-0.06689563758908723,0.19086303046131797,0.2838687844485085,0.27478936853214764,0.2591901229030561,0.33288851156302474,0.34597066472054816"
128,9.81,1.4929020710227892,"0.0,0.1,0.2,0.30000000000000004,0.4,0.5,0.6000000000000001,0.7000000000000001,0.8,0.9,1.0,1.1,1.2000000000000002,1.3,1.4000000000000001,1.5,1.6,1.7000000000000002,1.8,1.9000000000000001,2.0,2.1,2.2,2.3000000000000003,2.4000000000000004,2.5,2.6,2.7,2.8000000000000003,2.9000000000000004,3.0,3.1,3.2,3.3000000000000003,3.4000000000000004,3.5,3.6,3.7,3.8000000000000003,3.9000000000000004,4.0,4.1000000000000005,4.2,4.3,4.4,4.5,4.6000000000000005,4.7,4.800000000000001,4.9,5.0,5.1000000000000005,5.2,5.300000000000001,5.4,5.5,5.6000000000000005,5.7,5.800000000000001,5.9,6.0,6.1000000000000005,6.2,6.300000000000001,6.4,6.5,6.6000000000000005,6.7,6.800000000000001,6.9,7.0,7.1000000000000005,7.2,7.300000000000001,7.4,7.5,7.6000000000000005,7.7,7.800000000000001,7.9,8.0,8.1,8.200000000000001,8.3,8.4,8.5,8.6,8.700000000000001,8.8,8.9,9.0,9.1,9.200000000000001,9.3,9.4,9.5,9.600000000000001,9.700000000000001,9.8,9.9,10.0","0.2937084438170418,0.2767930395167972,0.22842345734568167,0.30471035927499623,0.19244553762464534,0.10605556219175521,-0.04709407764800012,-0.2644094384130791,-0.04908466767459127,-0.19973401133571575,-0.28040031068876037,-0.2770863600367817,-0.19474711896408112,-0.33206040254217634,-0.2880724704503468,-0.19486491495550345,-0.26213093970607515,-0.12306399587680898,-0.05635017554902132,0.04316477623976382,0.1287125122961585,0.1834406219276053,0.24078418436420346,0.23245815028015446,0.16657554415873937,0.373335726439517,0.13888984840993188,0.27731969484434355,0.08420476584185843,0.2501272210128491,-0.0029440302674158744,0.0012522521497153605,-0.10836398550307098,-0.21655776269120286,-0.2422009940978902,-0.28457391353144007,-0.30655832894008095,-0.40958821760076175,-0.32287736403999007,-0.42835497565519987,-0.2627557387562882,-0.17043723984934891,-0.2935057184007338,-0.006825121284527858,0.10648979171285042,0.14132353265880407,0.20463044405790187,0.2917932104459666,0.3012592138503959,0.2662187387921512,0.3538532452044785,0.11445872106668598,0.2026370936005532,0.1340666940927368,0.08641703848237987,0.041481742795814076,-0.07548883658541963,-0.06782130175982284,-0.28061704474779026,-0.12403550038802093,-0.25029608430719746,-0.37172707086768497,-0.3912066129613924,-0.2498715593693057,-0.12337419301964062,-0.14955497754636668,-0.19153553032429604,-0.029140559308890836,0.09975550247000389,0.13205466697883292,0.21837426358178313,0.2452641418773195,0.3035451583552886,0.35673036312796824,0.2934800905545327,0.24978288133727164,0.2162580637539897,0.21350037381596282,0.22496372190987785,0.051373741006945195,-0.04242217455483219,0.030342800260002065,-0.12487323299888871,-0.2629576269085275,-0.21701976874006232,-0.2938738861953029,-0.3009055430907453,-0.3567489057283257,-0.2899353298446622,-0.2439098764398091,-0.142714273288176,-0.03962105382815851,0.02195309173539324,0.018605233374549286,0.11836409770822427,0.28012805891582004,0.29174844486811385,0.3112654377456184,0.27731373501232437,0.3138253359066822,0.27331598339077434"
129,9.81,0.8539684541162788,"0.0,0.1,0.2,0.30000000000000004,0.4,0.5,0.6000000000000001,0.7000000000000001,0.8,0.9,1.0,1.1,1.2000000000000002,1.3,1.4000000000000001,1.5,1.6,1.7000000000000002,1.8,1.9000000000000001,2.0,2.1,2.2,2.3000000000000003,2.4000000000000004,2.5,2.6,2.7,2.8000000000000003,2.9000000000000004,3.0,3.1,3.2,3.3000000000000003,3.4000000000000004,3.5,3.6,3.7,3.8000000000000003,3.9000000000000004,4.0,4.1000000000000005,4.2,4.3,4.4,4.5,4.6000000000000005,4.7,4.800000000000001,4.9,5.0,5.1000000000000005,5.2,5.300000000000001,5.4,5.5,5.6000000000000005,5.7,5.800000000000001,5.9,6.0,6.1000000000000005,6.2,6.300000000000001,6.4,6.5,6.6000000000000005,6.7,6.800000000000001,6.9,7.0,7.1000000000000005,7.2,7.300000000000001,7.4,7.5,7.6000000000000005,7.7,7.800000000000001,7.9,8.0,8.1,8.200000000000001,8.3,8.4,8.5,8.6,8.700000000000001,8.8,8.9,9.0,9.1,9.200000000000001,9.3,9.4,9.5,9.600000000000001,9.700000000000001,9.8,9.9,10.0","0.20486038799118672,0.19341101665218693,0.24073789985804953,0.13743996990347124,0.07646061651849773,-0.08150399051890045,-0.07482947836061857,-0.19622803310041004,-0.2744287296647098,-0.3475386476688314,-0.27398752160475104,-0.2611085550088633,-0.14558237923810005,-0.11842163520884674,-0.0486368173843132,0.03968985558687396,0.13003111833387115,0.24941292378768704,0.3596818948281318,0.17802316856649042,0.28261105200638587,0.24150749009666095,0.0902635719543651,0.08481755287614581,-0.1419756168385604,-0.25876255429955397,-0.27255566066190484,-0.3299756259116864,-0.3345626742839236,-0.2540630156758633,-0.24849030975547798,-0.16128051775764862,-0.02396357187139796,0.0279165265723106,0.19649823678843606,0.22749328397658042,0.24056140694939973,0.26128161694653274,0.27684586649308046,0.23008205915265423,0.0455741504652664,0.10570031170423771,0.004028152157024973,-0.1257338542088424,-0.21737259743862186,-0.24373421850601212,-0.2399197084497029,-0.14351653636135864,-0.26893385173028794,-0.1018214577519326,-0.13827023995440507,-0.04552832983238547,0.005533211312666389,0.16597106868308872,0.24125575551821446,0.27688768354560495,0.34462422762429246,0.3169560780598728,0.26203372964447147,0.19654553591084378,0.0026275669843769285,-0.17633941339046405,-0.2270950204129752,-0.21260067310999545,-0.2523873096055817,-0.19700530307377778,-0.24286037808309874,-0.1707929682610763,-0.1588124256719113,-0.01609088975566377,0.1108186071698126,0.10511791242571183,0.12269068606309065,0.2980647345831078,0.26941469816145236,0.3181596781521904,0.36229012933597005,0.16260335661655875,0.09123982155049382,-0.010811147323522572,-0.12457427456197503,-0.1948628935329803,-0.27263204902932225,-0.2293089482522779,-0.2797643459882838,-0.2232309719515363,-0.2721532911541552,-0.0967851839128988,-0.023590826837112115,0.01772284504949885,0.24293474374938356,0.17318842869639375,0.3003910038504875,0.3061150333642056,0.22262962251163626,0.27184472370040674,0.16736849718537986,0.09735561496654632,0.15690003106854647,-0.08252973829574076,-0.2040162785914946"
130,9.81,1.6567402889156315,"0.0,0.1,0.2,0.30000000000000004,0.4,0.5,0.6000000000000001,0.7000000000000001,0.8,0.9,1.0,1.1,1.2000000000000002,1.3,1.4000000000000001,1.5,1.6,1.7000000000000002,1.8,1.9000000000000001,2.0,2.1,2.2,2.3000000000000003,2.4000000000000004,2.5,2.6,2.7,2.8000000000000003,2.9000000000000004,3.0,3.1,3.2,3.3000000000000003,3.4000000000000004,3.5,3.6,3.7,3.8000000000000003,3.9000000000000004,4.0,4.1000000000000005,4.2,4.3,4.4,4.5,4.6000000000000005,4.7,4.800000000000001,4.9,5.0,5.1000000000000005,5.2,5.300000000000001,5.4,5.5,5.6000000000000005,5.7,5.800000000000001,5.9,6.0,6.1000000000000005,6.2,6.300000000000001,6.4,6.5,6.6000000000000005,6.7,6.800000000000001,6.9,7.0,7.1000000000000005,7.2,7.300000000000001,7.4,7.5,7.6000000000000005,7.7,7.800000000000001,7.9,8.0,8.1,8.200000000000001,8.3,8.4,8.5,8.6,8.700000000000001,8.8,8.9,9.0,9.1,9.200000000000001,9.3,9.4,9.5,9.600000000000001,9.700000000000001,9.8,9.9,10.0","0.4005491710660082,0.2954426978634864,0.3130986622394343,0.2963360446778035,0.22751316575319175,0.11464414620134808,-0.06343174363960197,-0.08212173498887831,-0.11148871851881682,-0.1466131559961474,-0.1327619691515926,-0.22530538653606502,-0.2888688008249544,-0.29780033288089724,-0.27404651495576343,-0.30215350548483083,-0.24118120423645767,-0.12743435677118495,-0.1146187514042049,0.12195542374095988,0.017067223009599494,0.16155717221760493,0.20125781786972494,0.19771846733215825,0.24059728216840978,0.3363312832192496,0.34030350373825535,0.2671159302941342,0.23544675254155448,0.22795728395896295,0.20736613952533195,0.023747484496072474,-0.14327260018964225,0.0045168459941593575,-0.10147542423748675,-0.131929184865264,-0.24189403826050518,-0.2516222818545113,-0.3757308350771673,-0.3454749539413959,-0.2872711723509089,-0.275624719126135,-0.35857856507921937,-0.2438184692765082,-0.04726521283282114,0.060302922880547276,0.07332672667220186,0.11368919702976774,0.20370648172471784,0.2565769805868413,0.2896141188426884,0.1779005246398218,0.29190392488159234,0.23397882999398692,0.21747386964033966,0.1901502895149337,0.15970766149398602,0.10741866652329865,-0.055711286822238554,0.012622076477192046,-0.15113635006814313,-0.3346364349073486,-0.3003096734021552,-0.30324722258516196,-0.2919825250660806,-0.31752850308457137,-0.28307760746200744,-0.2532805821880175,-0.2967447208329563,-0.18948054241879853,-0.036699505482132744,0.05682960479874487,0.12662783067122213,0.18451369380120008,0.18368772734903047,0.2009861966901158,0.2606368294559914,0.30251663994790823,0.21375467042309704,0.2597034424925057,0.32487992018779843,0.22776709714242974,0.18383542932906036,0.05770557970924624,-0.0021148910675143594,-0.10100580568446021,-0.12467572021700261,-0.21024509126449192,-0.2883967473044636,-0.30997098945263796,-0.31100450701993837,-0.19047064649298492,-0.2640435211751345,-0.25219406843289616,-0.23212022171942928,-0.15743578484457532,-0.09959045598441979,-0.004945176547556045,0.13672383138452116,0.14600983379758004,0.1663825004614272"
131,9.81,2.9162383304221438,"0.0,0.1,0.2,0.30000000000000004,0.4,0.5,0.6000000000000001,0.7000000000000001,0.8,0.9,1.0,1.1,1.2000000000000002,1.3,1.4000000000000001,1.5,1.6,1.7000000000000002,1.8,1.9000000000000001,2.0,2.1,2.2,2.3000000000000003,2.4000000000000004,2.5,2.6,2.7,2.8000000000000003,2.9000000000000004,3.0,3.1,3.2,3.3000000000000003,3.4000000000000004,3.5,3.6,3.7,3.8000000000000003,3.9000000000000004,4.0,4.1000000000000005,4.2,4.3,4.4,4.5,4.6000000000000005,4.7,4.800000000000001,4.9,5.0,5.1000000000000005,5.2,5.300000000000001,5.4,5.5,5.6000000000000005,5.7,5.800000000000001,5.9,6.0,6.1000000000000005,6.2,6.300000000000001,6.4,6.5,6.6000000000000005,6.7,6.800000000000001,6.9,7.0,7.1000000000000005,7.2,7.300000000000001,7.4,7.5,7.6000000000000005,7.7,7.800000000000001,7.9,8.0,8.1,8.200000000000001,8.3,8.4,8.5,8.6,8.700000000000001,8.8,8.9,9.0,9.1,9.200000000000001,9.3,9.4,9.5,9.600000000000001,9.700000000000001,9.8,9.9,10.0","0.29821068794783967,0.2567897460653753,0.2457212280807029,0.3692923725472292,0.09103006102194075,0.15732362157624316,0.2126071520925253,-0.08800847009735634,0.062014687944274144,-0.019350376793613608,-0.08238091244476045,-0.15468354622234495,-0.1746143531799543,-0.1643181601876489,-0.14300641749341944,-0.28214859277664117,-0.3702558150858243,-0.2691998933130576,-0.29602251131238444,-0.24043334051833115,-0.34581528266737144,-0.2509709458077045,-0.20244446787153159,-0.22051799019391466,-0.08183267706006703,-0.02446995888517021,-0.016455542149108125,0.004619883014258953,0.1332125574171879,0.13590867526718045,0.21523332517648225,0.23539987700310125,0.058789300586196164,0.2024841751571776,0.31848364748365393,0.23298934702644442,0.2901103229780613,0.25617612374019433,0.19554913992228637,0.1736701477532112,0.15265855281444243,0.21237383995130443,0.09611899744209754,-0.006227844868174151,-0.07344274694863794,-0.06639168395537988,-0.14385553629565756,-0.2320787961104549,-0.2540802758636745,-0.2228850414445128,-0.359112522725746,-0.3172808405072896,-0.28835804123629405,-0.22176392537894277,-0.340200523452584,-0.24911257273673026,-0.23666899501544547,-0.25825570300832357,-0.18210938843147462,-0.1283859445622843,-0.018725388060353773,0.04061088851965088,0.10796768069423857,0.16992453720482378,0.18196056274849154,0.2113303841172959,0.2517209718068236,0.25788989409893714,0.4388713361074963,0.278170329187953,0.23438298097974442,0.29155484753832306,0.25268315051139034,0.21421096360068873,0.28568627969568633,0.07776732147928962,0.12211403184372241,0.1003583997905848,-0.04219588352572687,-0.08955257032521355,-0.14893126911741694,-0.21050926009262189,-0.25900621177334093,-0.2351210363911711,-0.18259320290695508,-0.32469514278341566,-0.2518745354026308,-0.27267408154250616,-0.2819079790294556,-0.2959102252864892,-0.2581840473239233,-0.06125296122612499,-0.03211390829550104,-0.0387905849649432,-0.07069696462762765,0.08343504440345476,0.06206969510855133,0.1811580024360236,0.23044033915498202,0.13647322135807002,0.18861295051463572"
132,9.81,0.9605091816645269,"0.0,0.1,0.2,0.30000000000000004,0.4,0.5,0.6000000000000001,0.7000000000000001,0.8,0.9,1.0,1.1,1.2000000000000002,1.3,1.4000000000000001,1.5,1.6,1.7000000000000002,1.8,1.9000000000000001,2.0,2.1,2.2,2.3000000000000003,2.4000000000000004,2.5,2.6,2.7,2.8000000000000003,2.9000000000000004,3.0,3.1,3.2,3.3000000000000003,3.4000000000000004,3.5,3.6,3.7,3.8000000000000003,3.9000000000000004,4.0,4.1000000000000005,4.2,4.3,4.4,4.5,4.6000000000000005,4.7,4.800000000000001,4.9,5.0,5.1000000000000005,5.2,5.300000000000001,5.4,5.5,5.6000000000000005,5.7,5.800000000000001,5.9,6.0,6.1000000000000005,6.2,6.300000000000001,6.4,6.5,6.6000000000000005,6.7,6.800000000000001,6.9,7.0,7.1000000000000005,7.2,7.300000000000001,7.4,7.5,7.6000000000000005,7.7,7.800000000000001,7.9,8.0,8.1,8.200000000000001,8.3,8.4,8.5,8.6,8.700000000000001,8.8,8.9,9.0,9.1,9.200000000000001,9.3,9.4,9.5,9.600000000000001,9.700000000000001,9.8,9.9,10.0","0.26710050728471474,0.16931046683912104,0.2626104441456438,0.0857297897954621,0.19136853368512435,0.01825232616119852,0.013235895041616083,-0.19222256654710673,-0.21754410527033685,-0.3851409422607671,-0.2952569958065161,-0.4057587879064377,-0.23087440430956035,-0.1333156031321075,-0.008348792405858202,-0.08357246255632142,0.26219482244992304,0.2107480757381624,0.22829169507516062,0.2397215853616983,0.2808758950424048,0.31005731493028577,0.19263436527488198,0.16946522749268944,-0.06270908802592078,-0.05292681497505211,-0.1379458283088801,-0.16256127123663092,-0.2601788705456227,-0.2915517676885792,-0.3178173133018874,-0.23896583140513705,-0.13170846435425843,-0.11904281644869816,-0.03767605052860653,0.03240551472673603,0.19907291115473796,0.18862130288431556,0.1712854916818109,0.30088671803958406,0.2962340956790893,0.2551270142520805,0.2756772246198193,0.06580558729047417,-0.01275915840835299,-0.05016152521347987,-0.17473988723518633,-0.29627802005187953,-0.2513433860055994,-0.2731335128297112,-0.2838490632705592,-0.3166685420752202,-0.2747961114234784,-0.045847692933052735,0.06976448413031604,0.12483264495760188,0.17605917435488747,0.2608602465030608,0.3700597992814195,0.24823409631914356,0.3194515803012886,0.24633249739943297,0.27681543889684884,0.20126099719701945,0.09132193060242479,-0.0817294487415193,-0.24429046888986303,-0.2715802060803799,-0.31384194290595446,-0.25201444250057403,-0.2847971588154731,-0.24523939002269354,-0.17623503389288056,-0.10111539200054884,-0.018355309604563178,0.1401477036533851,0.3161170027532594,0.23450524505828035,0.3041967623465323,0.13181085170531665,0.21294004416754597,0.08785299747744296,0.017163585336499115,-0.049075290043893355,-0.09304500661623641,-0.12393028907128795,-0.14865747421372846,-0.22510201899265578,-0.27511986191374266,-0.3083995784184851,-0.29230784469886373,-0.2542353104993288,-0.1329348960677291,-0.00914809179022509,0.07966605720769286,0.14433607422571304,0.1125260102620409,0.2841944654572371,0.27056106356147014,0.25465455657719077,0.15635565443012772"
133,9.81,3.5760332276734608,"0.0,0.1,0.2,0.30000000000000004,0.4,0.5,0.6000000000000001,0.7000000000000001,0.8,0.9,1.0,1.1,1.2000000000000002,1.3,1.4000000000000001,1.5,1.6,1.7000000000000002,1.8,1.9000000000000001,2.0,2.1,2.2,2.3000000000000003,2.4000000000000004,2.5,2.6,2.7,2.8000000000000003,2.9000000000000004,3.0,3.1,3.2,3.3000000000000003,3.4000000000000004,3.5,3.6,3.7,3.8000000000000003,3.9000000000000004,4.0,4.1000000000000005,4.2,4.3,4.4,4.5,4.6000000000000005,4.7,4.800000000000001,4.9,5.0,5.1000000000000005,5.2,5.300000000000001,5.4,5.5,5.6000000000000005,5.7,5.800000000000001,5.9,6.0,6.1000000000000005,6.2,6.300000000000001,6.4,6.5,6.6000000000000005,6.7,6.800000000000001,6.9,7.0,7.1000000000000005,7.2,7.300000000000001,7.4,7.5,7.6000000000000005,7.7,7.800000000000001,7.9,8.0,8.1,8.200000000000001,8.3,8.4,8.5,8.6,8.700000000000001,8.8,8.9,9.0,9.1,9.200000000000001,9.3,9.4,9.5,9.600000000000001,9.700000000000001,9.8,9.9,10.0","0.3106598351803396,0.23389846137273437,0.2652299205550191,0.2228304033210001,0.28449884875752063,0.24842877389082818,0.0549292409436922,0.09428865181438739,0.08817444980129738,0.01706427124809676,-0.0530574409129589,0.056979756479422036,-0.024107303845396957,-0.16474129646031005,-0.254500888220418,-0.23949409669917998,-0.2682814628378646,-0.2660841438210516,-0.28460655507379906,-0.3607396383082145,-0.2980548922830521,-0.28226882021533506,-0.26892643460297516,-0.27572128432648774,-0.19994285792685784,-0.22892091740083625,-0.08127055545137754,-0.08509411342989733,-0.021616058326092952,-0.01580670168125847,0.04663287048242491,0.23687032783601472,0.12261352221030616,0.21507576183551924,0.23247274917747174,0.249143822942591,0.455919044343741,0.31389862027697046,0.3110507673309844,0.26486394833915106,0.3055522364826303,0.29113894839562765,0.3044482967466361,0.20627347744853658,0.17087946481415567,0.10997484274878619,0.0676774968774521,0.11212438842737524,0.13891209275696162,-0.018703866151192565,-0.08180292192044684,-0.17147297480234402,-0.17680142120774156,-0.2714716989881215,-0.07196122949363815,-0.3077191527891814,-0.271745257652296,-0.24720602188277108,-0.3152550782933488,-0.2641923593570249,-0.30481855041278616,-0.06398339743589423,-0.16262517855389833,-0.24420265205473263,-0.11976527266046617,-0.00370320268994051,-0.017171035286897493,0.12755468245825846,0.3687151271202186,0.09660931539459577,0.1443852769286809,0.3195768461087558,0.1655435329822525,0.27529327286303806,0.245211153125879,0.2545494352079072,0.32336633629878736,0.41130897824759466,0.2807327649136916,0.3196289472349009,0.2748037429121216,0.2087046981501237,0.13784271839217227,0.02731990104900356,0.20075622245689495,0.02143584245384705,-0.07933540688538496,-0.049403455616377275,-0.2629944121966644,-0.21714535326339743,-0.1601872480147725,-0.009072953366078162,-0.20372734620172714,-0.3174142893356767,-0.214331647098112,-0.20382202430806381,-0.2592740828810935,-0.2277724790211384,-0.28468709704390033,-0.22876208179849633,-0.23960330008299272"
134,9.81,3.493883744461897,"0.0,0.1,0.2,0.30000000000000004,0.4,0.5,0.6000000000000001,0.7000000000000001,0.8,0.9,1.0,1.1,1.2000000000000002,1.3,1.4000000000000001,1.5,1.6,1.7000000000000002,1.8,1.9000000000000001,2.0,2.1,2.2,2.3000000000000003,2.4000000000000004,2.5,2.6,2.7,2.8000000000000003,2.9000000000000004,3.0,3.1,3.2,3.3000000000000003,3.4000000000000004,3.5,3.6,3.7,3.8000000000000003,3.9000000000000004,4.0,4.1000000000000005,4.2,4.3,4.4,4.5,4.6000000000000005,4.7,4.800000000000001,4.9,5.0,5.1000000000000005,5.2,5.300000000000001,5.4,5.5,5.6000000000000005,5.7,5.800000000000001,5.9,6.0,6.1000000000000005,6.2,6.300000000000001,6.4,6.5,6.6000000000000005,6.7,6.800000000000001,6.9,7.0,7.1000000000000005,7.2,7.300000000000001,7.4,7.5,7.6000000000000005,7.7,7.800000000000001,7.9,8.0,8.1,8.200000000000001,8.3,8.4,8.5,8.6,8.700000000000001,8.8,8.9,9.0,9.1,9.200000000000001,9.3,9.4,9.5,9.600000000000001,9.700000000000001,9.8,9.9,10.0","0.2675666175980043,0.24857196060589704,0.44088278014309623,0.377402429472947,0.26918517466432446,0.22532247657355906,0.0886234838929465,0.07561164453172416,0.15475900864682396,0.061807983300330244,-0.08892613754476493,-0.0936574607840245,-0.04865424667566934,0.05975394314719176,-0.19851291418620207,-0.25225173181201965,-0.24553812972762898,-0.3151622127666977,-0.33991182070339176,-0.28487221458833245,-0.298793020968554,-0.27521201065061657,-0.3032283723582668,-0.2964988523666584,-0.20376233034174196,-0.16126010469180957,-0.12232086590166845,-0.07594759341677619,-0.1029851538216475,0.0733753938515683,0.10382535425515593,0.12571001283775826,0.1988084844008115,0.18023312460007346,0.22229459327760565,0.28381479008554356,0.2902427063403006,0.33286727991840515,0.30672966853734474,0.27637694891144926,0.2010382537895396,0.18543050975501008,0.25972530959746365,0.17827947441028033,0.24219210049378492,0.10885944081923789,0.06874159795314622,0.06091922505102796,-0.07636228406311936,-0.11169178324164215,-0.1524549846467081,-0.15612503617765494,-0.45667758968080574,-0.20537111269692004,-0.35012196703842485,-0.2667144881508784,-0.26724074809958515,-0.2727151490220385,-0.17714790945285655,-0.323866883731547,-0.2604166163379125,-0.18972427579667314,-0.09988756706187714,-0.14757504817688688,-0.05731136819380603,-0.006388066663900724,0.03204732124454642,0.13419382657625037,0.12600214996187276,0.21288229689675603,0.2238077085161013,0.2191350974951911,0.2665942164615777,0.22361471965839458,0.2867963898646276,0.32573373285598495,0.2897630385614749,0.2519577832595866,0.19772709639196756,0.2742464603126409,0.17183382965596994,0.20574492146492446,0.16019114087421554,0.17420376918623348,0.10859213833667285,-0.05048328305888415,-0.06968881080233905,-0.11469920847876695,-0.1631397763726334,-0.1947321161501241,-0.03675124775074684,-0.295763132049837,-0.28791909092744444,-0.2990656304433591,-0.21582322326949824,-0.2575821317039561,-0.4934324507317418,-0.3098615392129168,-0.22987057347809087,-0.2200717189256599,-0.13544363438803605"
135,9.81,1.2243381815030057,"0.0,0.1,0.2,0.30000000000000004,0.4,0.5,0.6000000000000001,0.7000000000000001,0.8,0.9,1.0,1.1,1.2000000000000002,1.3,1.4000000000000001,1.5,1.6,1.7000000000000002,1.8,1.9000000000000001,2.0,2.1,2.2,2.3000000000000003,2.4000000000000004,2.5,2.6,2.7,2.8000000000000003,2.9000000000000004,3.0,3.1,3.2,3.3000000000000003,3.4000000000000004,3.5,3.6,3.7,3.8000000000000003,3.9000000000000004,4.0,4.1000000000000005,4.2,4.3,4.4,4.5,4.6000000000000005,4.7,4.800000000000001,4.9,5.0,5.1000000000000005,5.2,5.300000000000001,5.4,5.5,5.6000000000000005,5.7,5.800000000000001,5.9,6.0,6.1000000000000005,6.2,6.300000000000001,6.4,6.5,6.6000000000000005,6.7,6.800000000000001,6.9,7.0,7.1000000000000005,7.2,7.300000000000001,7.4,7.5,7.6000000000000005,7.7,7.800000000000001,7.9,8.0,8.1,8.200000000000001,8.3,8.4,8.5,8.6,8.700000000000001,8.8,8.9,9.0,9.1,9.200000000000001,9.3,9.4,9.5,9.600000000000001,9.700000000000001,9.8,9.9,10.0","0.2912518263646337,0.22693358143820486,0.25526864757120066,0.18057044832521396,0.14313244859661803,0.05088496798208168,-0.2464878754331468,0.01125667528403572,-0.20543880170597537,-0.2156398229513267,-0.23616434701383143,-0.33839595872646017,-0.21819514918951635,-0.17313959545779134,-0.31160605701844163,-0.2079342014036808,-0.024309756170165273,-0.017201166901145787,0.2153673373021423,0.06892382039037939,0.27518340983073025,0.3261388546823687,0.5576379363603208,0.3252262223682435,0.25976346330895567,0.19379974524298177,0.14699777934040753,0.09358384282411567,0.0656160652809618,-0.2591522110090912,-0.19204987784405123,-0.2502034626972805,-0.2439128934877719,-0.3594986100254512,-0.3738390736769349,-0.26640557290806066,-0.08402769174204239,-0.16017163980835541,-0.06661032774513798,0.04092208765119114,0.07844585713029331,0.22327901193898675,0.20949914314379234,0.28300673727846903,0.35007281660956735,0.2736897798685038,0.1580354478034786,0.26472249626597966,0.16385033939874674,0.10338153094167182,-0.05986925832343788,-0.17931338551467885,-0.1815719669259486,-0.1424544846285576,-0.23227646582592637,-0.30431916837352707,-0.2949398937087817,-0.24054943943209384,-0.2950935049153061,-0.21611488890716174,-0.042263283661857366,-0.0009104921892731516,0.0452810850801285,0.07499702939393636,0.2069658198181183,0.17426430312289862,0.19265646090894517,0.3229615870385242,0.30978771570584557,0.34183655044369987,0.18159751555661835,0.019932558869588404,0.0322402500141878,0.1284237709020625,-0.16682303501020926,-0.11575709041981319,-0.17516650102382933,-0.3409709523870456,-0.13801369926488977,-0.2630505546673784,-0.15631289337631404,-0.08332416578050622,-0.10243112970607177,-0.07870196068514658,0.07445092219622504,0.13534376254837394,0.3564144882244042,0.22889249325290711,0.45848387706792,0.09556864074489313,0.26053378446494535,0.26369478673458746,0.1895874211359911,0.19173099349288492,0.09728602114634365,0.09015366648839385,-0.13731065421365696,-0.13188653355984764,-0.22485057696728394,-0.3028978317504197,-0.26784443684655734"
136,9.81,2.897345918730093,"0.0,0.1,0.2,0.30000000000000004,0.4,0.5,0.6000000000000001,0.7000000000000001,0.8,0.9,1.0,1.1,1.2000000000000002,1.3,1.4000000000000001,1.5,1.6,1.7000000000000002,1.8,1.9000000000000001,2.0,2.1,2.2,2.3000000000000003,2.4000000000000004,2.5,2.6,2.7,2.8000000000000003,2.9000000000000004,3.0,3.1,3.2,3.3000000000000003,3.4000000000000004,3.5,3.6,3.7,3.8000000000000003,3.9000000000000004,4.0,4.1000000000000005,4.2,4.3,4.4,4.5,4.6000000000000005,4.7,4.800000000000001,4.9,5.0,5.1000000000000005,5.2,5.300000000000001,5.4,5.5,5.6000000000000005,5.7,5.800000000000001,5.9,6.0,6.1000000000000005,6.2,6.300000000000001,6.4,6.5,6.6000000000000005,6.7,6.800000000000001,6.9,7.0,7.1000000000000005,7.2,7.300000000000001,7.4,7.5,7.6000000000000005,7.7,7.800000000000001,7.9,8.0,8.1,8.200000000000001,8.3,8.4,8.5,8.6,8.700000000000001,8.8,8.9,9.0,9.1,9.200000000000001,9.3,9.4,9.5,9.600000000000001,9.700000000000001,9.8,9.9,10.0","0.20721345018174447,0.3253249002575646,0.2757077543779533,0.20150460086559396,0.21792636105184676,0.1232436162633378,0.1005464343210754,0.08435502816647038,0.053068895209499804,0.012851544298885215,-0.0695573299068681,-0.11986503929740491,-0.17866152920081696,-0.23412964530483305,-0.19876004403131442,-0.23795122382029468,-0.3254843088490062,-0.35779842497569414,-0.12371575783922475,-0.24149427885057478,-0.31180950890939174,-0.2775827686354443,-0.19988620484951367,-0.1291141672289883,-0.09252617303892655,-0.07916124327033228,-0.03324883704176074,0.08678478308741884,0.11743474532309736,0.1254488085165264,0.21269051712475232,0.25918192378324756,0.197004550105655,0.14180722207174104,0.33832432593709855,0.37843953980352824,0.15265428593281682,0.24406024182557234,0.10993160378234261,0.1628358118664966,0.2351443879634857,0.08722246415391532,0.007031360402665519,-0.06269890812643804,-0.06063334748374169,-0.20888423447981846,-0.18841695519593019,-0.24187025964771375,-0.2624558544074267,-0.29372801232832835,-0.24288195468750828,-0.2618201414504926,-0.1827676713119178,-0.2273083761671867,-0.31921488678429355,-0.2271331055661461,-0.23999472310247233,-0.20163653773269624,-0.09949065460147924,-0.08153335001653286,-0.03457100285224686,0.017779202046007393,0.1433987833656809,0.16378842530414936,0.24444779758381013,0.15919955419391604,0.2571951137095746,0.26129613931073054,0.31774041590567054,0.41155002402860863,0.2923042091238177,0.33603248191545176,0.30721680325223655,0.0865154523849242,0.1399959237547677,0.0783152982435389,0.05645959051049999,-0.13566466074769737,-0.05463008767063557,-0.0374630044665633,-0.15564124812714336,-0.15201813924459792,-0.33009986863476526,-0.26077989818973024,-0.23240735491108336,-0.3383813852326211,-0.2865797140379932,-0.30839286341657757,-0.24433074587999107,-0.29759339163824683,-0.19483301040609252,-0.17127153005414347,-0.15546208340426965,-0.14075586857597472,-0.007429950100161051,-0.026654932854318844,0.08219240054866904,0.1064192485867353,0.24979132334277154,0.2631732245098034,0.23810425647308742"
137,9.81,0.5727976490242377,"0.0,0.1,0.2,0.30000000000000004,0.4,0.5,0.6000000000000001,0.7000000000000001,0.8,0.9,1.0,1.1,1.2000000000000002,1.3,1.4000000000000001,1.5,1.6,1.7000000000000002,1.8,1.9000000000000001,2.0,2.1,2.2,2.3000000000000003,2.4000000000000004,2.5,2.6,2.7,2.8000000000000003,2.9000000000000004,3.0,3.1,3.2,3.3000000000000003,3.4000000000000004,3.5,3.6,3.7,3.8000000000000003,3.9000000000000004,4.0,4.1000000000000005,4.2,4.3,4.4,4.5,4.6000000000000005,4.7,4.800000000000001,4.9,5.0,5.1000000000000005,5.2,5.300000000000001,5.4,5.5,5.6000000000000005,5.7,5.800000000000001,5.9,6.0,6.1000000000000005,6.2,6.300000000000001,6.4,6.5,6.6000000000000005,6.7,6.800000000000001,6.9,7.0,7.1000000000000005,7.2,7.300000000000001,7.4,7.5,7.6000000000000005,7.7,7.800000000000001,7.9,8.0,8.1,8.200000000000001,8.3,8.4,8.5,8.6,8.700000000000001,8.8,8.9,9.0,9.1,9.200000000000001,9.3,9.4,9.5,9.600000000000001,9.700000000000001,9.8,9.9,10.0","0.30508012042356586,0.3306281365449427,0.2498270199043376,0.15685305306796135,0.06522666259554563,-0.1574247303943738,-0.2806698363839765,-0.313571593881341,-0.4110239475563867,-0.36534489923925867,-0.036357027519438034,0.018647947819558017,0.09166053306842144,0.13952182742805058,0.3919191737708106,0.3409884977338711,0.16957751378808,0.23547780821258626,-0.030620154053512177,0.0015675193905040335,-0.033177705686267184,-0.22214665367847564,-0.24167984695370603,-0.34060116378831723,-0.25341657367162124,-0.23360163292959493,-0.1482947478798946,0.10734823148142983,0.2313176281331198,0.22062814732425273,0.2705924818654194,0.3405481837089714,0.03611932619030739,0.08665887863042296,-0.050069480455801826,-0.17826119787885636,-0.15705942490441327,-0.2527161565843134,-0.20060810119848485,-0.4225073859781322,-0.17648216575011993,-0.03862887322076983,0.08350802740072757,0.22493536937194342,0.2988973166701264,0.22635205832624983,0.26660969514895705,0.25572877918547576,0.07251732757692043,0.12034015771234302,-0.02375703692767825,-0.2353889945833879,-0.33703183485943633,-0.2337512968338778,-0.30871703486841057,-0.25250801617847596,-0.08147717441785389,0.10207135690000799,0.12811028900822374,0.2477193295546005,0.28456277056625434,0.17543334052692433,0.256238400860272,0.3189218467860796,0.15269728070004618,-0.2055884490251653,-0.2151508931725198,-0.2287928714358913,-0.3310027421973481,-0.1932929595811291,-0.19870471398634615,-0.15510665271757795,0.09342001457309333,0.1879262178568858,0.20371151038423907,0.2789020844904205,0.1920624000085322,0.22771212117805184,0.1724384285588091,0.14242967297029419,-0.04708438073412417,-0.12654087735788846,-0.23780374286135192,-0.36701158909387105,-0.25646520861073396,-0.21770228443657766,-0.14943670827719474,-0.17456395160260124,0.05881377618949056,0.23766799870872563,0.34928499011901903,0.347032048590492,0.22049282255364067,0.08895581932800671,0.09817708056240784,-0.09538871915792582,-0.11580113660222363,-0.1498705465975352,-0.2504707214557801,-0.23175858527080678,-0.23056836730437444"
138,9.81,1.7527146007438377,"0.0,0.1,0.2,0.30000000000000004,0.4,0.5,0.6000000000000001,0.7000000000000001,0.8,0.9,1.0,1.1,1.2000000000000002,1.3,1.4000000000000001,1.5,1.6,1.7000000000000002,1.8,1.9000000000000001,2.0,2.1,2.2,2.3000000000000003,2.4000000000000004,2.5,2.6,2.7,2.8000000000000003,2.9000000000000004,3.0,3.1,3.2,3.3000000000000003,3.4000000000000004,3.5,3.6,3.7,3.8000000000000003,3.9000000000000004,4.0,4.1000000000000005,4.2,4.3,4.4,4.5,4.6000000000000005,4.7,4.800000000000001,4.9,5.0,5.1000000000000005,5.2,5.300000000000001,5.4,5.5,5.6000000000000005,5.7,5.800000000000001,5.9,6.0,6.1000000000000005,6.2,6.300000000000001,6.4,6.5,6.6000000000000005,6.7,6.800000000000001,6.9,7.0,7.1000000000000005,7.2,7.300000000000001,7.4,7.5,7.6000000000000005,7.7,7.800000000000001,7.9,8.0,8.1,8.200000000000001,8.3,8.4,8.5,8.6,8.700000000000001,8.8,8.9,9.0,9.1,9.200000000000001,9.3,9.4,9.5,9.600000000000001,9.700000000000001,9.8,9.9,10.0","0.33559084768311587,0.4901601809226118,0.32434080661984366,0.2339909833856488,0.19799442846961052,0.044120968804257865,0.008367808164177412,-0.044253177875203546,-0.10836105761702883,-0.1780068889600231,-0.1833261082921077,-0.2442814785569704,-0.3358098469036059,-0.36938323910668364,-0.33117158850398404,-0.2968872215719818,-0.24585617829731923,-0.17165382895118356,0.4218112397542753,-0.08849914629146027,-0.17133971961441585,0.06664600237695717,0.10709770431842901,0.34743072017815096,0.23727915150991086,0.3477089351762294,0.34418849123635653,0.3115478192595398,0.23453635641975457,0.20208941321170498,0.14954846219450563,0.20240866526272688,0.010318805790966043,-0.008036361936234186,-0.08900866188436313,-0.0034405918108370293,-0.10609225662397284,-0.15471937239236738,-0.28188363613438877,-0.27992092200359925,-0.27453222708450387,-0.3276808445627895,-0.21672763708294382,-0.3242391677520891,-0.18500091057073778,-0.09547274029237246,-0.04975219981007318,0.16771954950837897,0.10303659062459054,0.059851715314583,0.16411182392455387,0.4624257371917908,0.33504936165261057,0.24352425840889497,0.31209523168695497,0.3152479708121678,0.24339093768649092,0.19805928491561503,0.16594240295438556,0.15838834967835097,0.06582557630933891,0.016535698483497827,-0.15613986240371389,-0.21375326664078176,-0.29128471106126214,-0.26605825314654175,-0.18527144676885504,-0.350573669888899,-0.28013994777113543,-0.2980028603557776,-0.2497446229996197,-0.17230827891016517,-0.039686438180580375,0.13704041255602842,0.12593921491743698,0.04313397640448513,0.24926103931979673,0.23468946340521143,0.24377019441084552,0.18739211571763223,0.3323814828382035,0.29066487435243643,0.21432886596222755,0.21191368321215784,0.1834930205637209,0.11748527583071293,0.06781189145276509,-0.05108791070083414,-0.1878480373151621,-0.11922783656152042,-0.22158361702391244,-0.32298353790816026,-0.2062418067119532,-0.2639418857271532,-0.27003202356383244,-0.15535937716813739,-0.19659176050155702,-0.11444624068158113,-0.11065278115625811,0.06866784558673544,-0.05675163051697362"
139,9.81,3.2876829267392234,"0.0,0.1,0.2,0.30000000000000004,0.4,0.5,0.6000000000000001,0.7000000000000001,0.8,0.9,1.0,1.1,1.2000000000000002,1.3,1.4000000000000001,1.5,1.6,1.7000000000000002,1.8,1.9000000000000001,2.0,2.1,2.2,2.3000000000000003,2.4000000000000004,2.5,2.6,2.7,2.8000000000000003,2.9000000000000004,3.0,3.1,3.2,3.3000000000000003,3.4000000000000004,3.5,3.6,3.7,3.8000000000000003,3.9000000000000004,4.0,4.1000000000000005,4.2,4.3,4.4,4.5,4.6000000000000005,4.7,4.800000000000001,4.9,5.0,5.1000000000000005,5.2,5.300000000000001,5.4,5.5,5.6000000000000005,5.7,5.800000000000001,5.9,6.0,6.1000000000000005,6.2,6.300000000000001,6.4,6.5,6.6000000000000005,6.7,6.800000000000001,6.9,7.0,7.1000000000000005,7.2,7.300000000000001,7.4,7.5,7.6000000000000005,7.7,7.800000000000001,7.9,8.0,8.1,8.200000000000001,8.3,8.4,8.5,8.6,8.700000000000001,8.8,8.9,9.0,9.1,9.200000000000001,9.3,9.4,9.5,9.600000000000001,9.700000000000001,9.8,9.9,10.0","0.3227479068546846,0.32063329353376957,0.2374070142490739,0.21500207073318378,0.2459338647634119,0.19653077281045367,0.2919533277719684,0.051401284729106544,0.12152356392516381,-0.012512649221922316,-0.12049047287792401,-0.04464313230101833,-0.16257939629806845,-0.21235827134539415,-0.26270932336865643,-0.2398971312111593,-0.2501211299845443,-0.3135252888283768,-0.22719996426868644,-0.37714411991316754,-0.4041202300497817,-0.25659317121234143,-0.2906586565256232,-0.16095638189008848,-0.17370041895411464,-0.1529495887827295,-0.014974824569243109,-0.01736862264757909,0.09823293176152634,0.07312635281478408,0.28567445448458684,0.19011776587826681,0.25620513658324173,0.1803847146538971,0.28150748228746636,0.27332193815355016,0.30957577697776417,0.301149130839443,0.29555100993399497,0.3024168871863222,0.2777260769090158,0.16012562477538117,0.09682992863842829,0.08726672805923764,0.07119592673045333,0.04739527415950525,-0.006255852444615363,-0.08956697609462252,-0.1644207628719608,-0.1496894857098749,-0.15646814732105888,-0.17512335655308978,-0.2352170097717711,-0.25682324897259357,-0.3028806035282169,-0.46604357347208014,-0.2425431095445045,-0.3188264830218342,-0.13818628576976788,-0.33327658719545794,-0.18771706660229392,-0.17767683745036988,-0.09585333216560388,-0.015395216978144478,0.049686780374453315,0.06944465849778658,0.09524104439772975,0.14840458903867745,0.2526348650536418,0.30161882767143244,0.26627379254190026,0.2676333007186144,0.22861676537412295,0.38922711840358204,0.3065798626916428,0.34023377204118693,0.25462279741215554,0.247698942839704,0.052091778137275585,0.14685652763491658,0.20146092990499798,0.0744099765149702,0.08202213509117975,-0.0665752975604295,-0.22263799174800478,-0.1617703657710525,-0.1924095996824846,-0.17641922732290027,-0.24415019499777918,-0.17968872788005189,-0.35140678241993506,-0.3322306362662032,-0.29794991009125155,-0.3393581256486185,-0.2692673510957114,-0.2079697050733276,-0.30220411280908654,-0.26267101900156237,-0.1395271547587719,-0.049554753342731725,-0.02297630188671668"
140,9.81,2.495520243742134,"0.0,0.1,0.2,0.30000000000000004,0.4,0.5,0.6000000000000001,0.7000000000000001,0.8,0.9,1.0,1.1,1.2000000000000002,1.3,1.4000000000000001,1.5,1.6,1.7000000000000002,1.8,1.9000000000000001,2.0,2.1,2.2,2.3000000000000003,2.4000000000000004,2.5,2.6,2.7,2.8000000000000003,2.9000000000000004,3.0,3.1,3.2,3.3000000000000003,3.4000000000000004,3.5,3.6,3.7,3.8000000000000003,3.9000000000000004,4.0,4.1000000000000005,4.2,4.3,4.4,4.5,4.6000000000000005,4.7,4.800000000000001,4.9,5.0,5.1000000000000005,5.2,5.300000000000001,5.4,5.5,5.6000000000000005,5.7,5.800000000000001,5.9,6.0,6.1000000000000005,6.2,6.300000000000001,6.4,6.5,6.6000000000000005,6.7,6.800000000000001,6.9,7.0,7.1000000000000005,7.2,7.300000000000001,7.4,7.5,7.6000000000000005,7.7,7.800000000000001,7.9,8.0,8.1,8.200000000000001,8.3,8.4,8.5,8.6,8.700000000000001,8.8,8.9,9.0,9.1,9.200000000000001,9.3,9.4,9.5,9.600000000000001,9.700000000000001,9.8,9.9,10.0","0.2315327573611516,0.19195218952698195,0.3729990623936127,0.3568815242089948,0.29466892137911405,0.18056586191103324,0.06990523763129636,0.08464977093048853,-0.009757295340277214,-0.021969940804873016,-0.006847781719231422,-0.16608922207473115,-0.2387656585560461,-0.17704524969340463,-0.3349825353050911,-0.31017339052441484,-0.09062625231792987,-0.3215673981980226,-0.2709224904907313,-0.20296744515262763,-0.24974735308296303,-0.21088893177047532,-0.12250956768970464,-0.049346697860959035,0.010621840059581843,0.07022944249030266,0.14761921449800197,0.14875114504371525,0.2605921913070885,0.2785116496268657,0.17202022244712376,0.3247241419208215,0.16049005684528234,0.4374985140913699,0.23607971188107074,0.23163587571953606,0.2621839514857155,0.18834728389521826,0.11818276811814044,0.049270936792215274,0.0719789103996607,-0.03192374192224262,-0.1243760263826757,-0.17209896135838332,-0.09002306301248233,-0.23144894307430702,-0.2618287571440288,-0.39617404093841274,-0.2704561041955314,-0.2737622603941297,-0.2051938832181783,-0.13029221635057614,-0.20476274903937214,-0.10463392342443051,-0.05516955558683634,0.038244528231345755,0.117225076684569,0.08439833587541755,0.1295034031330712,0.1729927309488863,0.26736801361598816,0.47029785065658347,0.35416947182156877,0.26260563102181905,0.28387699757835577,0.271962635373816,0.2596634234684962,0.04730229111315917,0.217968160474939,0.14108464164698487,0.2510081704311421,0.04442901321509353,-0.050970884154096174,0.043473235551192715,-0.30454028686697143,-0.2858376997120233,-0.14605933583198605,-0.22210477448678256,-0.27852631762797875,-0.47025550546199946,-0.32454043631682594,-0.1886007509325243,-0.26076891012706993,-0.25636119595820417,-0.19500361299582997,-0.038611579616910335,-0.10955583522275925,-0.0709892826252386,-0.07798398998090542,0.11620861353520251,0.14055386863499206,0.2052776725677405,0.13444624546854536,0.2561544393863934,0.35424871457076956,0.3764131796087091,0.3184505632019337,0.30443590125811104,0.24350214655032756,0.24515250706459935,0.20210338005756692"
141,9.81,1.7717209095181483,"0.0,0.1,0.2,0.30000000000000004,0.4,0.5,0.6000000000000001,0.7000000000000001,0.8,0.9,1.0,1.1,1.2000000000000002,1.3,1.4000000000000001,1.5,1.6,1.7000000000000002,1.8,1.9000000000000001,2.0,2.1,2.2,2.3000000000000003,2.4000000000000004,2.5,2.6,2.7,2.8000000000000003,2.9000000000000004,3.0,3.1,3.2,3.3000000000000003,3.4000000000000004,3.5,3.6,3.7,3.8000000000000003,3.9000000000000004,4.0,4.1000000000000005,4.2,4.3,4.4,4.5,4.6000000000000005,4.7,4.800000000000001,4.9,5.0,5.1000000000000005,5.2,5.300000000000001,5.4,5.5,5.6000000000000005,5.7,5.800000000000001,5.9,6.0,6.1000000000000005,6.2,6.300000000000001,6.4,6.5,6.6000000000000005,6.7,6.800000000000001,6.9,7.0,7.1000000000000005,7.2,7.300000000000001,7.4,7.5,7.6000000000000005,7.7,7.800000000000001,7.9,8.0,8.1,8.200000000000001,8.3,8.4,8.5,8.6,8.700000000000001,8.8,8.9,9.0,9.1,9.200000000000001,9.3,9.4,9.5,9.600000000000001,9.700000000000001,9.8,9.9,10.0","0.3170561042760727,0.5200443584814753,0.2908536418722625,0.33209118976447904,0.14319142606498106,0.1599673670837174,0.03299561761196505,-0.0012500223843491982,-0.07924939870494646,-0.17180102624205615,-0.1639255616306787,-0.18218721970652277,-0.26560192712042063,-0.2770009362826976,-0.3157799423975499,-0.279504571026631,-0.24446153551234628,-0.16788580131256992,-0.24960520555033927,-0.041487476876155976,0.008316408714977,0.04607115272832658,0.13549625544926297,0.24345605252676314,0.19641997928517083,0.28974148673773653,0.21928051715478805,0.287935764013587,0.3132499276818508,0.09666595373594267,0.1432516225191075,0.17461760735715823,0.05723579093344791,0.007403813229921254,-0.009753580805282283,-0.03298529309817465,-0.06317406353037643,-0.11511756157020336,-0.20524017631674452,-0.35009463298866994,-0.2154515684488806,-0.3158336665719885,-0.2594189976797299,-0.2314788659884379,-0.1758382910007587,-0.11765502499342803,0.024387878705328353,0.0382042256636244,-0.010210890641745435,0.08737857166978086,0.14923650185847975,0.46737249553029203,0.3447441811430621,0.26637161233491286,0.3242648115635633,0.37947577783600595,0.1489331799431809,0.19822564098573708,0.22403227382429658,0.010505180724622296,0.04786580714421956,-0.029935589721784638,-0.24699871222505257,-0.13982681391734508,-0.25408498756932235,-0.2973062199492412,-0.2762603941241714,-0.4224107356873617,-0.16985065655106413,-0.2898464348888154,-0.27868894396611027,-0.16546913123443563,-0.11856229160796611,0.0641346548968302,0.04762408564960732,0.07215842806966846,0.1374150726394237,0.20382793670329843,0.25554774137584646,0.23753895752540294,0.25798776959102593,0.33133041103396793,0.16673747261743926,0.21247788447044305,0.18929454409419594,0.14858584555157145,0.013558747951684963,-0.08643189586034515,-0.09925811756518375,-0.11129889293815386,-0.22363237721265078,-0.10190949778753444,-0.28676221777058053,-0.29268096312476033,-0.36556333235465543,-0.20804834643357617,-0.2527433615512652,-0.18677765248462,-0.24495290288920357,-0.05885919727284493,-0.16309560559851685"
142,9.81,1.0008860386550595,"0.0,0.1,0.2,0.30000000000000004,0.4,0.5,0.6000000000000001,0.7000000000000001,0.8,0.9,1.0,1.1,1.2000000000000002,1.3,1.4000000000000001,1.5,1.6,1.7000000000000002,1.8,1.9000000000000001,2.0,2.1,2.2,2.3000000000000003,2.4000000000000004,2.5,2.6,2.7,2.8000000000000003,2.9000000000000004,3.0,3.1,3.2,3.3000000000000003,3.4000000000000004,3.5,3.6,3.7,3.8000000000000003,3.9000000000000004,4.0,4.1000000000000005,4.2,4.3,4.4,4.5,4.6000000000000005,4.7,4.800000000000001,4.9,5.0,5.1000000000000005,5.2,5.300000000000001,5.4,5.5,5.6000000000000005,5.7,5.800000000000001,5.9,6.0,6.1000000000000005,6.2,6.300000000000001,6.4,6.5,6.6000000000000005,6.7,6.800000000000001,6.9,7.0,7.1000000000000005,7.2,7.300000000000001,7.4,7.5,7.6000000000000005,7.7,7.800000000000001,7.9,8.0,8.1,8.200000000000001,8.3,8.4,8.5,8.6,8.700000000000001,8.8,8.9,9.0,9.1,9.200000000000001,9.3,9.4,9.5,9.600000000000001,9.700000000000001,9.8,9.9,10.0","0.28961536985046316,0.38088739992775644,0.2645755129694358,0.04654789038196924,0.013032908233698529,-0.013277406878173574,-0.12185253276164287,-0.1646410648182116,-0.2555087741912737,-0.3734262975918656,-0.37368067778529773,-0.4009751729804616,-0.2127007008861395,-0.24041290925110803,-0.06679057051853488,-0.08266549559921935,0.2567399031298685,0.22223977315674845,0.3462964962290751,0.3656834787558647,0.27685266356931004,0.3280287430571786,0.1875861198656853,0.21777324336778037,0.12461092551681215,0.017965069519340612,-0.07642032156539803,-0.10933139904566547,-0.20455893325763566,-0.2838095026763865,-0.31447656635419213,-0.26396025785671645,-0.13415543321978826,-0.1619001395720353,-0.17313089488842548,0.005796495477729723,0.26222002228225194,0.19507580686423298,0.06944681576595546,0.28379942922681434,0.30729775728034964,0.2363947446130831,0.3474389729287145,0.18678229784008954,0.13293982701878193,-0.005475254456059425,-0.11957157775796104,-0.17762117252491116,-0.1770577444513997,-0.2782684456062588,-0.3231276576727423,-0.2909315467676028,-0.24653532244782447,-0.27943855703918397,-0.12411810748737703,-0.025525454422414554,0.12395570632319539,0.14591633428064027,0.1412289118758541,0.23816053360549377,0.3413070388076139,0.22811118602728248,0.49717578729633594,0.17696203084686535,0.05636469044384762,-0.1872725191315675,-0.18881363152774763,-0.06955371968781648,-0.21620583318254627,-0.2169223685270034,-0.3404747747674482,-0.319360521618164,-0.34046798859244537,-0.19556551350675827,-0.1442690917812371,-0.2547579608892745,0.21950851315869632,0.18203378705164816,0.20327396959838923,0.13735460694192209,0.30700901048100954,0.2837755247562209,0.18038440126823335,0.23112321541276343,0.12459318999763516,0.07670065237513043,-0.0934938930261186,-0.1829953752611706,-0.2017181919914884,-0.25263769294896515,-0.3005198339805405,-0.40211341826537955,-0.23812767186239786,-0.16177633605614275,-0.1215362220204601,-0.01945547754127872,0.04611910975241478,0.1916918415300759,0.11358097282535247,0.2577448479284523,0.27967302635488606"
143,9.81,0.8113777384834505,"0.0,0.1,0.2,0.30000000000000004,0.4,0.5,0.6000000000000001,0.7000000000000001,0.8,0.9,1.0,1.1,1.2000000000000002,1.3,1.4000000000000001,1.5,1.6,1.7000000000000002,1.8,1.9000000000000001,2.0,2.1,2.2,2.3000000000000003,2.4000000000000004,2.5,2.6,2.7,2.8000000000000003,2.9000000000000004,3.0,3.1,3.2,3.3000000000000003,3.4000000000000004,3.5,3.6,3.7,3.8000000000000003,3.9000000000000004,4.0,4.1000000000000005,4.2,4.3,4.4,4.5,4.6000000000000005,4.7,4.800000000000001,4.9,5.0,5.1000000000000005,5.2,5.300000000000001,5.4,5.5,5.6000000000000005,5.7,5.800000000000001,5.9,6.0,6.1000000000000005,6.2,6.300000000000001,6.4,6.5,6.6000000000000005,6.7,6.800000000000001,6.9,7.0,7.1000000000000005,7.2,7.300000000000001,7.4,7.5,7.6000000000000005,7.7,7.800000000000001,7.9,8.0,8.1,8.200000000000001,8.3,8.4,8.5,8.6,8.700000000000001,8.8,8.9,9.0,9.1,9.200000000000001,9.3,9.4,9.5,9.600000000000001,9.700000000000001,9.8,9.9,10.0","0.0897440967631701,0.22267134316621268,0.25764221952832017,0.22398190341427404,0.018739561218430713,-0.13533948929359277,-0.17359421226194324,-0.18885252354930163,-0.28698133387885105,-0.3298193297039784,-0.22440510799891258,-0.20974030495878962,-0.1235543448127232,0.07406352501127234,0.15323627501683382,0.1451527567328867,0.18070138739987865,0.28453103654511164,0.2877845075779804,0.14923640666693494,0.2494628118736005,0.15412838720491162,0.04279271403657835,0.1562491843789942,-0.14289507341811186,-0.31987543819272485,-0.3659059178587381,-0.35442843221711834,-0.31995239633166644,-0.26284066994243366,-0.1514645941950968,-0.048724756329306916,0.019322615340392105,0.012758725271473315,0.23608296436262807,0.4101552388221247,0.2623524112537344,0.3076324471065922,0.28551387851498083,0.1747950891809945,0.1657174952474265,-0.0706897387205246,-0.11363055339139472,-0.18711954328857744,-0.25212358262562445,-0.2908092796072213,-0.2928185974082366,-0.18070326413770132,-0.1286438530108692,-0.111411498556501,0.025344435774917882,0.14905930561464684,0.24992580178767693,0.33890455432722477,0.30214250190194303,0.30339127341102934,0.32711926565428867,0.21224115492615064,0.09611267357121463,-0.01202455160089732,-0.1386032425365256,-0.25987662297825626,-0.16508451457762902,-0.2613925853672887,-0.1658716760532618,-0.14783929258969147,-0.13163109262290912,-0.21182741286673476,0.057030311289407346,0.26887079183470725,0.20372298176545187,0.15662973635878547,0.2643639910267997,0.32837073635782515,0.3016837028968949,0.12043596456928314,0.21626390934181525,0.037354242432319856,-0.11273633909966632,-0.16458773369964697,-0.2764539808632668,-0.30449389609377786,-0.26627028215766413,-0.3429859685712957,-0.12218291835262078,-0.09590474421891049,0.03585106638869451,0.23315812994993337,0.20935767094329413,0.276776554816728,0.4478097845017575,0.24804541729397878,0.22243356654376228,0.18117061378181826,0.13072940437223168,-0.010467900037503846,-0.15864673100248,-0.3321988974878757,-0.19684717672461466,-0.35526752293483416,-0.2928531892259309"
144,9.81,4.297007069692918,"0.0,0.1,0.2,0.30000000000000004,0.4,0.5,0.6000000000000001,0.7000000000000001,0.8,0.9,1.0,1.1,1.2000000000000002,1.3,1.4000000000000001,1.5,1.6,1.7000000000000002,1.8,1.9000000000000001,2.0,2.1,2.2,2.3000000000000003,2.4000000000000004,2.5,2.6,2.7,2.8000000000000003,2.9000000000000004,3.0,3.1,3.2,3.3000000000000003,3.4000000000000004,3.5,3.6,3.7,3.8000000000000003,3.9000000000000004,4.0,4.1000000000000005,4.2,4.3,4.4,4.5,4.6000000000000005,4.7,4.800000000000001,4.9,5.0,5.1000000000000005,5.2,5.300000000000001,5.4,5.5,5.6000000000000005,5.7,5.800000000000001,5.9,6.0,6.1000000000000005,6.2,6.300000000000001,6.4,6.5,6.6000000000000005,6.7,6.800000000000001,6.9,7.0,7.1000000000000005,7.2,7.300000000000001,7.4,7.5,7.6000000000000005,7.7,7.800000000000001,7.9,8.0,8.1,8.200000000000001,8.3,8.4,8.5,8.6,8.700000000000001,8.8,8.9,9.0,9.1,9.200000000000001,9.3,9.4,9.5,9.600000000000001,9.700000000000001,9.8,9.9,10.0","0.28970173071860106,0.284062454357854,0.26587355588154377,0.273091491175224,0.21337707234092235,0.20050478853586803,0.1858565526657273,0.2981444912961311,0.1553902234344555,0.059351841175027495,0.029238486562537424,-0.026884815066306394,-0.1354050181070499,-0.0841047464434458,-0.2955311212652408,-0.10571499985652605,-0.2237075070392362,-0.24921555018858238,-0.33412918688199544,-0.2968825409036433,-0.3856165280430029,-0.34395154762820407,-0.2608440938973665,-0.38107175899571455,-0.2855230284672375,-0.07739486917541719,-0.15835606458620452,-0.06046550315688699,-0.1529996791955341,-0.10849416643258486,0.01395193251666959,0.003578571583845407,0.0537071581236746,0.11043019105410903,0.08472338605575146,0.0741748378252295,0.1346876840758608,0.26028755465558495,0.2333370920142895,0.5249330290206735,0.35196828369271144,0.45955816973975755,0.36523372095485573,0.37337247436532506,0.21020124851557082,0.20962795543397636,0.12454958319234974,0.1130764208731006,0.23223558157022497,0.15361922154744526,0.14144135131177504,0.20145623306173435,0.10805880780075755,0.02685235197353668,-0.024542749869395433,-0.07625196293377454,-0.10463652070363631,-0.15962377203056766,-0.17548919940809762,-0.2724389129993763,-0.23599130530545676,-0.2462989120059036,-0.278690179774802,-0.24661043722083692,-0.5151565306385224,-0.31189118036223057,-0.2846215701516464,-0.22707823197732893,-0.19646439701771617,-0.2624461619343573,-0.11057643928374325,-0.0053614505399510876,-0.03425894989002125,-0.07879716145723752,-0.05075851023409179,-0.06635948586466783,0.10891178408042057,0.1157630503105758,0.17104236614385146,0.19757897248245154,0.2542419257176439,0.3659726928650211,0.3498434026226615,0.3029581052582565,0.38407103351989536,0.2189345957272357,0.4139954992897469,0.2492470410772826,0.22999502363280533,0.2220775836626308,0.16360288109315313,0.123920112489357,0.07873470614497169,0.029944435517345044,-0.02841244506662557,-0.08260586418923893,-0.05361367029142772,-0.23466873668921198,-0.1051635441229648,-0.1374243139504492,-0.22446041944077175"
145,9.81,3.069894878085153,"0.0,0.1,0.2,0.30000000000000004,0.4,0.5,0.6000000000000001,0.7000000000000001,0.8,0.9,1.0,1.1,1.2000000000000002,1.3,1.4000000000000001,1.5,1.6,1.7000000000000002,1.8,1.9000000000000001,2.0,2.1,2.2,2.3000000000000003,2.4000000000000004,2.5,2.6,2.7,2.8000000000000003,2.9000000000000004,3.0,3.1,3.2,3.3000000000000003,3.4000000000000004,3.5,3.6,3.7,3.8000000000000003,3.9000000000000004,4.0,4.1000000000000005,4.2,4.3,4.4,4.5,4.6000000000000005,4.7,4.800000000000001,4.9,5.0,5.1000000000000005,5.2,5.300000000000001,5.4,5.5,5.6000000000000005,5.7,5.800000000000001,5.9,6.0,6.1000000000000005,6.2,6.300000000000001,6.4,6.5,6.6000000000000005,6.7,6.800000000000001,6.9,7.0,7.1000000000000005,7.2,7.300000000000001,7.4,7.5,7.6000000000000005,7.7,7.800000000000001,7.9,8.0,8.1,8.200000000000001,8.3,8.4,8.5,8.6,8.700000000000001,8.8,8.9,9.0,9.1,9.200000000000001,9.3,9.4,9.5,9.600000000000001,9.700000000000001,9.8,9.9,10.0","0.3048867673704144,0.2583259667656125,0.2697726838404751,0.28812288836086236,0.1902762561386434,0.11449128461820336,0.1658094580152843,0.11400811863931896,0.009144536699660678,-0.02361572090139092,0.036475438062751865,-0.05684796380675931,-0.18042347398802958,-0.19012048891756533,-0.21097102513890426,-0.28857910986632773,-0.27993141629371837,-0.29729696319128207,-0.2607363890756551,-0.34056953788463895,-0.3414662637295243,-0.23737962321326997,-0.27172526610984915,-0.23309542445227957,-0.1722454327504355,-0.10062085178810767,-0.03896164487532238,-0.03270191276885208,0.08351545809288388,0.13637447851379875,0.1472916946292618,0.06038175471086882,0.32839010890505793,0.2560093972269224,0.2557725915835354,0.29649191047984297,0.28851592305491647,0.288918985042422,0.3232471066685255,0.20007212325708443,0.16966847790992928,0.20868653926028274,0.23194202510383677,0.17130615596797089,0.07753109370264993,0.039424554692893056,-0.07219559301322892,-0.10091410647856887,-0.16883932440166358,-0.26826732822872645,-0.3038487134708406,-0.27118154310796994,-0.49038366063199534,-0.3296249286216089,-0.3204510395880698,-0.2909956791100305,-0.280555679997275,-0.3503274593556551,-0.09324764972450869,-0.1220012783861282,-0.07717068853620081,-0.02496458654958415,0.0417027878133909,0.08196353185358551,0.11623283061469851,0.16905035580174468,0.2325558985589863,0.2536085708759568,0.31701953117895343,0.26397753888678954,0.3354670149595489,0.291448065899738,0.2596300406342019,0.3257395355256922,0.15771910825551233,0.26107393586476246,0.19734657249694076,0.30611854749810374,-0.05968073806999162,0.006801499271327512,-0.08269673318251632,-0.09767638187742379,-0.011071831240446237,-0.033325294597472827,-0.23118981790247156,-0.19754623976890573,-0.24458404876762366,-0.30559253839078027,-0.2499159335046628,-0.2935639964968927,-0.2953470474612944,-0.2362887258586847,-0.22494744949508103,-0.11380748515845679,-0.19132517546621916,-0.023865874941115472,-0.056001741994593186,-0.0049698857898362436,0.021603825477419333,0.14710796937328707,0.15004548703684023"
146,9.81,1.2002091384939075,"0.0,0.1,0.2,0.30000000000000004,0.4,0.5,0.6000000000000001,0.7000000000000001,0.8,0.9,1.0,1.1,1.2000000000000002,1.3,1.4000000000000001,1.5,1.6,1.7000000000000002,1.8,1.9000000000000001,2.0,2.1,2.2,2.3000000000000003,2.4000000000000004,2.5,2.6,2.7,2.8000000000000003,2.9000000000000004,3.0,3.1,3.2,3.3000000000000003,3.4000000000000004,3.5,3.6,3.7,3.8000000000000003,3.9000000000000004,4.0,4.1000000000000005,4.2,4.3,4.4,4.5,4.6000000000000005,4.7,4.800000000000001,4.9,5.0,5.1000000000000005,5.2,5.300000000000001,5.4,5.5,5.6000000000000005,5.7,5.800000000000001,5.9,6.0,6.1000000000000005,6.2,6.300000000000001,6.4,6.5,6.6000000000000005,6.7,6.800000000000001,6.9,7.0,7.1000000000000005,7.2,7.300000000000001,7.4,7.5,7.6000000000000005,7.7,7.800000000000001,7.9,8.0,8.1,8.200000000000001,8.3,8.4,8.5,8.6,8.700000000000001,8.8,8.9,9.0,9.1,9.200000000000001,9.3,9.4,9.5,9.600000000000001,9.700000000000001,9.8,9.9,10.0","0.3605816667580158,0.2782642890755299,0.22779366382380317,0.19966210767784892,0.1504815412033364,0.005618542087963654,-0.02916642362160219,-0.11047722864925277,-0.14639153953968387,-0.3055593778407951,-0.2746169258642718,-0.2354794979126566,-0.26894119821387447,-0.22153242081999888,-0.22551466604978332,-0.11864544032281296,-0.26164623857571695,-0.028734752074364038,0.21755778259759617,0.1873400367393561,0.17292017505756685,0.33568610548057215,0.3615833772752186,0.32104414695164063,0.28161583838482607,0.13543926270084466,0.05329226073597132,0.08159810666513098,-0.1032464012739997,-0.09638327951391533,0.007144348810190909,-0.3590784385591085,-0.28416287455747646,-0.2782975244995935,-0.27552581966063927,-0.24606120349083022,-0.2006293859295671,-0.12784025200933408,-0.11553464925230127,-0.004721413344260024,0.1312386633192238,0.2520555368611079,0.19556853066993812,0.27216347683761016,0.3150217649602605,0.2584626228996667,0.15467988225607954,0.1551026881353194,0.1112492251286962,0.09178347920101934,0.03910492267340504,-0.11287143086485679,-0.24544233918165478,-0.20230715041945674,-0.23605542879317498,-0.3330646461696447,-0.36964687492554377,-0.2665465343058111,-0.19136193507793348,-0.20521125759577416,-0.09253624502467969,0.05079556766471634,0.13978871531796852,0.18299677144953133,0.23321269475004078,0.19599859959685695,0.29958578443588424,0.3649322640226691,0.31517027841577117,0.2615040426739574,0.14649620210319175,0.08304563667523354,0.011228956969176362,-0.1480593293361449,-0.15638295948680025,-0.25840119353407814,-0.3244055368978914,-0.2760790910880363,-0.3472949181744647,-0.35361830221073753,-0.22898652235020925,-0.18085698119317495,0.002525409906076588,0.02224405205497168,0.09948421751111286,0.16066154899125157,0.2788964597724094,0.20036144070492795,0.3550383982707653,0.34810697978401745,0.2576394075090524,0.1942679264749393,0.18051199985478156,0.06616160196696118,-0.021130885367466677,-0.13975431936554528,-0.18733842873011908,-0.23603507026920106,-0.28986373029715623,-0.28800925723466475,-0.2328469486574092"
147,9.81,2.124364175624896,"0.0,0.1,0.2,0.30000000000000004,0.4,0.5,0.6000000000000001,0.7000000000000001,0.8,0.9,1.0,1.1,1.2000000000000002,1.3,1.4000000000000001,1.5,1.6,1.7000000000000002,1.8,1.9000000000000001,2.0,2.1,2.2,2.3000000000000003,2.4000000000000004,2.5,2.6,2.7,2.8000000000000003,2.9000000000000004,3.0,3.1,3.2,3.3000000000000003,3.4000000000000004,3.5,3.6,3.7,3.8000000000000003,3.9000000000000004,4.0,4.1000000000000005,4.2,4.3,4.4,4.5,4.6000000000000005,4.7,4.800000000000001,4.9,5.0,5.1000000000000005,5.2,5.300000000000001,5.4,5.5,5.6000000000000005,5.7,5.800000000000001,5.9,6.0,6.1000000000000005,6.2,6.300000000000001,6.4,6.5,6.6000000000000005,6.7,6.800000000000001,6.9,7.0,7.1000000000000005,7.2,7.300000000000001,7.4,7.5,7.6000000000000005,7.7,7.800000000000001,7.9,8.0,8.1,8.200000000000001,8.3,8.4,8.5,8.6,8.700000000000001,8.8,8.9,9.0,9.1,9.200000000000001,9.3,9.4,9.5,9.600000000000001,9.700000000000001,9.8,9.9,10.0","0.2620644312622381,0.2843416448243969,0.23752931410724426,0.1943886446393759,0.24728138867444774,0.038973677208948954,0.03961871026483641,-0.052659060781421206,-0.050609852962235094,0.05192489348559173,-0.24551133040515605,-0.18406656834168453,-0.23965813712690642,-0.2734094229274803,-0.3034542255297047,-0.30285394581614133,-0.2010140172003809,-0.1727111044945698,-0.3266028214447882,-0.0589682461125752,-0.11927895646666982,-0.05795249811342011,-0.048981132097428964,0.24087991203703638,0.2513588844705532,0.2746721894623464,0.2253800758695292,0.24798418810073747,0.359260143153654,0.2636327822651709,0.30440824077424916,0.25331813662665525,0.26921388220739106,0.31391984435423115,0.2641790556146293,0.2385859449960256,-0.06473111584552227,0.05827565975728957,-0.03692049734771455,-0.008778692035264518,-0.17058926100439442,-0.19286205582223614,-0.16955280507631137,-0.3986267940491893,-0.26855179603679535,-0.2771776826690666,-0.2720956825019102,-0.23353883351163723,-0.19126767796024613,-0.17921578345561334,-0.18424874917013032,-0.018879947341267127,0.0492878845844127,0.08657458872121132,0.09621657260659691,0.2363123881077496,0.22812097788107288,0.26834523205686617,0.3527016679066296,0.3149621157927022,0.25933116119261557,0.16733579423927292,0.22549999751731786,0.17764599402411843,0.14450195755864342,-0.019955773396643256,0.0011524616134943122,-0.05085571081063056,-0.0883289685789902,-0.25937833761192713,-0.2538528544023346,-0.33960638361095047,-0.3020923562141487,-0.25627801882055185,-0.3035953654517435,-0.2766313538942061,-0.2594755467781371,-0.3333408748408332,-0.17135523485799942,-0.054074934565085636,-0.03765386093026535,0.020536526924948034,0.07263694375734457,0.1192282664352692,0.19378455136692121,0.18085769629841697,0.10000179279071156,0.3382688441425268,0.12970120984961075,0.3668117196857432,0.48617666240567503,0.2299890803907623,0.2041186447469197,0.15763384585417145,0.11218417922627112,-0.07104492405318039,-0.022868914055076982,-0.13890140992830657,-0.18051585311567667,-0.46864974275186566,-0.3199041684158256"
148,9.81,4.3552528353213695,"0.0,0.1,0.2,0.30000000000000004,0.4,0.5,0.6000000000000001,0.7000000000000001,0.8,0.9,1.0,1.1,1.2000000000000002,1.3,1.4000000000000001,1.5,1.6,1.7000000000000002,1.8,1.9000000000000001,2.0,2.1,2.2,2.3000000000000003,2.4000000000000004,2.5,2.6,2.7,2.8000000000000003,2.9000000000000004,3.0,3.1,3.2,3.3000000000000003,3.4000000000000004,3.5,3.6,3.7,3.8000000000000003,3.9000000000000004,4.0,4.1000000000000005,4.2,4.3,4.4,4.5,4.6000000000000005,4.7,4.800000000000001,4.9,5.0,5.1000000000000005,5.2,5.300000000000001,5.4,5.5,5.6000000000000005,5.7,5.800000000000001,5.9,6.0,6.1000000000000005,6.2,6.300000000000001,6.4,6.5,6.6000000000000005,6.7,6.800000000000001,6.9,7.0,7.1000000000000005,7.2,7.300000000000001,7.4,7.5,7.6000000000000005,7.7,7.800000000000001,7.9,8.0,8.1,8.200000000000001,8.3,8.4,8.5,8.6,8.700000000000001,8.8,8.9,9.0,9.1,9.200000000000001,9.3,9.4,9.5,9.600000000000001,9.700000000000001,9.8,9.9,10.0","0.2787516970563455,0.2669001443376526,0.28297435006689137,0.3513382992944828,0.27786835397536297,0.19907822524067623,0.26158356409369926,0.1262370634332705,0.0618639072607351,0.0692255471431242,0.05040313068977452,-0.008287809809764499,-0.28328521282681385,-0.17890647022151085,-0.051640639093164215,-0.16491132021575095,-0.14376379299410674,-0.31210093918181236,-0.3435194658709231,-0.3082529834483159,-0.30456543029017097,-0.2707578236893147,-0.12016151253616858,-0.34600184301768466,-0.2625048165725949,-0.3192705652056118,-0.2720391438592769,-0.1919974262662585,-0.13615204570746425,-0.07612872305291962,-0.06808123017896281,0.03969902581505766,-0.04349283362516579,0.026947747072661836,0.07550278480054895,0.21074773714777012,0.2948994965561704,0.2514057051374504,0.2257321159078923,0.23041048078946846,0.3168141606165799,0.30099160113425155,0.3651231204250788,0.2542757823598001,0.2416236942722844,0.2875448647480824,0.2718890437711306,0.30507276628419777,0.12325618886151983,0.15288636578547382,0.140971746797657,0.12500241451672903,0.10114542150832097,-0.05960013185565054,-0.016708227236400308,-0.0945254615387317,-0.16351676817365338,-0.192523132362656,-0.2479886792214993,-0.2596305688495319,-0.25116425081363475,-0.31101064973650905,-0.27800097451821815,-0.31025196375118913,-0.3658537697541815,-0.23016141776244248,-0.2553482435581623,-0.31635765590140974,-0.21827202119133304,-0.012688858698035682,-0.20193969134584094,-0.12292106476658235,-0.11616731692981842,0.01237623655292373,0.05476464028760972,0.02717570289906497,0.05512822763615988,0.09451427124116182,0.3090038767182294,0.09822012514716123,0.2622432747160193,0.2850923737640333,0.3365924810267718,0.28453242391264655,0.40134855726305574,0.2866280410938161,0.4541315930464331,0.2784631032953077,0.20250192319271812,0.19840938139200906,0.25426130108643397,0.1677137757638935,0.11824990117095811,0.07785606802630875,-0.035982224719039196,-0.013459768291023508,-0.08627449067433299,-0.13220989289490692,-0.2140465534975572,-0.15736765828676114,-0.07413177937445098"
149,9.81,1.8862580240245261,"0.0,0.1,0.2,0.30000000000000004,0.4,0.5,0.6000000000000001,0.7000000000000001,0.8,0.9,1.0,1.1,1.2000000000000002,1.3,1.4000000000000001,1.5,1.6,1.7000000000000002,1.8,1.9000000000000001,2.0,2.1,2.2,2.3000000000000003,2.4000000000000004,2.5,2.6,2.7,2.8000000000000003,2.9000000000000004,3.0,3.1,3.2,3.3000000000000003,3.4000000000000004,3.5,3.6,3.7,3.8000000000000003,3.9000000000000004,4.0,4.1000000000000005,4.2,4.3,4.4,4.5,4.6000000000000005,4.7,4.800000000000001,4.9,5.0,5.1000000000000005,5.2,5.300000000000001,5.4,5.5,5.6000000000000005,5.7,5.800000000000001,5.9,6.0,6.1000000000000005,6.2,6.300000000000001,6.4,6.5,6.6000000000000005,6.7,6.800000000000001,6.9,7.0,7.1000000000000005,7.2,7.300000000000001,7.4,7.5,7.6000000000000005,7.7,7.800000000000001,7.9,8.0,8.1,8.200000000000001,8.3,8.4,8.5,8.6,8.700000000000001,8.8,8.9,9.0,9.1,9.200000000000001,9.3,9.4,9.5,9.600000000000001,9.700000000000001,9.8,9.9,10.0","0.3636859932488383,0.22913225754818847,0.28496094475850403,0.1943226217819039,0.08898429173932998,0.10183589508522682,0.07529969366212994,-0.12769710954660918,-0.059013295626774286,-0.15864897487354324,-0.26674835807992436,-0.2695026685346883,-0.2683428480251452,-0.29346894142653124,-0.18926429774858153,-0.366774403633233,-0.25937293174013576,-0.17326509705392812,-0.27377472692120075,-0.021057945309797918,-0.10118461707951648,0.04573312039948309,0.10487287072466932,0.19463358132642863,0.23124339270608502,0.22309683932843802,0.39078024871659844,0.2669183253540663,0.27101168429613526,0.2197810842453318,0.28264234877211303,0.231886354278286,0.10266777558591281,0.0949077936809245,0.02250648976372978,-0.051998195453762205,-0.060758968440910575,-0.034983578612432814,-0.2584408044795254,-0.24880947166919537,-0.3352796269251858,-0.31958560712640655,-0.3021549397657207,-0.3329476357607932,-0.2964481718524261,-0.13966485787167193,-0.27474059855811855,-0.15810933950719014,-0.05004506086277524,0.11954343327494907,0.01840292574033449,0.20164388459629135,0.065596787708326,0.39967652351264205,0.19840553151029097,0.30541258064720334,0.27790221630551504,0.20051699371393664,0.23180040400871108,0.22849609610698454,0.11146857258325492,0.11625789839525358,0.07453210922066303,-0.004245817928577533,-0.15265961394346045,-0.2896845260912777,-0.24970466678217,-0.3095029007750732,-0.28866579951808435,-0.3994798788377725,-0.3537589212222139,-0.20070819454297134,-0.1394385023179013,-0.22689603260741326,-0.11920546524481626,0.039481902536109295,-0.046690743190946904,0.11263264705150652,0.08972558840838069,0.17679627151686605,0.198313578331941,0.3073905307577896,0.2903484434396126,0.38998024303164286,0.28852706571785364,0.3370212084110614,0.27686832586380167,0.22218105081078604,0.24697424072725022,0.0765985930618579,0.199695356818415,-0.019433223139473182,-0.1751657689538958,-0.22088011272842237,-0.2297393515329729,-0.3035955575431803,-0.27537222229445213,-0.2959718987211867,-0.32352697298481164,-0.3103129277559502,-0.2033384718269011"
150,9.81,3.7895984048992557,"0.0,0.1,0.2,0.30000000000000004,0.4,0.5,0.6000000000000001,0.7000000000000001,0.8,0.9,1.0,1.1,1.2000000000000002,1.3,1.4000000000000001,1.5,1.6,1.7000000000000002,1.8,1.9000000000000001,2.0,2.1,2.2,2.3000000000000003,2.4000000000000004,2.5,2.6,2.7,2.8000000000000003,2.9000000000000004,3.0,3.1,3.2,3.3000000000000003,3.4000000000000004,3.5,3.6,3.7,3.8000000000000003,3.9000000000000004,4.0,4.1000000000000005,4.2,4.3,4.4,4.5,4.6000000000000005,4.7,4.800000000000001,4.9,5.0,5.1000000000000005,5.2,5.300000000000001,5.4,5.5,5.6000000000000005,5.7,5.800000000000001,5.9,6.0,6.1000000000000005,6.2,6.300000000000001,6.4,6.5,6.6000000000000005,6.7,6.800000000000001,6.9,7.0,7.1000000000000005,7.2,7.300000000000001,7.4,7.5,7.6000000000000005,7.7,7.800000000000001,7.9,8.0,8.1,8.200000000000001,8.3,8.4,8.5,8.6,8.700000000000001,8.8,8.9,9.0,9.1,9.200000000000001,9.3,9.4,9.5,9.600000000000001,9.700000000000001,9.8,9.9,10.0","0.2957172476673746,0.31783868916874125,0.26994382565432173,0.26616139629858954,0.2504248139918964,0.2914712753300747,0.12993480114475298,0.2060568297909302,0.09521818376994946,0.015735847030461873,-0.013806342409717884,-0.11558380940100013,-0.026974845486033003,-0.10040857624097388,-0.16412174764233178,-0.33708578095108765,-0.3496763700068199,-0.333769337293076,-0.32502718129882635,-0.33619122380442246,-0.2686337484353381,-0.2664901504080596,-0.2897397158048284,-0.21125935220236403,-0.2824897032462963,-0.2355424019120891,-0.1268141651281655,-0.03501841554296621,-0.0947117596857679,-0.06960850883551208,0.012809434501327962,0.043144478013109056,0.10304162995179983,0.20034989083919946,0.32564682944000384,0.3420939515448871,0.4337485635820527,0.28579626470347136,0.297869488152018,0.204066014198671,0.33321854470138457,0.323951208037696,0.28225926507462507,0.27788901189148746,0.16237110901521556,0.18662435711709027,0.14339850592641856,0.1056963002456611,0.1010693821990199,-0.00118066590003997,-0.020202465320231587,-0.13354189823093734,-0.08733943881549958,-0.18036825547285432,-0.1270031643950134,-0.21725682839462265,-0.29604752204777857,-0.29843801954785426,-0.2979519443729388,-0.43409433565231414,-0.37112635057606186,-0.3117123452073761,-0.20954114135557744,-0.2203070191955873,-0.26541586995310074,-0.08709554856023494,-0.10831256747924287,-0.20697973517825585,-0.05490352314804269,-0.015139246313555132,0.10965124866635735,0.05306489244110556,0.11830754936838331,0.19355395184928353,0.23340460876074426,0.14942533923602186,0.27019061721929566,0.24802507666795234,0.2565270842714291,0.2774729295515966,0.30769063747513187,0.3600207472072474,0.23852985916634806,0.2655964051737671,0.17585366588902862,0.15136171139819105,0.1286035771259434,0.0730520913587328,0.08854888953527751,0.01310608983553175,-0.20359503033650045,-0.08600929844086715,-0.012827625058452224,-0.21274428455921043,-0.2794220639015973,-0.2413155331677441,-0.22715645001398563,-0.2241322021417346,-0.306900018218697,-0.23500671307332247,-0.32771695497628534"
151,9.81,2.3653545450625106,"0.0,0.1,0.2,0.30000000000000004,0.4,0.5,0.6000000000000001,0.7000000000000001,0.8,0.9,1.0,1.1,1.2000000000000002,1.3,1.4000000000000001,1.5,1.6,1.7000000000000002,1.8,1.9000000000000001,2.0,2.1,2.2,2.3000000000000003,2.4000000000000004,2.5,2.6,2.7,2.8000000000000003,2.9000000000000004,3.0,3.1,3.2,3.3000000000000003,3.4000000000000004,3.5,3.6,3.7,3.8000000000000003,3.9000000000000004,4.0,4.1000000000000005,4.2,4.3,4.4,4.5,4.6000000000000005,4.7,4.800000000000001,4.9,5.0,5.1000000000000005,5.2,5.300000000000001,5.4,5.5,5.6000000000000005,5.7,5.800000000000001,5.9,6.0,6.1000000000000005,6.2,6.300000000000001,6.4,6.5,6.6000000000000005,6.7,6.800000000000001,6.9,7.0,7.1000000000000005,7.2,7.300000000000001,7.4,7.5,7.6000000000000005,7.7,7.800000000000001,7.9,8.0,8.1,8.200000000000001,8.3,8.4,8.5,8.6,8.700000000000001,8.8,8.9,9.0,9.1,9.200000000000001,9.3,9.4,9.5,9.600000000000001,9.700000000000001,9.8,9.9,10.0","0.24753417060099964,0.23864876199749632,0.21422400541955394,0.27147782671550547,0.18159871081611362,0.23520404089508967,0.06199542077804173,0.04619982405609879,-0.007152385692943915,-0.0735281985452023,-0.18297392374671845,-0.20156643681815156,-0.13822102740240555,-0.25418512626755,-0.3217794606455797,-0.3253146155346859,-0.12087179269748244,-0.24041479751685219,-0.2434196328663871,-0.21323931604844512,-0.18408599679383153,-0.20923918464857738,-0.09809441855576244,0.049762239048817346,0.018987854250735188,0.16281707296796022,0.1672500596121996,0.21886483531868361,0.207512643172347,0.2984483875038456,0.19618640093569634,0.28323090820827757,0.28464120855143965,0.25458363666014394,0.18108062986981574,0.19075560931086144,0.17228725335843995,0.08148318496203551,0.06492069559612393,0.04914884258651053,-0.15812270429491057,-0.14600764281519216,-0.1293813102727387,-0.13944881818880492,-0.2608137910953418,-0.24514602252074918,-0.368948550845034,-0.37376269866273903,-0.17818571927187188,-0.29589530435827643,-0.30958638045794373,-0.08731135788716424,-0.1224476936908172,-0.10795696878471621,0.0034368354909278913,0.036049220274730516,0.19493017099907278,0.12513420097538158,0.20714170440096052,0.18399084576717212,0.3226401758760829,0.32926725293182624,0.26340927437574174,0.4575730385080685,0.2732255680590457,0.16180911565766412,0.1568434814375585,0.1555635172949241,0.166436665961063,-0.11668214720349984,0.022492474057660174,0.08212585853718499,-0.08085579828666316,-0.17989837982443108,-0.2312696347970077,-0.2595173855315656,-0.16242313583170526,-0.19718149816372896,-0.18916518132314636,-0.29328797843768434,-0.23606292674712404,-0.18881806350074204,-0.12267883254603446,-0.08878295304818862,-0.19970751789746083,0.01717855426094355,0.17542483788662488,0.12953726936938548,0.1043583007229057,0.12493175269738052,0.3278319486269617,0.31382649374451504,0.3223754588833203,0.2585664848853362,0.3430744396081027,0.3162528183426135,0.21478279894361132,0.303831181355237,0.21874070635302595,0.1138202201106088,0.07023153497485266"
152,9.81,3.085803353320741,"0.0,0.1,0.2,0.30000000000000004,0.4,0.5,0.6000000000000001,0.7000000000000001,0.8,0.9,1.0,1.1,1.2000000000000002,1.3,1.4000000000000001,1.5,1.6,1.7000000000000002,1.8,1.9000000000000001,2.0,2.1,2.2,2.3000000000000003,2.4000000000000004,2.5,2.6,2.7,2.8000000000000003,2.9000000000000004,3.0,3.1,3.2,3.3000000000000003,3.4000000000000004,3.5,3.6,3.7,3.8000000000000003,3.9000000000000004,4.0,4.1000000000000005,4.2,4.3,4.4,4.5,4.6000000000000005,4.7,4.800000000000001,4.9,5.0,5.1000000000000005,5.2,5.300000000000001,5.4,5.5,5.6000000000000005,5.7,5.800000000000001,5.9,6.0,6.1000000000000005,6.2,6.300000000000001,6.4,6.5,6.6000000000000005,6.7,6.800000000000001,6.9,7.0,7.1000000000000005,7.2,7.300000000000001,7.4,7.5,7.6000000000000005,7.7,7.800000000000001,7.9,8.0,8.1,8.200000000000001,8.3,8.4,8.5,8.6,8.700000000000001,8.8,8.9,9.0,9.1,9.200000000000001,9.3,9.4,9.5,9.600000000000001,9.700000000000001,9.8,9.9,10.0","0.2579323114734335,0.30736791606234126,0.1532034954792416,0.21845283256742312,0.2266713581878695,0.22608922253691086,0.04362816274958675,0.14155774620830797,0.16312054926452269,0.19769765078345108,-0.030770738209465368,-0.12657663479085957,-0.16974536657977565,-0.21531294568752338,-0.1523057677166434,-0.34736117478162987,-0.24419504238600548,-0.30179566548494474,-0.3195342929288836,-0.281235738147551,-0.25941343622460805,-0.1902532586431474,-0.33961424058156975,-0.23491469690493372,-0.10204692179988792,-0.14982777959564664,-0.09864516430445623,0.05629358355033688,0.10986014165114764,0.14304348923813592,0.22572939804470854,0.15241045270840353,0.22745394298761443,0.12419118007393865,0.2598683258623013,0.2810874586953706,0.34893448595048265,0.2348215888060333,0.3564515833400063,0.20062559905289507,0.18104856636133967,0.1540949400318822,0.2469808328355731,0.09784635179917305,0.06502252791589348,-0.04165085247475524,0.04574825480384452,-0.10544214244661496,-0.174651726681495,-0.25492398123654897,-0.1524804016542587,-0.2518255259164353,-0.3227523965556329,-0.32856116641711997,-0.3380474469194671,-0.2475367886854663,-0.3423068967076574,-0.3040197681785066,-0.1466155417102401,-0.16836445348723134,-0.11076344304916429,-0.05949521106704338,-0.025143298038355837,0.08033681828297656,0.09460256100563191,0.06100335535225131,0.15432840849911655,0.23435872907963848,0.3616120263504825,0.33510846753806656,0.3589449975441482,0.26074924199001487,0.2553149856257962,0.2845695297781076,0.2639587130817622,0.2646430879299246,0.1896910229170275,0.15660193864233823,0.20087561703087903,-0.026002771423115092,-0.03503608605729895,-0.11516047024291975,-0.16410969140247647,-0.2093184887167376,-0.2005179166808641,-0.2290032371221476,-0.23804627999763858,-0.28325364874172443,-0.21302688639096692,-0.3313674116715913,-0.295690588150243,-0.24975270558316182,-0.20932831027770166,-0.26190489966704994,-0.06755523609034704,-0.011360377091615748,-0.11755021765896286,-0.06588033995341372,0.02300686257379466,0.15090330147727232,0.10795918751579789"
153,9.81,1.391283627048027,"0.0,0.1,0.2,0.30000000000000004,0.4,0.5,0.6000000000000001,0.7000000000000001,0.8,0.9,1.0,1.1,1.2000000000000002,1.3,1.4000000000000001,1.5,1.6,1.7000000000000002,1.8,1.9000000000000001,2.0,2.1,2.2,2.3000000000000003,2.4000000000000004,2.5,2.6,2.7,2.8000000000000003,2.9000000000000004,3.0,3.1,3.2,3.3000000000000003,3.4000000000000004,3.5,3.6,3.7,3.8000000000000003,3.9000000000000004,4.0,4.1000000000000005,4.2,4.3,4.4,4.5,4.6000000000000005,4.7,4.800000000000001,4.9,5.0,5.1000000000000005,5.2,5.300000000000001,5.4,5.5,5.6000000000000005,5.7,5.800000000000001,5.9,6.0,6.1000000000000005,6.2,6.300000000000001,6.4,6.5,6.6000000000000005,6.7,6.800000000000001,6.9,7.0,7.1000000000000005,7.2,7.300000000000001,7.4,7.5,7.6000000000000005,7.7,7.800000000000001,7.9,8.0,8.1,8.200000000000001,8.3,8.4,8.5,8.6,8.700000000000001,8.8,8.9,9.0,9.1,9.200000000000001,9.3,9.4,9.5,9.600000000000001,9.700000000000001,9.8,9.9,10.0","0.32566062267950535,0.2936079120422256,0.30727310271175373,0.17238093628515339,0.20098201134356464,0.039546740083508586,-0.03897243081220648,-0.1327495337688508,-0.2671170124264436,-0.23888974628237675,-0.31158953494680086,-0.23622569902045965,-0.32664773228191235,-0.3639276155911587,-0.23852601654757918,-0.2517343307411225,-0.21196591336399076,-0.09876186055272416,0.019287508838619453,0.1074731211076742,0.10896700523565636,0.17649600239183028,0.16436630824699794,0.23714280819808523,0.32900026656509046,0.21921552449489837,0.3325723754728934,0.18917478763029447,0.07282549490355786,0.030192132472367846,-0.1880172051786627,-0.08460326064176713,-0.2748584938253431,-0.23139092195093058,-0.2626811463278788,-0.22752479518875923,-0.19570978314037807,-0.3222660641656598,-0.2576858389624273,-0.17320409670491527,-0.20448441943897333,-0.18971943743551578,-0.03857278798178595,0.12658714349571173,0.2333369420801462,0.2258279073659714,0.2638141794127187,0.30094326484737255,0.28965549518543793,0.34395297609207137,0.27073332484852586,0.21348445156737578,0.0034657724106835625,0.01802833170844836,-0.050443809184789835,-0.09596529754676492,-0.14496572364178378,-0.2433138876944063,-0.2872275161934912,-0.3157112742806594,-0.3078432436657834,-0.14435804059510599,-0.28697064530368416,-0.12144007346429003,0.012316387136931256,-0.023645048118590552,0.11996865401284014,0.14363545953230467,0.22065905997855562,0.36822396382776035,0.2942762132304896,0.37886822313456636,0.31596841820441735,0.33896958577149944,0.17502206865995212,0.1788737005187147,0.09188876613747231,0.012864281514257506,0.012635081091942973,-0.10729341774740618,-0.24631263211883173,-0.15444334269846738,-0.09224114488966467,-0.3206294147821071,-0.22261089073770218,-0.23953138053726464,-0.24358100718560577,-0.1473740989048899,-0.12340569432951691,-0.01658916706180839,0.039708680173080026,0.17313627387052505,0.2082549550892909,0.18832165412667903,0.3410755579493912,0.41683784164936744,0.25857667532578527,0.3311845630779099,0.15611640589933162,0.09941954944360294,0.06056114684076004"
154,9.81,1.260350850432108,"0.0,0.1,0.2,0.30000000000000004,0.4,0.5,0.6000000000000001,0.7000000000000001,0.8,0.9,1.0,1.1,1.2000000000000002,1.3,1.4000000000000001,1.5,1.6,1.7000000000000002,1.8,1.9000000000000001,2.0,2.1,2.2,2.3000000000000003,2.4000000000000004,2.5,2.6,2.7,2.8000000000000003,2.9000000000000004,3.0,3.1,3.2,3.3000000000000003,3.4000000000000004,3.5,3.6,3.7,3.8000000000000003,3.9000000000000004,4.0,4.1000000000000005,4.2,4.3,4.4,4.5,4.6000000000000005,4.7,4.800000000000001,4.9,5.0,5.1000000000000005,5.2,5.300000000000001,5.4,5.5,5.6000000000000005,5.7,5.800000000000001,5.9,6.0,6.1000000000000005,6.2,6.300000000000001,6.4,6.5,6.6000000000000005,6.7,6.800000000000001,6.9,7.0,7.1000000000000005,7.2,7.300000000000001,7.4,7.5,7.6000000000000005,7.7,7.800000000000001,7.9,8.0,8.1,8.200000000000001,8.3,8.4,8.5,8.6,8.700000000000001,8.8,8.9,9.0,9.1,9.200000000000001,9.3,9.4,9.5,9.600000000000001,9.700000000000001,9.8,9.9,10.0","0.3961117383996642,0.2932338591164085,0.26498722470162434,0.1972066613903039,0.15428637612386592,0.06769461568572158,-0.12245801477041396,-0.12479101040559593,-0.22482427067788324,-0.2579646536329201,-0.30377725050417737,-0.3116520533691231,-0.38831636453415885,-0.24421618106981474,-0.14018915785280445,-0.16255831949212268,-0.1663190634528328,0.040926648878334776,0.11236328461513287,0.14021243348499024,0.2705944885125654,0.3558225794746873,0.3344371708261994,0.3581760853752711,0.25516589448272314,0.2229902879023266,0.13847740931362407,0.12098799906504977,-0.0037213077163173423,-0.009393976530331485,-0.09191807349687267,-0.27814132286100196,-0.2740605991679057,-0.3443444141244454,-0.3184085111849275,-0.2582731908999814,-0.25207362874804157,-0.1485709606164865,-0.10630220112238024,-0.03191224001658886,0.08433154356050071,0.17293386155024892,0.18177448425194953,0.27981366551983494,0.2835427797430886,0.31387374575211496,0.15073527507369122,0.22108644199580185,0.26929441987298497,0.02338032439720812,-0.030534149887941286,0.0717329949585182,-0.11090373119348233,-0.1337899934261554,-0.1712670716338927,-0.24789989458860712,-0.269046466997887,-0.3235981454779052,-0.3228387275149058,-0.28877393575739774,-0.2883105127921769,-0.08039523627773196,-0.056525972221766425,0.05166495600336536,0.22062965145242086,0.15367210224356007,0.14501138436789668,0.3662729126640228,0.3360227787560908,0.2721290014532121,0.3903191643866672,0.22741252555565028,0.1626649071304025,0.06360660020798775,0.05642663868421631,-0.1253367313514789,-0.1749925045980047,-0.30814237882837214,-0.3108075558046212,-0.26469681500218734,-0.2063632399594102,-0.1477092523315851,-0.05168507166023931,-0.2043464617417602,-0.005426372665658742,0.017408918313409565,0.159521165161594,0.2075815536868394,0.3821591764551534,0.2942528535932288,0.27201762532513657,0.19056124596440446,0.2979646312155794,0.22492847507155933,0.20283427364869056,0.08848355338916367,0.029472090755992806,-0.07026205830153101,-0.15329815461335997,-0.24264390959571205,-0.28453691238495493"
155,9.81,2.3468966178544317,"0.0,0.1,0.2,0.30000000000000004,0.4,0.5,0.6000000000000001,0.7000000000000001,0.8,0.9,1.0,1.1,1.2000000000000002,1.3,1.4000000000000001,1.5,1.6,1.7000000000000002,1.8,1.9000000000000001,2.0,2.1,2.2,2.3000000000000003,2.4000000000000004,2.5,2.6,2.7,2.8000000000000003,2.9000000000000004,3.0,3.1,3.2,3.3000000000000003,3.4000000000000004,3.5,3.6,3.7,3.8000000000000003,3.9000000000000004,4.0,4.1000000000000005,4.2,4.3,4.4,4.5,4.6000000000000005,4.7,4.800000000000001,4.9,5.0,5.1000000000000005,5.2,5.300000000000001,5.4,5.5,5.6000000000000005,5.7,5.800000000000001,5.9,6.0,6.1000000000000005,6.2,6.300000000000001,6.4,6.5,6.6000000000000005,6.7,6.800000000000001,6.9,7.0,7.1000000000000005,7.2,7.300000000000001,7.4,7.5,7.6000000000000005,7.7,7.800000000000001,7.9,8.0,8.1,8.200000000000001,8.3,8.4,8.5,8.6,8.700000000000001,8.8,8.9,9.0,9.1,9.200000000000001,9.3,9.4,9.5,9.600000000000001,9.700000000000001,9.8,9.9,10.0","0.31652272877415333,0.2757899604847797,0.2646629899849719,0.28240540191640107,0.12779574327864335,0.21238769949649042,0.0030761712366597915,0.04427610762495755,0.020502527903224467,-0.016778050807248618,-0.05978207829093833,-0.207781362442302,-0.13193659036946154,-0.2925297134242739,-0.24913675549759837,-0.29468204812296644,-0.3082489161449362,-0.26190150598418466,-0.283897722087218,-0.23276493506548557,-0.27261482991465735,-0.1414884297216323,-0.2011079045969783,-0.031713079088939264,0.12423831380025202,0.18739149202592426,0.1776558573846982,0.15360991846904548,0.06645479265991444,0.3353724408650421,0.2645332506584794,0.3239617822395515,0.29789149907667495,0.28201725428716923,0.14714147972429836,0.18921722970561095,0.19104059008566313,0.016916461334392854,0.051971464525332633,-0.029408507175164446,-0.09610512735473785,-0.09696608748732725,-0.18481036303723253,-0.21259106094833782,-0.24689421379877757,-0.24653010807081388,-0.3378799846066563,-0.2736601872032182,-0.25466662420568753,-0.27317288833946385,-0.14890197668773114,-0.20195332177686298,-0.18263047739593896,-0.035679089738347707,-0.037882722694247535,0.1364003253824542,0.21631567485123582,0.18978271928168397,0.2713863869080204,0.2617718150854348,0.29505738143814636,0.31062105491350567,0.28477824447359634,0.2618469484008601,0.28348144015471294,0.16871099221199362,0.12451441068789916,0.09752321970412947,0.16596806908279033,0.08213104426678815,0.00766280979193254,-0.03703099148853857,-0.12714134346374723,-0.22846128250382905,-0.2326715172022778,-0.30180366044092205,-0.33712545240551645,-0.4479255183947165,-0.3140419680995632,-0.3562310260480628,-0.3062160651059662,-0.19324752925508124,-0.28158432056054494,-0.052242491625324176,-0.054656043582316086,0.029880295969876264,0.029670135722040414,0.20732264224697602,0.1772261358462232,0.2991325248478054,0.21622742440634907,0.3492454744217271,0.20413486893724864,0.34713679869773256,0.3124602651455634,0.2995070035151101,0.2982905662491019,0.34678402662548746,0.036383887748490204,0.04290244391397783,0.07344479142945062"
156,9.81,1.5876906008941547,"0.0,0.1,0.2,0.30000000000000004,0.4,0.5,0.6000000000000001,0.7000000000000001,0.8,0.9,1.0,1.1,1.2000000000000002,1.3,1.4000000000000001,1.5,1.6,1.7000000000000002,1.8,1.9000000000000001,2.0,2.1,2.2,2.3000000000000003,2.4000000000000004,2.5,2.6,2.7,2.8000000000000003,2.9000000000000004,3.0,3.1,3.2,3.3000000000000003,3.4000000000000004,3.5,3.6,3.7,3.8000000000000003,3.9000000000000004,4.0,4.1000000000000005,4.2,4.3,4.4,4.5,4.6000000000000005,4.7,4.800000000000001,4.9,5.0,5.1000000000000005,5.2,5.300000000000001,5.4,5.5,5.6000000000000005,5.7,5.800000000000001,5.9,6.0,6.1000000000000005,6.2,6.300000000000001,6.4,6.5,6.6000000000000005,6.7,6.800000000000001,6.9,7.0,7.1000000000000005,7.2,7.300000000000001,7.4,7.5,7.6000000000000005,7.7,7.800000000000001,7.9,8.0,8.1,8.200000000000001,8.3,8.4,8.5,8.6,8.700000000000001,8.8,8.9,9.0,9.1,9.200000000000001,9.3,9.4,9.5,9.600000000000001,9.700000000000001,9.8,9.9,10.0","0.3192392468681175,0.28862645875278353,0.28160677718132315,0.27848057834242174,0.20055597648569706,0.098115657401996,0.010722105838437645,-0.0932065749285569,-0.18603711828299146,-0.21372046456774532,-0.20594036719343015,-0.25932785550440135,-0.22839358885945799,-0.3186304473477348,-0.30765088934921414,-0.31293927302292285,-0.35757026579932427,-0.09641465368799423,-0.06453957263777577,-0.015260546493101676,0.06611552319004682,0.1262670711126413,0.16086806621552668,0.22633861298414062,0.19887926744226186,0.26868844793241875,0.27024088900726284,0.27044318025843483,0.1916879300555832,0.1561695237895044,0.03367990875529199,-0.028118559477235038,0.007038139472267165,-0.044004575460837664,-0.1616083966338379,-0.29809020387180873,-0.16984961987978164,-0.25900553957267747,-0.27517412643779543,-0.32790086050274425,-0.35380843820361346,-0.26742443851420067,-0.19950487433328953,-0.12201578871562546,0.013097555744133182,0.009319392285438696,0.10084340467032246,0.12135617785009331,0.2677833100681289,0.3102698436114556,0.3676769936159126,0.35221097961374265,0.2903656391183785,0.2540258851734901,0.2498540851697773,0.12219781045068015,0.08909408276736383,-0.012946604160515253,-0.03376978876221737,-0.27147587982504684,-0.20254082042366015,-0.19485309015525915,-0.36773825898635754,-0.2823683245770242,-0.33721376959449967,-0.21350447525585675,-0.22532312169577212,-0.09432582072670906,-0.025119549170366545,-0.026260498568420144,0.0065816531991833745,0.14107039932700677,0.17511717782495448,0.2103905615909489,0.2558569708804711,0.23085989525388922,0.34423441557414974,0.2932708956177961,0.3102716085675746,0.21439688654467154,0.05751323677983135,0.17209235907423673,0.08572627435385516,0.02818022958948166,-0.09529213486722105,-0.12720794380110378,-0.17705249815056773,-0.26338942333966975,-0.3816136081495417,-0.2681328812178031,-0.22061576783459824,-0.15356891939592787,-0.1233672055366821,-0.22407774068936498,-0.28110695952683457,-0.07628015616327308,0.056677714136362016,0.14034532301150243,0.17969198048304386,0.2477163796398654,0.26253179572293933"
157,9.81,0.6833690568143242,"0.0,0.1,0.2,0.30000000000000004,0.4,0.5,0.6000000000000001,0.7000000000000001,0.8,0.9,1.0,1.1,1.2000000000000002,1.3,1.4000000000000001,1.5,1.6,1.7000000000000002,1.8,1.9000000000000001,2.0,2.1,2.2,2.3000000000000003,2.4000000000000004,2.5,2.6,2.7,2.8000000000000003,2.9000000000000004,3.0,3.1,3.2,3.3000000000000003,3.4000000000000004,3.5,3.6,3.7,3.8000000000000003,3.9000000000000004,4.0,4.1000000000000005,4.2,4.3,4.4,4.5,4.6000000000000005,4.7,4.800000000000001,4.9,5.0,5.1000000000000005,5.2,5.300000000000001,5.4,5.5,5.6000000000000005,5.7,5.800000000000001,5.9,6.0,6.1000000000000005,6.2,6.300000000000001,6.4,6.5,6.6000000000000005,6.7,6.800000000000001,6.9,7.0,7.1000000000000005,7.2,7.300000000000001,7.4,7.5,7.6000000000000005,7.7,7.800000000000001,7.9,8.0,8.1,8.200000000000001,8.3,8.4,8.5,8.6,8.700000000000001,8.8,8.9,9.0,9.1,9.200000000000001,9.3,9.4,9.5,9.600000000000001,9.700000000000001,9.8,9.9,10.0","0.3230245101776617,0.20372700345694975,0.2092423207455234,0.1437633193774724,-0.020927056486215893,-0.14546432364113812,-0.22149135411966323,-0.2573075710619657,-0.30396006498466566,-0.27833307287509135,-0.22956641508468503,-0.06346124735853739,-0.016053791774959005,0.012855629218299025,0.12019783723510646,0.21629704761211999,0.23190573957793206,0.25642482883497103,0.25933895793724937,0.1426967332628346,0.022501703914989193,-0.00984265437357286,-0.16379193497191757,-0.21067614603987317,-0.32098016648972494,-0.339610571297782,-0.3387714735783649,-0.24942343535860312,-0.11923185730406834,-0.021703990581797197,0.11594992180694126,0.2067960149774058,0.1845548536927658,0.16015457428992835,0.2605528684332173,0.21334837632541304,0.20604302163486543,-0.13469099517820415,0.0094795137054869,-0.24928461712685246,-0.3075648518073586,-0.41988297520538814,-0.15477926069222317,-0.21947791645188286,-0.09913698166533927,-0.08434890682449973,-0.016780545846012865,0.12598524679555514,0.15713239820394853,0.26840096887087045,0.10180295016706883,0.26154104044296556,0.1631916780650386,0.07599059363748137,0.012579316880479356,-0.09018177743312214,-0.28203891759133426,-0.2583255490139647,-0.28613120824520816,-0.2383940173914978,-0.2731291105891427,-0.19984268645212394,-0.03972740137513342,0.18936083593484887,0.24299927096134516,0.2220947280156387,0.33677373233681857,0.4110266140798183,0.22371659137349426,0.1352213547500945,0.05206175536085549,0.012977641114344886,-0.12974375705337363,-0.23275435359875626,-0.2110103829141422,-0.2933862978216797,-0.2806307061769392,-0.18660400084441797,-0.06784654780505528,-0.0008019902323556857,0.13413661676261793,0.13883804139947764,0.26586785012861475,0.3213143103527158,0.24592657545569646,0.21439188775063,0.10348225546509371,-0.026533918304321825,-0.10428724626389896,-0.2758615656928485,-0.27727639773322194,-0.34102723742545155,-0.1078871662813865,-0.2679995352029205,-0.07621787334537802,-0.08138472605789766,-0.011535060963222016,0.1620884847671564,0.26280577509524433,0.2549339600729767,0.3204527168983131"
158,9.81,2.0548290046231013,"0.0,0.1,0.2,0.30000000000000004,0.4,0.5,0.6000000000000001,0.7000000000000001,0.8,0.9,1.0,1.1,1.2000000000000002,1.3,1.4000000000000001,1.5,1.6,1.7000000000000002,1.8,1.9000000000000001,2.0,2.1,2.2,2.3000000000000003,2.4000000000000004,2.5,2.6,2.7,2.8000000000000003,2.9000000000000004,3.0,3.1,3.2,3.3000000000000003,3.4000000000000004,3.5,3.6,3.7,3.8000000000000003,3.9000000000000004,4.0,4.1000000000000005,4.2,4.3,4.4,4.5,4.6000000000000005,4.7,4.800000000000001,4.9,5.0,5.1000000000000005,5.2,5.300000000000001,5.4,5.5,5.6000000000000005,5.7,5.800000000000001,5.9,6.0,6.1000000000000005,6.2,6.300000000000001,6.4,6.5,6.6000000000000005,6.7,6.800000000000001,6.9,7.0,7.1000000000000005,7.2,7.300000000000001,7.4,7.5,7.6000000000000005,7.7,7.800000000000001,7.9,8.0,8.1,8.200000000000001,8.3,8.4,8.5,8.6,8.700000000000001,8.8,8.9,9.0,9.1,9.200000000000001,9.3,9.4,9.5,9.600000000000001,9.700000000000001,9.8,9.9,10.0","0.24168356359230794,0.22126741447980158,0.21529919352234778,0.21353406754589987,0.16162278878747557,0.19785972864045537,-0.00156133355731361,0.0018740393937590784,0.13621363820407964,0.03039017226955716,-0.17654371233396562,-0.19830161629663898,-0.23113001427269725,-0.34552020211931583,-0.3933777172788616,-0.30498381754214615,-0.2266206789211235,-0.25901998129042353,-0.1462381943284501,-0.11399796337525345,-0.11851482692266177,-0.0435591033704788,0.013035030305531338,0.08487991293959277,0.1791470225463935,0.2525138103058777,0.20307457606094523,0.3779726282745844,0.2864425255243238,0.36731140535507995,0.22422746101603802,0.3114139491493346,0.24125827277739512,0.1709581069523738,0.011053645226595049,0.13846066678767016,0.02049709106434345,0.048699024144224196,-0.10749633101335529,-0.11324828332005178,-0.23640454066025468,-0.18272327458915796,-0.394947851657703,-0.364785121172468,-0.2903274104645451,-0.28758883838839117,-0.2062428599604834,-0.2444628736096475,-0.09583505857838374,-0.08278802464709381,-0.022974172006844387,0.057120111057595076,0.03587149872703518,0.19302719339588992,0.2666395333541515,0.23891367321251772,0.29253709081045987,0.25575010828618855,0.3109538895311982,0.25078822109045684,0.2778172834046786,0.2126593307062848,0.2640874393306028,0.12347572123817115,0.056283130573805545,0.09773344036432147,-0.025242731777088634,-0.10560594413593749,-0.14560043756737284,-0.24389938812334377,-0.2693834576171505,-0.3472529198009209,-0.2534430559254719,-0.30454320336683655,-0.2363228584705511,-0.24425152500669828,-0.24365349211894521,-0.12916902386874302,-0.06867600099029364,0.020325729990846128,-0.08101822068309,0.06350256491321557,0.19620830192597577,0.34952070674075675,0.23549210125452136,0.3328975592147138,0.22090568257883647,0.3859824108687592,0.28559921958285395,0.31963608277748456,0.3417597207882808,0.35144980318942526,0.12443194977137817,0.0848358380340336,0.0188245667396817,-0.17689459074896274,-0.15941417200460203,-0.24306769570626807,-0.24625705794843777,-0.3313292876005301,-0.3420775235075765"
159,9.81,1.1212028235773448,"0.0,0.1,0.2,0.30000000000000004,0.4,0.5,0.6000000000000001,0.7000000000000001,0.8,0.9,1.0,1.1,1.2000000000000002,1.3,1.4000000000000001,1.5,1.6,1.7000000000000002,1.8,1.9000000000000001,2.0,2.1,2.2,2.3000000000000003,2.4000000000000004,2.5,2.6,2.7,2.8000000000000003,2.9000000000000004,3.0,3.1,3.2,3.3000000000000003,3.4000000000000004,3.5,3.6,3.7,3.8000000000000003,3.9000000000000004,4.0,4.1000000000000005,4.2,4.3,4.4,4.5,4.6000000000000005,4.7,4.800000000000001,4.9,5.0,5.1000000000000005,5.2,5.300000000000001,5.4,5.5,5.6000000000000005,5.7,5.800000000000001,5.9,6.0,6.1000000000000005,6.2,6.300000000000001,6.4,6.5,6.6000000000000005,6.7,6.800000000000001,6.9,7.0,7.1000000000000005,7.2,7.300000000000001,7.4,7.5,7.6000000000000005,7.7,7.800000000000001,7.9,8.0,8.1,8.200000000000001,8.3,8.4,8.5,8.6,8.700000000000001,8.8,8.9,9.0,9.1,9.200000000000001,9.3,9.4,9.5,9.600000000000001,9.700000000000001,9.8,9.9,10.0","0.23791578497536967,0.34150349648371303,0.25196600868241376,0.17745857010573157,0.08363229841375291,0.0168617708415007,-0.0009871940980832744,-0.08192252040892312,-0.19114043649898427,-0.2724325346852487,-0.33460635721607684,-0.2818635772531234,-0.35896437564161476,-0.24733992628051402,-0.23597455640274134,-0.090881520576067,0.14204648173340162,0.04444506318080277,0.30026247533348,0.21437488406031055,0.29820488126528744,0.2866325955335911,0.31320544699053837,0.3248885266407364,0.1782509489970907,0.1324900027689778,0.03017552003872448,-0.18008720346819646,-0.059693590837135345,-0.25175428568771274,-0.18939518839561648,-0.3931921962932855,-0.2929106972811552,-0.28744364175283743,-0.20679863346708915,-0.1661996373396667,-0.20050484669409913,-0.08024748350114101,0.05097499966552578,0.1619624184999221,0.1993996029644659,0.26063538002818953,0.2989295470713037,0.4002335284675422,0.30531218567083274,0.24452875093286036,0.1902695831041475,0.0779774683250754,-0.015324343179095985,-0.10676409301793055,-0.1975576334389047,-0.22196038471042712,-0.2911726571915372,-0.24251291783835027,-0.23514309483961915,-0.22708261905534632,-0.13626109739497286,-0.09898798470335769,-0.056915770007598704,0.029446727491817083,0.09200180001455302,0.21327114880375572,0.254544864306351,0.3909475906522022,0.2674137916310689,0.27337715602272217,0.26181251396440075,0.202304535292677,0.13969063387283664,0.07069324423229695,-0.08103590722569677,-0.16122637685749908,-0.24564310715843252,-0.28098753716366304,-0.2279527597191346,-0.2112981989623502,-0.13869870246638133,-0.1330638381932307,-0.08852734738765664,-0.02951830273049119,0.048827802916917094,0.10360108834707382,0.15816361711293006,0.18660854957935505,0.22870610874963565,0.2750578948735201,0.2616820695502289,0.2843173322599854,0.1767928479426665,0.15531862868095425,-0.05352962453317515,-0.03097490184406857,-0.10297255656464155,-0.2281578403767592,-0.3157606853252511,-0.29912596636962685,-0.0948344040551152,-0.3230382871456746,-0.24451808626768257,-0.2981075037944429,-0.18339174205871595"
160,9.81,1.7541485938961794,"0.0,0.1,0.2,0.30000000000000004,0.4,0.5,0.6000000000000001,0.7000000000000001,0.8,0.9,1.0,1.1,1.2000000000000002,1.3,1.4000000000000001,1.5,1.6,1.7000000000000002,1.8,1.9000000000000001,2.0,2.1,2.2,2.3000000000000003,2.4000000000000004,2.5,2.6,2.7,2.8000000000000003,2.9000000000000004,3.0,3.1,3.2,3.3000000000000003,3.4000000000000004,3.5,3.6,3.7,3.8000000000000003,3.9000000000000004,4.0,4.1000000000000005,4.2,4.3,4.4,4.5,4.6000000000000005,4.7,4.800000000000001,4.9,5.0,5.1000000000000005,5.2,5.300000000000001,5.4,5.5,5.6000000000000005,5.7,5.800000000000001,5.9,6.0,6.1000000000000005,6.2,6.300000000000001,6.4,6.5,6.6000000000000005,6.7,6.800000000000001,6.9,7.0,7.1000000000000005,7.2,7.300000000000001,7.4,7.5,7.6000000000000005,7.7,7.800000000000001,7.9,8.0,8.1,8.200000000000001,8.3,8.4,8.5,8.6,8.700000000000001,8.8,8.9,9.0,9.1,9.200000000000001,9.3,9.4,9.5,9.600000000000001,9.700000000000001,9.8,9.9,10.0","0.3329711337770828,0.20703752574503376,0.17429961246939968,0.4470569776527663,0.22972698671979763,0.12890434802125347,-0.013279038527466744,-0.09044165939577825,-0.08698508465528765,-0.14001041186942292,-0.12011422160144719,-0.26236767519366233,-0.3167418160768246,-0.33828593386935224,-0.29756435266264586,-0.2548801680920538,-0.26691036210080826,-0.21738702632057236,0.10078662786226622,-0.047258219208544484,-0.07589835473863434,0.09565037701783127,0.3623749229778618,0.2408400259873698,0.22502594646687615,0.30215149008999564,0.1910994305763655,0.3448109576922274,0.2742581769953518,0.1890784851253528,0.15880832036450623,0.13223664530070947,0.07074860124774913,-0.017781017060038276,-0.05134291268517403,0.007593120125273703,-0.18327695651215278,-0.20517527990649143,-0.23689286556133382,-0.31278795417323635,-0.21685313150949934,-0.30075278254522864,-0.18275884067760512,-0.274415579700508,-0.2291445182072551,-0.12095336254990799,0.06637172917780966,0.1218224312767811,0.17528144579055036,0.13997317937727946,0.2258669029171142,0.1954348004488134,0.269275578981485,0.2305167127647202,0.29516953297347265,0.41475368481996977,0.1955575144378097,0.18031287139075935,0.12499696402671621,0.02658558053992146,0.04840365053843315,-0.07547000018788831,-0.20195290157496515,-0.1524906661381303,-0.2732949780919906,-0.32186551836722765,-0.2087158791865384,-0.2999561840675544,-0.14457432605082565,-0.22955480483536728,-0.2780863666567402,-0.18673682464315097,-0.06589383467205234,-0.004823922921041186,0.10242017958242125,0.1560160899612995,0.10521217716720552,0.23578285118336798,0.2823265249453717,0.26214542092856497,0.29787166053729225,0.2711693591221779,0.30080757748536063,0.20593848682480462,0.1811097360847377,0.1245890166684793,0.009837472090359699,0.0014884801608717607,-0.12790400783243078,-0.17018023710237498,-0.20434423014415742,-0.39673527903667133,-0.22755392405988376,-0.2667486320850718,-0.3459977850690017,-0.26312410835606403,-0.21019765808076357,-0.14044266079806017,-0.17981032736647956,-0.043525793868653705,-0.13667890657758164"
161,9.81,3.8445360048098713,"0.0,0.1,0.2,0.30000000000000004,0.4,0.5,0.6000000000000001,0.7000000000000001,0.8,0.9,1.0,1.1,1.2000000000000002,1.3,1.4000000000000001,1.5,1.6,1.7000000000000002,1.8,1.9000000000000001,2.0,2.1,2.2,2.3000000000000003,2.4000000000000004,2.5,2.6,2.7,2.8000000000000003,2.9000000000000004,3.0,3.1,3.2,3.3000000000000003,3.4000000000000004,3.5,3.6,3.7,3.8000000000000003,3.9000000000000004,4.0,4.1000000000000005,4.2,4.3,4.4,4.5,4.6000000000000005,4.7,4.800000000000001,4.9,5.0,5.1000000000000005,5.2,5.300000000000001,5.4,5.5,5.6000000000000005,5.7,5.800000000000001,5.9,6.0,6.1000000000000005,6.2,6.300000000000001,6.4,6.5,6.6000000000000005,6.7,6.800000000000001,6.9,7.0,7.1000000000000005,7.2,7.300000000000001,7.4,7.5,7.6000000000000005,7.7,7.800000000000001,7.9,8.0,8.1,8.200000000000001,8.3,8.4,8.5,8.6,8.700000000000001,8.8,8.9,9.0,9.1,9.200000000000001,9.3,9.4,9.5,9.600000000000001,9.700000000000001,9.8,9.9,10.0","0.27854722340381777,0.2477780295361678,0.2679253475628045,0.2502100593137633,0.2176755851879475,0.1173640232726184,0.15987606619317957,-0.15289449587393208,0.036898392887143056,0.09089005076116796,0.004733761042620837,0.029799430745452556,-0.1719745278043055,-0.16119418275066683,-0.1866673932402957,-0.2273134925355553,-0.28469145541066593,-0.21972571248254535,-0.3661817410234557,-0.3462773896743637,-0.315564556252293,-0.30063992131938416,-0.23657786682249787,-0.28310617573824914,-0.20900775178502726,-0.16809135074184217,-0.10877199414695476,-0.1409117796371645,-0.08945195974110783,-0.039149146292916645,0.041303945607125206,0.12411306459742802,0.12233151288071305,0.1324874286189152,0.2071653178948106,0.22559412845819135,0.14273216156415192,0.09321717646639177,0.2022813071296237,0.3491776730268244,0.286303866893442,0.28439241396134735,0.2549352687774394,0.19309754638548982,0.21484123556614074,0.2120407872997102,0.15636755633497665,0.09292086710309753,-0.14476780780076715,0.018726537244157827,0.03158625914396716,-0.06124803394789794,-0.08309689768736939,-0.0525623273101469,-0.14173049480215316,-0.21045549088174784,-0.03217043699392702,-0.2724477162950965,-0.3222205189729659,-0.2813738506877975,-0.30022388918754733,-0.3991832392706802,-0.2725736570234284,-0.23101120453278645,-0.21303071149954017,-0.012640687071557744,0.09877600395024058,-0.09465819055535896,-0.058777658385162856,0.0015465542232790093,0.025525446078556963,0.06417480993919003,0.11190460781278669,0.12001909152774262,0.24789927734634284,0.31362407188373875,0.31844257939965603,0.33348835707218416,0.30410537991471664,0.20897125228865768,0.27229914356143275,0.1578583023735583,0.17015309470353596,0.20557451516778005,0.15915147120880768,0.16910093690134895,0.1563426167289671,0.14515344260430024,0.10766188302788218,0.003974819676691168,-0.11722869706356798,-0.11231539073993739,-0.1341510239962878,-0.10938607731049925,-0.27362767534135757,-0.20491080232873113,-0.32201758331339475,-0.24582272148727166,-0.29078981976399676,-0.40071166016998416,-0.3472692370056539"
162,9.81,2.871834084993294,"0.0,0.1,0.2,0.30000000000000004,0.4,0.5,0.6000000000000001,0.7000000000000001,0.8,0.9,1.0,1.1,1.2000000000000002,1.3,1.4000000000000001,1.5,1.6,1.7000000000000002,1.8,1.9000000000000001,2.0,2.1,2.2,2.3000000000000003,2.4000000000000004,2.5,2.6,2.7,2.8000000000000003,2.9000000000000004,3.0,3.1,3.2,3.3000000000000003,3.4000000000000004,3.5,3.6,3.7,3.8000000000000003,3.9000000000000004,4.0,4.1000000000000005,4.2,4.3,4.4,4.5,4.6000000000000005,4.7,4.800000000000001,4.9,5.0,5.1000000000000005,5.2,5.300000000000001,5.4,5.5,5.6000000000000005,5.7,5.800000000000001,5.9,6.0,6.1000000000000005,6.2,6.300000000000001,6.4,6.5,6.6000000000000005,6.7,6.800000000000001,6.9,7.0,7.1000000000000005,7.2,7.300000000000001,7.4,7.5,7.6000000000000005,7.7,7.800000000000001,7.9,8.0,8.1,8.200000000000001,8.3,8.4,8.5,8.6,8.700000000000001,8.8,8.9,9.0,9.1,9.200000000000001,9.3,9.4,9.5,9.600000000000001,9.700000000000001,9.8,9.9,10.0","0.23081998161166167,0.35406971464450615,0.2942400991849044,0.1832756606011146,0.16056800053395504,0.20305222964329656,0.058092910010789006,0.12052136752737172,0.07460066132063323,-0.025302471893718984,-0.11343913877288901,-0.14734765391279864,-0.21766931684562632,-0.23528271167332376,-0.18740386971821207,-0.3128287046765704,-0.4999032440271441,-0.5126636055331597,-0.1620967555666292,-0.27033046027596364,-0.27760901700683493,-0.16427642481997298,-0.1782829255167864,-0.1383265627630369,-0.06495253822135343,-0.03035140539155114,0.012542421963863532,0.03957727107254704,0.15551701391612427,0.1641944441117088,0.24787290040045706,0.2848727696318124,0.24661164855104226,0.30224181182338417,0.2883223860781837,0.2745905121654583,0.19371446168213077,0.17191419739011332,0.38249619227465803,0.18979217375638552,0.20826950313282935,0.13323757872109862,-0.04960825967351769,-0.05422298702428943,-0.06762651075341129,-0.1839863602523343,-0.26422353756718514,-0.1922272454070449,-0.3105255155806208,-0.3058941217209873,-0.29023353722683776,-0.2983017118417029,-0.2591254465381048,-0.23324157977105112,-0.26125540193842856,-0.2426811999329229,-0.1717747372216234,-0.22597596826019478,-0.095845993027413,-0.09639664173866587,0.03747240423672844,0.07691572677260812,0.1105662898897537,0.15814855286060853,0.192124008542618,0.17614331745317635,0.29209326568556493,0.26942531038871653,0.3850443912142778,0.3490902063675332,0.38206910534919625,0.3692804410570289,0.2941523303385718,0.22057681546679073,0.2277729435598118,0.11012277743016459,-0.06862099275878683,0.09836027021436813,-0.06609941518763121,-0.2750344144852593,-0.0961358040133331,-0.214960696123787,-0.19770006853377314,-0.36931623320221657,-0.35153621609265073,-0.2905215741960523,-0.2305626362638405,-0.31414939469316805,-0.2899943603736326,-0.23761789182858523,-0.25012379883039815,-0.1561281076648976,-0.06464589523767086,-0.07305298691884707,0.1625536705474456,0.14728313560470108,0.13646669291971247,0.20940311569066325,0.21598484229681164,0.2899810227062357,0.2565885919017567"
163,9.81,3.9193202192603196,"0.0,0.1,0.2,0.30000000000000004,0.4,0.5,0.6000000000000001,0.7000000000000001,0.8,0.9,1.0,1.1,1.2000000000000002,1.3,1.4000000000000001,1.5,1.6,1.7000000000000002,1.8,1.9000000000000001,2.0,2.1,2.2,2.3000000000000003,2.4000000000000004,2.5,2.6,2.7,2.8000000000000003,2.9000000000000004,3.0,3.1,3.2,3.3000000000000003,3.4000000000000004,3.5,3.6,3.7,3.8000000000000003,3.9000000000000004,4.0,4.1000000000000005,4.2,4.3,4.4,4.5,4.6000000000000005,4.7,4.800000000000001,4.9,5.0,5.1000000000000005,5.2,5.300000000000001,5.4,5.5,5.6000000000000005,5.7,5.800000000000001,5.9,6.0,6.1000000000000005,6.2,6.300000000000001,6.4,6.5,6.6000000000000005,6.7,6.800000000000001,6.9,7.0,7.1000000000000005,7.2,7.300000000000001,7.4,7.5,7.6000000000000005,7.7,7.800000000000001,7.9,8.0,8.1,8.200000000000001,8.3,8.4,8.5,8.6,8.700000000000001,8.8,8.9,9.0,9.1,9.200000000000001,9.3,9.4,9.5,9.600000000000001,9.700000000000001,9.8,9.9,10.0","0.2781503952464151,0.1925544833879829,0.40493417440897295,0.2670463987288098,0.2657357080149264,0.24470327005363487,0.31994117264183375,0.08742797884920078,0.050983931084266194,0.14181312242967306,-0.020672368283126238,0.08372563370445206,-0.10860990125008513,-0.06936504538061547,-0.11752291418236548,-0.22925799358070514,-0.2676924938508148,-0.2222125840927368,-0.34545580456366043,-0.4290717525169021,-0.24756561351840237,-0.2683843305511242,-0.252750845017909,-0.28499501119965676,-0.20558520423234308,-0.12842548444302576,-0.20389430395299915,-0.10509342456387875,-0.10405452023374821,-0.08140990529717554,0.013125541527111633,-0.12153685123075705,0.03711769086825616,0.17457634066152572,0.13884020657531235,0.21105939152761866,0.2853404615371706,0.21927747430152433,0.2991772650153366,0.2342353283784061,0.3031770895768407,0.21600773772090873,0.28569234820658174,0.22787739786549982,0.2137432529954093,0.07550683832671981,0.17145305548654236,0.23514075283782898,-0.01785162892561179,0.02801477770461553,0.03387491105134799,-0.048111447941025745,-0.15843665238787605,-0.17383225638750133,-0.18106925054670267,-0.19437598658040683,-0.27869458976169226,-0.23077923002462497,-0.3114879920453172,-0.3713476837598146,-0.3206756997722618,-0.294603143459998,-0.25273517462959677,-0.2563095502069333,-0.27246560123279295,-0.19271751368496348,-0.22942691620299874,-0.1297597175314403,-0.038673562552523445,-0.24729139050762033,-0.11290669091185977,0.07461204971749877,0.07077551230214014,0.08198832258575549,0.4052600153167021,0.23786042398263477,0.24737367275256258,0.26346043973424904,0.3729127725283412,0.17401321971878903,0.3706195267999339,0.29566712070228096,0.28621977507625135,0.3957678360667371,0.2561633280595704,0.17307870343096782,0.15700715829241182,0.15299534320695102,0.08205102220483079,0.00906788882819112,-0.09963933115066208,-0.021134172153335053,-0.12483995930480485,-0.19125325788319159,-0.054394013203231284,-0.22545462762499754,-0.26604270938333274,-0.2620570595704531,-0.30943794517901835,-0.47945353362706167,-0.34903039299047695"
164,9.81,2.809160597549623,"0.0,0.1,0.2,0.30000000000000004,0.4,0.5,0.6000000000000001,0.7000000000000001,0.8,0.9,1.0,1.1,1.2000000000000002,1.3,1.4000000000000001,1.5,1.6,1.7000000000000002,1.8,1.9000000000000001,2.0,2.1,2.2,2.3000000000000003,2.4000000000000004,2.5,2.6,2.7,2.8000000000000003,2.9000000000000004,3.0,3.1,3.2,3.3000000000000003,3.4000000000000004,3.5,3.6,3.7,3.8000000000000003,3.9000000000000004,4.0,4.1000000000000005,4.2,4.3,4.4,4.5,4.6000000000000005,4.7,4.800000000000001,4.9,5.0,5.1000000000000005,5.2,5.300000000000001,5.4,5.5,5.6000000000000005,5.7,5.800000000000001,5.9,6.0,6.1000000000000005,6.2,6.300000000000001,6.4,6.5,6.6000000000000005,6.7,6.800000000000001,6.9,7.0,7.1000000000000005,7.2,7.300000000000001,7.4,7.5,7.6000000000000005,7.7,7.800000000000001,7.9,8.0,8.1,8.200000000000001,8.3,8.4,8.5,8.6,8.700000000000001,8.8,8.9,9.0,9.1,9.200000000000001,9.3,9.4,9.5,9.600000000000001,9.700000000000001,9.8,9.9,10.0","0.29224822504017645,0.3309067249512444,0.32998830060598355,0.20497233824390845,0.20112349571862578,0.13728894594039695,0.14789317364159932,0.080879086453204,0.08300579981068625,0.023220152230572794,-0.08384398607133477,-0.10610749204241743,-0.15916576955542697,-0.1841916108570473,-0.26140738599662605,-0.21691206215718595,-0.3141788244298262,-0.26300647688400863,0.1298866577675028,-0.1582838596533695,-0.33432131892497924,-0.20115467200217418,-0.1542044939180345,-0.07722610890083095,0.08605286229496024,0.025389334588990432,-0.013176638132088372,0.15172398262106415,0.2644984304312617,0.1288234050110521,0.2318121979778467,0.33501052111709007,0.18440957835123686,0.2446789056798823,0.35170179773781085,0.2183777347627797,0.15833036949617046,0.30414297654989375,0.18883157294063427,0.16903518248218974,0.19846593070357385,0.04186640587703626,-0.04755877995025341,-0.014143626709998833,-0.07577272832391263,-0.16130976668152747,-0.1821887723110016,-0.2091914502585875,-0.2851924791256286,-0.2983068723283335,-0.3479847899955978,-0.23016281480133383,-0.28492327041873156,-0.3062599519741051,-0.32733969408283314,-0.2931698289034474,-0.20373946744809027,-0.15773681895290406,-0.05672696046603007,-0.06322011345002501,0.0551920319308903,0.08261620444390769,0.18349387853231636,0.21203666471001464,0.22280014804445877,0.28960733785470316,0.2605337651363477,0.3062563204931988,0.3974145445860431,0.3063954667006777,0.21298996070408194,0.35663588697712334,0.2503251233078927,0.1710592524439107,0.11551088911323755,0.09473118619295183,-0.03964042116416112,-0.15318960134762583,-0.17719540014009538,-0.13657534847849645,-0.17559122983300676,-0.2727927970450271,-0.2558685279133954,-0.274778259017734,-0.29650307486202265,-0.2686878607041904,-0.27926658516402014,-0.2670093466974088,-0.22599781101768943,-0.2466483925733539,-0.1308216227988474,-0.07667645745955741,-0.017663795014416707,0.08741208820200586,0.06370119706338331,0.10539468828267287,0.19994664717685598,0.25332690153043447,0.33355951485758406,0.3323572189609557,0.32852212398971514"
165,9.81,2.0869172201203607,"0.0,0.1,0.2,0.30000000000000004,0.4,0.5,0.6000000000000001,0.7000000000000001,0.8,0.9,1.0,1.1,1.2000000000000002,1.3,1.4000000000000001,1.5,1.6,1.7000000000000002,1.8,1.9000000000000001,2.0,2.1,2.2,2.3000000000000003,2.4000000000000004,2.5,2.6,2.7,2.8000000000000003,2.9000000000000004,3.0,3.1,3.2,3.3000000000000003,3.4000000000000004,3.5,3.6,3.7,3.8000000000000003,3.9000000000000004,4.0,4.1000000000000005,4.2,4.3,4.4,4.5,4.6000000000000005,4.7,4.800000000000001,4.9,5.0,5.1000000000000005,5.2,5.300000000000001,5.4,5.5,5.6000000000000005,5.7,5.800000000000001,5.9,6.0,6.1000000000000005,6.2,6.300000000000001,6.4,6.5,6.6000000000000005,6.7,6.800000000000001,6.9,7.0,7.1000000000000005,7.2,7.300000000000001,7.4,7.5,7.6000000000000005,7.7,7.800000000000001,7.9,8.0,8.1,8.200000000000001,8.3,8.4,8.5,8.6,8.700000000000001,8.8,8.9,9.0,9.1,9.200000000000001,9.3,9.4,9.5,9.600000000000001,9.700000000000001,9.8,9.9,10.0","0.29397379372136495,0.28500110644883453,0.32394201110633564,0.2321915093890955,0.193208922880802,0.047226896934610865,0.03860567280728047,-0.004194809623742583,-0.010000722332473025,-0.03880452844948229,-0.14297881328772333,-0.1831675872678052,-0.224172778770214,-0.31179800255979145,-0.3279960773341437,-0.20062650734429352,-0.19064170811262618,-0.21604340225210727,-0.21491094436449062,-0.28360668401946554,-0.11035380236337644,-0.03738067343840282,0.05539655668343868,0.14890497701783315,0.057955197285626314,0.21700521966813427,0.3044248359673426,0.3896457225941801,0.3471845681383146,0.3211085394893505,0.3954860851044305,0.24976752124318335,0.20768247134928722,0.22504350938784057,0.06417176645659296,-0.059934123485806026,0.02481363756343727,-0.1020609061199812,-0.1087319221083489,-0.0593944080793021,-0.13120622835480372,-0.35144777397542626,-0.06708231865795838,-0.3610475226694716,-0.38097053790590024,-0.27864678192534326,-0.26602783152748827,-0.2331244642933472,-0.13812817215191037,-0.06523435912911237,-0.09350350488963816,0.037193314485219134,0.09358980616689153,0.22713064216348378,0.23938324828360535,0.23747839265750006,0.33497944997018453,0.06635603875040419,0.14676453490663735,0.249173380882531,0.1821714919710024,0.19352498568647195,0.24291584074677525,0.1306741333583301,0.11188727629465134,-0.08657150203183973,-0.04936759313393936,-0.06120485610632198,-0.1853863709529086,-0.22534722412246794,-0.25024955041822644,-0.3132569089769185,-0.2726948986600117,-0.34425827247126356,-0.3086862646756872,-0.2667702452049203,-0.16300317390761337,-0.18598037697954958,-0.10645795669179753,-0.027595241122283856,-0.0402553864195726,-0.02063447245207886,0.1476580462721092,0.14500824782745486,0.27671990178615763,0.34642162228115914,0.3118772379234664,0.3033393998282745,0.2795541040575475,0.24588500512428213,0.3046400619658808,0.2818703975557248,0.1623331336226062,0.06465940155826613,0.11352826182038234,-0.11369510031708926,-0.14414502421570163,-0.1786074866415959,-0.2914551515917453,-0.28746308633926404,-0.2818028008821203"
166,9.81,1.805424472134038,"0.0,0.1,0.2,0.30000000000000004,0.4,0.5,0.6000000000000001,0.7000000000000001,0.8,0.9,1.0,1.1,1.2000000000000002,1.3,1.4000000000000001,1.5,1.6,1.7000000000000002,1.8,1.9000000000000001,2.0,2.1,2.2,2.3000000000000003,2.4000000000000004,2.5,2.6,2.7,2.8000000000000003,2.9000000000000004,3.0,3.1,3.2,3.3000000000000003,3.4000000000000004,3.5,3.6,3.7,3.8000000000000003,3.9000000000000004,4.0,4.1000000000000005,4.2,4.3,4.4,4.5,4.6000000000000005,4.7,4.800000000000001,4.9,5.0,5.1000000000000005,5.2,5.300000000000001,5.4,5.5,5.6000000000000005,5.7,5.800000000000001,5.9,6.0,6.1000000000000005,6.2,6.300000000000001,6.4,6.5,6.6000000000000005,6.7,6.800000000000001,6.9,7.0,7.1000000000000005,7.2,7.300000000000001,7.4,7.5,7.6000000000000005,7.7,7.800000000000001,7.9,8.0,8.1,8.200000000000001,8.3,8.4,8.5,8.6,8.700000000000001,8.8,8.9,9.0,9.1,9.200000000000001,9.3,9.4,9.5,9.600000000000001,9.700000000000001,9.8,9.9,10.0","0.3027047296502516,0.3278680073130346,0.20453870490636494,0.3728979782438511,0.20611713748031946,0.10529817585369639,-0.08106268240816138,0.02568001181384348,-0.09647076429723887,-0.24009036780963355,-0.19757025309528453,-0.2412219773902175,-0.23137461525493447,-0.3269724188269577,-0.21468165871402253,-0.3018186891011674,-0.2532690254325219,-0.094392850291827,-0.1144472446220323,-0.011942165614692274,-0.050626757327913705,0.030273657643059202,0.23319900482590425,0.17787556248836373,0.23245679987357556,0.19541778315499236,0.29697017380660257,0.24035302946896256,0.3004187230932484,0.23185209266383672,0.1977307397543755,0.1426564439130937,0.06845681936709005,0.08439747318384605,0.0750751261399473,-0.07313713355024426,-0.0721514748025108,-0.15424010857122514,-0.3467637592174597,-0.3143047257298452,-0.31457843927007767,-0.36079723560740307,-0.2762397192902371,-0.28687865736237145,-0.22768467494383265,-0.11451060646516006,-0.10460664779296733,-0.02135744818621608,0.009636479726937576,0.26261422701558823,0.1064405613237906,0.18902572703033785,0.19474189499363947,0.25702137468684205,0.3341326257948097,0.20018691625698312,0.17551954832622452,0.216977862453196,0.23149924779200787,0.10200622422050976,0.048305107402541334,0.01687915823580711,-0.008151765895863528,-0.20355887169334685,-0.15446276564870465,-0.22416121075260173,-0.2518998864835944,-0.2807925598624198,-0.3663863483489412,-0.28729705083760754,-0.22921118676996688,-0.20222116293092773,-0.151561225229682,-0.07607961145885006,-0.012647060766919897,0.031935947430591013,0.13057917518008857,0.15882173274097602,0.19212323165538847,0.23369874663136858,0.3434344152114201,0.3205287519397438,0.2147361151322797,0.27032619064164387,0.2037658483981698,0.13494906889720878,0.12073966216616536,0.04847350868584049,-0.02875988951421323,-0.030579428167880313,-0.10917332199304564,-0.20459821195101852,-0.2729692901845724,-0.28852712831321986,-0.3004525158004923,-0.3022100597639367,-0.31531680881049723,-0.2612948906269034,-0.2373717351127008,-0.17099555791202678,-0.040984344185736224"
167,9.81,3.186779607981088,"0.0,0.1,0.2,0.30000000000000004,0.4,0.5,0.6000000000000001,0.7000000000000001,0.8,0.9,1.0,1.1,1.2000000000000002,1.3,1.4000000000000001,1.5,1.6,1.7000000000000002,1.8,1.9000000000000001,2.0,2.1,2.2,2.3000000000000003,2.4000000000000004,2.5,2.6,2.7,2.8000000000000003,2.9000000000000004,3.0,3.1,3.2,3.3000000000000003,3.4000000000000004,3.5,3.6,3.7,3.8000000000000003,3.9000000000000004,4.0,4.1000000000000005,4.2,4.3,4.4,4.5,4.6000000000000005,4.7,4.800000000000001,4.9,5.0,5.1000000000000005,5.2,5.300000000000001,5.4,5.5,5.6000000000000005,5.7,5.800000000000001,5.9,6.0,6.1000000000000005,6.2,6.300000000000001,6.4,6.5,6.6000000000000005,6.7,6.800000000000001,6.9,7.0,7.1000000000000005,7.2,7.300000000000001,7.4,7.5,7.6000000000000005,7.7,7.800000000000001,7.9,8.0,8.1,8.200000000000001,8.3,8.4,8.5,8.6,8.700000000000001,8.8,8.9,9.0,9.1,9.200000000000001,9.3,9.4,9.5,9.600000000000001,9.700000000000001,9.8,9.9,10.0","0.29152442731693906,0.30221442703744433,0.3102963634403691,0.30210893487444074,0.20628883408369653,0.28092063264475114,0.10732550159276286,0.12430732317428783,0.10245200490686693,0.08673162933740236,0.13196623888011239,-0.12908538201106248,-0.16685799352424827,-0.19251498905470382,-0.2390888108295781,-0.22554142598232474,-0.2870251351338719,-0.26488909171031716,-0.4910034024611016,-0.3625085012342518,-0.2340659881192508,-0.21964493595193374,-0.19249499224319258,-0.18953057671010481,-0.2008127314810632,0.09425916033903624,-0.03708693488220005,0.031295115306040976,0.08995695968566583,0.023670037599586566,0.29401672461253325,0.1984647123786691,0.2878603180088811,0.26351818558322126,0.2840260900988032,0.26273732337687455,0.26994951248873894,0.2253636207897537,0.47899814107497096,0.3215159284572805,0.26329618912932606,0.11203242720860608,0.1541241552807862,0.10821489244014237,0.05035092756897573,-0.05937648081318174,0.036999109658828015,-0.08787327314394956,-0.21918794468605396,-0.17942387359126183,-0.22159126624423517,-0.28103540948662553,-0.33643858393413756,-0.3176804406252483,-0.2936899823318507,-0.3408807880594974,-0.16641607039048112,-0.43545869028328654,-0.2523181508189382,-0.14444641819891205,-0.19848647729719582,-0.12591457832172703,-0.09049213988255428,0.09808831247487337,0.07122092161478652,0.19045946907742373,0.1782424469782351,0.2596831348702854,0.3016999889047044,0.16932589075783067,0.25379216040483293,0.26118070130952326,0.2782785779220439,0.2539734058079931,0.35239756734449645,0.31727516510987724,0.24319085029905071,0.1811596948871077,0.1540646765386215,0.1284470375173246,-0.012169279612131503,-0.02781889948489664,-0.04108121467353005,-0.23559719785304586,-0.01298880013885556,-0.09431081811725077,-0.16446261518230848,-0.13560573002215964,-0.22438198647160368,-0.28376354224240735,-0.3544917795683744,-0.26026542682738274,-0.32103449324370137,-0.24506687844993055,-0.21813978076858342,-0.18019505740539096,-0.19032586623555917,-0.004483776354994862,-0.052302637166025914,0.0463164322178787,0.057923268193702235"
168,9.81,4.9162898702894955,"0.0,0.1,0.2,0.30000000000000004,0.4,0.5,0.6000000000000001,0.7000000000000001,0.8,0.9,1.0,1.1,1.2000000000000002,1.3,1.4000000000000001,1.5,1.6,1.7000000000000002,1.8,1.9000000000000001,2.0,2.1,2.2,2.3000000000000003,2.4000000000000004,2.5,2.6,2.7,2.8000000000000003,2.9000000000000004,3.0,3.1,3.2,3.3000000000000003,3.4000000000000004,3.5,3.6,3.7,3.8000000000000003,3.9000000000000004,4.0,4.1000000000000005,4.2,4.3,4.4,4.5,4.6000000000000005,4.7,4.800000000000001,4.9,5.0,5.1000000000000005,5.2,5.300000000000001,5.4,5.5,5.6000000000000005,5.7,5.800000000000001,5.9,6.0,6.1000000000000005,6.2,6.300000000000001,6.4,6.5,6.6000000000000005,6.7,6.800000000000001,6.9,7.0,7.1000000000000005,7.2,7.300000000000001,7.4,7.5,7.6000000000000005,7.7,7.800000000000001,7.9,8.0,8.1,8.200000000000001,8.3,8.4,8.5,8.6,8.700000000000001,8.8,8.9,9.0,9.1,9.200000000000001,9.3,9.4,9.5,9.600000000000001,9.700000000000001,9.8,9.9,10.0","0.2874258332077974,0.32437666811022425,0.25029747500856775,0.2956060817841571,0.366598422487032,0.22309174909556853,0.2173560582683638,0.18081441649468522,0.16171000333781244,0.08992444879286701,0.00780702252646253,0.032213801115535935,-0.126358651726617,-0.11030946808747918,-0.06878577680634507,-0.20799567669896085,-0.18992475153010935,-0.2299719818125148,-0.22968406121379153,-0.26716297502579406,-0.3170515519306402,-0.3312354957334979,-0.3370098417553479,-0.23776661872360674,-0.3127130652959254,-0.21862580777916407,-0.36871288797528906,-0.2408837655494403,-0.10442312447426291,-0.16967149716665159,-0.13239837576642485,-0.06704910993196736,-0.07594258158765511,-0.04940229907678233,0.11048497293099863,0.022763049493744962,0.031243369083706923,0.1561376509028938,0.1945608696515861,0.2115800530869166,0.21756016862520533,0.23794582579345752,0.2999363521685853,0.2561120183041387,0.3352576804318229,0.370338045824487,0.3016819946800374,0.32533794571252767,0.267098068573174,0.34701861150436,0.25534850583467744,0.20242736557666083,0.11480546866778585,0.1367509758287917,0.052121198936810303,0.050529968576539276,-0.0215005028269702,-0.01884083944476067,-0.09378995203309956,-0.06574240949206553,-0.15413325311508927,-0.12087635155815356,-0.2895556605272101,-0.3110521317932735,-0.42788725074818357,-0.385375539388753,-0.4400480765702512,-0.4164697806626817,-0.5146846874421147,-0.3363014097406212,-0.31397976070655487,-0.29240617172434974,-0.21442621868336068,-0.236769560773938,-0.18497025932208136,-0.14227545998334418,-0.108323739350067,0.01634770730011087,-0.06597394602567434,0.034952364988537266,0.14690273729302378,0.1541697277138823,0.240587577685487,0.274583228593795,0.20251077741603424,0.1091418351169311,0.4024156922059463,0.3302984850961925,0.32696581883648,0.3044393348738147,0.29663796821399163,0.30283080231811893,0.2814392523026543,0.15103105234182715,0.33440535209059985,0.24342610120944852,0.21010234927895335,0.23695372608460408,0.08925167314584495,0.05251741751726614,-0.02158183929765756"
169,9.81,3.5258101083303206,"0.0,0.1,0.2,0.30000000000000004,0.4,0.5,0.6000000000000001,0.7000000000000001,0.8,0.9,1.0,1.1,1.2000000000000002,1.3,1.4000000000000001,1.5,1.6,1.7000000000000002,1.8,1.9000000000000001,2.0,2.1,2.2,2.3000000000000003,2.4000000000000004,2.5,2.6,2.7,2.8000000000000003,2.9000000000000004,3.0,3.1,3.2,3.3000000000000003,3.4000000000000004,3.5,3.6,3.7,3.8000000000000003,3.9000000000000004,4.0,4.1000000000000005,4.2,4.3,4.4,4.5,4.6000000000000005,4.7,4.800000000000001,4.9,5.0,5.1000000000000005,5.2,5.300000000000001,5.4,5.5,5.6000000000000005,5.7,5.800000000000001,5.9,6.0,6.1000000000000005,6.2,6.300000000000001,6.4,6.5,6.6000000000000005,6.7,6.800000000000001,6.9,7.0,7.1000000000000005,7.2,7.300000000000001,7.4,7.5,7.6000000000000005,7.7,7.800000000000001,7.9,8.0,8.1,8.200000000000001,8.3,8.4,8.5,8.6,8.700000000000001,8.8,8.9,9.0,9.1,9.200000000000001,9.3,9.4,9.5,9.600000000000001,9.700000000000001,9.8,9.9,10.0","0.2826626502688769,0.31432857120914404,0.28865227912436653,0.26749732151970457,0.22419142722723545,0.22543017111727964,0.027953936552913894,0.11687056040871421,0.11444371684227156,0.12627229739090073,-0.03157505016509665,-0.09483249201790321,-0.09638926706700915,-0.04674180786251056,-0.18010838978748137,-0.15891353552812143,-0.24995378216241923,-0.32929032674394626,-0.35283841800480414,-0.3032459353307441,-0.3102865597258429,-0.2871192734310248,-0.2509483295140383,-0.24851873555572682,-0.2238894223724791,-0.13584532453055614,-0.0960501954854748,-0.0962050439363902,0.02218353625663333,0.06324607618664774,0.08239222110922818,0.13554571534911528,0.09443439573649329,0.22180872095030513,0.24247345514544782,0.23097009329231483,0.2829189533363895,0.39200699956771856,0.2732132734248482,0.2758511491680241,0.4526804501997046,0.1262492229894247,0.23005647481863836,0.2079848971979112,0.1847217112940186,0.158540952558592,0.02935232272325332,0.002593713341332342,-0.11026906001832998,-0.06200022730865229,-0.10955668242398646,-0.14394443089178854,-0.2509491577218972,-0.24093576079218662,-0.2516253192895068,-0.36515987808777306,-0.3740514132535288,-0.2951178636569346,-0.28340629743783313,-0.27842433146895196,-0.2928349653209992,-0.1656778882410937,-0.19328472535030913,-0.21440862716046094,-0.039108102801177616,0.011378157437510049,0.0681359335365772,0.1307259391872547,0.06402627413479002,0.1940900718661368,0.16199202452588174,0.21740647089341658,0.23040002644991237,0.3094938628189174,0.24586268263187788,0.32386930921530355,0.3326182366410954,0.3327262841405034,0.3170274236249216,0.26627347282597,0.2743699442388885,0.19249373909272688,0.10299545561368129,0.17698284068662007,0.15940605559785312,-0.05037095808822413,-0.12700472007395952,-0.13874995474053242,-0.06689504040373906,-0.14038105865120448,-0.1772552172027563,-0.19589141906313073,-0.22096971949072602,-0.24217216457936128,-0.38286125384501013,-0.271755924876124,-0.42509921473421947,-0.28848441936596414,-0.19659635701116024,-0.2732023033596996,-0.20015060823174213"
170,9.81,3.037066013605228,"0.0,0.1,0.2,0.30000000000000004,0.4,0.5,0.6000000000000001,0.7000000000000001,0.8,0.9,1.0,1.1,1.2000000000000002,1.3,1.4000000000000001,1.5,1.6,1.7000000000000002,1.8,1.9000000000000001,2.0,2.1,2.2,2.3000000000000003,2.4000000000000004,2.5,2.6,2.7,2.8000000000000003,2.9000000000000004,3.0,3.1,3.2,3.3000000000000003,3.4000000000000004,3.5,3.6,3.7,3.8000000000000003,3.9000000000000004,4.0,4.1000000000000005,4.2,4.3,4.4,4.5,4.6000000000000005,4.7,4.800000000000001,4.9,5.0,5.1000000000000005,5.2,5.300000000000001,5.4,5.5,5.6000000000000005,5.7,5.800000000000001,5.9,6.0,6.1000000000000005,6.2,6.300000000000001,6.4,6.5,6.6000000000000005,6.7,6.800000000000001,6.9,7.0,7.1000000000000005,7.2,7.300000000000001,7.4,7.5,7.6000000000000005,7.7,7.800000000000001,7.9,8.0,8.1,8.200000000000001,8.3,8.4,8.5,8.6,8.700000000000001,8.8,8.9,9.0,9.1,9.200000000000001,9.3,9.4,9.5,9.600000000000001,9.700000000000001,9.8,9.9,10.0","0.3263737370022628,0.25551802951959435,0.20460736432921545,0.18911267931427717,0.30024668110095587,0.16924664031954978,0.09020875722890664,-0.013723880087692542,0.051871818484130694,0.08923464950914149,-0.060539078670776625,-0.0768942874302612,-0.15816794939589363,-0.2395583275796465,-0.23013932259160205,-0.2417313226030196,-0.2591005730573568,-0.2562256413392015,-0.4093409783058116,-0.27607106353886635,-0.23649919910908856,-0.2710204285861054,-0.2488045664888371,-0.20269132000836731,-0.14052402730174404,-0.15428728502187436,-0.08168029747079895,0.046822779558651044,0.10756171484418799,0.13899388949073122,0.19973186366228396,0.20490262012028693,0.23912681619287535,0.137060406590519,0.279860879357909,0.28350440321909254,0.26207251415234445,0.3323213009485959,0.25256087498639357,0.047003876380585785,0.42996468580322955,0.2271669083240256,0.1232150797454952,0.11656699998144332,0.008170938146564354,-0.04691995393184496,-0.2433911429525333,-0.14674427658975098,-0.21840319496016514,-0.24617971066751201,-0.19469606286807686,-0.3051221038066598,-0.3483121164116932,-0.2604495810599526,-0.3272667103812713,-0.28946148612983746,-0.31109791367254075,-0.1802936261020425,-0.12860449896774945,-0.10215072589002058,-0.058714421122530294,-0.04175128490016911,0.024566108226904092,0.05893797317961472,0.13841295286482852,0.16729795123182764,0.19043707535460455,0.29041097174626374,0.34871966379393515,0.3174492979570413,0.3125631954276372,0.2679396295419776,0.2803010416024112,0.293464000342887,0.2791917203880646,0.11254522028230865,0.06455386986412635,0.14821780542142576,0.1425614507704798,-0.060219643835867975,-0.025842587789979124,-0.12410850425412026,-0.05744266251998928,-0.24266806210847552,-0.33225326919826126,-0.23980652341770112,-0.20838413725641303,-0.27080629188015143,-0.24635574116638476,-0.3652387979290436,-0.35530759002707124,-0.24980975830847138,-0.191070152238707,-0.18779072575621542,-0.08071816371861201,-0.1507636838192612,-0.018727965141716794,0.01183252524365275,0.06552215852746934,0.21946929048422437,0.09071454240215789"
171,9.81,3.8939002412509893,"0.0,0.1,0.2,0.30000000000000004,0.4,0.5,0.6000000000000001,0.7000000000000001,0.8,0.9,1.0,1.1,1.2000000000000002,1.3,1.4000000000000001,1.5,1.6,1.7000000000000002,1.8,1.9000000000000001,2.0,2.1,2.2,2.3000000000000003,2.4000000000000004,2.5,2.6,2.7,2.8000000000000003,2.9000000000000004,3.0,3.1,3.2,3.3000000000000003,3.4000000000000004,3.5,3.6,3.7,3.8000000000000003,3.9000000000000004,4.0,4.1000000000000005,4.2,4.3,4.4,4.5,4.6000000000000005,4.7,4.800000000000001,4.9,5.0,5.1000000000000005,5.2,5.300000000000001,5.4,5.5,5.6000000000000005,5.7,5.800000000000001,5.9,6.0,6.1000000000000005,6.2,6.300000000000001,6.4,6.5,6.6000000000000005,6.7,6.800000000000001,6.9,7.0,7.1000000000000005,7.2,7.300000000000001,7.4,7.5,7.6000000000000005,7.7,7.800000000000001,7.9,8.0,8.1,8.200000000000001,8.3,8.4,8.5,8.6,8.700000000000001,8.8,8.9,9.0,9.1,9.200000000000001,9.3,9.4,9.5,9.600000000000001,9.700000000000001,9.8,9.9,10.0","0.29880546021457083,0.27514390196639504,0.3454166655578623,0.23018985836357328,0.2470522278025384,0.21502384232672878,0.2529799281683336,0.15072624282523442,0.0749094495723849,0.02366739928147163,-0.022360250183781894,0.08847657737673607,-0.09440460161321754,-0.13527383696271128,-0.11666182460690684,-0.24620028378717446,-0.33206177679080584,-0.25025582587076356,-0.30047997029650186,-0.4388949075418634,-0.2666405824642355,-0.21988604313917787,-0.26608483312165576,-0.2536109900302949,-0.23926456131330642,-0.1614715251630053,-0.21014608487710928,-0.04907813409051576,-0.08899550943609677,-0.03507183377642471,-0.0024915969418943668,0.0803092793037887,0.05665333335776292,0.18683551629283063,0.22072282024822976,0.21327774270158398,0.23174385270579342,0.24634646743657365,0.2189052518529518,0.4740676592835601,0.2718787188439393,0.2344819623841402,0.3211132253390083,0.29919956626530114,0.18276545880269585,0.1396466738377346,0.05192638560811624,-0.004877751605248282,-0.015259057266876971,0.08370076549378577,0.09922840384423467,-0.012041017687507684,-0.09483920191025806,-0.1079897936836826,-0.11763974489232518,-0.2333165308895039,-0.23149117952737294,-0.27640119113675005,-0.40539605067138473,-0.3194797870909193,-0.37036336569574846,-0.27462709302381794,-0.28371508037852455,-0.20773718412817704,-0.3094399791166785,-0.1485246789206464,0.02389932214867535,-0.14019048233236817,-0.028405045296597785,-0.1118799543644652,0.19568637167565492,0.09102838843185498,0.12258212262983159,0.2073718656087439,0.2711415007645509,0.2440082364557942,0.3152794342449679,0.2642853846085253,0.34211678593527595,0.17144334672834383,0.2797571945294958,0.2887838422371505,0.16183587723689735,0.1971162364070208,0.2428929948750804,0.20448996974521988,0.14953298324969624,0.09516239690171198,0.083496297758744,-0.09007728462026765,-0.11068004592175405,-0.12545059320051435,-0.19914791644162314,-0.1526970079580301,-0.114118182510351,-0.2623953326829161,-0.26689120985717,-0.2635816417466326,-0.2836189174684167,-0.24975177788648883,-0.3397765103433773"
172,9.81,1.7930452967863584,"0.0,0.1,0.2,0.30000000000000004,0.4,0.5,0.6000000000000001,0.7000000000000001,0.8,0.9,1.0,1.1,1.2000000000000002,1.3,1.4000000000000001,1.5,1.6,1.7000000000000002,1.8,1.9000000000000001,2.0,2.1,2.2,2.3000000000000003,2.4000000000000004,2.5,2.6,2.7,2.8000000000000003,2.9000000000000004,3.0,3.1,3.2,3.3000000000000003,3.4000000000000004,3.5,3.6,3.7,3.8000000000000003,3.9000000000000004,4.0,4.1000000000000005,4.2,4.3,4.4,4.5,4.6000000000000005,4.7,4.800000000000001,4.9,5.0,5.1000000000000005,5.2,5.300000000000001,5.4,5.5,5.6000000000000005,5.7,5.800000000000001,5.9,6.0,6.1000000000000005,6.2,6.300000000000001,6.4,6.5,6.6000000000000005,6.7,6.800000000000001,6.9,7.0,7.1000000000000005,7.2,7.300000000000001,7.4,7.5,7.6000000000000005,7.7,7.800000000000001,7.9,8.0,8.1,8.200000000000001,8.3,8.4,8.5,8.6,8.700000000000001,8.8,8.9,9.0,9.1,9.200000000000001,9.3,9.4,9.5,9.600000000000001,9.700000000000001,9.8,9.9,10.0","0.22965506581790104,0.2843468514376346,0.28871570496671023,0.19829651959063008,0.14171010652827054,0.1447080677640461,-0.07669753722054672,0.04402996612349758,-0.077527851303716,-0.16570264510954325,-0.2706168306415016,-0.27924823371549334,-0.27049683722784434,-0.3056878441130926,-0.33362702843485237,-0.2735056869605496,-0.2750764927779061,-0.16102620425084918,-0.07885857653438715,-0.02609228936072859,-0.11589434370506671,-0.024003892806669633,0.12967025157448903,0.23314621642941774,0.24715114155423612,0.2148034894759289,0.41330590486994695,0.32087549603847093,0.31491270204921,0.1792185383888349,0.14667473190541347,0.09447446979397031,0.12625323819998654,0.059483567753543444,-0.003917785631221311,-0.1819408787207583,-0.11228443243051361,-0.16878084810942595,-0.23119277194493568,-0.28615358959178777,-0.33582305073173896,-0.3227950846788468,-0.35124163789111723,-0.32224678898396264,-0.12354933400921651,-0.10595302963179867,-0.07196757989335203,-0.019599850326940584,0.0087687083609811,0.0032956093204907916,0.08328274874057959,0.24513146212924622,0.15616317318407308,0.26981634959632544,0.281403042567222,0.32081222599385534,0.2386134581408411,0.2050253395203923,0.1598691948207373,0.06917149198952519,-0.011804551682217855,-0.05125843540907571,-0.05761207118036551,-0.12834573025915044,-0.19508528430532407,-0.28270073048766303,-0.25630782894924015,-0.22906244909246393,-0.4342211884653184,-0.17096566708320088,-0.2681754134427643,-0.15478072232377954,-0.1548647114811285,-0.18190454437798448,0.0030999027316987848,0.030002834090957484,0.08715210803430173,0.21060671642967005,0.2116835869562708,0.29856955272645824,0.2515326662285001,0.327849341931633,0.25345828088594413,0.25115198459216176,0.1816835830037551,0.10796120739892728,0.11168631256251589,0.08396102805155947,-0.0834453372438004,-0.09905129315250416,-0.12783612465857128,-0.16459277925965454,-0.26436935117425286,-0.2471941854171597,-0.31551219513740847,-0.2694331664989747,-0.22664649045654414,-0.26900989112280493,-0.285205038706002,-0.15777729932650597,-0.13673178581920092"
173,9.81,1.9426447277996775,"0.0,0.1,0.2,0.30000000000000004,0.4,0.5,0.6000000000000001,0.7000000000000001,0.8,0.9,1.0,1.1,1.2000000000000002,1.3,1.4000000000000001,1.5,1.6,1.7000000000000002,1.8,1.9000000000000001,2.0,2.1,2.2,2.3000000000000003,2.4000000000000004,2.5,2.6,2.7,2.8000000000000003,2.9000000000000004,3.0,3.1,3.2,3.3000000000000003,3.4000000000000004,3.5,3.6,3.7,3.8000000000000003,3.9000000000000004,4.0,4.1000000000000005,4.2,4.3,4.4,4.5,4.6000000000000005,4.7,4.800000000000001,4.9,5.0,5.1000000000000005,5.2,5.300000000000001,5.4,5.5,5.6000000000000005,5.7,5.800000000000001,5.9,6.0,6.1000000000000005,6.2,6.300000000000001,6.4,6.5,6.6000000000000005,6.7,6.800000000000001,6.9,7.0,7.1000000000000005,7.2,7.300000000000001,7.4,7.5,7.6000000000000005,7.7,7.800000000000001,7.9,8.0,8.1,8.200000000000001,8.3,8.4,8.5,8.6,8.700000000000001,8.8,8.9,9.0,9.1,9.200000000000001,9.3,9.4,9.5,9.600000000000001,9.700000000000001,9.8,9.9,10.0","0.2849464973404297,0.2822924908397385,0.2409315704205769,0.34185062596232185,0.20003813320328923,0.21475430965245987,0.02462306634954707,-0.04963372731136439,0.03229860633592585,-0.06827283430843493,-0.2861412898863529,-0.25752347900056327,-0.2840530019285721,-0.28235722137136177,-0.4035457807924811,-0.28652746908747695,-0.2757116038086879,-0.26403428475352175,-0.12348594571843387,-0.018444571594888312,-0.021512708990170083,-0.03648045604958138,-0.020623122722332743,0.16872913755407254,0.14167580732056007,0.18759544260311062,0.27441866466718684,0.21217851134819515,0.32893276154893397,0.28225023161673957,0.3001072222604138,0.3480860572592308,0.14855628484002628,0.12874291404420388,-0.006892670064964593,0.0788233802790165,-0.0843748833737332,-0.023187646101200082,-0.21699266126864025,-0.28176193318942566,-0.29897205742890676,-0.2811919359895395,-0.3405355160612181,-0.26301065854509875,-0.2780502299105186,-0.25574053135395475,-0.13094879482623326,-0.10013340599164877,0.013677689828923117,0.058704617008820556,0.09338966277213953,0.119623342422589,0.33983972939329754,0.1582148571532555,0.27117588583518754,0.2218680422085017,0.26234624871629064,0.10503487685906093,0.29696599032058146,0.22604073896057972,0.0901202324229792,0.2319627514016671,0.07633275002289792,0.04215501046495577,-0.11383837757826828,-0.1261878819574746,-0.1519980734882997,0.00013016049098310556,-0.3524932339820599,-0.25012930501325503,-0.12701682407547196,-0.23351434232398904,-0.24595473296406645,-0.30783465672142146,-0.21368401437948098,-0.12226377347975477,-0.1452663544364659,0.016448387157007985,0.1241435094985064,0.10133362826615497,0.1701540872096805,0.28373113806691597,0.35935333196362584,0.2747267974681184,0.34035313335735623,0.2959259625105523,0.31919824016579035,0.2677427828987201,0.2209519530901168,0.21147722694576745,0.2331436404188359,0.030226308177672287,-0.07230006770064282,-0.11619024291188153,-0.21349825606766107,-0.17719205426249415,-0.23266146468638838,-0.2611577166383736,-0.3369356749254293,-0.2691711248092111,-0.35897315879961555"
174,9.81,4.160813303119417,"0.0,0.1,0.2,0.30000000000000004,0.4,0.5,0.6000000000000001,0.7000000000000001,0.8,0.9,1.0,1.1,1.2000000000000002,1.3,1.4000000000000001,1.5,1.6,1.7000000000000002,1.8,1.9000000000000001,2.0,2.1,2.2,2.3000000000000003,2.4000000000000004,2.5,2.6,2.7,2.8000000000000003,2.9000000000000004,3.0,3.1,3.2,3.3000000000000003,3.4000000000000004,3.5,3.6,3.7,3.8000000000000003,3.9000000000000004,4.0,4.1000000000000005,4.2,4.3,4.4,4.5,4.6000000000000005,4.7,4.800000000000001,4.9,5.0,5.1000000000000005,5.2,5.300000000000001,5.4,5.5,5.6000000000000005,5.7,5.800000000000001,5.9,6.0,6.1000000000000005,6.2,6.300000000000001,6.4,6.5,6.6000000000000005,6.7,6.800000000000001,6.9,7.0,7.1000000000000005,7.2,7.300000000000001,7.4,7.5,7.6000000000000005,7.7,7.800000000000001,7.9,8.0,8.1,8.200000000000001,8.3,8.4,8.5,8.6,8.700000000000001,8.8,8.9,9.0,9.1,9.200000000000001,9.3,9.4,9.5,9.600000000000001,9.700000000000001,9.8,9.9,10.0","0.3251963219516655,0.2740784001307125,0.1649471366394351,0.30667414428225337,0.3014108158755013,0.2461285265253209,0.1917758103295069,0.20738807562612055,0.11868453018309519,0.07059295283983233,0.02805013820920884,-0.0016478788870175273,0.02119909990815458,-0.05285541698872444,-0.09497216683428875,-0.30825170086326775,-0.21088314400114888,-0.2679735406984219,-0.32421887552027734,-0.24733726615782317,-0.28427993707773846,-0.30187248145672474,-0.3554775455974358,-0.24008987153118266,-0.28791493737093354,-0.21200561705280696,-0.2592012009518325,-0.17801040599729648,-0.1608510466489074,-0.08031855897153549,0.014437337571810288,0.03214973635058147,0.02005318937484568,0.05563440965213882,0.10047315527830804,0.10010558239888785,0.1839017058389601,0.2514512061380467,0.3470411426234479,0.3776226613635991,0.29175424381234566,0.35843888524349377,0.3958832369943297,0.3671531076917663,0.272030281794676,0.21059709188791145,0.22208593607326868,0.14040555933465748,0.17744758377320835,0.08486667145925611,0.10465287404324813,-0.05689651698411573,-0.05038789512692965,-0.0739959983001203,-0.13091057080355245,-0.22228120487691344,-0.1067956973763727,-0.16726818293142204,-0.4694916774830686,-0.32856432313344747,-0.27319652600439065,-0.3025348147657069,-0.3027452889343405,-0.2895660471282189,-0.33444367253935503,-0.24112226382536053,-0.24451229834371455,-0.027764767018286646,-0.09473212845323337,-0.06542628126880883,0.04370121036567409,0.08269255611647469,0.08884795517895522,0.04153783055373187,-0.04493055761893627,0.12158181350126282,0.17562279645881246,0.22957718038160396,0.1831717161489377,0.2668211110894889,0.3116427009261576,0.25518283933738284,0.34560287643847426,0.27971982217650704,0.26572816805412464,0.20647613213902613,0.18342855133025376,0.18106216581119883,0.13738469018346006,0.1547827909929326,0.07435457583935261,0.013411652522434918,0.00654561142726311,-0.010958508069118814,-0.20059731053390983,-0.0571201738918615,-0.0708559078085093,-0.22223808756240587,-0.19591959356317104,-0.2194744745523921,-0.3613365401910189"
175,9.81,2.5367409140160198,"0.0,0.1,0.2,0.30000000000000004,0.4,0.5,0.6000000000000001,0.7000000000000001,0.8,0.9,1.0,1.1,1.2000000000000002,1.3,1.4000000000000001,1.5,1.6,1.7000000000000002,1.8,1.9000000000000001,2.0,2.1,2.2,2.3000000000000003,2.4000000000000004,2.5,2.6,2.7,2.8000000000000003,2.9000000000000004,3.0,3.1,3.2,3.3000000000000003,3.4000000000000004,3.5,3.6,3.7,3.8000000000000003,3.9000000000000004,4.0,4.1000000000000005,4.2,4.3,4.4,4.5,4.6000000000000005,4.7,4.800000000000001,4.9,5.0,5.1000000000000005,5.2,5.300000000000001,5.4,5.5,5.6000000000000005,5.7,5.800000000000001,5.9,6.0,6.1000000000000005,6.2,6.300000000000001,6.4,6.5,6.6000000000000005,6.7,6.800000000000001,6.9,7.0,7.1000000000000005,7.2,7.300000000000001,7.4,7.5,7.6000000000000005,7.7,7.800000000000001,7.9,8.0,8.1,8.200000000000001,8.3,8.4,8.5,8.6,8.700000000000001,8.8,8.9,9.0,9.1,9.200000000000001,9.3,9.4,9.5,9.600000000000001,9.700000000000001,9.8,9.9,10.0","0.28483207117696074,0.3953225249784871,0.3353171282171916,0.2592495297634855,0.27432569360367465,0.21154964658485456,0.2084338891880574,0.2333222450717602,-0.015624935166083506,-0.06306797138105671,-0.23644014399629257,-0.14172235902593172,-0.23446823265504418,-0.3848614592026347,-0.3112714711849222,-0.37622180740490385,-0.32996221589428537,-0.3126745409234166,-0.2596844565475768,-0.2795105452809244,-0.2126480050276935,-0.2513551625803071,0.06875035584529873,-0.07452612055031567,-0.04725749576799696,0.03318429273790839,0.09166397009905679,0.06250420020454836,0.16388863928740252,0.23915924332708524,0.22561043630100752,0.1912516754506392,0.2375954604461151,0.30129117784606674,0.13001984336401284,0.27372989791334734,0.31230019692228217,0.03789382327353691,0.15046181997800273,0.05725854466799905,-0.021451108904589886,-0.0745709940715094,-0.1514588332873696,-0.06542751958320082,-0.09783576234069055,-0.29800053420655875,-0.3088858346628581,-0.35208488497925894,-0.20762313672239885,-0.3054315949397616,-0.2991448824504508,-0.2810570182822788,-0.17611641421441765,-0.17279345867295762,-0.11899641285556069,-0.02296450341509966,-0.12044502455885125,0.07399588838978682,0.08646907716424988,0.09334577093380794,0.16499117006989175,0.25937341908403033,0.3109898773297615,0.24860617205590596,0.471674612577926,0.3212274550196342,0.3223811561010757,0.14945695417866556,0.21512089602994391,0.1843492426548938,0.12338150717391344,0.012147315457961189,-0.012768480987032753,-0.035781792014259114,-0.12042576597917504,-0.13442767682443788,-0.14558368162900073,-0.28350623405646325,-0.2536064640546468,-0.2547423323135599,-0.19295592049433363,-0.2952081482362425,-0.30614688016268377,-0.275483917240058,-0.2360229273072067,-0.16537794518767748,-0.13642124142928846,-0.08269303749102964,0.10890965216418891,0.10749753170792373,0.04123961541321908,0.2023453645428867,0.20741232313877128,0.13585876692557847,0.2696593126314013,0.3042576258039928,0.3221401423058111,0.3072431318265682,0.2960552878808744,0.19293599941654055,0.23705556769941843"
176,9.81,3.2099150108917005,"0.0,0.1,0.2,0.30000000000000004,0.4,0.5,0.6000000000000001,0.7000000000000001,0.8,0.9,1.0,1.1,1.2000000000000002,1.3,1.4000000000000001,1.5,1.6,1.7000000000000002,1.8,1.9000000000000001,2.0,2.1,2.2,2.3000000000000003,2.4000000000000004,2.5,2.6,2.7,2.8000000000000003,2.9000000000000004,3.0,3.1,3.2,3.3000000000000003,3.4000000000000004,3.5,3.6,3.7,3.8000000000000003,3.9000000000000004,4.0,4.1000000000000005,4.2,4.3,4.4,4.5,4.6000000000000005,4.7,4.800000000000001,4.9,5.0,5.1000000000000005,5.2,5.300000000000001,5.4,5.5,5.6000000000000005,5.7,5.800000000000001,5.9,6.0,6.1000000000000005,6.2,6.300000000000001,6.4,6.5,6.6000000000000005,6.7,6.800000000000001,6.9,7.0,7.1000000000000005,7.2,7.300000000000001,7.4,7.5,7.6000000000000005,7.7,7.800000000000001,7.9,8.0,8.1,8.200000000000001,8.3,8.4,8.5,8.6,8.700000000000001,8.8,8.9,9.0,9.1,9.200000000000001,9.3,9.4,9.5,9.600000000000001,9.700000000000001,9.8,9.9,10.0","0.23080850242517661,0.2878486217181051,0.2936209853321156,0.2363284616305572,0.21415441581569425,0.2692588937717645,0.042910648731605036,0.026788318153616944,0.017890506216919733,0.12227148317394337,0.07531870357014664,-0.09261375895567094,-0.15597470191928925,-0.1671256067176081,-0.14189749166691076,-0.2258760999195517,-0.3828031410747329,-0.33998326340282353,-0.40989050617524847,-0.3902361927056258,-0.3571723532576641,-0.21982785436118113,0.061690970422195596,-0.15217987181682843,-0.16009653200864044,-0.18822620309353164,0.07297807148360641,-0.04756487645336002,0.028368504705304623,0.11669431777817953,0.1565072798472124,0.1424066708954534,0.23338982654684545,0.26425976159299663,0.2683214959885421,0.27636322361191745,0.27343365438941764,0.2691865197191757,0.3290914722685328,0.3472523536385061,0.20978818244421152,0.13622636981055586,0.14265409087542677,0.22080571597590937,0.036276362092542515,-0.032840232620695964,-0.02994284881540887,-0.15103584318301422,-0.12752365899907625,-0.1206995773161476,-0.23118071318615102,-0.23796329050064535,-0.37878904707042993,-0.3145785413369947,-0.27416892158456263,-0.35243223549395847,-0.1522044635582924,-0.29744841889766616,-0.12018761112805021,-0.29295908016574174,-0.06417223018931442,-0.1159086885766026,-0.12631303235484698,-0.12970705746065286,0.12985391576015845,0.24973032502161888,0.14889323182560316,0.0911115075621525,0.3764886935159504,0.18423298864375853,0.2634497867641594,0.34226846730182914,0.31467143541667014,0.32260047148850346,0.45750157078886416,0.28652912963795757,0.20017169294725534,0.2084414071605469,0.07538550096769517,0.17133429181208992,0.12969719480369796,0.014015147709946071,-0.0272631342203134,-0.3230848803065972,-0.1565240926105641,-0.18000981189116302,-0.16541248405803385,-0.1853845041690158,-0.27505038955719585,-0.29175151043452363,-0.2952519868177127,-0.16197500652710492,-0.3797818147509664,-0.23015927474559028,-0.32773595452998394,-0.17775659206782735,-0.13722035124227994,-0.0893933326751338,-0.14735405397485377,-0.06297613127498208,-0.07471292153686118"
177,9.81,4.999526189731583,"0.0,0.1,0.2,0.30000000000000004,0.4,0.5,0.6000000000000001,0.7000000000000001,0.8,0.9,1.0,1.1,1.2000000000000002,1.3,1.4000000000000001,1.5,1.6,1.7000000000000002,1.8,1.9000000000000001,2.0,2.1,2.2,2.3000000000000003,2.4000000000000004,2.5,2.6,2.7,2.8000000000000003,2.9000000000000004,3.0,3.1,3.2,3.3000000000000003,3.4000000000000004,3.5,3.6,3.7,3.8000000000000003,3.9000000000000004,4.0,4.1000000000000005,4.2,4.3,4.4,4.5,4.6000000000000005,4.7,4.800000000000001,4.9,5.0,5.1000000000000005,5.2,5.300000000000001,5.4,5.5,5.6000000000000005,5.7,5.800000000000001,5.9,6.0,6.1000000000000005,6.2,6.300000000000001,6.4,6.5,6.6000000000000005,6.7,6.800000000000001,6.9,7.0,7.1000000000000005,7.2,7.300000000000001,7.4,7.5,7.6000000000000005,7.7,7.800000000000001,7.9,8.0,8.1,8.200000000000001,8.3,8.4,8.5,8.6,8.700000000000001,8.8,8.9,9.0,9.1,9.200000000000001,9.3,9.4,9.5,9.600000000000001,9.700000000000001,9.8,9.9,10.0","0.22120308587857854,0.3157783907903028,0.17646811156103814,0.29259987325817666,0.23498024042719046,0.15752007349720537,0.2441325856388571,0.1758873787567031,0.12346616798714016,-0.014876984483562478,-0.008007587208741056,0.11985132321520388,-0.12602240576918333,-0.12071038781758418,-0.05610949026461149,-0.10686223630232088,-0.1407981524665626,-0.27961867221650927,-0.24564618678711297,-0.24482757002702613,-0.27665725330037805,-0.4075497669826436,-0.30448013382234895,-0.30602265101005705,-0.3525844272631262,-0.30857836188123106,-0.22079036439806835,-0.307516823903637,-0.25241162027475117,-0.16946959324540792,-0.14566031023198717,-0.10660535885909145,-0.05290048867406689,0.00016041933716120366,0.02124956254596819,0.1536721843932103,0.1379235634748637,0.10360327424013217,0.1572804120816957,0.22416551939182064,0.2252841837892046,0.2617322718665915,0.35353245865405597,0.33591506370073376,0.2649418948145823,0.2999104817566832,0.2854001657137064,0.3181222236990207,0.3134416175683862,0.29682204742367796,0.2663136461806822,0.17313905405942118,0.20110477897207732,0.10107152831739154,0.07212071250267445,0.08000808728844416,-0.021006668040597802,0.011598226177008671,0.0032280243407993986,-0.10186973257118209,-0.06593991521658463,-0.08852499659573193,-0.14379906633297598,-0.24592194511474166,-0.3606634728154688,-0.44313358841108186,-0.3216944717316886,-0.44206555742054554,-0.30583269360918036,-0.3149995135855327,-0.3015811072104373,-0.3132919564376977,-0.2419981803882998,-0.2161100957921247,-0.2583667879433398,-0.1269630049031746,-0.10527621841527883,-0.06864857733441655,-0.03126302587429086,-0.03508504960183306,0.009744609391001274,0.10246367101716009,0.1470211634448494,0.1310773458785977,0.1653886142102279,0.283333329178813,0.31576988668023137,0.2649605156027256,0.31654107611762966,0.3318709108800327,0.22051273779069136,0.3097520783033093,0.29442302794037933,0.24420033427538052,0.13040170925459607,0.19763987990983287,0.22977138384044074,0.018021082391777382,0.09185079821324879,0.04963203680153309,0.10314506533850437"
178,9.81,1.5273137766169835,"0.0,0.1,0.2,0.30000000000000004,0.4,0.5,0.6000000000000001,0.7000000000000001,0.8,0.9,1.0,1.1,1.2000000000000002,1.3,1.4000000000000001,1.5,1.6,1.7000000000000002,1.8,1.9000000000000001,2.0,2.1,2.2,2.3000000000000003,2.4000000000000004,2.5,2.6,2.7,2.8000000000000003,2.9000000000000004,3.0,3.1,3.2,3.3000000000000003,3.4000000000000004,3.5,3.6,3.7,3.8000000000000003,3.9000000000000004,4.0,4.1000000000000005,4.2,4.3,4.4,4.5,4.6000000000000005,4.7,4.800000000000001,4.9,5.0,5.1000000000000005,5.2,5.300000000000001,5.4,5.5,5.6000000000000005,5.7,5.800000000000001,5.9,6.0,6.1000000000000005,6.2,6.300000000000001,6.4,6.5,6.6000000000000005,6.7,6.800000000000001,6.9,7.0,7.1000000000000005,7.2,7.300000000000001,7.4,7.5,7.6000000000000005,7.7,7.800000000000001,7.9,8.0,8.1,8.200000000000001,8.3,8.4,8.5,8.6,8.700000000000001,8.8,8.9,9.0,9.1,9.200000000000001,9.3,9.4,9.5,9.600000000000001,9.700000000000001,9.8,9.9,10.0","0.2695115328657505,0.32706282760204536,0.24631535120697085,0.26148082965088004,0.21142185000573543,0.15713123282331498,-0.06414863990015708,-0.08293430758224159,-0.13131613878995999,-0.23416419373232306,-0.26329993004130897,-0.26472195883020233,-0.14797983956698096,-0.28613736582695065,-0.21368957249376003,-0.19650772896413884,-0.23587319179454316,-0.11167173447654669,0.0135826905454665,0.13380518960563165,0.09350493201394812,0.0607143612295199,0.19947503179421186,0.21698963848657765,0.23744460135067733,0.26139466878679357,0.264344890085332,0.25033331039046314,0.19363030889114263,0.1352539970927794,0.06472913257271731,-0.04338789216231205,-0.17370497477727234,-0.14346057956422603,-0.27242768663385786,-0.23608306720357425,-0.31994291654052315,-0.286610546326817,-0.2509246849360837,-0.30580890015346335,-0.25171464549847566,-0.29279422180887227,-0.19838914168297145,-0.03334246919116453,0.06017768377951954,0.06931884325397256,0.1573933533422563,0.16701708181123132,0.3076203703795255,0.2239766789067958,0.27993972445008325,0.45279489891554764,0.04395175678107255,0.2205785701207859,0.12832673242885032,0.08855115168398252,-0.09960906869226305,-0.017793633172136836,-0.08804498582343964,-0.18785619276756138,-0.3520524388856175,-0.3413768297092026,-0.4320424186960818,-0.26004680215056547,-0.1442496952744762,-0.18348764962311773,-0.27609285946709006,0.06513509794364741,-0.1100229037482688,0.20221075914216943,0.14526323865169935,0.2293078403341367,0.26552709934670005,0.2688085398982785,0.1976504842573448,0.313782988458176,0.27199361595308147,0.2639363713979323,0.12635634955648345,0.10523168672672914,0.06995393644402972,-0.01511230490552136,-0.07541822867733809,-0.10576352148589284,-0.18429277919569326,-0.2130800926645772,-0.26031822317062525,-0.32734758967516575,-0.3107557237670314,-0.28359536543439795,-0.20708551278871323,-0.13608807034530815,-0.05838090800525667,-0.11193230040200486,0.02014409186286798,0.12665945094273576,0.4485884144122103,0.25261243844837133,0.3129720148782288,0.2864396988234991,0.30830134785876473"
179,9.81,1.0470000942632836,"0.0,0.1,0.2,0.30000000000000004,0.4,0.5,0.6000000000000001,0.7000000000000001,0.8,0.9,1.0,1.1,1.2000000000000002,1.3,1.4000000000000001,1.5,1.6,1.7000000000000002,1.8,1.9000000000000001,2.0,2.1,2.2,2.3000000000000003,2.4000000000000004,2.5,2.6,2.7,2.8000000000000003,2.9000000000000004,3.0,3.1,3.2,3.3000000000000003,3.4000000000000004,3.5,3.6,3.7,3.8000000000000003,3.9000000000000004,4.0,4.1000000000000005,4.2,4.3,4.4,4.5,4.6000000000000005,4.7,4.800000000000001,4.9,5.0,5.1000000000000005,5.2,5.300000000000001,5.4,5.5,5.6000000000000005,5.7,5.800000000000001,5.9,6.0,6.1000000000000005,6.2,6.300000000000001,6.4,6.5,6.6000000000000005,6.7,6.800000000000001,6.9,7.0,7.1000000000000005,7.2,7.300000000000001,7.4,7.5,7.6000000000000005,7.7,7.800000000000001,7.9,8.0,8.1,8.200000000000001,8.3,8.4,8.5,8.6,8.700000000000001,8.8,8.9,9.0,9.1,9.200000000000001,9.3,9.4,9.5,9.600000000000001,9.700000000000001,9.8,9.9,10.0","0.34223823503168416,0.33942975105169937,0.27244845799194517,0.14513562377201641,-0.013390236749584297,-0.007211581470817088,-0.106113233764268,-0.1766201893419295,-0.25230861897731144,-0.30410798674112066,-0.39922637871941885,-0.2833754671897215,-0.25250717422728103,-0.18294038442112875,-0.15102253043778946,-0.07654602825944153,0.036959317336327166,0.14280851192701233,0.34303477620645934,0.18403589575778756,0.29256692208358437,0.25842182225201765,0.13142090943679868,0.21651638413991128,0.2266457290062543,0.06264882526488341,-0.04911212458370806,-0.207598783708244,-0.2028589566338915,-0.29495775623144127,-0.3151632413018494,-0.322719833756914,-0.26199197412066705,-0.27736272391474254,-0.18598221589278754,-0.19790500933527827,-0.02391495370854017,0.06320215071897968,0.23531672503538048,0.22580515676272406,0.25600681638992023,0.33775137626439433,0.2862271318774431,0.48098272749994275,0.23959409372337404,0.1780490186432974,0.15527431951908582,-0.18244543153515969,-0.13016839362319987,-0.3192282235288687,-0.281442802738994,-0.32152623040396044,-0.2835885197190297,-0.3467534297452921,-0.24638656855672603,-0.06975949324420425,0.049003523365060156,0.10482649215243098,0.1402095926291915,0.14589219138148068,0.2885052710842735,0.2871198074064221,0.2738162941594337,0.22756497539096773,0.18931510173436875,0.13283855935457342,0.08695578307147618,0.10884109096396612,-0.20001304420276445,-0.2752776539952063,-0.2835406526653474,-0.2790609734932419,-0.4617450790141842,-0.3536085764025491,-0.17393157271203,-0.023135175372886507,-0.10662996655555652,0.06980015667547315,0.01848387786413501,0.20538691771760095,0.1882751243609816,0.232256952600023,0.2741238034415884,0.30940065563810787,0.20015418053830294,0.2687615082601258,0.0670893503691297,0.03607530784856657,-0.11804900180940445,-0.024308182880491996,-0.17638467648753467,-0.18676193186658505,-0.2802721297100498,-0.32853747837357367,-0.31934031175089633,-0.19247705598043074,-0.10369899615664896,-0.10816380158775382,0.12946435484533436,0.11046469913540975,0.27606442787104674"
180,9.81,3.4286810585918035,"0.0,0.1,0.2,0.30000000000000004,0.4,0.5,0.6000000000000001,0.7000000000000001,0.8,0.9,1.0,1.1,1.2000000000000002,1.3,1.4000000000000001,1.5,1.6,1.7000000000000002,1.8,1.9000000000000001,2.0,2.1,2.2,2.3000000000000003,2.4000000000000004,2.5,2.6,2.7,2.8000000000000003,2.9000000000000004,3.0,3.1,3.2,3.3000000000000003,3.4000000000000004,3.5,3.6,3.7,3.8000000000000003,3.9000000000000004,4.0,4.1000000000000005,4.2,4.3,4.4,4.5,4.6000000000000005,4.7,4.800000000000001,4.9,5.0,5.1000000000000005,5.2,5.300000000000001,5.4,5.5,5.6000000000000005,5.7,5.800000000000001,5.9,6.0,6.1000000000000005,6.2,6.300000000000001,6.4,6.5,6.6000000000000005,6.7,6.800000000000001,6.9,7.0,7.1000000000000005,7.2,7.300000000000001,7.4,7.5,7.6000000000000005,7.7,7.800000000000001,7.9,8.0,8.1,8.200000000000001,8.3,8.4,8.5,8.6,8.700000000000001,8.8,8.9,9.0,9.1,9.200000000000001,9.3,9.4,9.5,9.600000000000001,9.700000000000001,9.8,9.9,10.0","0.14836149056091788,0.3271025904837075,0.32839723090269235,0.3771113774233007,0.22636944344957916,0.18720083006007887,0.15493981558522482,0.19739172043971098,0.0928693954299343,0.049451003524616795,0.025549707835798553,-0.148311889535412,-0.16380016355683116,-0.331157989602773,-0.22362755990638536,-0.338150794541181,-0.3509729188286659,-0.24447072789562238,-0.2783857845132624,-0.3043792941956006,-0.2876567485719736,-0.2875370229554878,-0.1220657983832214,-0.24645815496981363,-0.18942623332771735,-0.1634093068895662,-0.020678093730885472,-0.07095311073167343,0.136308939019671,0.011153120468510018,0.11863251135056399,0.2168089062970675,0.1435488882490393,0.20779111586653504,0.2205523963906396,0.15977416858759835,0.2635466385106799,0.29709126202202457,0.2735009528884966,0.2642489517087887,0.1545041259811257,0.2657980750932582,0.17841944949681146,0.1491256441099124,0.1703961737362573,0.11468056734991729,0.03302396228805244,-0.0033204593928429886,-0.1408066819245519,-0.1309113984097072,-0.19159676708044246,-0.22171836872316847,-0.19777114910341187,-0.30823770585465243,-0.3024591307316404,-0.14202541691695833,-0.3006239815565033,-0.3680570074833406,-0.27747539973486024,-0.30049907067803766,-0.02761978963812567,-0.2695677649277751,-0.18914965734025072,-0.17555928177270974,-0.05859142816635148,0.02159992186474185,0.030495790108818092,0.054617049641376196,0.20633650728553246,0.16546006980803854,0.18044747650918447,0.3188154683428779,0.30329186821774956,0.40822370176846134,0.2731166970425448,0.28604486914670696,0.29857707145948814,0.24549948497710633,0.19961915910405126,0.195546064919701,0.18758188831645609,0.06036317328268087,0.10006035716483223,0.11731559207578479,-0.04472663177876271,-0.11979364565033682,-0.11810951117614382,-0.15273334465359356,-0.18394101341628416,-0.24054052079232144,-0.12120260309027592,-0.27179478087258496,-0.2841134845433376,-0.31011349199648763,-0.23056956896001374,-0.32342242160407586,-0.2899853741241137,-0.20604916448330488,-0.2565953238815139,-0.2165184096027091,-0.10113783798917768"
181,9.81,1.8219935498933144,"0.0,0.1,0.2,0.30000000000000004,0.4,0.5,0.6000000000000001,0.7000000000000001,0.8,0.9,1.0,1.1,1.2000000000000002,1.3,1.4000000000000001,1.5,1.6,1.7000000000000002,1.8,1.9000000000000001,2.0,2.1,2.2,2.3000000000000003,2.4000000000000004,2.5,2.6,2.7,2.8000000000000003,2.9000000000000004,3.0,3.1,3.2,3.3000000000000003,3.4000000000000004,3.5,3.6,3.7,3.8000000000000003,3.9000000000000004,4.0,4.1000000000000005,4.2,4.3,4.4,4.5,4.6000000000000005,4.7,4.800000000000001,4.9,5.0,5.1000000000000005,5.2,5.300000000000001,5.4,5.5,5.6000000000000005,5.7,5.800000000000001,5.9,6.0,6.1000000000000005,6.2,6.300000000000001,6.4,6.5,6.6000000000000005,6.7,6.800000000000001,6.9,7.0,7.1000000000000005,7.2,7.300000000000001,7.4,7.5,7.6000000000000005,7.7,7.800000000000001,7.9,8.0,8.1,8.200000000000001,8.3,8.4,8.5,8.6,8.700000000000001,8.8,8.9,9.0,9.1,9.200000000000001,9.3,9.4,9.5,9.600000000000001,9.700000000000001,9.8,9.9,10.0","0.321578791836494,0.2941696327092308,0.35487669578928305,0.26104295662235644,0.1894765961966401,0.11679085473018974,-0.0757299309762342,-0.09718451819945974,-0.08650450513580267,-0.11833501419751202,-0.19758621547247696,-0.3310803300127443,-0.24263110891061668,-0.23346217434525204,-0.338451031042802,-0.28974803082732575,-0.2697611377617717,-0.18485249456769165,-0.11034684333950741,0.00842971043431949,0.056994060077287856,-0.002094266220795407,0.2075344242445496,0.2145146288628496,0.23451964062282474,0.32367992925283684,0.2175667464336768,0.3129262421249245,0.36285866523770127,0.31745423336981526,0.34929422211881866,0.17648033136374683,0.07081163837877033,-0.012307845025578329,0.027977238714796328,-0.02640732483463744,-0.013705344308813205,-0.2855462722291799,-0.32579308158524695,-0.2903619051454116,-0.33032443885707047,-0.36433797926342804,-0.3482366924179383,-0.3456233500298246,-0.24314017172649632,-0.2830640826768208,-0.21165118701329072,-0.06273179922906945,-0.00048628752237252215,-0.11519139357142377,0.03322453164383207,0.23871217503794095,0.2682588414021021,0.26837689799989045,0.3616200475543734,0.1641777558770242,0.2845299676190704,0.18894521172682133,0.17777453554131323,0.10764227805275135,0.07873869022235089,0.10033535643660835,-0.13006326511357558,-0.11394968512404248,-0.19915477232564321,-0.19010998735831408,-0.2806233104155375,-0.2464166198842902,-0.21875313593272622,-0.28918028971266424,-0.3103854823697508,-0.24832007192917666,-0.15127576518696167,-0.045818801451070104,0.03021951284649512,-0.05308312800306403,0.13733684963627457,0.19047449826424145,0.21787960588342856,0.23563353786002578,0.24865892643512005,0.23331575511335276,0.3482612477778496,0.2942290288122326,0.12790546446980056,0.22617972208098658,0.12111766768386888,0.07760956591597204,-0.05446765870293489,-0.24741616119344265,-0.08106677252271963,-0.11852683993103727,-0.2465894944883358,-0.23560965797650485,-0.2796385879228055,-0.28361446081905667,-0.28617189952100663,-0.254910130885258,-0.24781401257286018,-0.17328470173436325,-0.06180761330378082"
182,9.81,3.250292626793377,"0.0,0.1,0.2,0.30000000000000004,0.4,0.5,0.6000000000000001,0.7000000000000001,0.8,0.9,1.0,1.1,1.2000000000000002,1.3,1.4000000000000001,1.5,1.6,1.7000000000000002,1.8,1.9000000000000001,2.0,2.1,2.2,2.3000000000000003,2.4000000000000004,2.5,2.6,2.7,2.8000000000000003,2.9000000000000004,3.0,3.1,3.2,3.3000000000000003,3.4000000000000004,3.5,3.6,3.7,3.8000000000000003,3.9000000000000004,4.0,4.1000000000000005,4.2,4.3,4.4,4.5,4.6000000000000005,4.7,4.800000000000001,4.9,5.0,5.1000000000000005,5.2,5.300000000000001,5.4,5.5,5.6000000000000005,5.7,5.800000000000001,5.9,6.0,6.1000000000000005,6.2,6.300000000000001,6.4,6.5,6.6000000000000005,6.7,6.800000000000001,6.9,7.0,7.1000000000000005,7.2,7.300000000000001,7.4,7.5,7.6000000000000005,7.7,7.800000000000001,7.9,8.0,8.1,8.200000000000001,8.3,8.4,8.5,8.6,8.700000000000001,8.8,8.9,9.0,9.1,9.200000000000001,9.3,9.4,9.5,9.600000000000001,9.700000000000001,9.8,9.9,10.0","0.253733579577343,0.28232442055736173,0.25653024401917585,0.22929278492531516,0.21093905007795297,0.19522745178313106,0.17556731016980123,0.10616300643755744,0.06082764004404044,0.04448739635908294,-0.01216346563400486,-0.18215100514237803,-0.17123754300067173,-0.17259933063293809,-0.17365709907819477,-0.27075171556770156,-0.29021605598096245,-0.31386031332073927,-0.28431886608924267,-0.3113397150218354,-0.3872780027407013,-0.301747600111392,-0.1095831559506878,-0.10097073604290754,-0.24057154543972217,-0.04682202991837542,0.011318955098921016,0.023243435988347348,0.08979529315622636,0.03430416956855584,0.2281763489875743,0.1614650900030505,0.1981886713093566,0.2835948927291366,0.2903555907426617,0.27185197546447115,0.277894878682095,0.2478465865598376,0.3014973028792074,0.2809128152638257,0.2981222517469373,0.17013035086101264,0.19367090168002896,0.18401335649175554,0.10248403470368224,0.04586711065737293,-0.020551617138603276,0.0034555704919134456,-0.1451303802232021,-0.15679865572858998,-0.24732478079192094,-0.4378254671165166,-0.24422402328715814,-0.27760683768809546,-0.2842646638356253,-0.36158086611346696,-0.25881426067673063,-0.1933626381334438,-0.08418704003693195,-0.2456904219089686,-0.2823728926548016,-0.08650056241713003,-0.010865383684014143,-0.09426989514942093,0.16791731870798518,0.197930404887976,0.10515184579487445,0.11043669543709982,0.1881149671508054,0.18467604936223897,0.31158040102543777,0.27432036113436525,0.29092209926837814,0.2599669547899068,0.2531082468689335,0.26839129387781485,0.31336909905968524,0.17187689191064062,0.28444977959275874,0.13660571523755907,0.20714004483663756,0.0788638659083708,0.05535352698865571,-0.056299259745131607,-0.127156398372217,-0.07219579556190558,-0.12705123126080373,-0.2532944591513133,-0.2160013957391368,-0.263826953491942,-0.32262516406790914,-0.44167098176466796,-0.3604089634603835,-0.2667560742054705,-0.25675506455004593,-0.2515614666506511,-0.18511810664864384,-0.16422672300340557,-0.0796766984409662,-0.149145964157923,-0.04942337416719529"
183,9.81,4.39418802910849,"0.0,0.1,0.2,0.30000000000000004,0.4,0.5,0.6000000000000001,0.7000000000000001,0.8,0.9,1.0,1.1,1.2000000000000002,1.3,1.4000000000000001,1.5,1.6,1.7000000000000002,1.8,1.9000000000000001,2.0,2.1,2.2,2.3000000000000003,2.4000000000000004,2.5,2.6,2.7,2.8000000000000003,2.9000000000000004,3.0,3.1,3.2,3.3000000000000003,3.4000000000000004,3.5,3.6,3.7,3.8000000000000003,3.9000000000000004,4.0,4.1000000000000005,4.2,4.3,4.4,4.5,4.6000000000000005,4.7,4.800000000000001,4.9,5.0,5.1000000000000005,5.2,5.300000000000001,5.4,5.5,5.6000000000000005,5.7,5.800000000000001,5.9,6.0,6.1000000000000005,6.2,6.300000000000001,6.4,6.5,6.6000000000000005,6.7,6.800000000000001,6.9,7.0,7.1000000000000005,7.2,7.300000000000001,7.4,7.5,7.6000000000000005,7.7,7.800000000000001,7.9,8.0,8.1,8.200000000000001,8.3,8.4,8.5,8.6,8.700000000000001,8.8,8.9,9.0,9.1,9.200000000000001,9.3,9.4,9.5,9.600000000000001,9.700000000000001,9.8,9.9,10.0","0.2816578617620978,0.3166793566780514,0.2425747489811972,0.2716501900636935,0.24446193343792316,0.23125882490870484,0.17128479979840736,0.168245268919696,0.15668704403038974,0.05099394815039858,0.0244193764917251,-0.053533795106855436,-0.07405441349920414,-0.11308706753101833,-0.0736730792045866,-0.17124430644009994,-0.1645961401983917,-0.2669432681923064,-0.22094295021414923,-0.2392320178818958,-0.3492475460621313,-0.27548995236056956,-0.32378770167140125,-0.3353040216622597,-0.19944656001917102,-0.2902888596387529,-0.1290547102832822,-0.24070603148523353,-0.050601918156195344,-0.08345648400409993,0.009749271392129014,-0.0669043673741734,0.09008291513029176,0.032442461191714574,0.08772256846552735,0.25114150562885973,0.17722102052099598,0.25564416846418564,0.19297501080810164,0.4929641272575257,0.2965996822052639,0.2659769576003908,0.30147100512645025,0.3111552357694382,0.31384763318330616,0.22167950878088005,0.21523868530522203,0.3136127868225138,0.13455175090060958,0.13223715676829473,0.17204746094796494,0.06020180078136825,0.06730670333659737,-0.1376230923485859,-0.01455115763618859,-0.1014662192161584,-0.06199917143257053,-0.16544053922105054,-0.20418991418650442,-0.3009797224253037,-0.24391397687391242,-0.29730463848963407,-0.2942824767181762,-0.2770230188672993,-0.3215794988615544,-0.19712447458348675,-0.28136359016038887,-0.3076292728374887,-0.2174882136954821,-0.2730870967665434,-0.14094940484032092,-0.11580361803741449,-0.1553375987126332,-0.18464539763255827,-0.052655945970862386,-0.013264159495863896,0.06172727904492453,0.0763601505290812,0.17303975551999612,0.3236626012925157,0.23053335127749666,0.33591881198254425,0.25649220986720517,0.37560208203400414,0.3570422788015229,0.35211023142543246,0.22966083472267942,0.36153013726093247,0.2227685634917194,0.1974058556099223,0.17735740012043494,0.2536167318886161,0.1627922225878693,0.0917187877542627,0.10149116822517355,-0.0239339675809414,-0.020370301424155576,-0.09478034256393453,-0.19952287161897259,-0.21942591039831483,-0.13122361045723707"
184,9.81,4.761895351617611,"0.0,0.1,0.2,0.30000000000000004,0.4,0.5,0.6000000000000001,0.7000000000000001,0.8,0.9,1.0,1.1,1.2000000000000002,1.3,1.4000000000000001,1.5,1.6,1.7000000000000002,1.8,1.9000000000000001,2.0,2.1,2.2,2.3000000000000003,2.4000000000000004,2.5,2.6,2.7,2.8000000000000003,2.9000000000000004,3.0,3.1,3.2,3.3000000000000003,3.4000000000000004,3.5,3.6,3.7,3.8000000000000003,3.9000000000000004,4.0,4.1000000000000005,4.2,4.3,4.4,4.5,4.6000000000000005,4.7,4.800000000000001,4.9,5.0,5.1000000000000005,5.2,5.300000000000001,5.4,5.5,5.6000000000000005,5.7,5.800000000000001,5.9,6.0,6.1000000000000005,6.2,6.300000000000001,6.4,6.5,6.6000000000000005,6.7,6.800000000000001,6.9,7.0,7.1000000000000005,7.2,7.300000000000001,7.4,7.5,7.6000000000000005,7.7,7.800000000000001,7.9,8.0,8.1,8.200000000000001,8.3,8.4,8.5,8.6,8.700000000000001,8.8,8.9,9.0,9.1,9.200000000000001,9.3,9.4,9.5,9.600000000000001,9.700000000000001,9.8,9.9,10.0","0.33703844660321214,0.26935972107691125,0.257675799314027,0.22987078775188605,0.17269991612192265,0.19529990166426486,0.10519590542836503,0.0977288579506424,0.13289647885719805,0.09994596920682682,0.039600821763477206,0.040483203634711196,0.07438523456049728,-0.208916016663396,0.002907189617999212,-0.15080700653975357,-0.185305163567556,-0.2003629800779635,-0.2717941320222063,-0.28630499133424103,-0.33284271897685647,-0.39157935638360675,-0.43578335521562556,-0.2352870754567481,-0.171688610850198,-0.12609017246697618,-0.19696127213295625,-0.2357457995524502,-0.19380285663337568,-0.12197303001516528,0.010158212551013429,-0.1006402413006503,-0.09675373435989018,0.11214922322771723,0.12625115684665875,-0.13783802328564843,0.08750450991896651,0.13581441504886196,0.24537511317166116,0.24906155144567754,0.30656694521019906,0.31874259424274193,0.24299591730565032,0.32871175553666887,0.30388444308603296,0.2608153439074148,0.25581607958251096,0.35204643172773137,0.26984342707144526,0.28407531267476893,0.17265392622073944,0.13246295769336677,0.15204867570587854,0.03770001342059198,0.02905613975565781,0.05178648110449082,-0.08045741489136579,-0.1018863173881895,-0.11825905415681022,-0.21991891306330436,-0.17281732405530242,-0.20647771396062914,-0.30012742188985986,-0.21400340259529682,-0.14124791676489265,-0.3609347414643793,-0.37158151946456697,-0.2797700056632404,-0.3311080447880559,-0.290172215739472,-0.3632781329661341,-0.1907324017123126,-0.20642857076643797,-0.1573409029886115,-0.18076064116841337,-0.058004925789675824,0.07008442270333569,0.04649866497947807,0.0018400181509997393,0.07976472055423692,0.17217610643275277,0.24556009832556414,0.2783424050274287,0.24784453187890335,0.22679544657880557,0.3589716253746352,0.3118575855852458,0.3447477019671592,0.4329004725476491,0.3807883116975257,0.27295552045551713,0.22855116609056675,0.2046192268642599,0.18827326724232651,0.19464029382351583,0.15056523083468232,0.2260170227259558,0.042324458217832255,0.07522152002849286,-0.004480696661298897,-0.1345382229792341"
185,9.81,2.1560785604887243,"0.0,0.1,0.2,0.30000000000000004,0.4,0.5,0.6000000000000001,0.7000000000000001,0.8,0.9,1.0,1.1,1.2000000000000002,1.3,1.4000000000000001,1.5,1.6,1.7000000000000002,1.8,1.9000000000000001,2.0,2.1,2.2,2.3000000000000003,2.4000000000000004,2.5,2.6,2.7,2.8000000000000003,2.9000000000000004,3.0,3.1,3.2,3.3000000000000003,3.4000000000000004,3.5,3.6,3.7,3.8000000000000003,3.9000000000000004,4.0,4.1000000000000005,4.2,4.3,4.4,4.5,4.6000000000000005,4.7,4.800000000000001,4.9,5.0,5.1000000000000005,5.2,5.300000000000001,5.4,5.5,5.6000000000000005,5.7,5.800000000000001,5.9,6.0,6.1000000000000005,6.2,6.300000000000001,6.4,6.5,6.6000000000000005,6.7,6.800000000000001,6.9,7.0,7.1000000000000005,7.2,7.300000000000001,7.4,7.5,7.6000000000000005,7.7,7.800000000000001,7.9,8.0,8.1,8.200000000000001,8.3,8.4,8.5,8.6,8.700000000000001,8.8,8.9,9.0,9.1,9.200000000000001,9.3,9.4,9.5,9.600000000000001,9.700000000000001,9.8,9.9,10.0","0.3136638957316501,0.31527370374531577,0.26740233389652884,0.24865062526769804,0.28189892067477806,0.11801214803162216,0.0825928810127026,0.04190210105950662,-0.1895789640075966,-0.06013128483954125,-0.060782767664908297,-0.2214977053580068,-0.25393427896406134,-0.3852745561932071,-0.39950927273659465,-0.35134674298378293,-0.22514579931997167,-0.26725205693268184,-0.20220945370353072,-0.11798085314010075,-0.12441860357179062,-0.07123192691758473,0.05843674450131153,0.09135325258374088,0.16727022830766822,0.09951866207984844,0.24718692920990107,0.254996961048133,0.30262831717875854,0.3304351805875638,0.3183779269873916,0.08095273541225889,0.20307869740598097,0.21107820003580688,0.1617585176884592,0.1181228931473719,0.06255132703514323,-0.03770428651498845,-0.1720376570181052,-0.03203803430382879,-0.12658034795414413,-0.21835268530650367,-0.2295086423524963,-0.43014664198478825,-0.25534047150532974,-0.3456150451683345,-0.26726486841004915,-0.23225009247946055,-0.22776906567455302,-0.11000650858960095,-0.24994384998108193,0.0020273790993250718,0.0155906056348328,0.08463400126036544,0.13896677522167858,0.21421644050346544,0.280020921457016,0.17387992703639865,0.1642517636789084,0.2626681742512731,0.290225306327108,0.2999318033125008,0.24288875932336396,0.1972458158245792,0.13714497922341762,0.11553464617710602,0.0066410152014696085,-0.021417637091382058,-0.07601342386682511,-0.10630590999390713,-0.23849432576055352,-0.2132878480709351,-0.3102149938844977,-0.2792100200655992,-0.2481804696453725,-0.37400502879858466,-0.18667410754720454,-0.2202077391102377,-0.16792076239712672,-0.11060365221207237,-0.05864947850202054,-0.010921576943896893,0.0924569242361386,0.09085934991734643,0.17331764934791402,0.20390561452518713,0.22202098411896531,0.03492679691378536,0.28233659578606657,0.2905696758663645,0.3357881360307729,0.27332144793991153,0.22955840590161758,0.17506533857059198,0.16325495314570293,0.059314470148849295,0.01140319364677429,-0.08169997062884522,-0.04708819822140174,-0.19291741915063088,-0.2875109958851142"
186,9.81,3.8020333199485283,"0.0,0.1,0.2,0.30000000000000004,0.4,0.5,0.6000000000000001,0.7000000000000001,0.8,0.9,1.0,1.1,1.2000000000000002,1.3,1.4000000000000001,1.5,1.6,1.7000000000000002,1.8,1.9000000000000001,2.0,2.1,2.2,2.3000000000000003,2.4000000000000004,2.5,2.6,2.7,2.8000000000000003,2.9000000000000004,3.0,3.1,3.2,3.3000000000000003,3.4000000000000004,3.5,3.6,3.7,3.8000000000000003,3.9000000000000004,4.0,4.1000000000000005,4.2,4.3,4.4,4.5,4.6000000000000005,4.7,4.800000000000001,4.9,5.0,5.1000000000000005,5.2,5.300000000000001,5.4,5.5,5.6000000000000005,5.7,5.800000000000001,5.9,6.0,6.1000000000000005,6.2,6.300000000000001,6.4,6.5,6.6000000000000005,6.7,6.800000000000001,6.9,7.0,7.1000000000000005,7.2,7.300000000000001,7.4,7.5,7.6000000000000005,7.7,7.800000000000001,7.9,8.0,8.1,8.200000000000001,8.3,8.4,8.5,8.6,8.700000000000001,8.8,8.9,9.0,9.1,9.200000000000001,9.3,9.4,9.5,9.600000000000001,9.700000000000001,9.8,9.9,10.0","0.27829656779837153,0.2959909845455512,0.24091884953457482,0.1982945810214235,0.26383013007658346,0.29469721657816855,0.18037046113583527,0.07247098846877788,0.0781215666850703,0.09194058628559976,0.048493985404090084,-0.11780045441387071,-0.09234683776611495,-0.1549876097601648,-0.1663726551374508,-0.2532067245546342,-0.3127991876876859,-0.2869421390084289,-0.32505553573093215,-0.26516202755770024,-0.2948743929024634,-0.28361738028912054,-0.24638010263610105,-0.1626265191360597,-0.21776680989129593,-0.05948007044055323,-0.015461462418065147,-0.05660907525799499,-0.010600825378917017,0.11574839248428047,0.041075387151367895,0.09973432386067096,0.16586359431422307,0.1755183592702011,0.30611110123650104,0.3185631786456842,0.18785314812699758,0.27790780802510945,0.30768297483088036,0.22078961886142454,0.37349627701206445,0.2537619125505679,0.34683308458613993,0.1853223982125451,0.2654482059874794,0.0932599011203039,0.1311549245035765,0.11948880464824511,0.08459765923158365,0.19709924268217383,-0.1869355182211881,-0.05734349405021877,-0.06036395964750399,-0.16179133592732056,-0.16342801873517138,-0.19384564115392977,-0.18645599845456431,-0.28446125639609926,-0.3253005309994752,-0.36554876088467403,-0.3975360163240388,-0.22507860588498482,-0.1872021681477584,-0.23618603155463253,-0.2446749817878185,-0.22963225375588742,-0.13439446648027306,-0.08322483398790316,-0.026665480174217146,0.05297455935610709,0.1131255119175737,0.16880286167082748,0.15105465669476734,0.17493908103961,0.26550249271984694,0.1827822904746469,0.28454736540685094,0.31030020197292035,0.30011344227386083,0.1994750286687755,0.26305503054194873,0.31953906573731367,0.21220011914400982,0.2466391294660356,0.19068444969354084,0.14495742209305915,0.19711138798175207,0.12378628829825486,0.09613612438301883,0.050427747297908346,-0.035843413828303056,-0.14320453204979086,-0.15248114710816296,-0.16963939728605754,-0.2252791424083507,-0.2112845384023446,-0.2507226560777311,-0.2809164954790851,-0.2864223475579096,-0.33080971256541963,-0.29221636435248943"
187,9.81,2.539993805929644,"0.0,0.1,0.2,0.30000000000000004,0.4,0.5,0.6000000000000001,0.7000000000000001,0.8,0.9,1.0,1.1,1.2000000000000002,1.3,1.4000000000000001,1.5,1.6,1.7000000000000002,1.8,1.9000000000000001,2.0,2.1,2.2,2.3000000000000003,2.4000000000000004,2.5,2.6,2.7,2.8000000000000003,2.9000000000000004,3.0,3.1,3.2,3.3000000000000003,3.4000000000000004,3.5,3.6,3.7,3.8000000000000003,3.9000000000000004,4.0,4.1000000000000005,4.2,4.3,4.4,4.5,4.6000000000000005,4.7,4.800000000000001,4.9,5.0,5.1000000000000005,5.2,5.300000000000001,5.4,5.5,5.6000000000000005,5.7,5.800000000000001,5.9,6.0,6.1000000000000005,6.2,6.300000000000001,6.4,6.5,6.6000000000000005,6.7,6.800000000000001,6.9,7.0,7.1000000000000005,7.2,7.300000000000001,7.4,7.5,7.6000000000000005,7.7,7.800000000000001,7.9,8.0,8.1,8.200000000000001,8.3,8.4,8.5,8.6,8.700000000000001,8.8,8.9,9.0,9.1,9.200000000000001,9.3,9.4,9.5,9.600000000000001,9.700000000000001,9.8,9.9,10.0","0.2980528975505312,0.3798312186103556,0.29624729815242384,0.2724281450875014,0.19579000203582295,0.20358065165922884,0.052583065469726575,0.06462178845282557,-0.010862466783279819,-0.07493396091394716,0.18115464460748645,-0.09238361273579325,-0.26965724165726324,-0.2780952123035532,-0.2833822775128817,-0.2981157606129119,-0.251426937503078,-0.24551370194432182,-0.239351701200566,-0.3125408128777324,-0.3256538219583026,-0.1946401396748002,-0.05381121846444287,0.046101927500172724,0.0006265434963629649,-0.0029027282297125756,0.07448073569839199,0.2314188726760874,0.10860067099857212,0.24397871486756398,0.3150832668095173,0.352755929816991,0.1663002589886469,0.31565072028943775,0.24437280510857246,0.250934302702244,0.24625944894647575,0.29801698691328093,0.08743129617141968,0.07247750799532769,0.013903147313356758,-0.13774368842392312,0.030798845341962644,-0.15481958101862836,-0.14123810118134728,-0.33648988911698735,-0.31458718004087344,-0.3595305046862787,-0.3445230566197792,-0.2611463008030442,-0.2016192291872122,-0.2279822373869331,-0.19838265710197092,-0.10714040753340424,-0.0595133642090952,-0.027231332485253078,0.043715653964301625,0.035659803414548,0.09228930336895302,0.12965451743551748,0.2292125714669243,0.27142571472536914,0.3063414614143498,0.23646560683242468,0.5564062225095512,0.37764559673021547,0.30596934733700204,0.10543627669736644,0.22859849533138374,0.25574631892571426,0.16441702716197418,0.07303999225178971,-0.03112133015545579,0.11693865139195267,-0.12456957587591963,-0.10660501568869121,-0.14488657953315748,-0.20509314715142307,-0.19758546072325514,-0.308723866637048,-0.2902453040477283,-0.3176733537064928,-0.3847005690934672,-0.26901494035804985,-0.2787379631909374,-0.15142108902202958,-0.14278455895083075,-0.08414374539321613,-0.06344621520280853,-0.07283699842666445,0.0702750512667432,0.10017966383718765,0.2767799806659064,0.26430922982944793,0.2745150153011441,0.39875152338535036,0.28345785895536885,0.3868912006328552,0.2230838396626991,0.24256789877208867,0.29321043971731453"
188,9.81,0.5972580510145251,"0.0,0.1,0.2,0.30000000000000004,0.4,0.5,0.6000000000000001,0.7000000000000001,0.8,0.9,1.0,1.1,1.2000000000000002,1.3,1.4000000000000001,1.5,1.6,1.7000000000000002,1.8,1.9000000000000001,2.0,2.1,2.2,2.3000000000000003,2.4000000000000004,2.5,2.6,2.7,2.8000000000000003,2.9000000000000004,3.0,3.1,3.2,3.3000000000000003,3.4000000000000004,3.5,3.6,3.7,3.8000000000000003,3.9000000000000004,4.0,4.1000000000000005,4.2,4.3,4.4,4.5,4.6000000000000005,4.7,4.800000000000001,4.9,5.0,5.1000000000000005,5.2,5.300000000000001,5.4,5.5,5.6000000000000005,5.7,5.800000000000001,5.9,6.0,6.1000000000000005,6.2,6.300000000000001,6.4,6.5,6.6000000000000005,6.7,6.800000000000001,6.9,7.0,7.1000000000000005,7.2,7.300000000000001,7.4,7.5,7.6000000000000005,7.7,7.800000000000001,7.9,8.0,8.1,8.200000000000001,8.3,8.4,8.5,8.6,8.700000000000001,8.8,8.9,9.0,9.1,9.200000000000001,9.3,9.4,9.5,9.600000000000001,9.700000000000001,9.8,9.9,10.0","0.27230048948513186,0.2258631428751834,0.1399979200422075,-0.03192616353793298,-0.0735617652117338,-0.23127770665624361,-0.2119289824388376,-0.33636330585972346,-0.3140648351857034,-0.28465946932600683,-0.14368232912658463,0.12688677782512928,-0.07540963701693229,0.17293370482295053,0.24497517955660217,0.26055490862932146,0.26928539464417084,0.28866021886882687,-0.009189023863537621,0.0982618763939491,-0.16817131962121437,-0.18691645956324204,-0.26683861916675194,-0.35461926405822797,-0.2791499923682623,-0.26153700878543396,-0.24126669066102857,-0.055516712240167014,0.0791966625921762,0.2680876899169871,0.22356917635769208,0.33215545780997174,0.08302433921197697,0.03599788498666304,0.09237803399814386,-0.030349675993085107,-0.1310733918079851,-0.33596019472805055,-0.12518793617337073,-0.35782129247996414,-0.20204935694717696,-0.17131957919438562,-0.014477895105563604,0.11353038710904113,0.17892780440778228,0.2691756674186986,0.17662839083317253,0.28111384620637786,0.17673214623470357,0.01790216068927805,0.07948495563608574,-0.21853320964851347,-0.13441483490934508,-0.3203223353441067,-0.31795194155389295,-0.3021096876057876,-0.17885134097980807,-0.1597543967838696,0.024713076340772685,0.0760853581943263,0.003301874836723534,0.45635025501862025,0.38833980450738154,0.34690375096868886,0.19383531318171165,0.12214456652106294,-0.12630385569574604,-0.2763778772078981,-0.2300284425427236,-0.19028881908384337,-0.2965292060822548,-0.2340756160596827,-0.09525896395843687,-0.05126881199875952,0.06503879227671447,0.1994888322725072,0.24266370661259254,0.2856769185540992,0.26909174199864794,-0.022178136112827485,0.19236279577013798,0.10819487380185905,-0.09381797811041528,-0.18405196494913056,-0.33016647974767344,-0.4701260698237791,-0.3664990248845802,-0.41627526405551146,-0.10956875702656377,0.1104391071846578,0.14872408650673244,0.1524961360218452,0.23765325625883477,0.2724146496136478,0.22863512533249372,0.1364651543468734,0.0765314283864295,-0.10057284372494396,-0.2282780861425676,-0.22157876340334764,-0.32411746973975786"
189,9.81,3.120396693346551,"0.0,0.1,0.2,0.30000000000000004,0.4,0.5,0.6000000000000001,0.7000000000000001,0.8,0.9,1.0,1.1,1.2000000000000002,1.3,1.4000000000000001,1.5,1.6,1.7000000000000002,1.8,1.9000000000000001,2.0,2.1,2.2,2.3000000000000003,2.4000000000000004,2.5,2.6,2.7,2.8000000000000003,2.9000000000000004,3.0,3.1,3.2,3.3000000000000003,3.4000000000000004,3.5,3.6,3.7,3.8000000000000003,3.9000000000000004,4.0,4.1000000000000005,4.2,4.3,4.4,4.5,4.6000000000000005,4.7,4.800000000000001,4.9,5.0,5.1000000000000005,5.2,5.300000000000001,5.4,5.5,5.6000000000000005,5.7,5.800000000000001,5.9,6.0,6.1000000000000005,6.2,6.300000000000001,6.4,6.5,6.6000000000000005,6.7,6.800000000000001,6.9,7.0,7.1000000000000005,7.2,7.300000000000001,7.4,7.5,7.6000000000000005,7.7,7.800000000000001,7.9,8.0,8.1,8.200000000000001,8.3,8.4,8.5,8.6,8.700000000000001,8.8,8.9,9.0,9.1,9.200000000000001,9.3,9.4,9.5,9.600000000000001,9.700000000000001,9.8,9.9,10.0","0.3287871054470036,0.24077686574810186,0.3135493120415536,0.20508206451117503,0.22314035366622265,0.1362536659565618,0.08086372336474446,0.06993904878472099,0.059415663301039506,0.043830174927690396,0.06282868524178543,-0.14009067463870242,-0.16976749280469733,-0.22010659162129878,-0.18085681863880382,-0.24413153953847122,-0.29602623325937083,-0.4280748705913998,-0.2868659354495512,-0.36170979360929056,-0.26918496969287625,-0.24208090978018085,-0.13358912865875558,-0.2024875291137026,-0.10340275067569667,-0.015852320310651258,-0.059669795534411256,0.025387270928974838,0.013985123743626683,0.016172952247816758,0.2132448441404906,0.1547049638353219,0.2452164652958292,0.20771064985581428,0.25928424492460034,0.25303505501865264,0.1966699408844283,0.23341819508517064,0.35251406953127506,0.2510590205351873,0.2584224465364606,0.14677847095506336,0.16425809668940683,0.11493815356727863,0.07845962283751035,0.015342382344558984,-0.057887309143352855,-0.1474649481577547,-0.16832635618163566,-0.21404556670975997,-0.2403557069521281,-0.25952421149200167,-0.375415734063997,-0.2998587680667151,-0.3388013101336952,-0.3538393138159258,-0.20223747041576765,-0.2001109433513773,-0.27060400365748444,-0.2346809098897339,-0.06354581147977557,-0.06924284158617591,0.04041441551105167,0.19879667715908605,0.08669735655883068,0.032784611114218196,0.22958952424013696,0.21428960180715906,0.1273250451287369,0.2696959326859376,0.2851017098594123,0.3001542516644991,0.2775471146400545,0.289697687359704,0.3840862781618355,0.24110895176772262,0.2550810423487505,0.20276609496841624,0.18601246109313718,0.05137565961113277,0.09546312105528851,-0.06862472906953956,-0.02242746813744813,-0.17552816423571588,-0.26916620356569704,-0.2674024543810152,-0.27164827892206617,-0.34619162644013374,-0.3266598706593245,-0.32199995713432494,-0.4486920933693081,-0.30688533102298077,-0.21480771760657497,-0.18602638182866751,-0.20659581615875328,-0.20437219543339744,-0.10697402867881953,0.0340498334189721,-0.10821895456307194,-0.031414154336067555,0.10965282782856077"
190,9.81,3.2396900662614425,"0.0,0.1,0.2,0.30000000000000004,0.4,0.5,0.6000000000000001,0.7000000000000001,0.8,0.9,1.0,1.1,1.2000000000000002,1.3,1.4000000000000001,1.5,1.6,1.7000000000000002,1.8,1.9000000000000001,2.0,2.1,2.2,2.3000000000000003,2.4000000000000004,2.5,2.6,2.7,2.8000000000000003,2.9000000000000004,3.0,3.1,3.2,3.3000000000000003,3.4000000000000004,3.5,3.6,3.7,3.8000000000000003,3.9000000000000004,4.0,4.1000000000000005,4.2,4.3,4.4,4.5,4.6000000000000005,4.7,4.800000000000001,4.9,5.0,5.1000000000000005,5.2,5.300000000000001,5.4,5.5,5.6000000000000005,5.7,5.800000000000001,5.9,6.0,6.1000000000000005,6.2,6.300000000000001,6.4,6.5,6.6000000000000005,6.7,6.800000000000001,6.9,7.0,7.1000000000000005,7.2,7.300000000000001,7.4,7.5,7.6000000000000005,7.7,7.800000000000001,7.9,8.0,8.1,8.200000000000001,8.3,8.4,8.5,8.6,8.700000000000001,8.8,8.9,9.0,9.1,9.200000000000001,9.3,9.4,9.5,9.600000000000001,9.700000000000001,9.8,9.9,10.0","0.27140592296652255,0.2735022109645358,0.2604411281349014,0.25216669615323395,0.23577754164966283,0.18934242323591613,0.12184125669101695,0.08583468559465104,0.058345002298498684,0.1262119529690374,0.11417308584080076,-0.030240549352143167,-0.14731969390127597,-0.1357307614545118,-0.19475385798474262,-0.2888596703507138,-0.3026924234000175,-0.3451384476128568,-0.48274995693720035,-0.3423177130247079,-0.34404883071039216,-0.30851697726011923,-0.14199198192177462,-0.15299062922372164,-0.12340669568162857,0.11278629512518187,0.0021755376738771676,-0.01030333419937686,0.1999282811176217,0.1330795555666715,0.1384344442067364,0.19338070779395972,0.2144500584242469,0.23933296631976797,0.28349964443748965,0.23187226705340325,0.30566016063659995,0.2523212322199216,0.1938556268250875,0.28228588369290636,0.178950024901127,0.1650049360935078,0.1830984791620409,0.14505022085988922,0.1500839998790554,0.0421914433480502,0.01801806548053527,-0.0478562425571539,-0.16289995002657778,-0.17551099792059227,-0.14949701389358885,-0.26586427750795144,-0.2899504655270413,-0.30859858550942587,-0.29582731077667485,-0.4316287175495471,-0.2607878390919516,-0.29303486087259084,-0.1887288770622311,-0.2840276587127763,-0.1935911835449085,-0.10626981414705429,-0.11753247034428076,0.1991313623933633,0.21924730607749915,0.0921366820097371,0.07172920605729333,0.1356931539477514,0.19737653654600074,0.3287974628975323,0.22245502350742383,0.29924148731085204,0.35964904053859614,0.2555018463775002,0.35151003808092923,0.44056665277835305,0.2684370452151018,0.2770551564455031,0.12523799628569623,0.11910972994676397,0.1279122331379802,0.025881588040760274,-0.013004619763807788,-0.10933328366109532,-0.1011549381526886,0.0008094937135612879,-0.15230812942453287,-0.20853869438861344,-0.23795058485272352,-0.33067140613878343,-0.31012357344935354,-0.47369274034915737,-0.3030065967470127,-0.30667684778136434,-0.27260115176438376,-0.25229348810640273,-0.22645798528003472,-0.0709153501325163,-0.21230053719851044,-0.0389926035476977,-0.051870372623192676"
191,9.81,1.6811731778908672,"0.0,0.1,0.2,0.30000000000000004,0.4,0.5,0.6000000000000001,0.7000000000000001,0.8,0.9,1.0,1.1,1.2000000000000002,1.3,1.4000000000000001,1.5,1.6,1.7000000000000002,1.8,1.9000000000000001,2.0,2.1,2.2,2.3000000000000003,2.4000000000000004,2.5,2.6,2.7,2.8000000000000003,2.9000000000000004,3.0,3.1,3.2,3.3000000000000003,3.4000000000000004,3.5,3.6,3.7,3.8000000000000003,3.9000000000000004,4.0,4.1000000000000005,4.2,4.3,4.4,4.5,4.6000000000000005,4.7,4.800000000000001,4.9,5.0,5.1000000000000005,5.2,5.300000000000001,5.4,5.5,5.6000000000000005,5.7,5.800000000000001,5.9,6.0,6.1000000000000005,6.2,6.300000000000001,6.4,6.5,6.6000000000000005,6.7,6.800000000000001,6.9,7.0,7.1000000000000005,7.2,7.300000000000001,7.4,7.5,7.6000000000000005,7.7,7.800000000000001,7.9,8.0,8.1,8.200000000000001,8.3,8.4,8.5,8.6,8.700000000000001,8.8,8.9,9.0,9.1,9.200000000000001,9.3,9.4,9.5,9.600000000000001,9.700000000000001,9.8,9.9,10.0","0.35177996583756616,0.25077208616338975,0.3305915965394327,0.21971937722678014,0.16845151009721787,0.04011648584630166,0.1022229468345504,0.011253922239138327,-0.1272178841962908,-0.18495467886775066,-0.190852704456568,-0.29699112423248675,-0.20915326831924147,-0.32751801973248695,-0.3269662544956809,-0.3090375873301745,-0.2224584056528906,-0.19271600234346273,-0.21399177834226651,-0.07862356645632437,-0.06111662379750145,0.13390737845112644,0.16654858178300036,0.21968190006971558,0.2883461119164634,0.25699617558163246,0.3014144630980805,0.2622766578212176,0.26279471143744937,0.2653231799992324,0.12028808667214597,0.04442888645208451,-0.006270511523426919,-0.09273049963868124,-0.07468370810141675,-0.09976418714960492,-0.22152090752704576,-0.1566333631171316,-0.24107489203566448,-0.3082366468732822,-0.30281249691866763,-0.24491198750122112,-0.32047394607366053,-0.2871775897460375,-0.04744098214686644,-0.07760386533999204,0.14978868612345486,0.15252976993414688,0.1372512870391363,0.25142757737331733,0.26196653119515023,0.3080328465461699,0.4194250787439187,0.2437574367205725,0.29677117638068073,0.18383415931651206,0.16113958277156476,0.026678069200716872,-0.005580613701329576,-0.05891885413843642,-0.13629867738849807,-0.2429455142458015,-0.25591645031425614,-0.22361654249851487,-0.34123657624405157,-0.27480510624544724,-0.2644201376423574,-0.32271404513602325,-0.22537953099765498,-0.1315170469228199,-0.12977012292276563,-0.06716990843975576,0.030861011367590976,0.020121241325466152,0.15387283547230554,0.2526373958684721,0.28566432240866285,0.2334175153917387,0.19210119545894144,0.2799455902171339,0.2831173863295242,0.2281736078009949,0.18391214093763458,0.10303221180769667,-0.11790307461328865,-0.03320484610801739,-0.1414006554846047,-0.18566122881816483,-0.27941956046715144,-0.23049169726061125,-0.24557426742342744,-0.36107051059735495,-0.3579468416464846,-0.23201695708887682,-0.2191014242252627,-0.10773993818242741,-0.06657827415714158,-0.017555908489769886,0.007092968652242114,0.13822061784331546,0.08139745256378655"
192,9.81,4.425590064656459,"0.0,0.1,0.2,0.30000000000000004,0.4,0.5,0.6000000000000001,0.7000000000000001,0.8,0.9,1.0,1.1,1.2000000000000002,1.3,1.4000000000000001,1.5,1.6,1.7000000000000002,1.8,1.9000000000000001,2.0,2.1,2.2,2.3000000000000003,2.4000000000000004,2.5,2.6,2.7,2.8000000000000003,2.9000000000000004,3.0,3.1,3.2,3.3000000000000003,3.4000000000000004,3.5,3.6,3.7,3.8000000000000003,3.9000000000000004,4.0,4.1000000000000005,4.2,4.3,4.4,4.5,4.6000000000000005,4.7,4.800000000000001,4.9,5.0,5.1000000000000005,5.2,5.300000000000001,5.4,5.5,5.6000000000000005,5.7,5.800000000000001,5.9,6.0,6.1000000000000005,6.2,6.300000000000001,6.4,6.5,6.6000000000000005,6.7,6.800000000000001,6.9,7.0,7.1000000000000005,7.2,7.300000000000001,7.4,7.5,7.6000000000000005,7.7,7.800000000000001,7.9,8.0,8.1,8.200000000000001,8.3,8.4,8.5,8.6,8.700000000000001,8.8,8.9,9.0,9.1,9.200000000000001,9.3,9.4,9.5,9.600000000000001,9.700000000000001,9.8,9.9,10.0","0.30638233687694827,0.3238334994148467,0.2832171375556255,0.24437733224826702,0.214403803604742,0.2145428343839028,0.20519040182659082,0.11576760139799555,0.07514228860228667,0.04378706418153697,0.0390611997410685,0.031269872593083364,-0.045526959507022666,-0.006711345035578409,-0.20481926364606629,-0.12847255195050195,-0.18799060839737905,-0.17185924448726903,-0.2918487420279114,-0.2603635037515437,-0.37124615452741416,-0.3235093322010505,-0.40793245727784627,-0.3762371116238506,-0.286268780207851,-0.18820684246138092,-0.26630006398254275,-0.08854128366260436,-0.08427076122492672,-0.034676643891577916,-0.038824028569808974,-0.0770990221792203,0.037932142827378626,-0.002525921483867613,0.14017913883598696,0.06218805613792802,0.2505376812483644,0.20105216950827848,0.29465376524532305,0.3728507703456312,0.40051952115787337,0.31639520404195576,0.43606385188938357,0.17034239605244184,0.28940025808593567,0.2625935167430898,0.14553857114817143,0.26998283480629137,0.15857202551412566,0.20474844234569908,0.16631229965148908,0.0735374474178995,0.09781009819465422,-0.0354158280678303,-0.0797663297034827,-0.13575226810357915,-0.15798043218583424,-0.061404607639853157,-0.186330277938744,-0.2121561551735265,-0.23462403921491756,-0.2810515661635701,-0.278321789152949,-0.3463236322708815,-0.407299372408952,-0.3228224444134353,-0.26941760042650764,-0.24622236977624107,-0.27158141761462895,-0.15405304040437273,-0.2273228079936362,-0.035187867998133504,-0.08213231629178047,-0.10584521339765143,-0.10648708715229219,-0.013973970963733345,0.09094972731437415,0.07359726128406285,0.1754815566994447,0.21500468124587396,0.2594821522498385,0.2729296625924468,0.3267470350825832,0.3268364141122839,0.32247428904030523,0.33268999134225624,0.4239546538811952,0.3625511040539869,0.223294947327665,0.19485403752524955,0.1977513958396193,0.28357626496431343,0.1320537756004258,0.10682590003093384,0.06277750282442339,-0.01631951627053011,-0.004052110205146925,-0.11715481930015442,-0.08145959789686369,-0.12504004434356433,-0.11823203872147005"
193,9.81,4.867769173635891,"0.0,0.1,0.2,0.30000000000000004,0.4,0.5,0.6000000000000001,0.7000000000000001,0.8,0.9,1.0,1.1,1.2000000000000002,1.3,1.4000000000000001,1.5,1.6,1.7000000000000002,1.8,1.9000000000000001,2.0,2.1,2.2,2.3000000000000003,2.4000000000000004,2.5,2.6,2.7,2.8000000000000003,2.9000000000000004,3.0,3.1,3.2,3.3000000000000003,3.4000000000000004,3.5,3.6,3.7,3.8000000000000003,3.9000000000000004,4.0,4.1000000000000005,4.2,4.3,4.4,4.5,4.6000000000000005,4.7,4.800000000000001,4.9,5.0,5.1000000000000005,5.2,5.300000000000001,5.4,5.5,5.6000000000000005,5.7,5.800000000000001,5.9,6.0,6.1000000000000005,6.2,6.300000000000001,6.4,6.5,6.6000000000000005,6.7,6.800000000000001,6.9,7.0,7.1000000000000005,7.2,7.300000000000001,7.4,7.5,7.6000000000000005,7.7,7.800000000000001,7.9,8.0,8.1,8.200000000000001,8.3,8.4,8.5,8.6,8.700000000000001,8.8,8.9,9.0,9.1,9.200000000000001,9.3,9.4,9.5,9.600000000000001,9.700000000000001,9.8,9.9,10.0","0.3471400991586846,0.24167933416121873,0.28107828673375507,0.367035599618088,0.2994337214261299,0.204240441858083,0.13605725743349445,0.14349672408737935,0.10895633619781092,0.06306434639321175,-0.05663577766201345,-0.13313890085211283,0.09931793170931494,-0.3144115189666238,-0.1722066395082777,-0.1468955560223871,-0.1695209559135159,-0.21403339767329593,-0.21602093632460223,-0.3018452972363376,-0.3153494959044073,-0.36638821080439254,-0.37125716579010604,-0.2564776576614375,-0.1878242268949029,-0.21664511667072495,-0.12678948221513436,-0.23423155877442023,-0.21235844659302097,-0.17386133239400892,-0.15720957859995688,-0.12341628559609477,0.010116437323301301,-0.056238096037886945,0.048419078260191845,0.01367005294146318,0.14551530934564869,0.12053169443388151,0.1876157683550913,0.22889517322989175,0.2564115932318212,0.32298487148252314,0.37405455561636386,0.34269741729915143,0.40850882829680657,0.3402366377629518,0.2929678511169005,0.32345899535823114,0.28884272130470523,0.27022210204071184,0.21766420309446907,0.1911604183546563,0.11506485217310888,0.06225939166705062,0.10579233537627163,0.052431894884441374,-0.03851582108953852,-0.07731064274033697,-0.14510615126535775,0.025987999562658515,-0.037225422199262836,-0.19016474473713496,-0.27587654199574474,-0.2243991667685306,-0.19171733834688215,-0.25200137580523935,-0.3437079520115085,-0.3631721601421049,-0.3669565296060283,-0.31827005698921146,-0.3397481642428981,-0.24269317602815366,-0.23831990434853795,-0.2007254003775687,-0.14602882671786935,-0.16768818779225128,-0.11176286827055008,-0.015816871398770645,0.015032114677268758,-0.08532340171381848,0.1252828915694965,0.09018668858861567,0.20263537995243983,0.14791572577100212,0.26150489252158493,0.2208054825457114,0.3124754572794698,0.30478817073494757,0.3463090530437685,0.28169499616657273,0.26661618755703853,0.28282628615911576,0.2125686563998742,0.16534684531359217,0.19285834576531563,0.17140985490258115,0.09183815349521016,0.07885749447773849,-0.010501691606928501,0.014079264740869447,-0.06104280954733815"
194,9.81,3.2147633913168674,"0.0,0.1,0.2,0.30000000000000004,0.4,0.5,0.6000000000000001,0.7000000000000001,0.8,0.9,1.0,1.1,1.2000000000000002,1.3,1.4000000000000001,1.5,1.6,1.7000000000000002,1.8,1.9000000000000001,2.0,2.1,2.2,2.3000000000000003,2.4000000000000004,2.5,2.6,2.7,2.8000000000000003,2.9000000000000004,3.0,3.1,3.2,3.3000000000000003,3.4000000000000004,3.5,3.6,3.7,3.8000000000000003,3.9000000000000004,4.0,4.1000000000000005,4.2,4.3,4.4,4.5,4.6000000000000005,4.7,4.800000000000001,4.9,5.0,5.1000000000000005,5.2,5.300000000000001,5.4,5.5,5.6000000000000005,5.7,5.800000000000001,5.9,6.0,6.1000000000000005,6.2,6.300000000000001,6.4,6.5,6.6000000000000005,6.7,6.800000000000001,6.9,7.0,7.1000000000000005,7.2,7.300000000000001,7.4,7.5,7.6000000000000005,7.7,7.800000000000001,7.9,8.0,8.1,8.200000000000001,8.3,8.4,8.5,8.6,8.700000000000001,8.8,8.9,9.0,9.1,9.200000000000001,9.3,9.4,9.5,9.600000000000001,9.700000000000001,9.8,9.9,10.0","0.3087931701401818,0.3382256840347877,0.27754365144032755,0.23234809087119737,0.25908627135382706,0.29154389071371345,0.12716271104850013,0.08148749234666647,0.09567282750323103,-0.0033690731634849914,0.09427577722290485,-0.07086023061140632,-0.15363143989831782,-0.21086514139731705,-0.13655733261388953,-0.23656825356567107,-0.3013716770448694,-0.3706963623520084,-0.38811308133492795,-0.32519692707803705,-0.34642981077598045,-0.22309922552774542,-0.008094306669030688,-0.16799117634565824,-0.11193683363382045,-0.09769197620051784,0.004851712139158013,-0.009507624650920482,0.04488904927747563,0.13095795373422883,0.14787917000896955,0.18348274007940302,0.25091653173709644,0.2787175211692425,0.2554547146598742,0.24720382717921607,0.27176019084047087,0.3976906206098425,0.32297219945978145,0.2573807689092162,0.3122664957267921,0.16831367251055002,0.12739871570187436,0.14371583606907812,0.09009264664456992,0.026782379573165378,0.024567454595429264,-0.033657191716174095,-0.1860154298704508,-0.1907712550552624,-0.2936668480462625,-0.4594500590723888,-0.3342075770804351,-0.2802677107615655,-0.33041997421333685,-0.28952018045013184,-0.30233090132736656,-0.2596638664505413,-0.2096002646213972,-0.28002001086977457,-0.3216126169867627,-0.10077196917542745,-0.12568070219098942,0.15203351060183173,0.30456999262612827,0.27520328629688684,0.0917441222208971,0.17916806031620736,0.26090542001776335,0.3794387457800875,0.273072873547684,0.29310997933523725,0.22494865259800342,0.3658512936767746,0.3464292380874496,0.3969626049323298,0.2106161894228997,0.2023746838113862,0.13475338138569357,0.14690628914403653,0.08851312289588685,0.033264936084207095,-0.0483577128441372,-0.20925507677510305,-0.13945142132218571,-0.10521461869743967,-0.288482389261705,-0.16220253381501612,-0.23848482710162985,-0.2753994858144219,-0.3547605125213158,-0.383882949854341,-0.3523744635893866,-0.2703019714355994,-0.26761104278541986,-0.2072639037586414,-0.15184232867863817,0.015220647396288811,0.005719607575554092,-0.034484936417463204,0.010494804762264685"
195,9.81,1.539145846996265,"0.0,0.1,0.2,0.30000000000000004,0.4,0.5,0.6000000000000001,0.7000000000000001,0.8,0.9,1.0,1.1,1.2000000000000002,1.3,1.4000000000000001,1.5,1.6,1.7000000000000002,1.8,1.9000000000000001,2.0,2.1,2.2,2.3000000000000003,2.4000000000000004,2.5,2.6,2.7,2.8000000000000003,2.9000000000000004,3.0,3.1,3.2,3.3000000000000003,3.4000000000000004,3.5,3.6,3.7,3.8000000000000003,3.9000000000000004,4.0,4.1000000000000005,4.2,4.3,4.4,4.5,4.6000000000000005,4.7,4.800000000000001,4.9,5.0,5.1000000000000005,5.2,5.300000000000001,5.4,5.5,5.6000000000000005,5.7,5.800000000000001,5.9,6.0,6.1000000000000005,6.2,6.300000000000001,6.4,6.5,6.6000000000000005,6.7,6.800000000000001,6.9,7.0,7.1000000000000005,7.2,7.300000000000001,7.4,7.5,7.6000000000000005,7.7,7.800000000000001,7.9,8.0,8.1,8.200000000000001,8.3,8.4,8.5,8.6,8.700000000000001,8.8,8.9,9.0,9.1,9.200000000000001,9.3,9.4,9.5,9.600000000000001,9.700000000000001,9.8,9.9,10.0","0.3277017431836956,0.3335558608215744,0.3071433267953513,0.24442995801729017,0.14665358818224047,0.10100922876322561,-0.017106853682589344,-0.09684230297888788,-0.10372747593891789,-0.1676682940751032,-0.25985637379402876,-0.2873790885259453,-0.28180943472713477,-0.38131372082139026,-0.3050404267119582,-0.18082416873135498,-0.19529072893518493,-0.09396581712703471,-0.0422226974210701,0.10307578446784092,0.119021165149093,0.13518864460947042,0.15470388175041278,0.1826848648001073,0.2602207817342149,0.2921797729707585,0.2581294446520977,0.3222172272295051,0.17113971732228475,0.16671721150190305,0.1280430779314035,-0.08769382007891319,-0.02652335282612936,0.021226739479001222,-0.24697230380434956,-0.17867747618194393,-0.26077969718327587,-0.18561339028045173,-0.3383723090329688,-0.3663125263307842,-0.28991696858649507,-0.13371307794480597,-0.10450228066901159,-0.055180190543336546,-0.02587098154930069,0.03608109956418369,0.1290652152405204,0.21769953125121538,0.33183687062861905,0.32646365024909624,0.2963156032155823,0.540414599032362,0.14829535240811456,0.23128165933097927,0.12564552745548352,0.10720982227947812,0.07166398652335042,-0.05706853214844382,-0.09925175428173254,-0.26894408298521233,-0.29363068962644384,-0.31796911787461113,-0.39665733410338433,-0.29494450062249195,-0.22267886832419864,-0.16372990017276648,-0.2050349643446731,0.008089015819796347,-0.02497014363982917,0.07786625097347058,0.10377593312031311,0.21952352011140222,0.3427340276995751,0.2614643010324383,0.1649905843246103,0.29371217017991913,0.28490348158521983,0.14885458454054767,0.2459340864274489,0.09916504398917897,0.10913643857740915,0.09055186082290606,-0.01961141958670752,-0.2564984781671069,-0.13881842105592881,-0.1663259682901273,-0.20246732009705756,-0.2859402211372621,-0.4143336055265914,-0.2255088476152666,-0.2346644764214933,-0.13582284775314712,-0.17672089865843693,-0.1387170358953816,0.07294871876935446,0.1555705382478596,0.47073899833631666,0.33486216276600933,0.3434987072490131,0.31229854985078553,0.2942164618693884"
196,9.81,2.6177209208974936,"0.0,0.1,0.2,0.30000000000000004,0.4,0.5,0.6000000000000001,0.7000000000000001,0.8,0.9,1.0,1.1,1.2000000000000002,1.3,1.4000000000000001,1.5,1.6,1.7000000000000002,1.8,1.9000000000000001,2.0,2.1,2.2,2.3000000000000003,2.4000000000000004,2.5,2.6,2.7,2.8000000000000003,2.9000000000000004,3.0,3.1,3.2,3.3000000000000003,3.4000000000000004,3.5,3.6,3.7,3.8000000000000003,3.9000000000000004,4.0,4.1000000000000005,4.2,4.3,4.4,4.5,4.6000000000000005,4.7,4.800000000000001,4.9,5.0,5.1000000000000005,5.2,5.300000000000001,5.4,5.5,5.6000000000000005,5.7,5.800000000000001,5.9,6.0,6.1000000000000005,6.2,6.300000000000001,6.4,6.5,6.6000000000000005,6.7,6.800000000000001,6.9,7.0,7.1000000000000005,7.2,7.300000000000001,7.4,7.5,7.6000000000000005,7.7,7.800000000000001,7.9,8.0,8.1,8.200000000000001,8.3,8.4,8.5,8.6,8.700000000000001,8.8,8.9,9.0,9.1,9.200000000000001,9.3,9.4,9.5,9.600000000000001,9.700000000000001,9.8,9.9,10.0","0.16642280635310247,0.33235398126070825,0.2815244390491258,0.06637479705896732,0.21993604478314044,0.14971091219717603,0.0737577193890677,0.10454169979108499,-0.13492393054805543,-0.2838626863604657,-0.14814219503923526,-0.18117941761669193,-0.21729831083804438,-0.34104101484476257,-0.2928049828037755,-0.3826029905603471,-0.3070269760623582,-0.3467852363603977,-0.27015172105573754,-0.2582173274343755,-0.28651386586476285,-0.2624887353493695,-0.09907368644236125,-0.04757365092332126,0.01474690913879604,-0.02190176360177592,0.08663437207078006,0.15858152611997245,0.2638242188744542,0.2123982981657171,0.22443064674516527,0.34078981934651154,0.3280623757166366,0.35895729645797836,0.29459630230771544,0.2885442003193265,0.3049876947268984,0.17676168434347994,0.19797330368440824,0.09051214844852772,-0.01807165325400576,0.025603480549611625,-0.10335245122555732,-0.1360417619002359,-0.11781536225243894,-0.23629824316954892,-0.28048802004200085,-0.2366214849929807,-0.23576759460731464,-0.202061856429672,-0.28154804748194423,-0.4712325255809445,-0.2453443330838099,-0.19358197567524207,-0.1699988490440246,-0.05373798853722775,-0.042176623605908986,0.0024428574189829383,0.05065025613806437,0.05027816088926407,0.188964265952667,0.06579283420780135,0.24605600366056074,0.2621018396630289,0.33099115878582835,0.2693865747872872,0.21974452807397307,0.2246679725321764,0.39256383032239633,0.1557966724089991,0.20637542503533424,0.13902145327986812,0.0674228996539407,0.1960370465317023,0.0040060428829506445,-0.1423477885540335,-0.08223571482761567,-0.06808528001107633,-0.25488018296288695,-0.2488783729072158,-0.27148787480542513,-0.30324062390760603,-0.2847940239885934,-0.29419355603591935,-0.2569755376707529,-0.20975344838809723,-0.20012827493502508,-0.22101169496784456,-0.18150161271613277,-0.1169929238164976,-0.10832421405411119,0.07220343814496112,-0.01591781449405197,0.20561016632659793,0.2196916268627806,0.27235530185000195,0.3422429378553957,0.27985449601495954,0.29998275375905387,0.29021064252572165,0.2050307708810256"
197,9.81,1.475061865470605,"0.0,0.1,0.2,0.30000000000000004,0.4,0.5,0.6000000000000001,0.7000000000000001,0.8,0.9,1.0,1.1,1.2000000000000002,1.3,1.4000000000000001,1.5,1.6,1.7000000000000002,1.8,1.9000000000000001,2.0,2.1,2.2,2.3000000000000003,2.4000000000000004,2.5,2.6,2.7,2.8000000000000003,2.9000000000000004,3.0,3.1,3.2,3.3000000000000003,3.4000000000000004,3.5,3.6,3.7,3.8000000000000003,3.9000000000000004,4.0,4.1000000000000005,4.2,4.3,4.4,4.5,4.6000000000000005,4.7,4.800000000000001,4.9,5.0,5.1000000000000005,5.2,5.300000000000001,5.4,5.5,5.6000000000000005,5.7,5.800000000000001,5.9,6.0,6.1000000000000005,6.2,6.300000000000001,6.4,6.5,6.6000000000000005,6.7,6.800000000000001,6.9,7.0,7.1000000000000005,7.2,7.300000000000001,7.4,7.5,7.6000000000000005,7.7,7.800000000000001,7.9,8.0,8.1,8.200000000000001,8.3,8.4,8.5,8.6,8.700000000000001,8.8,8.9,9.0,9.1,9.200000000000001,9.3,9.4,9.5,9.600000000000001,9.700000000000001,9.8,9.9,10.0","0.3112266706494203,0.35746529607132865,0.2645832629372267,0.236119021983325,0.15895143512905913,0.07552181813190717,-0.05149075592977094,-0.2420955609452747,-0.26127104596293615,-0.2476378790205072,-0.24041336550156778,-0.22400712085017935,-0.3108678169185878,-0.35688224621586223,-0.29824821692018855,-0.002030453245465691,-0.2683473191842851,-0.03066536521614252,-0.02073576838872202,0.06355140186698438,0.12117504439760499,0.12281711963226595,0.2221055201038752,0.33615639185782037,0.4233605987055675,0.28193730628386404,0.2616280299156523,0.19676178610699047,0.2621978190866684,0.13846833238958356,-0.06970764795400805,0.0182385411883004,-0.1532026643113958,-0.18712204530130638,-0.19757172054914776,-0.1682789278451323,-0.2982596255807727,-0.32537194885216947,-0.3162081568053847,-0.1797515847340442,-0.28966040390715486,-0.17305382738291142,-0.08801634682702328,-0.00470466115728348,0.12775764049504262,0.17442217226614462,0.24092070673075794,0.2710873776169752,0.3355870014502826,0.23380941258401944,0.1483177751201313,0.24656965991049914,0.17930548315451078,0.1290811501736735,0.09614039786690502,0.0007016630544430052,-0.10393026905460198,-0.17578577016975408,-0.2046563071794181,-0.3138012924314785,-0.2414642432707107,-0.2905324767346831,-0.2861574611531591,-0.21974073542181438,-0.15968251023784327,-0.3296401583830939,-0.12847093047677755,-0.01907886513826014,0.10398918840496937,0.16486715754672726,0.23712022099740912,0.16356949406210808,0.287240645451678,0.3426781662442345,0.2906785618082454,0.28710286637857635,0.2222459507532964,0.17618593651168918,0.10914697926149268,0.002183095621876442,-0.04850508722518426,-0.08108006988776174,-0.2521193994003915,-0.18182238901411896,-0.126954636434498,-0.25211432976925036,-0.299114505221885,-0.31475493866797233,-0.32101432085514936,-0.21535973722728563,-0.09439506584661138,-0.05636113792895462,-0.03851455807719982,-0.03814510456570008,0.159734550232156,0.14845425767535853,0.2983350139498751,0.3122345869478265,0.2636732775188524,0.30233368683175504,0.2348316749220782"
198,9.81,3.9968601253346345,"0.0,0.1,0.2,0.30000000000000004,0.4,0.5,0.6000000000000001,0.7000000000000001,0.8,0.9,1.0,1.1,1.2000000000000002,1.3,1.4000000000000001,1.5,1.6,1.7000000000000002,1.8,1.9000000000000001,2.0,2.1,2.2,2.3000000000000003,2.4000000000000004,2.5,2.6,2.7,2.8000000000000003,2.9000000000000004,3.0,3.1,3.2,3.3000000000000003,3.4000000000000004,3.5,3.6,3.7,3.8000000000000003,3.9000000000000004,4.0,4.1000000000000005,4.2,4.3,4.4,4.5,4.6000000000000005,4.7,4.800000000000001,4.9,5.0,5.1000000000000005,5.2,5.300000000000001,5.4,5.5,5.6000000000000005,5.7,5.800000000000001,5.9,6.0,6.1000000000000005,6.2,6.300000000000001,6.4,6.5,6.6000000000000005,6.7,6.800000000000001,6.9,7.0,7.1000000000000005,7.2,7.300000000000001,7.4,7.5,7.6000000000000005,7.7,7.800000000000001,7.9,8.0,8.1,8.200000000000001,8.3,8.4,8.5,8.6,8.700000000000001,8.8,8.9,9.0,9.1,9.200000000000001,9.3,9.4,9.5,9.600000000000001,9.700000000000001,9.8,9.9,10.0","0.13814313358472502,0.20436019496512497,0.32190182604762674,0.19939608715630383,0.30465937470426474,0.21794766102026522,0.11689932368290053,-0.05237015597154851,0.11188742694913903,0.04954182082861357,0.057290687677450776,-0.053370726300682285,-0.17005950586757412,-0.22510857093849385,-0.20814112779702726,-0.23625090364590712,-0.194047417735333,-0.2775013836468127,-0.3568959294555771,-0.3337507123205672,-0.39733649426975043,-0.28933426226372383,-0.29037177043246815,-0.28094447661865996,-0.2404994707646479,-0.3200718369455883,-0.2502418264277988,-0.09759126770002252,-0.15074370360892067,-0.19565287621693492,-0.02585495015116817,0.09673295673091374,0.020581530449595743,0.11349798345868507,0.18380954112067838,0.17394882560681077,0.2574634390601108,0.13832429231215565,0.27214033825119444,0.2900874241950665,0.3510006036597636,0.25311464573491327,0.3112371329288505,0.28563783129962883,0.1396289915311163,0.19213559075225153,0.14913549329874487,0.2323273267595395,0.10816004399634227,0.019234727141911157,0.003643139136073701,-0.005717068650561163,-0.016835279550516814,-0.06180349641187852,-0.21084310999252162,-0.13484587691231428,-0.22227957125285341,-0.26500152115959497,-0.35425556646169276,-0.18695549722242885,-0.26229047035770814,-0.25389103080807035,-0.33714273532161876,-0.3999397661252168,-0.25971072702839965,-0.1741259311783178,-0.23029527166339955,-0.11089539155794008,-0.08072893309690803,-0.0752122171348645,0.002961669651175839,0.13901026425251356,0.05060979564300894,-0.10561107162664742,0.18176021660103467,0.19067741258257148,0.19737974519918106,0.19223864059992024,0.23647104616163972,0.28771000499239574,0.3005354156114758,0.3250994812450188,0.2132235266142487,0.28340596094903664,0.28110217517334574,0.2724299058915216,0.14737861779174766,0.16438326020293156,0.10181166492901651,0.0797366838396259,0.02084358006363892,-0.038745295067717435,0.014388521797032913,-0.019967791670940815,-0.2529204843065208,-0.22292547156037257,-0.1715279009938087,-0.24924858673922765,-0.3114064182818602,-0.22561021340291704,-0.14385483994825796"
199,9.81,0.7266023292171069,"0.0,0.1,0.2,0.30000000000000004,0.4,0.5,0.6000000000000001,0.7000000000000001,0.8,0.9,1.0,1.1,1.2000000000000002,1.3,1.4000000000000001,1.5,1.6,1.7000000000000002,1.8,1.9000000000000001,2.0,2.1,2.2,2.3000000000000003,2.4000000000000004,2.5,2.6,2.7,2.8000000000000003,2.9000000000000004,3.0,3.1,3.2,3.3000000000000003,3.4000000000000004,3.5,3.6,3.7,3.8000000000000003,3.9000000000000004,4.0,4.1000000000000005,4.2,4.3,4.4,4.5,4.6000000000000005,4.7,4.800000000000001,4.9,5.0,5.1000000000000005,5.2,5.300000000000001,5.4,5.5,5.6000000000000005,5.7,5.800000000000001,5.9,6.0,6.1000000000000005,6.2,6.300000000000001,6.4,6.5,6.6000000000000005,6.7,6.800000000000001,6.9,7.0,7.1000000000000005,7.2,7.300000000000001,7.4,7.5,7.6000000000000005,7.7,7.800000000000001,7.9,8.0,8.1,8.200000000000001,8.3,8.4,8.5,8.6,8.700000000000001,8.8,8.9,9.0,9.1,9.200000000000001,9.3,9.4,9.5,9.600000000000001,9.700000000000001,9.8,9.9,10.0","0.06979796989693729,0.20082372446670718,0.21043620409620634,0.13966823486119062,-0.06755180818136056,-0.12836505048315927,-0.14630331001592617,-0.23883536597774518,-0.27651256778928324,-0.23566354097245965,-0.20676698460435022,-0.010306326684796224,-0.051920574238827136,-0.005651042415100206,0.0017559124449147423,0.11874400049947464,0.19050658643135998,0.2809302854818791,0.2594085419190441,0.1854312306384759,0.12244697044148639,0.05215589498289346,-0.04424688784151616,-0.17362195111028547,-0.22082302734411502,-0.25895469787900716,-0.42891572796265043,-0.2917692965498856,-0.21344811209837283,-0.05410058098439756,0.05479338586008037,0.016443355760213163,0.04671662363375231,0.2622368900416814,0.2579598686471262,0.23177997889931462,0.2687485473722207,0.16876637044035245,0.06459384283051174,-0.026383763483481183,-0.0858331180199388,-0.2536867581055462,-0.24918999379524948,-0.21700186709916944,-0.2658739120654064,-0.2191143603540742,-0.058129974589006886,0.023410824343703472,0.06982629383471337,0.15539784053401481,0.29994763442121064,0.3174094368866902,0.24006576558369785,0.24032952470076402,0.22632232110289474,0.04654330258087902,0.010702768885719909,-0.19036396133235253,-0.22084740662553537,-0.27280423187308117,-0.2609663580239638,-0.35486293568898886,-0.10675202442804027,-0.11591706507473981,-0.03705439861143662,0.0607661417347777,0.1754125589426624,0.18723305125700962,0.2852370240484205,0.3255174558315926,0.29246480233497874,0.14861979767967037,0.10711149087506698,-0.004442997909807747,-0.05874305587613782,-0.21696324199861144,-0.25535140274469065,-0.38908829727203986,-0.2872325977933447,-0.24818745802511605,-0.09871355004751665,0.05925131298132611,0.019937039126240966,0.2688372666140959,0.2789907981785619,0.25229424355265706,0.39114068334551716,0.274745587482168,0.1936859031564133,0.0493577482237001,-0.04523251764640876,-0.12105588234056912,-0.2854972773685574,-0.21567482766869095,-0.2859510919119993,-0.2812031932720673,-0.24257277851331574,-0.1928603506384204,0.06583387567118486,0.10438925799041886,0.23199195939149808"
200,9.81,1.892838094608928,"0.0,0.1,0.2,0.30000000000000004,0.4,0.5,0.6000000000000001,0.7000000000000001,0.8,0.9,1.0,1.1,1.2000000000000002,1.3,1.4000000000000001,1.5,1.6,1.7000000000000002,1.8,1.9000000000000001,2.0,2.1,2.2,2.3000000000000003,2.4000000000000004,2.5,2.6,2.7,2.8000000000000003,2.9000000000000004,3.0,3.1,3.2,3.3000000000000003,3.4000000000000004,3.5,3.6,3.7,3.8000000000000003,3.9000000000000004,4.0,4.1000000000000005,4.2,4.3,4.4,4.5,4.6000000000000005,4.7,4.800000000000001,4.9,5.0,5.1000000000000005,5.2,5.300000000000001,5.4,5.5,5.6000000000000005,5.7,5.800000000000001,5.9,6.0,6.1000000000000005,6.2,6.300000000000001,6.4,6.5,6.6000000000000005,6.7,6.800000000000001,6.9,7.0,7.1000000000000005,7.2,7.300000000000001,7.4,7.5,7.6000000000000005,7.7,7.800000000000001,7.9,8.0,8.1,8.200000000000001,8.3,8.4,8.5,8.6,8.700000000000001,8.8,8.9,9.0,9.1,9.200000000000001,9.3,9.4,9.5,9.600000000000001,9.700000000000001,9.8,9.9,10.0","0.3156458533078251,0.25079758485332876,0.2963506342296503,0.15845451380634212,0.10859388179505693,0.09108225399480296,-0.05029419980941044,-0.05519743165376336,-0.0904049011911771,-0.137428661623443,-0.2166376220776091,-0.2624233642735903,-0.2596253037765542,-0.3002072966331814,-0.21572503520294534,-0.3471904789728503,-0.3047169173219963,-0.21579127316298655,-0.1536473445287505,0.027756643295631406,-0.015947388319636678,0.018484993635713484,0.0850264190651634,0.0798255938100021,0.2512579497448169,0.3020328205149876,0.4199626443575978,0.28761252891628497,0.3688512278860042,0.30624205536426685,0.22908005553618724,0.2578641428981254,0.19891185772645684,0.08444443083745298,-0.08983836119945084,-0.02820295667114365,-0.08988844785672148,-0.11410725626313897,-0.3822931107993056,-0.2941775658865326,-0.28275762021438905,-0.28666029965396445,-0.3048611269603739,-0.31963381903469845,-0.30310056044545036,-0.2218686395474645,-0.3281741236753096,-0.12014630019210656,0.005889624362850732,-0.004001992365057591,-0.05267178728118166,0.17947509150252178,0.09255612091824375,0.15638549526591408,0.37385100765789425,0.3487597168559921,0.2280340008326635,0.15051026721535601,0.2623750456163154,0.17005813943158452,0.12508680530871383,0.07525283019188689,0.0629106591742482,-0.016745204304864966,-0.10635704357711263,-0.22717945881761714,-0.18291395341221786,-0.19384726195885135,-0.24662936648916886,-0.28071839348062694,-0.29033806233261766,-0.2825107984388719,-0.27789150868350243,-0.1803064292109885,-0.2006782411411012,0.002681814299196894,-0.011605910509565923,0.06764002293904377,0.11679151244998574,0.11762776148874604,0.16484319795547436,0.3573830979317812,0.2850394309940642,0.37432808817259167,0.23848329171208327,0.12012717140650361,0.19985362512301985,0.22788313805119564,0.1684478624591666,0.0912692599828355,0.009329837571299278,-0.0758096056788442,-0.15402981742373523,-0.11983182400077091,-0.23897157771817087,-0.2641955811879161,-0.31290854145641483,-0.3175620907071846,-0.3939383836815211,-0.28461030751112804,-0.26497291357288133"
201,9.81,2.861353209848178,"0.0,0.1,0.2,0.30000000000000004,0.4,0.5,0.6000000000000001,0.7000000000000001,0.8,0.9,1.0,1.1,1.2000000000000002,1.3,1.4000000000000001,1.5,1.6,1.7000000000000002,1.8,1.9000000000000001,2.0,2.1,2.2,2.3000000000000003,2.4000000000000004,2.5,2.6,2.7,2.8000000000000003,2.9000000000000004,3.0,3.1,3.2,3.3000000000000003,3.4000000000000004,3.5,3.6,3.7,3.8000000000000003,3.9000000000000004,4.0,4.1000000000000005,4.2,4.3,4.4,4.5,4.6000000000000005,4.7,4.800000000000001,4.9,5.0,5.1000000000000005,5.2,5.300000000000001,5.4,5.5,5.6000000000000005,5.7,5.800000000000001,5.9,6.0,6.1000000000000005,6.2,6.300000000000001,6.4,6.5,6.6000000000000005,6.7,6.800000000000001,6.9,7.0,7.1000000000000005,7.2,7.300000000000001,7.4,7.5,7.6000000000000005,7.7,7.800000000000001,7.9,8.0,8.1,8.200000000000001,8.3,8.4,8.5,8.6,8.700000000000001,8.8,8.9,9.0,9.1,9.200000000000001,9.3,9.4,9.5,9.600000000000001,9.700000000000001,9.8,9.9,10.0","0.17785538078941662,0.3122663139454041,0.37306378083725805,0.252837342741407,0.2506732565565666,0.09784052529541788,0.16249285558842022,0.07142117650538149,0.07783062169894533,-0.016071743797131353,-0.043142099017105216,-0.16401901523626566,-0.17586639875778806,-0.23619269144082417,-0.28071117360250075,-0.31478846995876203,-0.31258289324577654,-0.6005342711236688,-0.3115444299429064,-0.31790153296554835,-0.32293144512305677,-0.2109430919631625,-0.1956421467905094,-0.15321090116552202,-0.10191246310806218,-0.00969633646320026,0.02000419036920352,0.11666936694116391,0.16432363116083573,0.15038690955387102,0.19290823141898034,0.24592216741330106,0.1719554191576613,0.250694098530856,0.3341589117607599,0.2689108639063017,0.29351692603912577,0.2230161704808467,0.19130653972916384,-0.005342107646227556,0.2449333208744488,0.20462638688351786,-0.07840030443720011,-0.03360485358059699,-0.045986574171126664,-0.14370620988612898,-0.1553882992670077,-0.2078306095309736,-0.26863364444303345,-0.3401701653756849,-0.3133795469870752,-0.29609730550233354,-0.2306851385227618,-0.2072414505645502,-0.36025794458807403,-0.2583607803557423,-0.19049442326700644,-0.12696173373973113,-0.14302427791928188,-0.10097621197264031,0.021336914762186868,0.050028727088179334,0.11424742933237089,0.23942882120501238,0.20381400724900545,0.26011341275818123,0.2640650733618243,0.38025469524775657,0.45375786824281705,0.4245330377465677,0.3645569970259246,0.33377166298777133,0.22459828453152503,0.2283899238644486,0.05471432014859562,0.07885025445084187,-0.02466494415432255,0.0006129261839857257,-0.07170303349055182,-0.03605745686353866,-0.16386782806545713,-0.26238217244116685,-0.2023308933647871,-0.2667015977144527,-0.25852496670509334,-0.2979233609221092,-0.31606115700928455,-0.32250988146101156,-0.32580201449320045,-0.24995578460371756,-0.23421967299205612,-0.08248733857469207,-0.0963817063652084,0.06449048548833704,0.05359348923038295,0.11234609708970197,0.09984801036187194,0.303747646839826,0.331872636443109,0.245133524619837,0.3136780901862307"
202,9.81,3.285826958174151,"0.0,0.1,0.2,0.30000000000000004,0.4,0.5,0.6000000000000001,0.7000000000000001,0.8,0.9,1.0,1.1,1.2000000000000002,1.3,1.4000000000000001,1.5,1.6,1.7000000000000002,1.8,1.9000000000000001,2.0,2.1,2.2,2.3000000000000003,2.4000000000000004,2.5,2.6,2.7,2.8000000000000003,2.9000000000000004,3.0,3.1,3.2,3.3000000000000003,3.4000000000000004,3.5,3.6,3.7,3.8000000000000003,3.9000000000000004,4.0,4.1000000000000005,4.2,4.3,4.4,4.5,4.6000000000000005,4.7,4.800000000000001,4.9,5.0,5.1000000000000005,5.2,5.300000000000001,5.4,5.5,5.6000000000000005,5.7,5.800000000000001,5.9,6.0,6.1000000000000005,6.2,6.300000000000001,6.4,6.5,6.6000000000000005,6.7,6.800000000000001,6.9,7.0,7.1000000000000005,7.2,7.300000000000001,7.4,7.5,7.6000000000000005,7.7,7.800000000000001,7.9,8.0,8.1,8.200000000000001,8.3,8.4,8.5,8.6,8.700000000000001,8.8,8.9,9.0,9.1,9.200000000000001,9.3,9.4,9.5,9.600000000000001,9.700000000000001,9.8,9.9,10.0","0.287220484642345,0.27789934754314494,0.24842103119705272,0.2877865574313033,0.19996193344778307,0.2951667531811103,0.039875499744462764,0.09045517991011447,0.03086596797904892,-0.07050474495753727,-0.1038518722236503,-0.14661829152206682,-0.11149490327858433,-0.11950025498181611,-0.1785815123345608,-0.22002377249108077,-0.2926935642355358,-0.29902098857254805,-0.25244976284391074,-0.3528019314831172,-0.31735321581295645,-0.28914192632075864,-0.2224819207861132,-0.26345777609319143,-0.14000089386725958,-0.008186818376325691,-0.13278459409896481,0.006116959397078219,0.10576562225816474,0.0908383719854144,0.16290079139641,0.1286935536809414,0.244701188054889,0.1022829716047956,0.23443837011961582,0.27556033575706373,0.35725679847255803,0.24402319335545314,0.4152091163206192,0.2584788644690923,0.20321724944539288,0.23335349708048342,0.1401953238807835,0.15153741296613718,0.0878882385759627,0.017173437958421696,-0.004162440668499712,-0.00020073571996617745,-0.18232294879800726,-0.18101246036377525,-0.19269470249271642,-0.3640831683222781,-0.24675090539250416,-0.23308350736723876,-0.22689290430479478,-0.3960326996726091,-0.26936826740601344,-0.3717150325255687,-0.28840182123281444,-0.3001054663151581,-0.2405238491563685,-0.17447982967135936,-0.09777772005004112,-0.057883972254127156,0.04075274901646599,0.1518010822925813,0.11429152587414243,0.1627180498096435,0.1330671578382645,0.2818294286050537,0.25011583609792487,0.26961522449957337,0.3185526778258119,0.31098568649214187,0.3056253566113118,0.2857540892462314,0.2681556327530684,0.2571335258668622,0.2500033336187896,0.16392278820512354,0.08918811535006416,0.17506283558760707,-0.053765056135337705,0.04016295408068325,-0.21374891875360347,-0.15744590668830902,-0.11786326692477916,-0.08507908497081274,-0.23301342800324382,-0.16625175345366994,-0.3113124329245091,-0.3525768151665701,-0.3512582581833565,-0.3455686377055765,-0.2403081457165636,-0.23471636820067376,-0.2489467373459191,-0.16861688685737916,-0.12595841253840775,-0.11377674883784314,-0.1299888030968821"
203,9.81,2.9476978529457742,"0.0,0.1,0.2,0.30000000000000004,0.4,0.5,0.6000000000000001,0.7000000000000001,0.8,0.9,1.0,1.1,1.2000000000000002,1.3,1.4000000000000001,1.5,1.6,1.7000000000000002,1.8,1.9000000000000001,2.0,2.1,2.2,2.3000000000000003,2.4000000000000004,2.5,2.6,2.7,2.8000000000000003,2.9000000000000004,3.0,3.1,3.2,3.3000000000000003,3.4000000000000004,3.5,3.6,3.7,3.8000000000000003,3.9000000000000004,4.0,4.1000000000000005,4.2,4.3,4.4,4.5,4.6000000000000005,4.7,4.800000000000001,4.9,5.0,5.1000000000000005,5.2,5.300000000000001,5.4,5.5,5.6000000000000005,5.7,5.800000000000001,5.9,6.0,6.1000000000000005,6.2,6.300000000000001,6.4,6.5,6.6000000000000005,6.7,6.800000000000001,6.9,7.0,7.1000000000000005,7.2,7.300000000000001,7.4,7.5,7.6000000000000005,7.7,7.800000000000001,7.9,8.0,8.1,8.200000000000001,8.3,8.4,8.5,8.6,8.700000000000001,8.8,8.9,9.0,9.1,9.200000000000001,9.3,9.4,9.5,9.600000000000001,9.700000000000001,9.8,9.9,10.0","0.27400944611589834,0.2502853517540458,0.14687885866607858,0.20399582051678436,0.23838851795463842,0.2524231179738878,0.11890043149527638,0.09305881020935332,0.16811908724015023,0.03826717671952214,-0.13662081609792515,-0.08390202869419629,-0.11136065804009135,-0.2335292171579616,-0.1720273539397526,-0.3265335077596082,-0.3521837392294297,-0.2626919786378533,-0.4361978593111,-0.3404211324539857,-0.21214721243854784,-0.13441476428201032,-0.1647997681419484,-0.18390005737039197,-0.08663548976784312,-0.08602731901090767,-0.008741207916153303,0.03986888042261001,0.1557507171262911,0.1475546432981112,0.16744410184416975,0.1961799319528053,0.2736009303111001,0.36166356642197894,0.2521233404689354,0.2890735427950819,0.279027248209068,0.3231497781408459,0.18908269913520584,0.22104842527020363,0.12209471863246232,0.1559521671740901,0.13374992949914805,0.05148833608665488,-0.010133884085438305,-0.1525691961505951,-0.11016726600324861,-0.16749010666704026,-0.21390449095987962,-0.21537332039648457,-0.15317710784024066,-0.24574625532216582,-0.2550768523727755,-0.30996713545534643,-0.2629301576806119,-0.28534168062245857,-0.18554649055514316,-0.21058220430344096,-0.20417009030864525,-0.13604610003208456,-0.012915483627508415,0.017735800756224992,0.08765523426718073,0.1649538434540063,0.2129165483857844,0.17419653749527061,0.2081835455835142,0.24858240240528973,0.3896975961793492,0.3072197291156754,0.34071103488800647,0.29009910011710516,0.25092841866664284,0.19950093912255146,0.279634187414428,0.25926468792908086,0.027543041222524017,0.06370578585305525,0.012084005142391066,0.011906820432185411,-0.1389573974569632,-0.06911687842664314,-0.21158795063654362,-0.2586815298379759,-0.28564855412111856,-0.3100375005278667,-0.22086999750866937,-0.2429581068492671,-0.22905395925975125,-0.3058949734220858,-0.25867175601763936,-0.2108393452721491,-0.1670744531291775,0.016477465728701013,-0.07411722994166889,0.11056643281372594,0.040380613311498156,0.11887745900761153,0.15866772186119577,0.17860178726962864,0.21294416736380004"
204,9.81,3.8988360983255843,"0.0,0.1,0.2,0.30000000000000004,0.4,0.5,0.6000000000000001,0.7000000000000001,0.8,0.9,1.0,1.1,1.2000000000000002,1.3,1.4000000000000001,1.5,1.6,1.7000000000000002,1.8,1.9000000000000001,2.0,2.1,2.2,2.3000000000000003,2.4000000000000004,2.5,2.6,2.7,2.8000000000000003,2.9000000000000004,3.0,3.1,3.2,3.3000000000000003,3.4000000000000004,3.5,3.6,3.7,3.8000000000000003,3.9000000000000004,4.0,4.1000000000000005,4.2,4.3,4.4,4.5,4.6000000000000005,4.7,4.800000000000001,4.9,5.0,5.1000000000000005,5.2,5.300000000000001,5.4,5.5,5.6000000000000005,5.7,5.800000000000001,5.9,6.0,6.1000000000000005,6.2,6.300000000000001,6.4,6.5,6.6000000000000005,6.7,6.800000000000001,6.9,7.0,7.1000000000000005,7.2,7.300000000000001,7.4,7.5,7.6000000000000005,7.7,7.800000000000001,7.9,8.0,8.1,8.200000000000001,8.3,8.4,8.5,8.6,8.700000000000001,8.8,8.9,9.0,9.1,9.200000000000001,9.3,9.4,9.5,9.600000000000001,9.700000000000001,9.8,9.9,10.0","0.22786980617393499,0.1960075152954433,0.2595032507921792,0.2245574587334319,0.281261952243312,0.20071910795452244,0.2164431767811048,0.10587510959654806,0.06660741367349889,0.037815771861308016,-0.006045022228318013,0.051294069889000156,-0.13922330393519844,-0.03610238482560939,-0.12241381550971392,-0.2292427932610579,-0.32783726686847064,-0.2963950989060546,-0.26263851120111037,-0.4149708751045158,-0.274011555959274,-0.15904485628651027,-0.27833036831074187,-0.34177545558266853,-0.260008146507126,-0.11867005611547057,-0.12805267348391444,-0.20465901256653374,-0.028274312365374116,-0.04836352018991147,0.009847720256134933,0.08110517371051836,0.042297493323090976,0.13973019559792935,0.23089857686432777,0.19388622920588328,0.38884512201057886,0.21110100953032088,0.22860553187866434,0.17043698640489988,0.2581463954139354,0.2626396274121242,0.2934037951864637,0.19474157563847783,0.33176792567690894,0.1977500199608134,0.0972462361473781,0.1202019741772867,0.011334988292990275,0.1311593816373442,0.010561108772400159,0.0836210246233789,-0.0720718954260634,-0.14324561879497985,-0.2203944084440439,-0.23471313969266558,-0.2900820997684189,-0.3245257752286082,-0.2776385189596887,-0.37574609678799925,-0.37906074152995506,-0.3259392454352469,-0.3262535958807652,-0.27474041651206305,-0.3057792691338539,-0.3653628986572782,-0.16083364394652166,-0.08866827337943209,-0.08827131727502928,-0.11141206901647434,0.11060689167921695,0.08450172150947412,0.10224249817466016,0.14439545758086542,0.19937700062097033,0.20217730467315423,0.25662233099118165,0.20512827742291967,0.3009527330625108,0.27609260273663194,0.26830484770629714,0.219708769541064,0.12049239035842849,0.30713284160502946,0.2419237773894063,0.25248855821149546,0.19647691202046877,0.10918298361698449,0.126154468329312,0.045967860293211114,-0.13960216843686735,-0.05415647375903597,0.011864793548078983,-0.18629268696693743,-0.11405558743907981,-0.2762728659653805,-0.2310966699873422,-0.2867511009118277,-0.3003989661695101,-0.4553202779555585,-0.3199418450926744"
205,9.81,1.3009327505127353,"0.0,0.1,0.2,0.30000000000000004,0.4,0.5,0.6000000000000001,0.7000000000000001,0.8,0.9,1.0,1.1,1.2000000000000002,1.3,1.4000000000000001,1.5,1.6,1.7000000000000002,1.8,1.9000000000000001,2.0,2.1,2.2,2.3000000000000003,2.4000000000000004,2.5,2.6,2.7,2.8000000000000003,2.9000000000000004,3.0,3.1,3.2,3.3000000000000003,3.4000000000000004,3.5,3.6,3.7,3.8000000000000003,3.9000000000000004,4.0,4.1000000000000005,4.2,4.3,4.4,4.5,4.6000000000000005,4.7,4.800000000000001,4.9,5.0,5.1000000000000005,5.2,5.300000000000001,5.4,5.5,5.6000000000000005,5.7,5.800000000000001,5.9,6.0,6.1000000000000005,6.2,6.300000000000001,6.4,6.5,6.6000000000000005,6.7,6.800000000000001,6.9,7.0,7.1000000000000005,7.2,7.300000000000001,7.4,7.5,7.6000000000000005,7.7,7.800000000000001,7.9,8.0,8.1,8.200000000000001,8.3,8.4,8.5,8.6,8.700000000000001,8.8,8.9,9.0,9.1,9.200000000000001,9.3,9.4,9.5,9.600000000000001,9.700000000000001,9.8,9.9,10.0","0.2352805905732268,0.29080199561225406,0.2244486455559228,0.21194078408019115,0.10738570693148697,0.049945671406733075,-0.05537520337157727,-0.10116504886129743,-0.09867933336325456,-0.1496066683467423,-0.2500580514055865,-0.3177534902238903,-0.43458041941106773,-0.1783900656470699,-0.14782087294039006,-0.1663341614884294,-0.08014347094319291,-0.06861183342014193,0.04493029314501921,0.16067982099972405,0.22310174507165623,0.2904779102970006,0.1341645144282241,0.3822732529021772,0.31402041928563296,0.23175750818363558,0.14864990640986278,0.1453293847266868,0.07022675042517798,0.025998449313148448,-0.176740997756065,-0.20798919223263132,-0.21819744181760264,-0.2403913278664403,-0.26716974943169725,-0.17728196448994302,-0.2595899490233111,-0.1906583711457307,-0.143123693575266,-0.1080948634084654,-0.014494475489988272,0.08293784838514974,0.15039949791974325,0.17875031123632665,0.3270213766119138,0.27238346150282583,0.16523445368264356,0.28168576443506904,0.2574586633911982,0.08930567510328,0.07301363203767632,-0.06936712090943672,-0.044445859595604854,-0.18433133297902987,-0.18093857082331624,-0.21732273508282263,-0.31671147530529664,-0.22986855225371913,-0.25713964271001527,-0.31643322235662674,-0.3211199621265165,-0.2127050934523313,-0.065301011887763,-0.07130761441977111,0.013359032378215716,0.1397787173423379,0.09152694082554516,0.16342507187290767,0.2154548268803586,0.42298676434742466,0.19945064977584562,0.19813373124112021,0.16897454087714298,0.11836032661209363,0.11078020548300728,0.07500711661705475,-0.12427246996423763,-0.17352772927108204,-0.08590248260324004,-0.27081258970738226,-0.36344767954994583,-0.20428148268871862,-0.20518754105792605,-0.2468318510324047,-0.11947418508187216,-0.08091153677330301,-0.0033148167382426696,0.17764211564713805,0.15318513052788912,0.21276119858655568,0.22351660287754868,0.32785754648747384,0.3335405196950874,0.30400595862921875,0.2678509444782242,0.2924975527145795,0.1302273138716566,0.08651252323854489,-0.09062977886485506,-0.10890384258178443,-0.17489883580933488"
206,9.81,2.4775815373776635,"0.0,0.1,0.2,0.30000000000000004,0.4,0.5,0.6000000000000001,0.7000000000000001,0.8,0.9,1.0,1.1,1.2000000000000002,1.3,1.4000000000000001,1.5,1.6,1.7000000000000002,1.8,1.9000000000000001,2.0,2.1,2.2,2.3000000000000003,2.4000000000000004,2.5,2.6,2.7,2.8000000000000003,2.9000000000000004,3.0,3.1,3.2,3.3000000000000003,3.4000000000000004,3.5,3.6,3.7,3.8000000000000003,3.9000000000000004,4.0,4.1000000000000005,4.2,4.3,4.4,4.5,4.6000000000000005,4.7,4.800000000000001,4.9,5.0,5.1000000000000005,5.2,5.300000000000001,5.4,5.5,5.6000000000000005,5.7,5.800000000000001,5.9,6.0,6.1000000000000005,6.2,6.300000000000001,6.4,6.5,6.6000000000000005,6.7,6.800000000000001,6.9,7.0,7.1000000000000005,7.2,7.300000000000001,7.4,7.5,7.6000000000000005,7.7,7.800000000000001,7.9,8.0,8.1,8.200000000000001,8.3,8.4,8.5,8.6,8.700000000000001,8.8,8.9,9.0,9.1,9.200000000000001,9.3,9.4,9.5,9.600000000000001,9.700000000000001,9.8,9.9,10.0","0.25779223803158224,0.37256590241655807,0.2796869854956304,0.23236265901631417,0.28254602341906876,0.14943486852322285,0.13707940996342277,0.048726895551513154,-0.0787718138566028,-0.005183675990494005,-0.11737196377866976,-0.2058499618522372,-0.19060555537899865,-0.26715590850054155,-0.3092390084747158,-0.30027480139853696,-0.3018235252129284,-0.2847347843128263,-0.29149922046592874,-0.25757827303862796,-0.2353248306736879,-0.15703601748407517,-0.15423111037755344,0.035402166268672014,-0.02646514707472803,0.060508700529698804,0.10433674244322011,0.17417372696775718,0.2384710433623255,0.3210046915813787,0.23376380922058193,0.33426500925065694,0.3241278542180467,0.2768742066850062,0.2237248914764932,0.22925576860524702,-0.015521458418630951,0.27716762880783524,0.2878119948431617,0.07345572355529101,-0.05982425290512711,-0.05467585003863911,-0.14584327947263787,-0.14531303493612496,-0.30491016317772646,-0.2903109810832163,-0.1914790886816728,-0.324427195682043,-0.23806741954578742,-0.3490592452601315,-0.17008861199937184,-0.26707275531477137,-0.13529146102863368,-0.019681362450487766,-0.16817264006556454,-0.03943649035488837,0.07205773730360616,0.11351467789095884,0.1896567669103591,0.16310974114151605,0.2469638397588136,0.28189704088360545,0.33479396618946944,0.28959097601856354,0.2954477428591252,0.22629334633200116,0.20940011165641276,0.24679168774081917,0.21279909571329178,0.157556159138348,0.11716687916027435,0.056321466054588154,-0.05346214061319684,-0.1477060014555042,-0.1546522578198085,-0.18982689660487834,-0.22935791151172963,-0.23495258252982473,-0.2792644876559283,-0.3027834320372372,-0.2276062913425564,-0.317426252588793,-0.2064974305960012,-0.17036418800743353,-0.3090888630464889,-0.21118035555161513,0.17073605015853913,-0.09591935406848096,0.057437955231017065,0.12700969395704817,0.1403312508328803,0.06663952820016428,0.23215463724670665,0.30053840579182867,0.29869525871583835,0.28991631286785335,0.23711480109069422,0.2638533708281651,0.2349796473431109,0.19182380437007687,0.15913811824513635"
207,9.81,3.563518629476731,"0.0,0.1,0.2,0.30000000000000004,0.4,0.5,0.6000000000000001,0.7000000000000001,0.8,0.9,1.0,1.1,1.2000000000000002,1.3,1.4000000000000001,1.5,1.6,1.7000000000000002,1.8,1.9000000000000001,2.0,2.1,2.2,2.3000000000000003,2.4000000000000004,2.5,2.6,2.7,2.8000000000000003,2.9000000000000004,3.0,3.1,3.2,3.3000000000000003,3.4000000000000004,3.5,3.6,3.7,3.8000000000000003,3.9000000000000004,4.0,4.1000000000000005,4.2,4.3,4.4,4.5,4.6000000000000005,4.7,4.800000000000001,4.9,5.0,5.1000000000000005,5.2,5.300000000000001,5.4,5.5,5.6000000000000005,5.7,5.800000000000001,5.9,6.0,6.1000000000000005,6.2,6.300000000000001,6.4,6.5,6.6000000000000005,6.7,6.800000000000001,6.9,7.0,7.1000000000000005,7.2,7.300000000000001,7.4,7.5,7.6000000000000005,7.7,7.800000000000001,7.9,8.0,8.1,8.200000000000001,8.3,8.4,8.5,8.6,8.700000000000001,8.8,8.9,9.0,9.1,9.200000000000001,9.3,9.4,9.5,9.600000000000001,9.700000000000001,9.8,9.9,10.0","0.34252571206362403,0.12665844758779443,0.25586521148857294,0.2741960794075484,0.2961732312103128,0.309464860652148,-0.2512483142479142,0.13806939280605157,0.14603409082249058,0.030023860061667376,0.2732525465372625,-0.06081375910736315,-0.13841247814508356,-0.16467791683936855,-0.15693406344815372,-0.23559383423511074,-0.2924039451743512,-0.29664574221532636,-0.29256833394878207,-0.3207867365981035,-0.30383828255373246,-0.29230459561784516,-0.28305479995687566,-0.2551669075113979,-0.21175298563087566,-0.2466415131512691,-0.046776783024327584,-0.06746448204777233,-0.042533508817534094,0.007975546282231096,0.1266095789208287,0.12492877625908155,0.18217675733773384,0.22277887159326,0.1432269591789374,0.23547857740226083,0.3119536154149388,0.3129775560315423,0.34812136246526115,0.2880849354803763,0.2842270624552307,0.17288690248530794,0.17026535121666325,0.21673673631704526,0.1678891325718646,0.16711264573799228,0.09276300866857212,-0.04177496958657018,-0.040080750541451035,-0.04691490046965128,-0.03800632465222145,-0.16463834040761666,-0.1560004315245484,-0.2763318157548257,-0.24476933816988244,-0.38380155360121215,-0.3626031315574626,-0.22860064193714147,-0.28825109928563425,-0.29951618787521567,-0.23636840151377775,-0.2046989144556597,-0.21875727702452397,-0.2205803382909448,-0.14894177965437883,0.08652302211013929,0.03365074811057764,0.013434824967378967,0.010815307563597873,0.14253436039925624,0.274248213597705,0.33590839167069975,0.12560745131004755,0.24172954221406917,0.2175759560125951,0.2728492601075109,0.2340463780964832,0.30087646873565116,0.281603349603157,0.2200639343694507,0.2645131187322744,0.1826820807902644,0.1815402844068283,0.07215204618654696,0.11880208387293273,0.045416344578377746,-0.03277312657541005,-0.08387326747924209,-0.1574967922053736,-0.09290176137823118,-0.11587761917518744,-0.324844215858671,-0.3893261297825789,-0.22446576360547935,-0.39773468217478003,-0.25668808836936463,-0.25446210782733225,-0.380031396720866,-0.19219394572453116,-0.2926045667162522,-0.2040050800976646"
208,9.81,4.471347808643099,"0.0,0.1,0.2,0.30000000000000004,0.4,0.5,0.6000000000000001,0.7000000000000001,0.8,0.9,1.0,1.1,1.2000000000000002,1.3,1.4000000000000001,1.5,1.6,1.7000000000000002,1.8,1.9000000000000001,2.0,2.1,2.2,2.3000000000000003,2.4000000000000004,2.5,2.6,2.7,2.8000000000000003,2.9000000000000004,3.0,3.1,3.2,3.3000000000000003,3.4000000000000004,3.5,3.6,3.7,3.8000000000000003,3.9000000000000004,4.0,4.1000000000000005,4.2,4.3,4.4,4.5,4.6000000000000005,4.7,4.800000000000001,4.9,5.0,5.1000000000000005,5.2,5.300000000000001,5.4,5.5,5.6000000000000005,5.7,5.800000000000001,5.9,6.0,6.1000000000000005,6.2,6.300000000000001,6.4,6.5,6.6000000000000005,6.7,6.800000000000001,6.9,7.0,7.1000000000000005,7.2,7.300000000000001,7.4,7.5,7.6000000000000005,7.7,7.800000000000001,7.9,8.0,8.1,8.200000000000001,8.3,8.4,8.5,8.6,8.700000000000001,8.8,8.9,9.0,9.1,9.200000000000001,9.3,9.4,9.5,9.600000000000001,9.700000000000001,9.8,9.9,10.0","0.29927346237172897,0.3003852114298112,0.21607125057380325,0.18358197602978138,0.20610205832248413,0.08207681350067259,0.1529177674588867,0.2911483430533013,0.1778926463168056,0.0814100701227692,0.0599705830509124,-0.042966338872171383,-0.23666411300445667,-0.046400019155823154,-0.15495167808594734,-0.06209085921586903,-0.10330803784369615,-0.32850279627646045,-0.3291683266532465,-0.3167555073198916,-0.33252707313076,-0.29049746824185385,-0.3414453522595794,-0.25138001280502625,-0.3632202339049812,-0.2467347813620635,-0.1401428738622845,-0.19688525123924505,-0.14538720035259609,-0.15456910279383007,-0.09781948917625956,-0.008657879570062373,-0.04987539949142037,0.043656296006160084,0.22892725818134538,0.23140816403810527,0.19988687912873201,0.20297016228965145,0.2588676262582303,0.30570185490123203,0.3424081559839195,0.3169679143423171,0.3138584517990143,0.3364012802770703,0.3153142626457681,0.23095617036214566,0.30807554180551944,0.30204695722567576,0.26195729795290884,0.22070736054999296,0.1831366327049766,0.12339561056851672,0.12919874882080684,0.0063689709045979745,0.04047381452353808,-0.20220856769387105,-0.22146610828736718,-0.04553372909947413,-0.223335558223564,-0.22667445195573316,-0.23418531422178507,-0.3053821709012756,-0.32943847837739776,-0.36851891919803964,-0.3571541298831472,-0.16254259782098113,-0.30953307022779086,-0.25295418967144506,-0.20327967877435804,-0.20020133898987,-0.10463943859083409,-0.09259167937993315,-0.0029678381978501117,-0.1238229241933391,0.006705793517282826,-0.02996449878278548,-0.008653644830649967,0.002684135368675386,0.1739372189877651,0.15405481646190605,0.3228446654284286,0.3112207187598249,0.3430521711572466,0.34733560036890776,0.3527282207770301,0.3414519055104466,0.22079498936934533,0.30910423168621337,0.22422964955542396,0.2555852023807384,0.17224514546150513,0.16312552561525837,0.22129068501150587,0.11563992822652766,0.0910615870996065,0.018037387658100028,-0.035941588064926276,-0.09080738451275461,-0.10263489680829196,-0.19767716050292805,-0.22811260818997497"
209,9.81,0.5022465743575206,"0.0,0.1,0.2,0.30000000000000004,0.4,0.5,0.6000000000000001,0.7000000000000001,0.8,0.9,1.0,1.1,1.2000000000000002,1.3,1.4000000000000001,1.5,1.6,1.7000000000000002,1.8,1.9000000000000001,2.0,2.1,2.2,2.3000000000000003,2.4000000000000004,2.5,2.6,2.7,2.8000000000000003,2.9000000000000004,3.0,3.1,3.2,3.3000000000000003,3.4000000000000004,3.5,3.6,3.7,3.8000000000000003,3.9000000000000004,4.0,4.1000000000000005,4.2,4.3,4.4,4.5,4.6000000000000005,4.7,4.800000000000001,4.9,5.0,5.1000000000000005,5.2,5.300000000000001,5.4,5.5,5.6000000000000005,5.7,5.800000000000001,5.9,6.0,6.1000000000000005,6.2,6.300000000000001,6.4,6.5,6.6000000000000005,6.7,6.800000000000001,6.9,7.0,7.1000000000000005,7.2,7.300000000000001,7.4,7.5,7.6000000000000005,7.7,7.800000000000001,7.9,8.0,8.1,8.200000000000001,8.3,8.4,8.5,8.6,8.700000000000001,8.8,8.9,9.0,9.1,9.200000000000001,9.3,9.4,9.5,9.600000000000001,9.700000000000001,9.8,9.9,10.0","0.29058139728367754,0.2585110454914595,0.16833339836531958,-0.013593905829704045,-0.11273313631630158,-0.1707457080150112,-0.3235688112929519,-0.3057898046845111,-0.2652580030422665,-0.24529879466896504,-0.11860557276183326,0.0044715117697564505,0.27766086225676795,0.20266670466577588,0.4312365850714158,0.2427468232640272,0.128096435118973,0.15608025588670116,-0.05473604846544823,-0.16526722409572023,-0.3234504433803184,-0.3550621684533306,-0.3566325217293561,-0.1772136551770307,-0.18761352106674706,0.07691120013189923,0.12234760562603861,0.2309233988333751,0.3206710203299069,0.28118866658291497,0.2208095956032617,0.04006329123942745,-0.02829862141871438,-0.3089249114201447,-0.1707025053281055,-0.371918977737607,-0.3889915226715882,-0.1785731523022167,-0.05360893980778078,0.009016718049744342,0.13883697699962,0.2735710152704942,0.36419437912865127,0.22752446239468166,0.32444737991367834,0.08999792275205394,-0.02510307351077946,-0.09174096477196253,-0.2545564152623932,-0.34662843845449265,-0.3387109580933342,-0.29487062358780625,-0.14416514262489816,-0.004328959171019456,0.07752959483336277,0.2137608172607059,0.3149414772836874,0.25891263269701154,0.32756123384678937,0.13551552698828168,0.12231175290748239,-0.10537699081998128,-0.24869348562651084,-0.12676960658322117,-0.2832910662722952,-0.30757921364465063,-0.1598915338851706,-0.04341761437200633,-0.01713335964064766,0.17812908948571265,0.18941956568499574,0.24130580355533585,0.27797699755151184,0.2046819582353607,0.05064184696409621,-0.0961221526885283,-0.17228508840400994,-0.25669693753441875,-0.32861708603077683,-0.2765681929647007,-0.20497157017026588,-0.019977841711996652,0.10439870409255772,0.16187727198692894,0.27613280952805375,0.292161793304568,0.2398522072802437,0.2083078133327459,-0.032402545878410655,0.043270455053842014,-0.10648597095919528,-0.28746299702200256,-0.30397577141226617,-0.2838267063202438,-0.2839493645483499,-0.14302764353657713,0.10894786533965242,0.13362021112034986,0.35726248299524643,0.3457647328180792,0.29881728999338736"
210,9.81,1.2988196329203876,"0.0,0.1,0.2,0.30000000000000004,0.4,0.5,0.6000000000000001,0.7000000000000001,0.8,0.9,1.0,1.1,1.2000000000000002,1.3,1.4000000000000001,1.5,1.6,1.7000000000000002,1.8,1.9000000000000001,2.0,2.1,2.2,2.3000000000000003,2.4000000000000004,2.5,2.6,2.7,2.8000000000000003,2.9000000000000004,3.0,3.1,3.2,3.3000000000000003,3.4000000000000004,3.5,3.6,3.7,3.8000000000000003,3.9000000000000004,4.0,4.1000000000000005,4.2,4.3,4.4,4.5,4.6000000000000005,4.7,4.800000000000001,4.9,5.0,5.1000000000000005,5.2,5.300000000000001,5.4,5.5,5.6000000000000005,5.7,5.800000000000001,5.9,6.0,6.1000000000000005,6.2,6.300000000000001,6.4,6.5,6.6000000000000005,6.7,6.800000000000001,6.9,7.0,7.1000000000000005,7.2,7.300000000000001,7.4,7.5,7.6000000000000005,7.7,7.800000000000001,7.9,8.0,8.1,8.200000000000001,8.3,8.4,8.5,8.6,8.700000000000001,8.8,8.9,9.0,9.1,9.200000000000001,9.3,9.4,9.5,9.600000000000001,9.700000000000001,9.8,9.9,10.0","0.30832797088480984,0.28862267567430716,0.24956927208057694,0.13064355396341415,0.2745436300064793,0.0581611801820168,0.05768002231808413,0.01618394005530019,-0.2121973374883785,-0.12260051125936376,-0.3234280662375161,-0.28097208596880285,-0.22321920671320683,-0.18438922851819212,-0.2653074965313362,-0.16456998753034183,-0.16676425078018747,-0.049581725463559156,0.11341387330632641,0.13578009152405368,0.15914879991358355,0.22165731897569269,0.23146069432282873,0.4049641222714012,0.2833907817745487,0.224601463589647,0.18918034480338827,0.16503062162219934,-0.035943007034333334,0.005517306588141643,-0.10588275143423015,-0.18946737998741567,-0.2846921008774936,-0.3759483472139329,-0.2597157788552811,-0.23449267879234414,-0.29989690127098145,-0.15744179870141217,-0.19515043792136827,0.006726537344188141,0.07142626392520213,0.0804336073702058,0.12827989366088635,0.17631950611919053,0.19977841058911774,0.32174226105378906,0.25986316584720637,0.1821366887403423,0.16981518607738008,0.06714791878079349,0.020778893797949435,0.08657011146921173,-0.1346499213877807,-0.04828902207491027,-0.11420850357214565,-0.3345296958520372,-0.2707718221674804,-0.401896512822313,-0.3506659744930256,-0.3885750328454455,-0.2824553582893625,-0.12749191663749165,-0.05371805125920659,-0.03764477939318298,0.046852265868506014,0.14377988320501514,0.13234830092417066,0.2944513913570549,0.293032208893148,0.4183604942651237,0.3310123273072787,0.2404584595527299,0.16243794221663244,0.1514055141985061,0.047898002197528954,-0.026859472129418766,-0.05275208421676694,-0.11670405246124817,-0.05592322933830107,-0.22414600745889268,-0.29090764352660015,-0.32067000285969155,-0.2178824233349317,-0.2629381662719345,-0.17072027437852222,-0.08962529455603123,0.007854871613240624,0.12633392103996893,0.22591739556667015,0.2693107541689613,0.21019239423759284,0.3272766253546526,0.2813054500360016,0.32563565579629056,0.2236940817501713,0.12719076637067667,0.1661388123816953,0.0421140208043952,-0.048000873007733195,-0.1580984724921011,-0.23548267551746793"
211,9.81,3.4257989419108448,"0.0,0.1,0.2,0.30000000000000004,0.4,0.5,0.6000000000000001,0.7000000000000001,0.8,0.9,1.0,1.1,1.2000000000000002,1.3,1.4000000000000001,1.5,1.6,1.7000000000000002,1.8,1.9000000000000001,2.0,2.1,2.2,2.3000000000000003,2.4000000000000004,2.5,2.6,2.7,2.8000000000000003,2.9000000000000004,3.0,3.1,3.2,3.3000000000000003,3.4000000000000004,3.5,3.6,3.7,3.8000000000000003,3.9000000000000004,4.0,4.1000000000000005,4.2,4.3,4.4,4.5,4.6000000000000005,4.7,4.800000000000001,4.9,5.0,5.1000000000000005,5.2,5.300000000000001,5.4,5.5,5.6000000000000005,5.7,5.800000000000001,5.9,6.0,6.1000000000000005,6.2,6.300000000000001,6.4,6.5,6.6000000000000005,6.7,6.800000000000001,6.9,7.0,7.1000000000000005,7.2,7.300000000000001,7.4,7.5,7.6000000000000005,7.7,7.800000000000001,7.9,8.0,8.1,8.200000000000001,8.3,8.4,8.5,8.6,8.700000000000001,8.8,8.9,9.0,9.1,9.200000000000001,9.3,9.4,9.5,9.600000000000001,9.700000000000001,9.8,9.9,10.0","0.2837603356758994,0.30010658663977025,0.252798907230593,0.30962983539455974,0.30069497305587695,0.2724186880766993,0.13430220254369094,0.18595108412524602,0.015341406453439635,0.015823876476877153,-0.03049956366376705,-0.07570643341493995,-0.18825474753052582,-0.17618482730690266,-0.29225078426240214,-0.23044195949798402,-0.2726906660973683,-0.30043555717909975,-0.23555727591278558,-0.35049623082506126,-0.25365644998356374,-0.35435432328643834,-0.24529072056588458,-0.17555765063711357,-0.22627187902778384,-0.1423886776346462,-0.00630255260153724,-0.0665516605055862,0.007002800472002815,0.02361295041880626,0.1122899822823973,0.17966101235619364,0.21804036473611144,0.23915685612995327,0.2361828789567712,0.17202527586918578,0.2858283005772607,0.31123177912627153,0.3107549208404679,0.3352264756686537,0.2314214510133696,0.16558241336461685,0.1857977561238142,0.07612300530945704,0.18069054847406357,0.09419692414208936,0.07473482402522796,-0.056976780534570406,-0.10518636155206201,-0.10613510342461233,-0.09726379849667086,-0.19592836547187023,-0.12866857400892634,-0.2787841443898236,-0.24003957217094085,-0.2970167264159041,-0.22462880106017288,-0.41435816656403357,-0.2890124482600056,-0.2723038718736055,-0.22960567771092805,-0.1097038731783212,-0.14259263619854187,-0.23198135604825043,-0.042764440997266236,0.01693220917443177,0.0214420775618433,0.08525660722562449,0.16835936426768935,0.23522182649137063,0.22388321036639355,0.2770757651120502,0.33335906493361583,0.29823309485558,0.2774598290010284,0.30424071026861765,0.3694517988126859,0.17655988615757456,0.20719234081123367,0.20185919268080862,0.17704756150047443,0.24339475518759013,0.0630174125950452,0.018190437587832727,0.026144435845368727,0.020419417414681874,-0.10699971109156345,-0.1552713439712184,-0.14751705562133216,-0.22601641043254764,-0.19908792874969555,-0.288331411342848,-0.31253145932626164,-0.2976317922857964,-0.2289632907773757,-0.3549797117243533,-0.3280198920144784,-0.4765789061742003,-0.22622450644309441,-0.21078856084478403,-0.04281037877979811"
212,9.81,3.2746463431195703,"0.0,0.1,0.2,0.30000000000000004,0.4,0.5,0.6000000000000001,0.7000000000000001,0.8,0.9,1.0,1.1,1.2000000000000002,1.3,1.4000000000000001,1.5,1.6,1.7000000000000002,1.8,1.9000000000000001,2.0,2.1,2.2,2.3000000000000003,2.4000000000000004,2.5,2.6,2.7,2.8000000000000003,2.9000000000000004,3.0,3.1,3.2,3.3000000000000003,3.4000000000000004,3.5,3.6,3.7,3.8000000000000003,3.9000000000000004,4.0,4.1000000000000005,4.2,4.3,4.4,4.5,4.6000000000000005,4.7,4.800000000000001,4.9,5.0,5.1000000000000005,5.2,5.300000000000001,5.4,5.5,5.6000000000000005,5.7,5.800000000000001,5.9,6.0,6.1000000000000005,6.2,6.300000000000001,6.4,6.5,6.6000000000000005,6.7,6.800000000000001,6.9,7.0,7.1000000000000005,7.2,7.300000000000001,7.4,7.5,7.6000000000000005,7.7,7.800000000000001,7.9,8.0,8.1,8.200000000000001,8.3,8.4,8.5,8.6,8.700000000000001,8.8,8.9,9.0,9.1,9.200000000000001,9.3,9.4,9.5,9.600000000000001,9.700000000000001,9.8,9.9,10.0","0.30143549699508054,0.27418489054624784,0.2547219361103498,0.2554277841667641,0.21771267752652973,0.1340922405564453,0.19706529623826508,0.10943172797194856,0.06080486249313111,0.049328011838213545,0.035779424950471234,-0.12383263645211426,-0.1498837952443632,-0.14443461198694957,-0.1976944246311576,-0.2913432635311879,-0.3800620820131051,-0.3946463843455794,-0.25820240421871116,-0.3286221194479698,-0.29271903700595236,-0.26459115838895003,-0.1571825050857289,-0.15184548469082082,-0.18685226282327455,0.20850002567541043,0.040958010925877045,-0.11905871652408825,-0.0780996614862498,0.09524234004044878,0.058588957692212784,0.18307813366713607,0.1637378939254673,0.2003751658308206,0.2984883637701875,0.2744827811772364,0.30538303319823557,0.24874676179665084,0.37585101451113895,0.3007385885144288,0.32515948684469353,0.1946503010816591,0.16019099448675234,0.10864751204637191,0.022401342766316792,0.08449759857388403,-0.019624931650863382,0.04708965498799014,-0.12287008802489183,-0.15875772683018502,-0.2787061454616364,-0.23235679148898591,-0.3412517602822225,-0.18553707310124978,-0.2897460656348744,-0.1914955397826157,-0.21840202885952975,-0.2418460582253497,-0.13406685290014664,-0.28527960944073194,-0.2636246985290683,-0.1108485537760918,-0.10727251853662687,0.02066379814566381,0.0955017674216784,0.10042204707036329,0.09553480484839764,0.14407813607892903,0.2357746417440449,0.17462659121610197,0.29214755284339794,0.34341339786592073,0.3079418732231965,0.26272240232057054,0.2819763999683243,0.2662772091139845,0.2612552194665483,0.20817957031177847,0.16701760884749434,0.04914924619586046,0.1684385758087903,0.22494530519691297,-0.073388847312849,-0.05092070792688526,-0.29612006356917786,-0.16689306933211323,-0.15940914777012,-0.2908453166565722,-0.23257564578941156,-0.30236170098006576,-0.4235155918241488,-0.39627679032790813,-0.4213343885729337,-0.21579261260423732,-0.2559784967598994,-0.21199155653180543,-0.21629040985205597,-0.13787032247942071,-0.03707782524706214,-0.11079878117873987,-0.06028011882965909"
213,9.81,2.0219744382629745,"0.0,0.1,0.2,0.30000000000000004,0.4,0.5,0.6000000000000001,0.7000000000000001,0.8,0.9,1.0,1.1,1.2000000000000002,1.3,1.4000000000000001,1.5,1.6,1.7000000000000002,1.8,1.9000000000000001,2.0,2.1,2.2,2.3000000000000003,2.4000000000000004,2.5,2.6,2.7,2.8000000000000003,2.9000000000000004,3.0,3.1,3.2,3.3000000000000003,3.4000000000000004,3.5,3.6,3.7,3.8000000000000003,3.9000000000000004,4.0,4.1000000000000005,4.2,4.3,4.4,4.5,4.6000000000000005,4.7,4.800000000000001,4.9,5.0,5.1000000000000005,5.2,5.300000000000001,5.4,5.5,5.6000000000000005,5.7,5.800000000000001,5.9,6.0,6.1000000000000005,6.2,6.300000000000001,6.4,6.5,6.6000000000000005,6.7,6.800000000000001,6.9,7.0,7.1000000000000005,7.2,7.300000000000001,7.4,7.5,7.6000000000000005,7.7,7.800000000000001,7.9,8.0,8.1,8.200000000000001,8.3,8.4,8.5,8.6,8.700000000000001,8.8,8.9,9.0,9.1,9.200000000000001,9.3,9.4,9.5,9.600000000000001,9.700000000000001,9.8,9.9,10.0","0.17345254566422263,0.1546427665712715,0.24774436358183,0.23755100337230572,0.11872298010128819,0.14693824034415082,0.17615309950220226,-0.049520327559384986,-0.10612354663814284,-0.1773099647865463,-0.33240475928487273,-0.24585282046280804,-0.2684126623477513,-0.28165696156962444,-0.3176143457330636,-0.23807211374107895,-0.25480693879733585,-0.25366611442908704,-0.2909803632603837,-0.056250978158724624,-0.006683937684582336,-0.05239152217714867,0.02492414806271176,0.23971861575999598,0.21308152524900031,0.2178770028303854,0.19336911854487854,0.2611524149488454,0.32331319810461545,0.31966250768095456,0.20536305457691534,0.30257518971799335,0.2331805928891886,0.12839203944468236,0.13601737100623246,0.19824490988865937,0.0358343564411498,-0.05138126626747262,-0.09088277978910908,-0.19069147189830762,-0.19470613813332466,-0.28465855637157933,-0.2935035898060943,-0.27347108914259294,-0.2612918458288426,-0.28676212656412525,-0.27162514227930223,-0.21753511964228026,-0.13880257327071455,0.0991218208640228,-0.005183093141152308,0.1733676457009672,-0.006407246900187166,0.09539874566191334,0.31527831657347327,0.21731985474474658,0.28079436504592004,0.28537200522373657,0.3592293196927775,0.332570332954418,0.23846426095095735,0.30264552524702926,0.11884997265034486,0.09406763008265351,0.01233656666944044,-0.07137603896230305,-0.14953156427718267,-0.10062482716371005,-0.14222103816420245,-0.2810098154843566,-0.3355345786042741,-0.396434469891635,-0.22374876432665444,-0.22542143619126764,-0.2728376952382159,-0.23468530480942562,-0.1675173816435344,-0.07590673749147928,-0.10192217095375361,0.020442152146993214,0.11137949376783837,0.2029112613068047,0.2041461468580463,0.16304086731258322,0.21226065969176966,0.2436162114081895,0.27186407929906403,0.27012086635054,0.2247479045801136,0.22346728515205125,0.2154448093249593,0.09807678444020979,0.06087987286394436,-0.0032367247226111,-0.03724291227485618,-0.1745590490548179,-0.1501192387282642,-0.2609108127308061,-0.2544004984846209,-0.31978055578333503,-0.39691935755445784"
214,9.81,3.404279367725489,"0.0,0.1,0.2,0.30000000000000004,0.4,0.5,0.6000000000000001,0.7000000000000001,0.8,0.9,1.0,1.1,1.2000000000000002,1.3,1.4000000000000001,1.5,1.6,1.7000000000000002,1.8,1.9000000000000001,2.0,2.1,2.2,2.3000000000000003,2.4000000000000004,2.5,2.6,2.7,2.8000000000000003,2.9000000000000004,3.0,3.1,3.2,3.3000000000000003,3.4000000000000004,3.5,3.6,3.7,3.8000000000000003,3.9000000000000004,4.0,4.1000000000000005,4.2,4.3,4.4,4.5,4.6000000000000005,4.7,4.800000000000001,4.9,5.0,5.1000000000000005,5.2,5.300000000000001,5.4,5.5,5.6000000000000005,5.7,5.800000000000001,5.9,6.0,6.1000000000000005,6.2,6.300000000000001,6.4,6.5,6.6000000000000005,6.7,6.800000000000001,6.9,7.0,7.1000000000000005,7.2,7.300000000000001,7.4,7.5,7.6000000000000005,7.7,7.800000000000001,7.9,8.0,8.1,8.200000000000001,8.3,8.4,8.5,8.6,8.700000000000001,8.8,8.9,9.0,9.1,9.200000000000001,9.3,9.4,9.5,9.600000000000001,9.700000000000001,9.8,9.9,10.0","0.30159989226970835,0.21919660539376717,0.22781638650810382,0.4130076018362542,0.23138253321924587,0.1834486933361572,-0.07338583515702501,0.13745788154073973,-0.029055217841036388,0.0805000754740832,0.015687855500339708,-0.13397941303971114,-0.12235380238484962,-0.2346478670746372,-0.26863142224602926,-0.35757769022160746,-0.19236121527311378,-0.2309207132305735,-0.16624073465688716,-0.3203319638074957,-0.37126744265907957,-0.2635091489140733,-0.1423910616807656,-0.2193871355303837,-0.19374584329280634,-0.15722364494865404,-0.06792742010050179,-0.07874583394599817,0.05834491156115106,0.0032653765326348186,0.09396926402602548,0.15731302657693755,0.22983847040394648,0.18759172603485208,0.19607933083217857,0.17140082232728848,0.3106653439446281,0.3007574345222408,0.32907213163781823,0.32868145879302324,0.3674956862576667,0.1743755157062688,0.20373271722294922,0.13985951913467826,0.14579474121806427,0.05274108198340691,0.032711131698768665,0.11214573083169854,-0.03643082698388096,-0.03994307060174859,-0.21604476344570422,-0.12566127484686895,-0.23405447268708854,-0.05923017232269012,-0.20946731611141625,-0.2765807083717037,-0.30868409567757527,-0.3887064408323474,-0.359827587039253,-0.12119121274652328,-0.2380639557270514,-0.15438179291271215,-0.08671331899644635,-0.17334064841664476,-0.06398244133412936,0.04091245465431828,0.036748758028396444,0.0609658544572358,0.1972657266439851,0.2023856847569628,0.21876815203069377,0.17177003695563317,0.4012220313708917,0.2822193414005801,0.31922233507165565,0.3851003207805283,0.37136376269223137,0.19762228222225112,0.18203861915789987,0.21790397363383318,0.12679254814500068,0.15126700935962165,0.07096343756475937,0.07292338410464988,0.018815591509952084,-0.0980753120760226,-0.13037032820545474,-0.16373481271031085,-0.21735189855698508,-0.24531451196052056,-0.2531753769193473,-0.3190248991555936,-0.29965342534876843,-0.2945658760918776,-0.28785949340358036,-0.23977538947721602,-0.341042749678405,-0.2964341621977916,-0.2503198552026664,-0.17706659795974916,-0.25587043681724686"
215,9.81,2.399983410430607,"0.0,0.1,0.2,0.30000000000000004,0.4,0.5,0.6000000000000001,0.7000000000000001,0.8,0.9,1.0,1.1,1.2000000000000002,1.3,1.4000000000000001,1.5,1.6,1.7000000000000002,1.8,1.9000000000000001,2.0,2.1,2.2,2.3000000000000003,2.4000000000000004,2.5,2.6,2.7,2.8000000000000003,2.9000000000000004,3.0,3.1,3.2,3.3000000000000003,3.4000000000000004,3.5,3.6,3.7,3.8000000000000003,3.9000000000000004,4.0,4.1000000000000005,4.2,4.3,4.4,4.5,4.6000000000000005,4.7,4.800000000000001,4.9,5.0,5.1000000000000005,5.2,5.300000000000001,5.4,5.5,5.6000000000000005,5.7,5.800000000000001,5.9,6.0,6.1000000000000005,6.2,6.300000000000001,6.4,6.5,6.6000000000000005,6.7,6.800000000000001,6.9,7.0,7.1000000000000005,7.2,7.300000000000001,7.4,7.5,7.6000000000000005,7.7,7.800000000000001,7.9,8.0,8.1,8.200000000000001,8.3,8.4,8.5,8.6,8.700000000000001,8.8,8.9,9.0,9.1,9.200000000000001,9.3,9.4,9.5,9.600000000000001,9.700000000000001,9.8,9.9,10.0","0.2884476801070334,0.2199388736324286,0.3129052400413445,0.30638405901393306,0.1927810335176516,0.15646057396632035,0.12841044771030208,0.06321976215559323,-0.07595122553918737,-0.01606125400127755,-0.10926920452369104,-0.20454176989643483,-0.24890166711194894,-0.19595711327763798,-0.32176646138545,-0.2562854564281347,-0.30467582511237673,-0.4506173241107161,-0.295811436801515,-0.234621786647532,-0.1633888085676229,-0.18069157915803385,-0.08800413155620421,0.026012241511790823,0.006759561252769001,0.16554483336587653,0.11936693898596523,0.1989191432079731,0.1508553141220657,0.3153389590326062,0.26506874088439286,0.24351447588782632,0.26237265599387666,0.28656945577454246,0.27390859203810775,0.24074488523523138,0.2028443708309427,0.11947280988003092,0.003423855909963344,0.0556365790527704,-0.06846418107694659,-0.1462960369196096,-0.10628344899866296,-0.24870525284075992,-0.31596490134595034,-0.2338420716101702,-0.2968161600634788,-0.3615457622649374,-0.20997717836019641,-0.32096963884747964,-0.22449927848000473,-0.08474005634563969,-0.1526711003010665,-0.05655678193541315,-0.12183311306101124,0.08292608061515505,0.21077707671203702,0.18642955426910324,0.23073537123987842,0.22011726193809944,0.27414226059362834,0.28053226716517565,0.334103674327066,0.348745792067906,0.3075071675423706,0.1686319098735773,0.13751987032502377,0.17341015846400376,0.1323943177257902,0.06400161973500054,0.037465408271299225,0.033472172671770335,-0.06071033377222879,-0.15122600651020474,-0.14511334217684607,-0.2555787489519337,-0.21857277678166992,-0.14675654571590022,-0.23101075500048918,-0.3091362960598002,-0.3982079355203141,-0.34177443941176133,-0.22320745848513365,-0.11489763237589275,-0.13445568314755646,-0.0349824260177446,0.07192311809586317,0.04050232045201049,0.17673688359130524,0.14203708530900233,0.1465393848183455,0.2629675220308977,0.274964638223199,0.38856377776483947,0.29970816695423225,0.3440954036321022,0.2296607354051175,0.3761269875532607,0.17433055720203391,0.10391989275667515,0.041448142283999234"
216,9.81,4.460877317670379,"0.0,0.1,0.2,0.30000000000000004,0.4,0.5,0.6000000000000001,0.7000000000000001,0.8,0.9,1.0,1.1,1.2000000000000002,1.3,1.4000000000000001,1.5,1.6,1.7000000000000002,1.8,1.9000000000000001,2.0,2.1,2.2,2.3000000000000003,2.4000000000000004,2.5,2.6,2.7,2.8000000000000003,2.9000000000000004,3.0,3.1,3.2,3.3000000000000003,3.4000000000000004,3.5,3.6,3.7,3.8000000000000003,3.9000000000000004,4.0,4.1000000000000005,4.2,4.3,4.4,4.5,4.6000000000000005,4.7,4.800000000000001,4.9,5.0,5.1000000000000005,5.2,5.300000000000001,5.4,5.5,5.6000000000000005,5.7,5.800000000000001,5.9,6.0,6.1000000000000005,6.2,6.300000000000001,6.4,6.5,6.6000000000000005,6.7,6.800000000000001,6.9,7.0,7.1000000000000005,7.2,7.300000000000001,7.4,7.5,7.6000000000000005,7.7,7.800000000000001,7.9,8.0,8.1,8.200000000000001,8.3,8.4,8.5,8.6,8.700000000000001,8.8,8.9,9.0,9.1,9.200000000000001,9.3,9.4,9.5,9.600000000000001,9.700000000000001,9.8,9.9,10.0","0.31910116922401593,0.2840411641509601,0.22677529555215603,0.2113469158237195,0.23144909237143194,0.11717183172242482,0.26023594873455946,0.28866306232625477,0.2824972860184799,0.09856819566231544,0.03782172796325689,0.023965929280046958,-0.18012670887226587,-0.1501452609816319,-0.1221698150830026,-0.1461436330917902,-0.2914386018228079,-0.3052719067307297,-0.29422006537428935,-0.32981405709830464,-0.3249105708188351,-0.32279116088890303,-0.29941070691305055,-0.29669045512926695,-0.22513394083228225,-0.245793772974233,-0.2906924913909817,-0.20947460807793114,-0.11384925531935162,-0.21242777000212057,-0.14748141053697977,0.04159216933467,0.03156097565975148,0.05041121650960417,0.15989726832283968,0.2026565116370779,0.15913404811367263,0.3688939129393586,0.19319689343449975,0.3646609239780139,0.3353454721210104,0.2981529027911075,0.45476097520178826,0.28062875425438766,0.23485941613263323,0.20646099629304898,0.19720496656697106,0.31158417319920567,0.24685681340105142,0.1561632554728985,0.10285759428818883,-0.000630713035703015,0.10339836079944704,-0.05906389459404136,-0.03134316006558247,-0.07976271166821579,-0.00876401081086331,-0.1867902711064589,-0.2323400034371802,-0.22694296855779447,-0.25153441440693236,-0.296954120278471,-0.28072246636016185,-0.3050732935357736,-0.4481084190962924,-0.1721047176719474,-0.27049387271141817,-0.28498800406737473,-0.2614822378900078,-0.14984786572098457,-0.16971988827810916,-0.09688167918504272,0.007563314923807449,-0.01765905144986976,-0.013050413768639614,0.0611272705841857,0.040230348897939,0.14030153062201034,0.10784013257703735,0.1779320361653832,0.2322611868935523,0.2341024585201189,0.20321590939374914,0.30218304276051167,0.21247421923574805,0.2871483147279377,0.3363619240803964,0.33841056631866867,0.21883228000845048,0.22792163075616007,0.2305780682069833,0.1893498720884151,0.0879209227815216,0.06606713038972475,0.04707991708248763,0.08629545358892196,-0.09450268181025512,-0.10422992287037716,-0.08364753292419037,-0.17524154857415059,-0.14798005979286957"
217,9.81,2.182660627951938,"0.0,0.1,0.2,0.30000000000000004,0.4,0.5,0.6000000000000001,0.7000000000000001,0.8,0.9,1.0,1.1,1.2000000000000002,1.3,1.4000000000000001,1.5,1.6,1.7000000000000002,1.8,1.9000000000000001,2.0,2.1,2.2,2.3000000000000003,2.4000000000000004,2.5,2.6,2.7,2.8000000000000003,2.9000000000000004,3.0,3.1,3.2,3.3000000000000003,3.4000000000000004,3.5,3.6,3.7,3.8000000000000003,3.9000000000000004,4.0,4.1000000000000005,4.2,4.3,4.4,4.5,4.6000000000000005,4.7,4.800000000000001,4.9,5.0,5.1000000000000005,5.2,5.300000000000001,5.4,5.5,5.6000000000000005,5.7,5.800000000000001,5.9,6.0,6.1000000000000005,6.2,6.300000000000001,6.4,6.5,6.6000000000000005,6.7,6.800000000000001,6.9,7.0,7.1000000000000005,7.2,7.300000000000001,7.4,7.5,7.6000000000000005,7.7,7.800000000000001,7.9,8.0,8.1,8.200000000000001,8.3,8.4,8.5,8.6,8.700000000000001,8.8,8.9,9.0,9.1,9.200000000000001,9.3,9.4,9.5,9.600000000000001,9.700000000000001,9.8,9.9,10.0","0.15925400880514623,0.3456156605252119,0.3113279875213423,0.2161049866100041,0.18193507763493502,0.16715620541469747,0.09109512258112352,0.03339528987211662,-0.14361080374044052,-0.11212229445265426,-0.2637264025062175,-0.22092023578726,-0.2470797943793448,-0.29316391988436075,-0.29412690661326435,-0.3787158760998214,-0.25654661911418225,-0.28864968595830526,-0.2701689807861462,-0.15227137320801126,-0.1015942851394076,-0.08102856578559979,-0.04500021253363791,0.0439576982388913,0.1188328155931712,0.23138232532279274,0.21551978486814594,0.2719235034970361,0.3111267266107786,0.5565503868229926,0.22473081250824725,0.2388343878653572,0.23851150599889853,0.19916158186776178,0.20519501989800457,0.12198337229590092,0.15990569658962192,0.03286074100304988,-0.08310474271629503,-0.08296341606530531,-0.15353920387504724,-0.2056172369233978,-0.18768166598262392,-0.2935297317637873,-0.46882941732110506,-0.32891898372603146,-0.2982204904147917,-0.24589759705078953,-0.2118990098764325,-0.14305725774750888,-0.13570232499854487,-0.06556775661728717,0.04511216868306845,0.06832380685179207,0.1568142290779756,0.1622561201229437,0.20863731145547454,0.30671514718161635,0.10868153427537852,0.2921021494779534,0.3061286466151263,0.2715568450018122,0.2027301683281568,0.29145779448388265,0.2727007541851181,0.10927033460907086,0.06335420581454519,-0.11048482824948003,-0.09254989664499302,-0.14037534870626597,-0.20979184519246788,-0.2607920141136895,-0.18004745060341398,-0.429914523691432,-0.19670354344072344,-0.1282756759294775,-0.22828860289999053,-0.2626719836690166,-0.10810303039940232,-0.35058749722822735,-0.13213826620489713,0.13823245903896292,-0.04601746396836508,0.05130906471156729,0.12266869509420142,0.1946081266458959,0.1754409801468855,0.15186940275322297,0.3952145228930445,0.30126198891558587,0.24908685423736854,0.27589504802306636,0.23392104322534357,0.17218053120741575,0.26377420858341355,0.11939517663010213,0.03329762255944934,0.0714051999950434,-0.15795754724210231,-0.10849411231081088,-0.292009867185827"
218,9.81,3.7068317261559445,"0.0,0.1,0.2,0.30000000000000004,0.4,0.5,0.6000000000000001,0.7000000000000001,0.8,0.9,1.0,1.1,1.2000000000000002,1.3,1.4000000000000001,1.5,1.6,1.7000000000000002,1.8,1.9000000000000001,2.0,2.1,2.2,2.3000000000000003,2.4000000000000004,2.5,2.6,2.7,2.8000000000000003,2.9000000000000004,3.0,3.1,3.2,3.3000000000000003,3.4000000000000004,3.5,3.6,3.7,3.8000000000000003,3.9000000000000004,4.0,4.1000000000000005,4.2,4.3,4.4,4.5,4.6000000000000005,4.7,4.800000000000001,4.9,5.0,5.1000000000000005,5.2,5.300000000000001,5.4,5.5,5.6000000000000005,5.7,5.800000000000001,5.9,6.0,6.1000000000000005,6.2,6.300000000000001,6.4,6.5,6.6000000000000005,6.7,6.800000000000001,6.9,7.0,7.1000000000000005,7.2,7.300000000000001,7.4,7.5,7.6000000000000005,7.7,7.800000000000001,7.9,8.0,8.1,8.200000000000001,8.3,8.4,8.5,8.6,8.700000000000001,8.8,8.9,9.0,9.1,9.200000000000001,9.3,9.4,9.5,9.600000000000001,9.700000000000001,9.8,9.9,10.0","0.3308502899703233,0.31545029635467675,0.25130878074122553,0.2548461774981656,0.1665020106189229,0.18097371167185672,0.02673538105567963,0.2217722193043761,0.07645193324018557,0.11228025259565125,0.16547381876359965,-0.13403466978283807,-0.07846128015596912,-0.19408137284223137,-0.2708385854162474,-0.29343321127654204,-0.3481278033612723,-0.31247378750522875,-0.3378528808246389,-0.2979532131498091,-0.3260036248838306,-0.30551809705412386,-0.13648987994147577,-0.3012532657001726,-0.2666968425276894,-0.14626380203754968,-0.05185915357067322,-0.09942046952531863,-0.0941336183699244,-0.1489564738396393,-0.03548717104675817,0.11056789929319723,0.12695470016233074,0.19646596178029746,0.24732801516782,0.4857418806489029,0.2940312194971842,0.22872496802357697,0.22795084810240362,0.25089860609035064,0.29025213451950005,0.3287308718467551,0.24436763694055733,0.25499960811827693,0.15961302196650526,0.08241903961716122,0.10449870713682108,0.08833655277976434,-0.05635220896629867,-0.12044521912457243,-0.04082297120177245,-0.10303106496276672,-0.12946577490670247,-0.20794364918460123,-0.26946770855634294,-0.26611550815017165,-0.2155217299909608,-0.20397218285914862,-0.3694542038880677,-0.3661456729559595,-0.25770292794383004,-0.2738737304953214,-0.19980942835294957,-0.1957465001166867,-0.18184707763313257,-0.133159524462545,-0.12542063854016974,-0.143520191208905,0.06482096809355473,0.058433168906387854,0.21408896333319372,0.24571916003011085,0.19135732476836492,0.21260985996546572,0.1652526254888531,0.20140411895512758,0.2603725489118177,0.3229111299570902,0.30879227144933125,0.24501892177507295,0.34539695428174544,0.27940764524485184,0.2474513274880153,0.15192179383274146,0.16215983695444336,0.10820747038737764,0.08627079999544568,0.14507055421485038,-0.0516771166750606,-0.1042231574943284,-0.03132354534773872,-0.16264138711106252,-0.17165271451112896,-0.1618672209979189,-0.27664977441912747,-0.2753827368293743,-0.3365698932504154,-0.2805146591353516,-0.36518064418106694,-0.28951320991869894,-0.29110878418550745"
219,9.81,3.17818640724521,"0.0,0.1,0.2,0.30000000000000004,0.4,0.5,0.6000000000000001,0.7000000000000001,0.8,0.9,1.0,1.1,1.2000000000000002,1.3,1.4000000000000001,1.5,1.6,1.7000000000000002,1.8,1.9000000000000001,2.0,2.1,2.2,2.3000000000000003,2.4000000000000004,2.5,2.6,2.7,2.8000000000000003,2.9000000000000004,3.0,3.1,3.2,3.3000000000000003,3.4000000000000004,3.5,3.6,3.7,3.8000000000000003,3.9000000000000004,4.0,4.1000000000000005,4.2,4.3,4.4,4.5,4.6000000000000005,4.7,4.800000000000001,4.9,5.0,5.1000000000000005,5.2,5.300000000000001,5.4,5.5,5.6000000000000005,5.7,5.800000000000001,5.9,6.0,6.1000000000000005,6.2,6.300000000000001,6.4,6.5,6.6000000000000005,6.7,6.800000000000001,6.9,7.0,7.1000000000000005,7.2,7.300000000000001,7.4,7.5,7.6000000000000005,7.7,7.800000000000001,7.9,8.0,8.1,8.200000000000001,8.3,8.4,8.5,8.6,8.700000000000001,8.8,8.9,9.0,9.1,9.200000000000001,9.3,9.4,9.5,9.600000000000001,9.700000000000001,9.8,9.9,10.0","0.26373674075237086,0.26313378319573594,0.27279609749013883,0.1259786510969004,0.22036162245480262,0.237009991195633,0.1411981114663219,0.04103556977516144,-0.014224344466645125,0.08320780332096123,-0.0231841338752899,-0.12516825481803595,-0.15897679968557418,-0.1402199671368592,-0.18354420812726185,-0.25847134929523663,-0.29343095231118643,-0.3184780493276003,-0.293478590530691,-0.2794673297660405,-0.33388051589183915,-0.28216060287118994,-0.14598220648825616,-0.2626430654275406,-0.07946139057112273,0.09895880031938381,0.013108525070540056,-0.06743866633278958,0.12954406831826354,0.0943529754002852,0.11519094755675988,0.15762165366465725,0.2194016130071936,0.29094405140096957,0.283218963985136,0.276925590688234,0.2980542500519893,0.23412193273910964,0.19382991458509427,0.2644542628001444,0.3175173687916784,0.15682700648038045,0.13662083155943008,0.11897618424405645,0.05201498977546351,-0.003067043532446743,-0.04215356166936121,-0.10917825265575669,-0.18594970804885647,-0.2076623325547774,-0.2308185351821031,-0.44871324064297025,-0.2951047040370963,-0.3940342980119812,-0.27319277374158374,-0.22228848869779916,-0.285017811471135,-0.3243918084985207,-0.16339959665834752,-0.25720756427008,-0.17794485771677396,-0.10435604448070052,-0.042552020985622926,0.08127029793088769,0.08263512171458956,0.1585656097887989,0.1291278018460543,0.2788294404345334,0.2622353089517285,0.229402564498256,0.28037551086570695,0.2258843845365071,0.2108161302659958,0.4160506995370284,0.4591351148986357,0.2379487068214744,0.21586744246645662,0.21581786495530902,0.0897007899549854,0.11805130458868657,0.08239654808108188,0.07043819475590674,-0.10034122835474314,-0.22266512855064918,-0.07879821872120324,-0.13183317350362866,-0.13084221239715296,-0.1654465681218002,-0.2524014845508111,-0.26874369503402645,-0.33827363358924456,-0.4374513631336918,-0.3896988104596733,-0.21879095083221398,-0.1892925283917832,-0.16261615359191742,-0.17295545130723683,-0.01987713555890981,0.06202422390579229,-0.05799877894966687,0.006623530979295356"
220,9.81,2.8577895503247333,"0.0,0.1,0.2,0.30000000000000004,0.4,0.5,0.6000000000000001,0.7000000000000001,0.8,0.9,1.0,1.1,1.2000000000000002,1.3,1.4000000000000001,1.5,1.6,1.7000000000000002,1.8,1.9000000000000001,2.0,2.1,2.2,2.3000000000000003,2.4000000000000004,2.5,2.6,2.7,2.8000000000000003,2.9000000000000004,3.0,3.1,3.2,3.3000000000000003,3.4000000000000004,3.5,3.6,3.7,3.8000000000000003,3.9000000000000004,4.0,4.1000000000000005,4.2,4.3,4.4,4.5,4.6000000000000005,4.7,4.800000000000001,4.9,5.0,5.1000000000000005,5.2,5.300000000000001,5.4,5.5,5.6000000000000005,5.7,5.800000000000001,5.9,6.0,6.1000000000000005,6.2,6.300000000000001,6.4,6.5,6.6000000000000005,6.7,6.800000000000001,6.9,7.0,7.1000000000000005,7.2,7.300000000000001,7.4,7.5,7.6000000000000005,7.7,7.800000000000001,7.9,8.0,8.1,8.200000000000001,8.3,8.4,8.5,8.6,8.700000000000001,8.8,8.9,9.0,9.1,9.200000000000001,9.3,9.4,9.5,9.600000000000001,9.700000000000001,9.8,9.9,10.0","0.2530762682083692,0.24231456775086443,0.3452590796867292,0.10851983254680922,0.19481637214199732,0.11799890564758755,0.20104582452672745,0.1575314794063671,0.0676552562445652,-0.10972832970350677,-0.07632835302597459,-0.20143816359955508,-0.15993378810050068,-0.22601661616553193,-0.27608776287431835,-0.2530388209436183,-0.4800679427714319,-0.5241396126675444,-0.14465771009915257,-0.19890394751890636,-0.3123585725111087,-0.28136284179335536,-0.1641771493269639,-0.1309754029494088,-0.0007023897833054044,0.022312797944709493,0.0031955227326598452,0.08898202133218738,0.22772392560855403,0.1981152221944903,0.27996632941571375,0.3274790105828878,0.22262496008208252,0.29559117288007897,0.333778379993473,0.1954022782368506,0.27267234452295297,0.2438410780562602,0.2096518375074578,-0.1852743369922871,0.21149093082485027,0.06304926633084243,0.0077486786746936015,-0.01779212139581351,-0.07914182959305194,-0.11855764333971759,-0.15272155082188385,-0.23281370423198575,-0.3308349121445928,-0.3152972964384119,-0.25172631850315375,-0.339816482657145,-0.30964257544868967,-0.25329472154749033,-0.27798531167633117,-0.2586205891975518,-0.159600872577928,-0.15310480875886143,-0.11768769653352472,-0.05221215839141927,0.0242726684033986,0.03918243148424028,0.1667070553074617,0.1456147710441732,0.17884448112841728,0.2110681237822816,0.2944410136899493,0.3197740995030909,0.4482921005224801,0.3189830686602669,0.20685980455632735,0.288870893360361,0.25857570291393017,0.2578105443278562,0.22748346203359532,0.09367055809806062,0.07150308642487604,-0.16011460673818695,-0.043087974171582014,-0.20402065065509817,-0.1680940812542541,-0.23151514333407708,-0.1953072795458263,-0.27136043078625804,-0.33332957112299205,-0.3130871990845435,-0.23990295074399892,-0.2320616250469266,-0.2986482235601261,-0.196958708319669,-0.1857539071363445,-0.1542063900193216,-0.12797812773625628,0.026789883729769294,0.08121971446448835,0.1109341227197278,0.1538445097781613,0.2723731916350483,0.3327417780744456,0.2783016874250571,0.3432567206511398"
221,9.81,4.954122267458334,"0.0,0.1,0.2,0.30000000000000004,0.4,0.5,0.6000000000000001,0.7000000000000001,0.8,0.9,1.0,1.1,1.2000000000000002,1.3,1.4000000000000001,1.5,1.6,1.7000000000000002,1.8,1.9000000000000001,2.0,2.1,2.2,2.3000000000000003,2.4000000000000004,2.5,2.6,2.7,2.8000000000000003,2.9000000000000004,3.0,3.1,3.2,3.3000000000000003,3.4000000000000004,3.5,3.6,3.7,3.8000000000000003,3.9000000000000004,4.0,4.1000000000000005,4.2,4.3,4.4,4.5,4.6000000000000005,4.7,4.800000000000001,4.9,5.0,5.1000000000000005,5.2,5.300000000000001,5.4,5.5,5.6000000000000005,5.7,5.800000000000001,5.9,6.0,6.1000000000000005,6.2,6.300000000000001,6.4,6.5,6.6000000000000005,6.7,6.800000000000001,6.9,7.0,7.1000000000000005,7.2,7.300000000000001,7.4,7.5,7.6000000000000005,7.7,7.800000000000001,7.9,8.0,8.1,8.200000000000001,8.3,8.4,8.5,8.6,8.700000000000001,8.8,8.9,9.0,9.1,9.200000000000001,9.3,9.4,9.5,9.600000000000001,9.700000000000001,9.8,9.9,10.0","0.323919920531538,0.2542448868401681,0.2639831073508329,0.3461964236778503,0.21259157482955576,0.2536026941026841,0.22188353599832628,0.26365397128197665,0.032579183132745174,0.04625327396131096,0.010870708201870513,0.045794351754119555,-0.02372503829954037,-0.15132382614960005,-0.05290835695925137,-0.13528583181958262,-0.16425918941128426,-0.2312501697378964,-0.32229193407913304,-0.21201194559555453,-0.30136082470713654,-0.26342961523697667,-0.3211001183395131,-0.3139611295362592,-0.29569645424177454,-0.33223033924016576,-0.2587185537959709,-0.1552944528094442,-0.186330197892693,-0.27572313415166605,-0.1583500696658432,-0.1461307022826013,-0.07636281081998335,-0.10283605722724018,0.15171185042397983,0.0473978996364893,0.11964712290510406,0.11113193842364488,0.182764550824571,0.208502409346399,0.2285655690316418,0.2594417522884727,0.24133426483803602,0.26528536637104067,0.3267615305470779,0.33141484386725,0.38772925570878364,0.32987128995435844,0.36655529517458146,0.21219038423149494,0.13914923082356906,0.24255624876533444,0.14403775989816822,0.09203390003762493,0.1527769980781691,0.06880885325983065,0.04055024674376954,-0.030209617657826367,-0.08385584936555678,-0.08002277088792967,-0.14430098012838152,-0.1917298833303794,-0.17586304545377884,-0.23362136201924433,-0.35247568468484386,-0.289769951810935,-0.24618087097694513,-0.36817575580327827,-0.33792942863433145,-0.2983873161343311,-0.2910837627839509,-0.22878968612711426,-0.3661816727138225,-0.1682934361022116,-0.23072402516660287,-0.16211357004882077,-0.18524876427690798,-0.05976567644556877,-0.048777819497271224,-0.005188858346692953,0.1868874999394154,0.13133993584278422,0.14780242897260937,0.12394538645559351,0.24794834411824346,0.2666766118244879,0.28672968101802043,0.2925761413764483,0.38526309167915307,0.32761717161192205,0.288884052024371,0.20306841686427476,0.2517326945207967,0.25834290918390934,0.15459723349059099,0.16500572078404616,0.3121971112900725,0.14218704009924446,0.10268032675472859,-0.04332308932449645,0.06122471410308859"
222,9.81,4.981008483632801,"0.0,0.1,0.2,0.30000000000000004,0.4,0.5,0.6000000000000001,0.7000000000000001,0.8,0.9,1.0,1.1,1.2000000000000002,1.3,1.4000000000000001,1.5,1.6,1.7000000000000002,1.8,1.9000000000000001,2.0,2.1,2.2,2.3000000000000003,2.4000000000000004,2.5,2.6,2.7,2.8000000000000003,2.9000000000000004,3.0,3.1,3.2,3.3000000000000003,3.4000000000000004,3.5,3.6,3.7,3.8000000000000003,3.9000000000000004,4.0,4.1000000000000005,4.2,4.3,4.4,4.5,4.6000000000000005,4.7,4.800000000000001,4.9,5.0,5.1000000000000005,5.2,5.300000000000001,5.4,5.5,5.6000000000000005,5.7,5.800000000000001,5.9,6.0,6.1000000000000005,6.2,6.300000000000001,6.4,6.5,6.6000000000000005,6.7,6.800000000000001,6.9,7.0,7.1000000000000005,7.2,7.300000000000001,7.4,7.5,7.6000000000000005,7.7,7.800000000000001,7.9,8.0,8.1,8.200000000000001,8.3,8.4,8.5,8.6,8.700000000000001,8.8,8.9,9.0,9.1,9.200000000000001,9.3,9.4,9.5,9.600000000000001,9.700000000000001,9.8,9.9,10.0","0.34629427776760574,0.3128664881342405,0.32093565940292196,0.2941314242751511,0.11805761888409913,0.26298820333399875,0.18325739197515742,0.15208865840852456,0.1269458371075042,0.10852609811736187,0.06873944301576568,0.09864861988942489,-0.09475955596786637,-0.11015225949543925,-0.053866582019771604,-0.10050665549757393,-0.16258782764412066,-0.22189289548514607,-0.2276602472243838,-0.27156497991484474,-0.320932270355897,-0.32046377377821916,-0.3131867647504845,-0.38533125428597603,-0.2379523072736509,-0.27045807262137844,-0.1118624951805636,-0.1604878841625613,-0.15990635065024994,-0.20293230972720544,-0.14939274424064544,-0.14112584369282574,-0.12909780660124426,0.04740689344748224,-0.019712764691228804,0.07352378887782496,0.06380357457538041,0.12277418338873555,0.1409896932475007,0.20093760901021368,0.2610443799776656,0.28874866821955836,0.3015474029755378,0.36854377240665037,0.23355947283096115,0.30972518579237757,0.30305789270086364,0.3904092213336711,0.28356090241712884,0.24919102134254764,0.26407575292337715,0.21161423429647608,0.14347977899872208,0.1725644844701288,0.09108690693398742,0.046161030396327844,0.00733665374225371,-0.05952156201928106,-0.015411941748602595,-0.14338249682195647,-0.1015544257218958,-0.20196081058717696,-0.2642016277095266,-0.24145373452491314,-0.2981733912548584,-0.2849918163728599,-0.3396911861955648,-0.27950814970039095,-0.22839213366352673,-0.415515903410999,-0.2589984744117054,-0.32080527222523125,-0.2947434736699798,-0.22542037056353428,-0.23230037177210133,-0.12399903359499885,-0.1275483365409596,-0.06031785325503553,0.05785939128104886,0.0904105518141342,0.0675889237512761,0.09577764448580765,0.2634050929721608,0.08910797836316289,0.2432206707658207,0.184486607909442,0.3805331794104799,0.2509575425410961,0.3176072283885678,0.41559927780180383,0.2841574063294813,0.2611455879822103,0.23239912938524124,0.27976317301561937,0.14245488202851553,0.2215111395921103,0.20782522208152987,0.18185232393089784,0.11638389015038222,0.08015160842252698,0.019741737972175058"
223,9.81,0.5270433238361756,"0.0,0.1,0.2,0.30000000000000004,0.4,0.5,0.6000000000000001,0.7000000000000001,0.8,0.9,1.0,1.1,1.2000000000000002,1.3,1.4000000000000001,1.5,1.6,1.7000000000000002,1.8,1.9000000000000001,2.0,2.1,2.2,2.3000000000000003,2.4000000000000004,2.5,2.6,2.7,2.8000000000000003,2.9000000000000004,3.0,3.1,3.2,3.3000000000000003,3.4000000000000004,3.5,3.6,3.7,3.8000000000000003,3.9000000000000004,4.0,4.1000000000000005,4.2,4.3,4.4,4.5,4.6000000000000005,4.7,4.800000000000001,4.9,5.0,5.1000000000000005,5.2,5.300000000000001,5.4,5.5,5.6000000000000005,5.7,5.800000000000001,5.9,6.0,6.1000000000000005,6.2,6.300000000000001,6.4,6.5,6.6000000000000005,6.7,6.800000000000001,6.9,7.0,7.1000000000000005,7.2,7.300000000000001,7.4,7.5,7.6000000000000005,7.7,7.800000000000001,7.9,8.0,8.1,8.200000000000001,8.3,8.4,8.5,8.6,8.700000000000001,8.8,8.9,9.0,9.1,9.200000000000001,9.3,9.4,9.5,9.600000000000001,9.700000000000001,9.8,9.9,10.0","0.3583736175491104,0.24315093464054627,0.23345177893589975,0.02873524147016586,-0.08227366694872727,-0.18636743477660977,-0.220937680951626,-0.36539741779234064,-0.3097749300458614,-0.25752960419724763,-0.17467746082931557,-0.16892161860805402,0.3240562107032193,0.20969210045629544,0.2854398305375582,0.24664223156142717,0.21684982094586944,0.1732094578957326,0.10822756127627506,-0.13700013355188406,-0.30691843554237086,-0.33122966669497006,-0.29707395651324603,-0.2727210562129015,-0.18931774179783262,0.016270508375378863,-0.027622598660348205,0.17758890215709353,0.2806993484991273,0.24164041404521425,0.24603738798327654,0.23946857216384254,0.07896718941783173,-0.12103820472069557,-0.1471942965779226,-0.2933005554770162,-0.41152299091938155,-0.40795170819238596,-0.2751145390824171,-0.029638733681171314,-0.036271147175889716,0.1647926200910382,0.12949619350554528,0.38701907507341127,0.3313877601034995,0.3116549415290173,0.10749255669557248,-0.10338453870603662,-0.17977554015454905,-0.18312277693737383,-0.2787021290529475,-0.4948459928612747,-0.3413573030873399,-0.2760094513491207,-0.0895673404583677,0.006897034421232046,0.2553655973388666,0.2540935213461715,0.35181639934769965,0.3172005478932299,0.30877423734584275,0.08028478540877097,0.03422978151113755,-0.06570963829219825,-0.28485607730273804,-0.30301045663113624,-0.2529828044738097,-0.22265563903018115,-0.11165745934399467,-0.011348767354058065,0.09012524364482984,0.3003111680937093,0.26721704253367273,0.35724090039955325,0.3330424038999266,0.17034046907384615,0.05199972019407803,-0.08407539753670841,-0.2569910140511684,-0.2779454883596684,-0.30008266751288537,-0.16981618953168207,-0.27762230385596426,-0.14436475128504667,0.16915844483482417,0.2279156892797677,0.2342288891989624,0.35921482392563,0.3331117987290728,0.22514513459002905,0.08584760679416084,0.08378757624366921,-0.1795724877796119,-0.1650396930541227,-0.34531430486240283,-0.30191000330440687,-0.21819334140349173,-0.12569393858679906,0.11247963587852455,0.06314577156229098,0.12849308459257763"
224,9.81,1.181220306289724,"0.0,0.1,0.2,0.30000000000000004,0.4,0.5,0.6000000000000001,0.7000000000000001,0.8,0.9,1.0,1.1,1.2000000000000002,1.3,1.4000000000000001,1.5,1.6,1.7000000000000002,1.8,1.9000000000000001,2.0,2.1,2.2,2.3000000000000003,2.4000000000000004,2.5,2.6,2.7,2.8000000000000003,2.9000000000000004,3.0,3.1,3.2,3.3000000000000003,3.4000000000000004,3.5,3.6,3.7,3.8000000000000003,3.9000000000000004,4.0,4.1000000000000005,4.2,4.3,4.4,4.5,4.6000000000000005,4.7,4.800000000000001,4.9,5.0,5.1000000000000005,5.2,5.300000000000001,5.4,5.5,5.6000000000000005,5.7,5.800000000000001,5.9,6.0,6.1000000000000005,6.2,6.300000000000001,6.4,6.5,6.6000000000000005,6.7,6.800000000000001,6.9,7.0,7.1000000000000005,7.2,7.300000000000001,7.4,7.5,7.6000000000000005,7.7,7.800000000000001,7.9,8.0,8.1,8.200000000000001,8.3,8.4,8.5,8.6,8.700000000000001,8.8,8.9,9.0,9.1,9.200000000000001,9.3,9.4,9.5,9.600000000000001,9.700000000000001,9.8,9.9,10.0","0.3433637361127083,0.28603411608987495,0.2797426191403671,0.17682279757423533,0.27168943425658587,0.007127555215391587,-0.026864624122222024,-0.14870151274795285,-0.1712290877884884,-0.2243867345419452,-0.2638552153224948,-0.2734266874400167,-0.027498268273339677,-0.259466770280029,-0.25591211300380506,-0.19628880443973906,-0.21956443949054233,-0.00900237845679866,0.20192806465880317,0.10912951371115076,0.26222427131909143,0.32906114514577667,0.2997832077783531,0.29624312366758193,0.276069528960399,0.20969958457233226,0.06594629864911655,0.16289427708310936,-0.0918311108129364,-0.20186233661294956,-0.25134406844803614,-0.402520932114722,-0.34983190067868447,-0.17409010846993903,-0.28573257082354936,-0.2382165985907249,-0.21242900664294628,-0.09479136818087439,-0.09915712680948302,0.11439536891702806,0.14792097295217876,0.2730952178314425,0.11423905661568018,0.2565052652063667,0.22429157431389996,0.1837591380024479,0.15715748728885381,0.11385792160075506,0.07503822029781754,0.008031287693029271,-0.057475095076757264,-0.18719812033408684,-0.2621924298113787,-0.17677218653509139,-0.29612482425254294,-0.30552249204737597,-0.30489624230541124,-0.4111705765350448,-0.18602052434222566,-0.09957434873055838,-0.022734000630906574,0.107126899745832,0.13368971703478838,0.246581496968075,0.25993968011453544,0.31562864217680586,0.30911413382164676,0.3516833220647887,0.18175023471117902,0.18354662161974133,0.09426994291140005,0.1935224710869758,-0.045670903853262744,-0.15066237461422177,-0.23194404266344026,-0.2853350026928853,-0.2903928769168167,-0.254487684279986,-0.3182240771977888,-0.13934872986638008,-0.19305730189059872,-0.13787775558760773,-0.018499354810944755,0.14275910052523821,0.20896640412660228,0.15909010408489999,0.28501143320559974,0.14845823836559832,0.3363077979065136,0.24021541911624467,0.2502889444731003,0.160569812458609,0.09944264355809068,-0.05444256795150304,-0.1461197793307184,-0.11802065161429469,-0.19186370384779483,-0.2854085169326698,-0.30805751286075045,-0.2893383989268409,-0.2562242450060627"
225,9.81,0.5514357027194594,"0.0,0.1,0.2,0.30000000000000004,0.4,0.5,0.6000000000000001,0.7000000000000001,0.8,0.9,1.0,1.1,1.2000000000000002,1.3,1.4000000000000001,1.5,1.6,1.7000000000000002,1.8,1.9000000000000001,2.0,2.1,2.2,2.3000000000000003,2.4000000000000004,2.5,2.6,2.7,2.8000000000000003,2.9000000000000004,3.0,3.1,3.2,3.3000000000000003,3.4000000000000004,3.5,3.6,3.7,3.8000000000000003,3.9000000000000004,4.0,4.1000000000000005,4.2,4.3,4.4,4.5,4.6000000000000005,4.7,4.800000000000001,4.9,5.0,5.1000000000000005,5.2,5.300000000000001,5.4,5.5,5.6000000000000005,5.7,5.800000000000001,5.9,6.0,6.1000000000000005,6.2,6.300000000000001,6.4,6.5,6.6000000000000005,6.7,6.800000000000001,6.9,7.0,7.1000000000000005,7.2,7.300000000000001,7.4,7.5,7.6000000000000005,7.7,7.800000000000001,7.9,8.0,8.1,8.200000000000001,8.3,8.4,8.5,8.6,8.700000000000001,8.8,8.9,9.0,9.1,9.200000000000001,9.3,9.4,9.5,9.600000000000001,9.700000000000001,9.8,9.9,10.0","0.1670207671936146,0.2209867674792086,0.1562184114766304,0.09847947057614982,-0.05345100655750337,-0.24975709245592292,-0.26244439291139,-0.33288896105940713,-0.30201500439611906,-0.1390439604360739,-0.09154671889851507,-0.10118734426076886,0.07221872424519764,0.26894917518547523,0.32644231414520986,0.20469090481775815,0.28656615165251764,0.11055879083694482,-0.033109162743149304,-0.018775244184641576,-0.21905567776542373,-0.2386866139551855,-0.2502368536476872,-0.31302778499065453,-0.2628244385687243,-0.11968599425913909,-0.0063661056696188885,0.09162923706457143,0.2343629817159979,0.19807976341498107,0.2852342891878051,0.18887799676451772,0.0966248472954668,0.008403514750232204,-0.0549693143004678,-0.29948483806898474,-0.2170697198640137,-0.2383409092443079,-0.18760240315996657,-0.19005783802213644,-0.11147101401347878,0.02067654632194383,0.09764152467593093,0.34094064972218824,0.21060951299334527,0.25223655432177494,0.3070830785561461,-0.008707110581719996,0.047480094157238764,-0.19538048090717924,-0.24004229293261634,-0.2708048033307294,-0.3695858297656345,-0.3803728094314361,-0.25654140995964914,-0.0730835159571811,0.17011884321554707,0.16855149563900132,0.3558267384485075,0.3333193900688633,0.2794328576298113,0.15605238181601672,0.08158067104707782,0.08615694143161068,-0.12443426313725985,-0.13345931717960471,-0.30998466217461007,-0.3569859273008469,-0.3050735048425658,-0.1778750725053609,-0.06800445780250454,0.007666951674911784,0.1798623936623715,0.12420789638232127,0.3568764188719101,0.24865624149794602,0.29096837658390184,0.12540496769079013,0.012450002001060093,-0.16870891299901025,-0.19073791855441521,-0.24918099042696346,-0.37375297190245055,-0.26651738138086445,-0.3096966509537785,-0.11048337543739897,0.16537424747260115,0.2397091326239283,0.41447079485138194,0.20266728263961442,0.4058929495348512,0.11953463682190392,0.02621344176092885,0.07431587831458882,-0.03531044975847723,-0.19260547518451143,-0.3475905473524594,-0.37236806869497163,-0.15814111679105528,0.05760331286445328,-0.02542977811912725"
226,9.81,4.6623187304594795,"0.0,0.1,0.2,0.30000000000000004,0.4,0.5,0.6000000000000001,0.7000000000000001,0.8,0.9,1.0,1.1,1.2000000000000002,1.3,1.4000000000000001,1.5,1.6,1.7000000000000002,1.8,1.9000000000000001,2.0,2.1,2.2,2.3000000000000003,2.4000000000000004,2.5,2.6,2.7,2.8000000000000003,2.9000000000000004,3.0,3.1,3.2,3.3000000000000003,3.4000000000000004,3.5,3.6,3.7,3.8000000000000003,3.9000000000000004,4.0,4.1000000000000005,4.2,4.3,4.4,4.5,4.6000000000000005,4.7,4.800000000000001,4.9,5.0,5.1000000000000005,5.2,5.300000000000001,5.4,5.5,5.6000000000000005,5.7,5.800000000000001,5.9,6.0,6.1000000000000005,6.2,6.300000000000001,6.4,6.5,6.6000000000000005,6.7,6.800000000000001,6.9,7.0,7.1000000000000005,7.2,7.300000000000001,7.4,7.5,7.6000000000000005,7.7,7.800000000000001,7.9,8.0,8.1,8.200000000000001,8.3,8.4,8.5,8.6,8.700000000000001,8.8,8.9,9.0,9.1,9.200000000000001,9.3,9.4,9.5,9.600000000000001,9.700000000000001,9.8,9.9,10.0","0.3041723958868811,0.28408755578189576,0.24104112160918295,0.16234664843238877,0.2748464933913038,0.10267712313730185,0.1514788195549572,0.21895387312911174,0.1657512801853442,0.11858321152979434,-0.014634560030736689,0.06600597826596903,-0.06652833841737604,-0.012809529958138208,-0.09853995624247566,-0.19436172462560633,-0.1953813933457363,-0.2184732985025521,-0.2550146734038711,-0.24945814125747956,-0.2652101886879627,-0.3216932625166424,-0.33175768428807634,-0.2749547350898919,-0.27733107097485254,-0.19676072438829506,-0.20554260576226205,-0.20927980146942207,-0.07968228805572261,-0.14035957997946358,-0.10829510364217304,0.016391972722493015,-0.022593352037448416,-0.018828567244389992,0.023149627101482155,0.09646295118846684,0.1078769225831468,0.20983448032034355,0.1522356252947417,0.18074495622550696,0.28627336276964294,0.19440881149915146,0.28253312420463045,0.3905974291178418,0.29221231728616404,0.27195524329563076,0.2833380292509706,0.31626000396937803,0.28930644719535153,0.19636865422050415,0.17683707370358154,0.1447112673168584,0.09476530972433868,0.10753195027737453,0.0468502543929774,-0.055061324956618085,-0.01265759673254608,-0.302661766115106,-0.23164986310550856,-0.24219975151673062,-0.20497388122401372,-0.21414180466159388,-0.23593942077051275,-0.24961973914295257,-0.4110512937955253,-0.3234693443309606,-0.3403970273946279,-0.28100169603971814,-0.27617767516512487,-0.22184019045870643,-0.1846276115571846,-0.18251673075579364,-0.20909510958936023,-0.15870456723306722,-0.1071688672919772,-0.03775450401791658,-0.05142357487492672,0.08060037531051245,0.09158439169401514,0.11996464413023801,0.19682016764697918,0.14106022229705176,0.25243452910259045,0.21049663263105084,0.24111417950172676,0.3255719974276544,0.32784993462829704,0.40270669379683444,0.32759319429257083,0.2796733870808693,0.3027744511088371,0.23562850630649368,0.22674853725665328,0.26925528185497677,0.24541427505657704,0.2088920878827309,0.1206810796235333,0.005088783088014678,0.0901146179480408,-0.06537484704242072,-0.08942850091932714"
227,9.81,2.3604378332563636,"0.0,0.1,0.2,0.30000000000000004,0.4,0.5,0.6000000000000001,0.7000000000000001,0.8,0.9,1.0,1.1,1.2000000000000002,1.3,1.4000000000000001,1.5,1.6,1.7000000000000002,1.8,1.9000000000000001,2.0,2.1,2.2,2.3000000000000003,2.4000000000000004,2.5,2.6,2.7,2.8000000000000003,2.9000000000000004,3.0,3.1,3.2,3.3000000000000003,3.4000000000000004,3.5,3.6,3.7,3.8000000000000003,3.9000000000000004,4.0,4.1000000000000005,4.2,4.3,4.4,4.5,4.6000000000000005,4.7,4.800000000000001,4.9,5.0,5.1000000000000005,5.2,5.300000000000001,5.4,5.5,5.6000000000000005,5.7,5.800000000000001,5.9,6.0,6.1000000000000005,6.2,6.300000000000001,6.4,6.5,6.6000000000000005,6.7,6.800000000000001,6.9,7.0,7.1000000000000005,7.2,7.300000000000001,7.4,7.5,7.6000000000000005,7.7,7.800000000000001,7.9,8.0,8.1,8.200000000000001,8.3,8.4,8.5,8.6,8.700000000000001,8.8,8.9,9.0,9.1,9.200000000000001,9.3,9.4,9.5,9.600000000000001,9.700000000000001,9.8,9.9,10.0","0.17048972558488862,0.18857223947085927,0.26073307621983777,0.23107471738553217,0.24302574361397922,0.1757748788607585,0.06641953107259777,0.03275937262352094,-0.14127785474845872,-0.004001250233417783,-0.0727516796126656,-0.20756502679077313,-0.15257112624023222,-0.2628592561789909,-0.2821411268593647,-0.4104317708648044,-0.27912510424720355,-0.26793794477912763,-0.31623118794369814,-0.2254508067858631,-0.20609052984289394,-0.14106675167064406,-0.2330277260897458,0.030634529274674506,-0.04138467680909663,0.11388166786825106,0.1809735792997935,0.14057336155777864,0.29401565279482444,0.3076368028608777,0.21165066414062356,0.24559066331423127,0.25826526964128077,0.3569278433819437,0.10644862135884345,0.15529958178765546,0.2646572053452093,0.12050568892745028,0.06819925571834431,0.013517452980663903,-0.11174762962921883,-0.14380569095465257,-0.1988083230980388,-0.20985761642571174,-0.2895907063657343,-0.2454463911462157,-0.3746343434235393,-0.29216761400830776,-0.1764499283215733,-0.2882179872904376,-0.12334385944267914,-0.1701724086857408,-0.28793785003104533,-0.022671845829047216,-0.04119016225181611,0.044741716133280485,0.14780350728590427,0.21297252262094374,0.23254708293995277,0.2426690928380557,0.25250165459629825,0.29030232388349714,0.3907942513709183,0.2007306477466212,0.28816373185241867,0.19042133237575032,0.2418369283413956,0.1700220724734184,0.16600419388280369,-0.023916332307293647,0.0004028059983880311,0.07631845865331033,-0.13203246290521878,-0.10743160799436634,-0.1911118264043979,-0.3157617429049189,-0.19453747864604184,-0.2850965422302394,-0.22835791204545985,-0.3789238678209099,-0.2518360647095296,-0.33161569486894116,-0.07999880438394144,-0.11511137322396472,-0.21262735039221325,-0.02463432501290215,0.0626385062898589,0.12446396186560936,0.10638383861902989,0.13155954898387634,0.347727916247144,0.3000626715561555,0.33152835392226415,0.32431809426169966,0.310514955351358,0.2925629765080091,0.12123233020434342,0.21645776697668576,0.23056183521823742,0.08780892928143112,0.08442994895647347"
228,9.81,1.3297219793827542,"0.0,0.1,0.2,0.30000000000000004,0.4,0.5,0.6000000000000001,0.7000000000000001,0.8,0.9,1.0,1.1,1.2000000000000002,1.3,1.4000000000000001,1.5,1.6,1.7000000000000002,1.8,1.9000000000000001,2.0,2.1,2.2,2.3000000000000003,2.4000000000000004,2.5,2.6,2.7,2.8000000000000003,2.9000000000000004,3.0,3.1,3.2,3.3000000000000003,3.4000000000000004,3.5,3.6,3.7,3.8000000000000003,3.9000000000000004,4.0,4.1000000000000005,4.2,4.3,4.4,4.5,4.6000000000000005,4.7,4.800000000000001,4.9,5.0,5.1000000000000005,5.2,5.300000000000001,5.4,5.5,5.6000000000000005,5.7,5.800000000000001,5.9,6.0,6.1000000000000005,6.2,6.300000000000001,6.4,6.5,6.6000000000000005,6.7,6.800000000000001,6.9,7.0,7.1000000000000005,7.2,7.300000000000001,7.4,7.5,7.6000000000000005,7.7,7.800000000000001,7.9,8.0,8.1,8.200000000000001,8.3,8.4,8.5,8.6,8.700000000000001,8.8,8.9,9.0,9.1,9.200000000000001,9.3,9.4,9.5,9.600000000000001,9.700000000000001,9.8,9.9,10.0","0.43624413216776037,0.26416626676200716,0.2671653281505843,0.17783901229802554,0.1261794189778801,0.062496799447958676,0.05291370052580149,-0.11473474142501952,-0.13338954692385543,-0.24661814279227234,-0.21525601088865845,-0.26172955612148746,-0.4422269039466573,-0.28682336831500177,-0.223993788300058,-0.1444602592521929,-0.07930965356911501,0.0008109892569476418,0.024057082411379244,0.05315214707341699,0.09370297049916784,0.2637759151291725,0.38194552089598477,0.3660969763337202,0.44405874064861023,0.2244747991152975,0.22297242899829295,0.11371371220111609,0.05609899754134787,-0.007311671715389177,-0.11992492155528348,-0.17279460611414602,-0.31962563501172037,-0.26288781893218144,-0.2427098139173982,-0.31799242800933114,-0.18233695599352856,-0.2150948197493887,-0.2191710503163956,-0.13900648891668135,0.034237720983773055,-0.010303904171119524,0.08391696062843422,0.20586472825332056,0.1880221509162618,0.30505089632797694,0.2608100191666624,0.4024912599491837,0.3611837955584877,0.2512051670725107,0.18703980423827354,0.09007097253756749,0.018223841702968098,-0.12397891419843428,-0.13381485063121823,-0.2124407022704258,-0.2593516000859616,-0.13958726548987918,-0.14268399727402273,-0.34184649978252807,-0.3648222722425395,-0.2609324097249378,-0.12455870039485997,0.21849779393219143,0.13609540106748286,0.13440062181206733,0.07847809316690871,0.10122150977294334,0.3206275931348573,0.33328155491257444,0.38139478584413944,0.23470314369241738,0.2982841953795127,0.20234600991182983,0.11241462642935961,0.008417757565803693,-0.09461235529872075,-0.11030398050856416,-0.03333412569085192,-0.1375584210816978,-0.2896196625061514,-0.25867181765748604,-0.3073191459915431,-0.30726975272369966,-0.33536662498100267,-0.17368377915359995,-0.018633016127652224,-0.010915138357394416,0.10948457953279409,0.12281379910431703,0.22541855995597462,0.23888763524309234,0.2820736448225272,0.29194786336771367,0.37795270428660155,0.36447227155941564,0.25055813595026827,0.16630228561900284,0.022322164183629072,-0.16615390460616872,-0.09937688046899207"
229,9.81,1.4585096007446885,"0.0,0.1,0.2,0.30000000000000004,0.4,0.5,0.6000000000000001,0.7000000000000001,0.8,0.9,1.0,1.1,1.2000000000000002,1.3,1.4000000000000001,1.5,1.6,1.7000000000000002,1.8,1.9000000000000001,2.0,2.1,2.2,2.3000000000000003,2.4000000000000004,2.5,2.6,2.7,2.8000000000000003,2.9000000000000004,3.0,3.1,3.2,3.3000000000000003,3.4000000000000004,3.5,3.6,3.7,3.8000000000000003,3.9000000000000004,4.0,4.1000000000000005,4.2,4.3,4.4,4.5,4.6000000000000005,4.7,4.800000000000001,4.9,5.0,5.1000000000000005,5.2,5.300000000000001,5.4,5.5,5.6000000000000005,5.7,5.800000000000001,5.9,6.0,6.1000000000000005,6.2,6.300000000000001,6.4,6.5,6.6000000000000005,6.7,6.800000000000001,6.9,7.0,7.1000000000000005,7.2,7.300000000000001,7.4,7.5,7.6000000000000005,7.7,7.800000000000001,7.9,8.0,8.1,8.200000000000001,8.3,8.4,8.5,8.6,8.700000000000001,8.8,8.9,9.0,9.1,9.200000000000001,9.3,9.4,9.5,9.600000000000001,9.700000000000001,9.8,9.9,10.0","0.2816233584203737,0.2907567027807293,0.21163071060531471,0.20702774539493873,0.12664546535119822,-0.043421010662158116,-0.05036561368360372,-0.2339690967314934,-0.05583193992794326,-0.22499078842090747,-0.22039378676444515,-0.22679569443393444,-0.31408371414382263,-0.3525017069509759,-0.28913984084143096,-0.3040864808221507,-0.27861700617586355,-0.15487745481973292,-0.06385513436909435,0.04382508523314287,0.09834629774597255,0.16551517498571183,0.17613448800774006,0.21203192688481112,0.09836866626964225,0.3535524359746473,0.16077755373234892,0.22934841300040093,0.06644557538993308,0.10132286178284079,0.01077625869588901,-0.14284508167990642,-0.17359578945946366,-0.1818281358101995,-0.270150492594541,-0.2844817705751608,-0.23615927514592083,-0.2702780891080456,-0.277302481350994,-0.213829828954134,-0.2506129623387897,-0.1348438279566989,-0.055754422376680005,0.09412618168777173,0.11974574488941345,0.18616455593682107,0.21166501613410685,0.25833723022636496,0.33329303787438364,0.30586716309294393,0.07329521800517708,0.21793939217614344,0.14261090208949717,0.08692700755583535,0.08615111575821693,0.053868640555953716,-0.012871832427593724,-0.1312628237287936,-0.25303816988806577,-0.23963275431428085,-0.47894198949432865,-0.2841471060597483,-0.32732920851463115,-0.22925226218738276,-0.07255570276537374,-0.014461390574586092,-0.11976347538564386,0.03333089706202579,0.1207559692620946,0.14733067470145927,0.24775120839957038,0.33778408284636263,0.38084632424380244,0.28034001568346145,0.2706405973488165,0.2473646745570675,0.1877452086532176,0.15176316365719653,0.1123399221741615,-0.024895549836087535,-0.10086156949363183,-0.060712193394031305,-0.14970633067578312,-0.25406036198695,-0.22938988600441979,-0.26350365183799696,-0.2796031975821138,-0.3261944374408354,-0.30291719212672874,-0.10422314231970668,-0.088131760958211,0.017226735038225867,0.08627327630608829,0.14584994104825613,0.16790554001908742,0.25869279905987047,0.25115057803793195,0.3010187238738957,0.39748642941957035,0.22077772461311476,0.2124059598011749"
230,9.81,4.249791561766033,"0.0,0.1,0.2,0.30000000000000004,0.4,0.5,0.6000000000000001,0.7000000000000001,0.8,0.9,1.0,1.1,1.2000000000000002,1.3,1.4000000000000001,1.5,1.6,1.7000000000000002,1.8,1.9000000000000001,2.0,2.1,2.2,2.3000000000000003,2.4000000000000004,2.5,2.6,2.7,2.8000000000000003,2.9000000000000004,3.0,3.1,3.2,3.3000000000000003,3.4000000000000004,3.5,3.6,3.7,3.8000000000000003,3.9000000000000004,4.0,4.1000000000000005,4.2,4.3,4.4,4.5,4.6000000000000005,4.7,4.800000000000001,4.9,5.0,5.1000000000000005,5.2,5.300000000000001,5.4,5.5,5.6000000000000005,5.7,5.800000000000001,5.9,6.0,6.1000000000000005,6.2,6.300000000000001,6.4,6.5,6.6000000000000005,6.7,6.800000000000001,6.9,7.0,7.1000000000000005,7.2,7.300000000000001,7.4,7.5,7.6000000000000005,7.7,7.800000000000001,7.9,8.0,8.1,8.200000000000001,8.3,8.4,8.5,8.6,8.700000000000001,8.8,8.9,9.0,9.1,9.200000000000001,9.3,9.4,9.5,9.600000000000001,9.700000000000001,9.8,9.9,10.0","0.287366735373303,0.2842415321398802,0.2849452518312132,0.28642156599477653,0.2528770984542402,0.2358888626890115,0.2535759565897274,0.16711555362147112,0.19098351598343727,0.014905220276007186,0.00461347262658229,0.006224620170341207,-0.18793152230383767,-0.10913825977401129,-0.0548185921879317,-0.11750831002957662,-0.23425522536684074,-0.24256428588027695,-0.3208924087082934,-0.3050781105705648,-0.30784745864969243,-0.31720655790135716,-0.4290458210711543,-0.38498501338123,-0.32628573744060957,-0.23757474790877764,-0.06056101056495636,-0.1751700166723127,-0.1491846218077579,-0.15955909992910633,-0.07384367030688038,0.003027866770046082,0.08182143460769509,0.03613899553825163,0.11519867117928656,0.15800619462873267,0.0929148461361558,0.26674681438544723,0.2756305108417097,0.3918706271518485,0.3528529978642788,0.40993249266542525,0.3121984143259489,0.3121093211587493,0.23489494381177659,0.20799257243405755,0.21361611924473606,0.24045403522500602,0.13712361134237,0.1669677481929076,0.07540017497658195,-0.000650715704765159,0.05671785764224076,-0.08139298149324635,-0.05028217548723637,-0.11787931319979669,-0.16324301207197361,-0.19631457386919499,-0.1752383551662291,-0.23839604166525427,-0.31309589615132044,-0.2941107348453619,-0.30167541948963805,-0.3527532640525374,-0.17842114927481809,-0.2489273167489231,-0.25630185075726514,-0.23168076975833968,-0.10811829889517552,-0.11096693822594109,-0.11602339837302603,-0.11465808009545933,-0.1125353488887688,-0.13323513541080675,0.06249573244994996,0.07040926668946837,0.1883658092053909,0.19037224488462123,0.2004595689314838,0.2023699247093768,0.27820691643439216,0.3784044391831698,0.36168644761382074,0.3327897174944084,0.1853430700985615,0.22103822240145699,0.20468119495377218,0.2702115569144598,0.22786332072608081,0.1859445667431537,0.16058745845978487,0.16833369886380548,0.1038875447223343,0.027044721059569746,0.005322713799222219,-0.06726124437021623,-0.0633970855349841,-0.19390237208101313,-0.1987907769829091,-0.3481547525949399,-0.19832420377406496"
231,9.81,1.040988987708351,"0.0,0.1,0.2,0.30000000000000004,0.4,0.5,0.6000000000000001,0.7000000000000001,0.8,0.9,1.0,1.1,1.2000000000000002,1.3,1.4000000000000001,1.5,1.6,1.7000000000000002,1.8,1.9000000000000001,2.0,2.1,2.2,2.3000000000000003,2.4000000000000004,2.5,2.6,2.7,2.8000000000000003,2.9000000000000004,3.0,3.1,3.2,3.3000000000000003,3.4000000000000004,3.5,3.6,3.7,3.8000000000000003,3.9000000000000004,4.0,4.1000000000000005,4.2,4.3,4.4,4.5,4.6000000000000005,4.7,4.800000000000001,4.9,5.0,5.1000000000000005,5.2,5.300000000000001,5.4,5.5,5.6000000000000005,5.7,5.800000000000001,5.9,6.0,6.1000000000000005,6.2,6.300000000000001,6.4,6.5,6.6000000000000005,6.7,6.800000000000001,6.9,7.0,7.1000000000000005,7.2,7.300000000000001,7.4,7.5,7.6000000000000005,7.7,7.800000000000001,7.9,8.0,8.1,8.200000000000001,8.3,8.4,8.5,8.6,8.700000000000001,8.8,8.9,9.0,9.1,9.200000000000001,9.3,9.4,9.5,9.600000000000001,9.700000000000001,9.8,9.9,10.0","0.33192506434371616,0.25724660537704913,0.24144028480706548,0.17233882916152768,0.14525630173794613,-0.0276572933005286,-0.037316777523198834,-0.21449410955443762,-0.22451620266898797,-0.38799394523680236,-0.40233394837169323,-0.3733016983648116,-0.3197392622652003,-0.2337553619720233,-0.10289460245388456,-0.05283304179676479,0.07358434229058841,0.09623757988215459,0.22596302446695754,0.2727661766617499,0.30314285253613177,0.25836653792432784,0.06985947942111986,0.24273853845144133,0.09939906657572878,0.028550418103903352,-0.04565933899046736,-0.21241398969636716,-0.19470571499999254,-0.01984485682325121,-0.3490728072203415,-0.2809508725826738,-0.3262693549492995,-0.26031812240095564,-0.2370222004153495,-0.16742313106282009,0.03885035734685591,0.01977236056721747,0.15842107161385197,0.21514001410516684,0.2514306995810406,0.337808816343685,0.281522215110502,0.27656122801411964,0.1685493712164146,0.20186023682559318,-0.1073533272497686,-0.10227051023741127,-0.14234924521494235,-0.186213119913893,-0.18025479947542483,-0.3430873483502611,-0.25491739289531795,-0.26558417773273174,-0.22032088507436287,-0.15028215075632873,-0.01777302293709967,0.18177206939194762,0.16716309892858486,0.21974621406487654,0.3343445963000037,0.2171746848552214,0.3425242836767305,0.15919338645446587,0.07915283464699371,0.15995802285029703,0.09172206999643255,-0.08108308435985526,-0.1656824171214155,-0.2395351503283651,-0.25944623384780224,-0.36795778518323086,-0.3906009478111509,-0.32695994246441257,-0.21203360081393918,-0.2806316415598678,-0.07655178458489617,0.01466822181476501,0.08735877897717115,0.1976107899039491,0.2470046160279856,0.3075877913038999,0.3150561406963502,0.26015148513568287,0.16873537359420043,0.09492637736200957,0.03940456593055798,-0.0330129482750176,-0.09649460010761926,-0.22910021286720705,-0.23986752870627392,-0.30757638695939915,-0.31541936298542617,-0.38639832832622595,-0.32587770515823467,-0.2728586850331977,-0.13627884850792407,0.10395988258413325,0.05346439025499946,0.06909644188536053,0.14516382831668526"
232,9.81,4.798615108333497,"0.0,0.1,0.2,0.30000000000000004,0.4,0.5,0.6000000000000001,0.7000000000000001,0.8,0.9,1.0,1.1,1.2000000000000002,1.3,1.4000000000000001,1.5,1.6,1.7000000000000002,1.8,1.9000000000000001,2.0,2.1,2.2,2.3000000000000003,2.4000000000000004,2.5,2.6,2.7,2.8000000000000003,2.9000000000000004,3.0,3.1,3.2,3.3000000000000003,3.4000000000000004,3.5,3.6,3.7,3.8000000000000003,3.9000000000000004,4.0,4.1000000000000005,4.2,4.3,4.4,4.5,4.6000000000000005,4.7,4.800000000000001,4.9,5.0,5.1000000000000005,5.2,5.300000000000001,5.4,5.5,5.6000000000000005,5.7,5.800000000000001,5.9,6.0,6.1000000000000005,6.2,6.300000000000001,6.4,6.5,6.6000000000000005,6.7,6.800000000000001,6.9,7.0,7.1000000000000005,7.2,7.300000000000001,7.4,7.5,7.6000000000000005,7.7,7.800000000000001,7.9,8.0,8.1,8.200000000000001,8.3,8.4,8.5,8.6,8.700000000000001,8.8,8.9,9.0,9.1,9.200000000000001,9.3,9.4,9.5,9.600000000000001,9.700000000000001,9.8,9.9,10.0","0.31382844468273,0.16125364674474527,0.30673818276701553,0.1377586429987384,0.14353247533886626,0.21928914017088258,0.2645413920958306,0.1824016240733645,0.12381330011400138,0.12486701110910803,0.0477260734915107,-0.029283745517567322,-0.04780032414001079,-0.12349718299945874,-0.14716345195293065,-0.20077639669722347,-0.20235629498635313,-0.2518361991032989,-0.21805386214779815,-0.20066070751520243,-0.21689237349847687,-0.2900722830923158,-0.42622565792523925,-0.2516646921855144,-0.29946138806439165,-0.2552273604336604,-0.12196099684933964,-0.2435497790440007,-0.23311681693860864,-0.22304431442315986,-0.09415702860886574,-0.13596738418763246,-0.02992034309495264,0.0006750008326251132,0.10273720009272025,0.1415252971616476,0.14030316715969485,0.1834854420284191,0.14909886075289877,0.19562560162251594,0.2348363087461529,0.28069945572026167,0.2857854157719077,0.30650515194291317,0.3695753088986795,0.3250816748793493,0.25809422688098366,0.26008117528305996,0.4033499620753467,0.2512869816043753,0.20016661606389247,0.13598851642044338,0.10034324205221604,0.08622701310692474,0.009859867809426277,0.01536502787363492,-0.05820774892313619,-0.07659629312838545,-0.0175489251771703,-0.09575767141623245,-0.14762982586208884,-0.24328673796988493,-0.25128903759414795,-0.2280580651113398,-0.3287188157866982,-0.33815475675888335,-0.2721532725904625,-0.15499552202677397,-0.2727597849351465,-0.26333145372748135,-0.32813878492329573,-0.22930867131501553,-0.27055569704183896,-0.1437804873285735,-0.16702245857455053,-0.1335137752085455,-0.0880743769394802,-0.04986379624027104,0.011362601874949037,0.04045508008459361,0.17409997788850057,0.1448863087153759,0.13000743590676972,0.18967393612630543,0.30133524180628046,0.2854740828750744,0.3621418324013806,0.4842997242729592,0.3943434982136029,0.37839904579516775,0.34862082809913975,0.252524790457779,0.08178746064470219,0.21222251229188588,0.22891393310729283,0.19445992353643501,0.15198502570953948,0.10597357154712723,0.09552304710662916,-0.009043157981875782,0.004563332033995022"
233,9.81,2.614739300980344,"0.0,0.1,0.2,0.30000000000000004,0.4,0.5,0.6000000000000001,0.7000000000000001,0.8,0.9,1.0,1.1,1.2000000000000002,1.3,1.4000000000000001,1.5,1.6,1.7000000000000002,1.8,1.9000000000000001,2.0,2.1,2.2,2.3000000000000003,2.4000000000000004,2.5,2.6,2.7,2.8000000000000003,2.9000000000000004,3.0,3.1,3.2,3.3000000000000003,3.4000000000000004,3.5,3.6,3.7,3.8000000000000003,3.9000000000000004,4.0,4.1000000000000005,4.2,4.3,4.4,4.5,4.6000000000000005,4.7,4.800000000000001,4.9,5.0,5.1000000000000005,5.2,5.300000000000001,5.4,5.5,5.6000000000000005,5.7,5.800000000000001,5.9,6.0,6.1000000000000005,6.2,6.300000000000001,6.4,6.5,6.6000000000000005,6.7,6.800000000000001,6.9,7.0,7.1000000000000005,7.2,7.300000000000001,7.4,7.5,7.6000000000000005,7.7,7.800000000000001,7.9,8.0,8.1,8.200000000000001,8.3,8.4,8.5,8.6,8.700000000000001,8.8,8.9,9.0,9.1,9.200000000000001,9.3,9.4,9.5,9.600000000000001,9.700000000000001,9.8,9.9,10.0","0.1887006111971154,0.3053566943307658,0.31396660543959737,0.2423990491540814,0.3019923207134826,0.08472073279950185,-0.014546455444030576,0.15486040349690092,-0.06788632093594202,-0.11052557175425107,-0.1997131279156263,-0.14658753508316544,-0.20843771428979085,-0.22297595605096954,-0.2914490078965583,-0.2928660753052494,-0.3203254631319854,-0.2965007740144841,-0.2625165162314869,-0.2708620092466289,-0.1751099836842503,-0.04317661100434153,-0.3581445063212275,-0.10521667124884272,0.15765825412563117,-0.055538060124930975,0.11768707856714927,0.212719959702585,0.33110976020447735,0.1232112749262119,0.25337456832979643,0.32054113069304846,0.24446910822799373,0.3993799926523327,0.26758306708794627,0.24802346916971169,0.25482586378031885,0.21756328483474824,0.40583023656436334,0.1699496429374326,0.050939155690887125,0.06683818694749469,-0.09678655853321577,-0.17031193209546394,-0.082171944649847,-0.17009090419239967,-0.2855624883008963,-0.29233122505774095,-0.14311536762152377,-0.1854065468093821,-0.30006777279224806,-0.40300455707349647,-0.2712307928258465,-0.1685950566781801,-0.19115400994472379,-0.049863983248686045,-0.003610567169280786,-0.005869508955866028,0.06656692630310751,0.11891940923633318,0.1646311913749475,0.15099488174633166,0.30730100014275374,0.27716270480315264,0.3463687196171484,0.23943367297033025,0.05936669497057434,0.29559388507139917,0.3065299230746355,0.23266659834095765,0.1558072528109964,0.12474132222173535,0.08630956332668863,0.10764856305402888,0.05252694237727239,-0.124695826607197,-0.2171653182941754,-0.15939257904610155,-0.21182586881609727,-0.2941109816358881,-0.22125392485021578,-0.273733006202131,-0.33431583097386725,-0.273152442241367,-0.21198319563018614,-0.42938187966185787,-0.16435894980101184,-0.16450528088341707,-0.09213891343923078,-0.04408129153398723,-0.1401060326291652,0.08565582154620441,-0.06604424242500162,0.2223059087716178,0.22971158802098762,0.31358008430015316,0.30037543953504325,0.2781203720950688,0.2872723311803614,0.30269479135902705,0.161572742360228"
234,9.81,3.5635974325894892,"0.0,0.1,0.2,0.30000000000000004,0.4,0.5,0.6000000000000001,0.7000000000000001,0.8,0.9,1.0,1.1,1.2000000000000002,1.3,1.4000000000000001,1.5,1.6,1.7000000000000002,1.8,1.9000000000000001,2.0,2.1,2.2,2.3000000000000003,2.4000000000000004,2.5,2.6,2.7,2.8000000000000003,2.9000000000000004,3.0,3.1,3.2,3.3000000000000003,3.4000000000000004,3.5,3.6,3.7,3.8000000000000003,3.9000000000000004,4.0,4.1000000000000005,4.2,4.3,4.4,4.5,4.6000000000000005,4.7,4.800000000000001,4.9,5.0,5.1000000000000005,5.2,5.300000000000001,5.4,5.5,5.6000000000000005,5.7,5.800000000000001,5.9,6.0,6.1000000000000005,6.2,6.300000000000001,6.4,6.5,6.6000000000000005,6.7,6.800000000000001,6.9,7.0,7.1000000000000005,7.2,7.300000000000001,7.4,7.5,7.6000000000000005,7.7,7.800000000000001,7.9,8.0,8.1,8.200000000000001,8.3,8.4,8.5,8.6,8.700000000000001,8.8,8.9,9.0,9.1,9.200000000000001,9.3,9.4,9.5,9.600000000000001,9.700000000000001,9.8,9.9,10.0","0.3027448330586318,0.1897531064850463,0.2783184560240979,0.22999424486401782,0.20901360957189563,0.2623756694420668,0.0049676182700504334,0.10913358859356935,0.13106230810003414,0.06211174077353626,0.22456603979269085,0.017437250799878554,-0.04002494958221829,-0.20309332088467635,-0.18642134062067714,-0.26681313323605116,-0.2642206766125517,-0.2862640707122811,-0.31685284155884946,-0.32199418916901684,-0.28912582706362605,-0.28862546750120016,-0.2631452838596416,-0.2883872205240128,-0.24306740940420968,-0.14320350778228927,-0.05450840387732335,-0.03260599073693686,-0.039969145296823994,0.05845388915970161,0.0350018668215841,0.2577150097423549,0.08780564783259141,0.1736354725750928,0.18698119500045166,0.2303744966614125,0.21551693318158008,0.3570773878179228,0.3065653589665836,0.2449157449357798,0.2984767353851982,0.2648774915803214,0.03435569595390789,0.1851713085739228,0.1589277985227943,0.17163638633270856,0.13773045828631017,0.06846260898403045,0.0998225648526382,-0.01378281072257262,-0.12105414077459298,-0.14096824155619073,-0.1956478171792614,-0.2617311274803372,-0.25409608700338343,-0.3747644125948081,-0.3431395031679885,-0.2595285418495929,-0.3046454413426271,-0.29301300544237036,-0.25862268250253045,0.043324997327711,-0.1777119371534714,-0.18932533345998492,-0.13075317212216828,-0.052390003493852415,-0.05756765645288647,0.09937008816815678,0.12949051342860118,0.04502490544982159,0.23049821970178852,0.20938691629900863,0.0932451402374607,0.2986952361026189,0.2349565584146129,0.24752542102808267,0.3102471484752511,0.402687056032011,0.28409046396163784,0.2332241439880116,0.2600490957914052,0.22008723970998492,0.1489844482767173,0.19624829062034246,0.13365104874064515,0.05745883260532096,-0.028901765376958273,-0.13312802997048778,-0.131539679884215,-0.1612880598034303,-0.10957505648027875,-0.01526661342569735,-0.2828244361103832,-0.4227045401611054,-0.3843064303127064,-0.2962513965167681,-0.25506207243211837,-0.4981673938144974,-0.16581988215650914,-0.2402972829977025,-0.21219828553265918"
235,9.81,4.485997315652627,"0.0,0.1,0.2,0.30000000000000004,0.4,0.5,0.6000000000000001,0.7000000000000001,0.8,0.9,1.0,1.1,1.2000000000000002,1.3,1.4000000000000001,1.5,1.6,1.7000000000000002,1.8,1.9000000000000001,2.0,2.1,2.2,2.3000000000000003,2.4000000000000004,2.5,2.6,2.7,2.8000000000000003,2.9000000000000004,3.0,3.1,3.2,3.3000000000000003,3.4000000000000004,3.5,3.6,3.7,3.8000000000000003,3.9000000000000004,4.0,4.1000000000000005,4.2,4.3,4.4,4.5,4.6000000000000005,4.7,4.800000000000001,4.9,5.0,5.1000000000000005,5.2,5.300000000000001,5.4,5.5,5.6000000000000005,5.7,5.800000000000001,5.9,6.0,6.1000000000000005,6.2,6.300000000000001,6.4,6.5,6.6000000000000005,6.7,6.800000000000001,6.9,7.0,7.1000000000000005,7.2,7.300000000000001,7.4,7.5,7.6000000000000005,7.7,7.800000000000001,7.9,8.0,8.1,8.200000000000001,8.3,8.4,8.5,8.6,8.700000000000001,8.8,8.9,9.0,9.1,9.200000000000001,9.3,9.4,9.5,9.600000000000001,9.700000000000001,9.8,9.9,10.0","0.28138098317865884,0.24822541123012376,0.16379856987475944,0.19021936583712273,0.3457814264436928,0.2460336571224676,0.18668174523948283,0.294518623232319,0.11639217367316698,0.16738516562563696,0.0028526428624628328,0.06348091599923081,-0.24752779481137643,-0.09553894223358728,-0.1202512285283619,-0.11629057005896226,-0.15775068561883515,-0.20777497367516196,-0.2389098877374824,-0.33387609442979266,-0.3546699310951982,-0.3741070053228673,-0.2146016675686359,-0.3915554167599251,-0.31198579668534787,-0.25152589167570355,-0.2111521164737031,-0.1696338961906512,-0.06828713591304401,-0.03661072041337968,-0.07180805308550614,-0.06631327413014648,-0.021557316493893607,-0.07139284467056656,-0.17025950074430427,0.18507717476821528,0.21559871052190047,0.21941624853890918,0.18336381762726928,0.368781067098162,0.31193540373689127,0.2803537543136654,0.3186596476974711,0.3901830367009098,0.30814200104199196,0.25822776477023385,0.3225991738884485,0.2250859075288429,0.20684399654568225,0.22552028972243665,0.23362733848106548,0.17788131781212962,0.10779909032091484,0.06836775832227408,-0.11246957148051517,-0.11924982851321374,-0.31866062791480815,-0.16155434362391485,-0.28843022781292704,-0.24710476346193871,-0.2518347014909095,-0.2872465478569095,-0.33070208877139573,-0.2615333072448806,-0.2928746111550983,-0.1995668262878879,-0.2572576454288345,-0.2668381319424752,-0.2604200195083036,-0.16561651802823124,-0.18599814160008513,-0.18028859254048468,-0.00867881319916336,-0.030695830183309188,-0.04729908332025224,0.02377890050365962,0.0038767041789782783,0.120726053624296,0.2149554645599296,0.1559178557941892,0.21594008803175124,0.2678605173560933,0.3116527661066523,0.24961865538244377,0.28614754043949386,0.26850682118369285,0.3973021840910101,0.28793122324532033,0.2362682566464802,0.24519508960252337,0.2199071306469834,0.2108709707658161,0.1079222429488406,0.17592712988872705,0.0738805485034015,-0.0055355481507441545,0.04336861867956013,-0.03738675028696253,0.013217719724548035,-0.1842833208431554,-0.1388839560238796"
236,9.81,4.874210714191225,"0.0,0.1,0.2,0.30000000000000004,0.4,0.5,0.6000000000000001,0.7000000000000001,0.8,0.9,1.0,1.1,1.2000000000000002,1.3,1.4000000000000001,1.5,1.6,1.7000000000000002,1.8,1.9000000000000001,2.0,2.1,2.2,2.3000000000000003,2.4000000000000004,2.5,2.6,2.7,2.8000000000000003,2.9000000000000004,3.0,3.1,3.2,3.3000000000000003,3.4000000000000004,3.5,3.6,3.7,3.8000000000000003,3.9000000000000004,4.0,4.1000000000000005,4.2,4.3,4.4,4.5,4.6000000000000005,4.7,4.800000000000001,4.9,5.0,5.1000000000000005,5.2,5.300000000000001,5.4,5.5,5.6000000000000005,5.7,5.800000000000001,5.9,6.0,6.1000000000000005,6.2,6.300000000000001,6.4,6.5,6.6000000000000005,6.7,6.800000000000001,6.9,7.0,7.1000000000000005,7.2,7.300000000000001,7.4,7.5,7.6000000000000005,7.7,7.800000000000001,7.9,8.0,8.1,8.200000000000001,8.3,8.4,8.5,8.6,8.700000000000001,8.8,8.9,9.0,9.1,9.200000000000001,9.3,9.4,9.5,9.600000000000001,9.700000000000001,9.8,9.9,10.0","0.296226098442194,0.29568364580780454,0.23259282737945217,0.34778438998046746,0.2958158183046291,0.3039953363989504,0.14844135563927213,0.16413665567916183,0.0680057154580388,0.05018872158969186,0.012661789915165256,-0.13060018457168984,-0.04335730631213634,-0.18335756453298008,-0.1601815290358173,-0.1815063310953291,-0.21468186930142308,-0.1822951968142659,-0.257195320798567,-0.2614323176969635,-0.32265788647379146,-0.27777878061783523,-0.2569759277225663,-0.32113925874109606,-0.22284788315560505,-0.25418858991866417,-0.18004332637412396,-0.3288273141237533,-0.21324709936433864,-0.25138167028831404,-0.15116995126980992,-0.16030534096618598,-0.04369112384471944,-0.02779814046089134,-0.049049607456843766,0.05288959402125371,0.12777554710185243,0.15817559796954897,0.1892949283828274,0.13391347873495496,0.2597446820877677,0.26007571528940937,0.3127109776067868,0.3276640174769787,0.378527269824418,0.2954660723908209,0.27200246050790466,0.43295146322777317,0.2927721024231646,0.25022145242412797,0.2229354071365365,0.20548833798261684,0.17907839433555148,0.11136815399829594,0.007343148002119805,0.02901414956627585,-0.0503702954791118,-0.06578482951800668,-0.030602945409844567,-0.030277205164374404,-0.042361981807631066,-0.13703041947147537,-0.2556468827777468,-0.3555821312171064,-0.21588018943069065,-0.16301923163549556,-0.23099364155575694,-0.4062673256275549,-0.3333182189533208,-0.33838815061542366,-0.2108508827060703,-0.2508645488660351,-0.2720223762729166,-0.20316125204818603,-0.2317341096797354,-0.24397538119837575,-0.062444526338104336,-0.014410609256257097,0.04897467053944804,0.050447660127512256,0.10612302911956684,0.1872775526052885,0.298528884237805,0.23976961360091148,0.19614201916380664,0.29398748344981307,0.293218763987317,0.26508834698364214,0.3332298350477416,0.3707426307348093,0.23619919829781366,0.233836583136231,0.05534532589879143,0.321743661581675,0.2880306273691671,0.3098119756051241,0.17053114451595222,0.09915632364126312,0.09299498823232649,-0.0054078171268505115,-0.06371849121780053"
237,9.81,4.87804773917049,"0.0,0.1,0.2,0.30000000000000004,0.4,0.5,0.6000000000000001,0.7000000000000001,0.8,0.9,1.0,1.1,1.2000000000000002,1.3,1.4000000000000001,1.5,1.6,1.7000000000000002,1.8,1.9000000000000001,2.0,2.1,2.2,2.3000000000000003,2.4000000000000004,2.5,2.6,2.7,2.8000000000000003,2.9000000000000004,3.0,3.1,3.2,3.3000000000000003,3.4000000000000004,3.5,3.6,3.7,3.8000000000000003,3.9000000000000004,4.0,4.1000000000000005,4.2,4.3,4.4,4.5,4.6000000000000005,4.7,4.800000000000001,4.9,5.0,5.1000000000000005,5.2,5.300000000000001,5.4,5.5,5.6000000000000005,5.7,5.800000000000001,5.9,6.0,6.1000000000000005,6.2,6.300000000000001,6.4,6.5,6.6000000000000005,6.7,6.800000000000001,6.9,7.0,7.1000000000000005,7.2,7.300000000000001,7.4,7.5,7.6000000000000005,7.7,7.800000000000001,7.9,8.0,8.1,8.200000000000001,8.3,8.4,8.5,8.6,8.700000000000001,8.8,8.9,9.0,9.1,9.200000000000001,9.3,9.4,9.5,9.600000000000001,9.700000000000001,9.8,9.9,10.0","0.3344611129312793,0.3019485585098705,0.27258335013826485,0.32896500160350267,0.14192659529598434,0.3395990836782156,0.28762832929791127,0.18967780560228725,0.12163542943065911,0.05205603244722278,-0.037676381755810916,-0.00022863649236411297,-0.05388503672914844,-0.1751740055928851,-0.22009797032572315,-0.25550191572519393,-0.1758538136914367,-0.24700222514167677,-0.2655900151345349,-0.2524892984712024,-0.32081024097151895,-0.22944545051946685,-0.22494487174444705,-0.24433047944019143,-0.34474722902899696,-0.25955064058005584,-0.21166497586355515,-0.32443577691168973,-0.25784160097890935,-0.20566065924713467,-0.14500292326167596,-0.0882407189188964,-0.05414498370706289,-0.04487898004295668,-0.006791441966897332,0.08070355553840713,0.096946545012617,0.1637385382682404,0.17102179374055665,0.19641148030150218,0.2254262798276575,0.23450577027301134,0.2306358114562438,0.3250045598460338,0.36394951731203284,0.37961587641660177,0.335584834544891,0.42159124341480203,0.2888951418037492,0.2719075833606296,0.19229440325354835,0.15299699109225565,0.07814321924236263,0.11469668230592371,0.04393960524772572,0.0002920129293463719,-0.03390914394086194,0.046563518306182376,0.021568129513129752,-0.1259068231466857,-0.15246745035154424,-0.15228280994395066,-0.2888173515048239,-0.2781626234071964,-0.25356026013448674,-0.36610302590898863,-0.3756916558371499,-0.39335159308165113,-0.35262569941257893,-0.3884388181435979,-0.40095036877107215,-0.32986231068668653,-0.22443748846297787,-0.21902870069724784,-0.21147283073115275,-0.1515099971663218,-0.015392191322864499,-0.021677781216955544,0.003488203456583381,0.02131405565607943,0.07249584164239871,0.17938972147257842,0.20519002519839943,0.12216247230486248,0.2658938871713994,0.23695915730143974,0.3216583528320799,0.23497298067416694,0.3678605762534478,0.33878705500126444,0.30268378151523984,0.15683215437665227,0.3568253017431851,0.220620180911972,0.257682247388947,0.26297488777322797,0.20490548935973787,0.1944945683428947,0.2115984223497726,-0.08329439309252343,0.004383511768890838"
238,9.81,0.5690854304395909,"0.0,0.1,0.2,0.30000000000000004,0.4,0.5,0.6000000000000001,0.7000000000000001,0.8,0.9,1.0,1.1,1.2000000000000002,1.3,1.4000000000000001,1.5,1.6,1.7000000000000002,1.8,1.9000000000000001,2.0,2.1,2.2,2.3000000000000003,2.4000000000000004,2.5,2.6,2.7,2.8000000000000003,2.9000000000000004,3.0,3.1,3.2,3.3000000000000003,3.4000000000000004,3.5,3.6,3.7,3.8000000000000003,3.9000000000000004,4.0,4.1000000000000005,4.2,4.3,4.4,4.5,4.6000000000000005,4.7,4.800000000000001,4.9,5.0,5.1000000000000005,5.2,5.300000000000001,5.4,5.5,5.6000000000000005,5.7,5.800000000000001,5.9,6.0,6.1000000000000005,6.2,6.300000000000001,6.4,6.5,6.6000000000000005,6.7,6.800000000000001,6.9,7.0,7.1000000000000005,7.2,7.300000000000001,7.4,7.5,7.6000000000000005,7.7,7.800000000000001,7.9,8.0,8.1,8.200000000000001,8.3,8.4,8.5,8.6,8.700000000000001,8.8,8.9,9.0,9.1,9.200000000000001,9.3,9.4,9.5,9.600000000000001,9.700000000000001,9.8,9.9,10.0","0.2344414799646228,0.2453813143834845,0.2672741530242227,0.10317328281518943,-0.00048734808057245005,-0.1318138533443288,-0.28190992668386206,-0.37126800540224786,-0.2799308389728084,-0.30419848702819025,0.011052214097578589,0.15999329644875276,0.03511246283163808,0.18002773406781045,0.3159309766704002,0.26702166777418035,0.1257392061919499,0.16656665599329035,0.16183419971919275,-0.16206085669574374,-0.15067650285399084,-0.2201505063466863,-0.2824296662065983,-0.3295346882137452,-0.2553846191246365,-0.22082096532458037,-0.08115414216866247,0.01653815168755622,0.18552717112512046,0.2985002694104435,0.2505999069263612,0.28787617621770445,0.1361737209837628,0.11855484883652342,-0.03908447967197272,-0.07131260870760482,-0.33834825701027693,-0.3500539918141751,-0.20481668882628323,-0.2510500887400742,-0.2254484586264806,-0.12302913426064312,0.07045835906203603,0.19415681950079539,0.27531588642437194,0.35796414041068025,0.2292761811978894,0.17584568968722958,0.00041961490747066676,-0.003986454798570786,-0.18147141077212828,-0.27919316028718566,-0.3357447878358184,-0.2165974909430508,-0.29799966320952875,-0.29544361233466787,-0.07635948557490413,0.044415933878534666,0.06533435728741663,0.19004635134012016,0.4716987797715797,0.4899906623089444,0.1718934066432472,0.2264682647329168,-0.01098665624604566,-0.20010629349521192,-0.36450836861829045,-0.3591107451283271,-0.31379864196803703,-0.2495767059288607,-0.22657601241298483,-0.0808555424969417,0.008086495046337659,0.15481675008345244,0.2508578839960207,0.3594427822249219,0.35678479504298066,0.007910091050161772,0.08555922853885835,0.0023560424586615905,-0.037726369174984564,-0.11964737243979484,-0.2853358293093756,-0.41258760143467543,-0.3323015773048623,-0.21012418794300494,-0.1518138968453056,0.1781009551796045,0.15010318214575613,0.23295558850059853,0.30375603378641297,0.3098370891308537,0.1704479472738797,0.12876570304698637,0.09798577897563579,-0.13855437526422576,-0.29462517845473196,-0.3384522169923332,-0.2911334244064247,-0.045996927925963244,-0.20523834351464923"
239,9.81,1.4194206991585427,"0.0,0.1,0.2,0.30000000000000004,0.4,0.5,0.6000000000000001,0.7000000000000001,0.8,0.9,1.0,1.1,1.2000000000000002,1.3,1.4000000000000001,1.5,1.6,1.7000000000000002,1.8,1.9000000000000001,2.0,2.1,2.2,2.3000000000000003,2.4000000000000004,2.5,2.6,2.7,2.8000000000000003,2.9000000000000004,3.0,3.1,3.2,3.3000000000000003,3.4000000000000004,3.5,3.6,3.7,3.8000000000000003,3.9000000000000004,4.0,4.1000000000000005,4.2,4.3,4.4,4.5,4.6000000000000005,4.7,4.800000000000001,4.9,5.0,5.1000000000000005,5.2,5.300000000000001,5.4,5.5,5.6000000000000005,5.7,5.800000000000001,5.9,6.0,6.1000000000000005,6.2,6.300000000000001,6.4,6.5,6.6000000000000005,6.7,6.800000000000001,6.9,7.0,7.1000000000000005,7.2,7.300000000000001,7.4,7.5,7.6000000000000005,7.7,7.800000000000001,7.9,8.0,8.1,8.200000000000001,8.3,8.4,8.5,8.6,8.700000000000001,8.8,8.9,9.0,9.1,9.200000000000001,9.3,9.4,9.5,9.600000000000001,9.700000000000001,9.8,9.9,10.0","0.3206176222526552,0.2743464910297946,0.29526106722464307,0.19999049157819201,0.23808903155515881,0.12555276919069275,0.027632408852697722,-0.12844659732608127,-0.16579642092510902,-0.17621094256571973,-0.21816211294187293,-0.2831284648806241,-0.403250069300668,-0.31862861320825486,-0.3187317907747394,-0.08580724608034526,-0.22050633153360621,-0.10492272120390995,-0.09816952560161302,0.11420849386165421,0.2161707920079087,0.17190106137465339,0.16544044136166297,0.2075567391063725,0.16476258497036012,0.17981919396997043,0.3110978875687626,0.21390197321578358,0.06918496212792723,0.011724963003384492,-0.09127223014519101,-0.03366411774715955,-0.1491821006565201,-0.20999576231145128,-0.27958546894329295,-0.26038537663157907,-0.2507523391525711,-0.24480001523355552,-0.26651976730564114,-0.2940959340320084,-0.17867428090080606,-0.16781066928791966,0.008233403391804683,0.13484914141034626,0.14839218675015137,0.21950358328813727,0.2788328524086369,0.27199293509807815,0.33258473968894053,0.23185719120988954,0.21831452747398708,0.23611954248592926,0.032728024003610814,0.020436293115767785,-0.006915731841656484,-0.07403571971582838,-0.12808708816188946,-0.2680234290792844,-0.31461912380611073,-0.35083653666398806,-0.2718580993586189,-0.34439978785498027,-0.2129052445436611,-0.1539964650815429,0.10043999752033084,-0.007115700031774266,0.019417580768610433,0.13015855752460964,0.16251725256200314,0.22083628200330233,0.3022451819637543,0.3091058446302622,0.3076495751135128,0.24812522615160318,0.28221576025191986,0.1979395916254908,0.1506980525833964,0.10867799078958382,-0.06971489971813932,-0.09545463835379504,-0.06079365610367335,-0.07032887607446447,-0.23915558609488488,-0.3119099109609103,-0.2853424956714127,-0.33098082519881517,-0.25376166888387025,-0.19301375534496465,-0.1742739525700721,-0.06603452522509634,-0.03687944567353935,0.10351236276749846,0.15634022868047254,0.23171809717469272,0.26623993488851294,0.36944958201471134,0.31689263484227737,0.32152998546830835,0.2062586548743432,0.2161048302241041,0.16175819910704475"
240,9.81,1.665905048583345,"0.0,0.1,0.2,0.30000000000000004,0.4,0.5,0.6000000000000001,0.7000000000000001,0.8,0.9,1.0,1.1,1.2000000000000002,1.3,1.4000000000000001,1.5,1.6,1.7000000000000002,1.8,1.9000000000000001,2.0,2.1,2.2,2.3000000000000003,2.4000000000000004,2.5,2.6,2.7,2.8000000000000003,2.9000000000000004,3.0,3.1,3.2,3.3000000000000003,3.4000000000000004,3.5,3.6,3.7,3.8000000000000003,3.9000000000000004,4.0,4.1000000000000005,4.2,4.3,4.4,4.5,4.6000000000000005,4.7,4.800000000000001,4.9,5.0,5.1000000000000005,5.2,5.300000000000001,5.4,5.5,5.6000000000000005,5.7,5.800000000000001,5.9,6.0,6.1000000000000005,6.2,6.300000000000001,6.4,6.5,6.6000000000000005,6.7,6.800000000000001,6.9,7.0,7.1000000000000005,7.2,7.300000000000001,7.4,7.5,7.6000000000000005,7.7,7.800000000000001,7.9,8.0,8.1,8.200000000000001,8.3,8.4,8.5,8.6,8.700000000000001,8.8,8.9,9.0,9.1,9.200000000000001,9.3,9.4,9.5,9.600000000000001,9.700000000000001,9.8,9.9,10.0","0.295275041607713,0.24765015173539495,0.26763215434743415,0.4019365146518822,0.1492574526823045,0.07214623060293407,0.00048169764898318285,-0.14551882029626573,-0.0950794396019631,-0.17133749916273278,-0.18230690063949326,-0.19350309766979648,-0.24764290764277747,-0.2848353714595974,-0.31004894624028606,-0.2935796632083578,-0.2460837263520112,-0.1415193048116119,0.14737844513511295,-0.09300123310434237,-0.0031219696535818853,0.11651408716890779,0.12172243240826164,0.15901192802064734,0.2523119048937992,0.297981610143241,0.31629599109496614,0.34141089791323875,0.1976910807640753,0.2290566708157679,0.09672368111101483,0.14139035604969435,-0.07347278980368278,-0.04675661811201785,-0.025445689251696893,-0.16636950187796443,-0.1930136868282687,-0.29275128395858885,-0.25625462688882183,-0.3548898532728171,-0.24535911399793997,-0.28613800687760516,-0.28854866172462273,-0.22127909043070415,-0.1195065893843158,0.12124460099850497,0.08612415547755267,0.16090024299536987,0.16607744622989895,0.19301540539946016,0.30827189202439875,0.4983837009238766,0.13272009588508124,0.19399388728497743,0.35225489479031385,0.2188429539291519,0.12821716827252716,0.004016983298002985,0.04875808213055709,-0.0004509117703404286,-0.12875000668242811,-0.20152597563464283,-0.2734347618684035,-0.2822665614249657,-0.30576169926588814,-0.2693533643608218,-0.31715197495114,-0.3908257654200146,-0.25563847218996166,-0.13255024246567593,-0.13993983726455608,0.014110382577087445,0.06091629219014067,0.14157528877730052,0.1947874625734035,0.19212609797036972,0.25981649724518374,0.2974023858042885,0.33222107161121334,0.29795846401119724,0.23436356029007727,0.17983480878525962,0.14289440720598276,0.0724581299227327,0.08179124854261761,-0.031260509525388475,-0.10774408006609829,-0.23398699497419978,-0.26120398237778836,-0.33925212513846525,-0.30701109678337135,-0.24386893818171387,-0.23293495174302145,-0.32109878188126295,-0.21220930624766593,-0.17604110234870107,0.019014051784793096,0.09595260739916091,0.008987836733858778,0.10745169874411806,0.19600991727141473"
241,9.81,4.635479011907311,"0.0,0.1,0.2,0.30000000000000004,0.4,0.5,0.6000000000000001,0.7000000000000001,0.8,0.9,1.0,1.1,1.2000000000000002,1.3,1.4000000000000001,1.5,1.6,1.7000000000000002,1.8,1.9000000000000001,2.0,2.1,2.2,2.3000000000000003,2.4000000000000004,2.5,2.6,2.7,2.8000000000000003,2.9000000000000004,3.0,3.1,3.2,3.3000000000000003,3.4000000000000004,3.5,3.6,3.7,3.8000000000000003,3.9000000000000004,4.0,4.1000000000000005,4.2,4.3,4.4,4.5,4.6000000000000005,4.7,4.800000000000001,4.9,5.0,5.1000000000000005,5.2,5.300000000000001,5.4,5.5,5.6000000000000005,5.7,5.800000000000001,5.9,6.0,6.1000000000000005,6.2,6.300000000000001,6.4,6.5,6.6000000000000005,6.7,6.800000000000001,6.9,7.0,7.1000000000000005,7.2,7.300000000000001,7.4,7.5,7.6000000000000005,7.7,7.800000000000001,7.9,8.0,8.1,8.200000000000001,8.3,8.4,8.5,8.6,8.700000000000001,8.8,8.9,9.0,9.1,9.200000000000001,9.3,9.4,9.5,9.600000000000001,9.700000000000001,9.8,9.9,10.0","0.28910360311586963,0.24885680891535938,0.25489613506178443,0.1720811032184351,0.08727581952189431,0.1964121129898312,0.19441699535049614,0.19180639686952428,0.17956383609324858,0.1026901917404773,0.024283247237782784,-0.03810549702032318,-0.30011131274188163,-0.0900752644918422,-0.10899025255994468,-0.15365686297735187,-0.20529462548475474,-0.2258539470952442,-0.20983544040300653,-0.28723185570755616,-0.2351200784062284,-0.36692099642538634,-0.3457083511885892,-0.269912643622163,-0.3225325027749304,-0.34748061013693304,-0.2473409869166638,-0.23754107266123717,-0.10339740889994697,-0.051445467480484466,0.07770069869144608,-0.06009599580254593,-0.020614254884379193,-0.011467934807097537,-0.0955321911399276,0.019521663874027553,0.021644140969001455,0.19580317551731224,0.16502324453782208,0.25227353097396904,0.2426937986548393,0.25166902811129693,0.3464947166306741,0.3331574798024637,0.3305081697702659,0.3207981538652643,0.2967946555226642,0.2745150741071031,0.2711638406440693,0.17902624752148083,0.20979588038034364,0.0995599342520169,0.08947213600338493,0.15228698368448582,0.0006633711577194636,-0.07996344385702173,-0.1460395492907387,-0.15193823021480926,-0.1663833414086228,-0.2133478941362381,-0.2233317115428001,-0.24272020456402266,-0.24106886595838625,-0.2789500678866343,-0.30323485939905787,-0.264670088700228,-0.31502843790253804,-0.28818842166741987,-0.25093085345884375,-0.24507544036376575,-0.2299043608802256,-0.15334183689733638,-0.16683933079406843,-0.0901942355188324,-0.0541045654203029,-0.035965984343599974,0.011657806414978381,-0.0019498121012567274,0.131025011215252,0.1303299278728919,0.2089692773922005,0.3682021699508066,0.20466195483980482,0.1855127822703317,0.2766716730077434,0.31925635413184117,0.3773496041416629,0.3814854451627344,0.2997390216658485,0.3129365955111785,0.2507864166944822,0.25539599817410386,0.232494132560005,0.1422507478676635,0.1364133250487275,0.10056266386329409,0.1251440552573977,0.05447058172812722,-0.05077544381720242,0.010093626619764907,-0.04036167381112464"
242,9.81,1.4773322438549066,"0.0,0.1,0.2,0.30000000000000004,0.4,0.5,0.6000000000000001,0.7000000000000001,0.8,0.9,1.0,1.1,1.2000000000000002,1.3,1.4000000000000001,1.5,1.6,1.7000000000000002,1.8,1.9000000000000001,2.0,2.1,2.2,2.3000000000000003,2.4000000000000004,2.5,2.6,2.7,2.8000000000000003,2.9000000000000004,3.0,3.1,3.2,3.3000000000000003,3.4000000000000004,3.5,3.6,3.7,3.8000000000000003,3.9000000000000004,4.0,4.1000000000000005,4.2,4.3,4.4,4.5,4.6000000000000005,4.7,4.800000000000001,4.9,5.0,5.1000000000000005,5.2,5.300000000000001,5.4,5.5,5.6000000000000005,5.7,5.800000000000001,5.9,6.0,6.1000000000000005,6.2,6.300000000000001,6.4,6.5,6.6000000000000005,6.7,6.800000000000001,6.9,7.0,7.1000000000000005,7.2,7.300000000000001,7.4,7.5,7.6000000000000005,7.7,7.800000000000001,7.9,8.0,8.1,8.200000000000001,8.3,8.4,8.5,8.6,8.700000000000001,8.8,8.9,9.0,9.1,9.200000000000001,9.3,9.4,9.5,9.600000000000001,9.700000000000001,9.8,9.9,10.0","0.2999182562158042,0.30133418988864696,0.276640328522941,0.231909183148057,0.1777682959644431,0.12488365177265238,0.04380246353204621,-0.11938756558743382,-0.03393409615972909,-0.21546246161767107,-0.2610070750314455,-0.15298647171293692,-0.32480501917586563,-0.27717779757554256,-0.3167411390219308,-0.07390198515386573,-0.27362088867404166,-0.0683981911164397,-0.02622295488524997,0.060365498607604214,0.07296525881106086,0.17775933417057074,0.17736822069363484,0.2691454546586662,0.16223282327973992,0.20502626199190638,0.22643919981903676,0.23559942884193683,0.18480346523018826,0.11800153831800209,-0.07449040527123459,-0.16732661325833711,-0.16920085139449115,-0.18992224835215002,-0.21673349041901685,-0.3537579612259901,-0.25944079537583953,-0.20946560018711535,-0.2804520174040813,-0.30495876833346325,-0.29247815561021095,-0.2899456750604566,-0.07065761668441257,0.017985012139094803,0.14504459198971947,0.1570741846048357,0.22298507846335391,0.24879078060277335,0.34479058759043696,0.3272740547802532,0.23776329895207937,0.20723089071599288,0.2118167817904839,0.1545753031482236,0.1312787930836319,-0.03079911149945997,-0.14614214414114113,-0.1534865003550194,-0.08947824646097874,-0.25010401217250616,-0.44696295282318105,-0.27399391042118,-0.2809180990248044,-0.2833344383354643,0.00906657480621803,-0.03627756118518849,-0.11532316789355199,0.023881211469706207,0.06950900049215057,0.15223290886793975,0.22778452830165735,0.3546916572728166,0.2641933690014118,0.33817212380325495,0.3208344609994057,0.25751047562058005,0.22522801140467855,0.13250781240292975,0.08363470199249257,-0.05374147780233326,-0.09583879542129392,-0.0712695794657747,-0.06056832684308881,-0.1862135536775237,-0.27405260689627814,-0.3506918310100968,-0.3489226527277248,-0.3326928401063938,-0.2738832761350625,-0.22047604348674987,-0.18358838106963052,-0.02957598115053859,0.012761751818325855,0.03039774938783854,0.20130550812284848,0.29638832165974566,0.34822585478135504,0.2820110637195473,0.5098338817640293,0.27378341172712545,0.27924429660792904"
243,9.81,2.044626770219452,"0.0,0.1,0.2,0.30000000000000004,0.4,0.5,0.6000000000000001,0.7000000000000001,0.8,0.9,1.0,1.1,1.2000000000000002,1.3,1.4000000000000001,1.5,1.6,1.7000000000000002,1.8,1.9000000000000001,2.0,2.1,2.2,2.3000000000000003,2.4000000000000004,2.5,2.6,2.7,2.8000000000000003,2.9000000000000004,3.0,3.1,3.2,3.3000000000000003,3.4000000000000004,3.5,3.6,3.7,3.8000000000000003,3.9000000000000004,4.0,4.1000000000000005,4.2,4.3,4.4,4.5,4.6000000000000005,4.7,4.800000000000001,4.9,5.0,5.1000000000000005,5.2,5.300000000000001,5.4,5.5,5.6000000000000005,5.7,5.800000000000001,5.9,6.0,6.1000000000000005,6.2,6.300000000000001,6.4,6.5,6.6000000000000005,6.7,6.800000000000001,6.9,7.0,7.1000000000000005,7.2,7.300000000000001,7.4,7.5,7.6000000000000005,7.7,7.800000000000001,7.9,8.0,8.1,8.200000000000001,8.3,8.4,8.5,8.6,8.700000000000001,8.8,8.9,9.0,9.1,9.200000000000001,9.3,9.4,9.5,9.600000000000001,9.700000000000001,9.8,9.9,10.0","0.31258838520454224,0.24980340482501154,0.32559951876593585,0.19521573264210296,0.3756474796608397,-0.05102275331640313,0.28417650165797975,0.09085216742957611,-0.042764440664318344,0.007387232216619952,-0.09590085349263332,-0.22762938201927288,-0.2494972323807688,-0.3216624632826111,-0.3773071394274933,-0.28551978936268024,-0.3057019788612004,-0.2601337536899491,-0.25690645102553705,-0.17731510691445423,-0.12259538218311257,-0.04725337739027327,0.04144885256534356,0.19147908582056583,-0.00748669602636437,0.20229697044096337,0.24678589532619652,0.30722316523977766,0.22454773507259002,0.35631801657406237,0.09400033683983736,0.4072107224671647,0.1638856735743166,0.19456806686367994,0.08486984582570627,0.19472335264128304,0.0466341295039326,-0.05121097238623812,-0.09545134224415093,-0.16680738189623703,-0.25078246083745676,-0.3055576413945226,-0.3116924056208114,-0.30572939730725923,-0.3288570985796055,-0.2942898490523091,-0.2107263869102997,-0.20945123148892075,-0.22949739050295148,-0.043027902671339525,0.04304256371512774,0.033232025965340334,0.016874780696605765,0.17087131317836055,0.23620559957599355,0.257525932796755,0.1781577696213823,0.1877364041155973,0.4196670245064156,0.30613453970658305,0.34514930743091665,0.2749601667759966,0.1545769356151922,0.12680980035835804,0.08920838043648625,0.08006797065519237,-0.03982467015378413,-0.125937403468806,-0.2957395187958385,-0.25979178035294226,-0.20697313863031674,-0.3605721858853742,-0.2917011386478257,-0.18262434037995218,-0.35671702308732456,-0.27744070954922784,-0.16126676777860616,-0.14161380354193837,-0.09513505532566352,-0.028105058741006085,-0.027625289656074935,0.14206215834608976,0.23030455417636436,0.25043021138562027,0.39877120417230827,0.24694284206297107,0.22851850710472046,0.36636296781562394,0.24761254475516667,0.3432158659782296,0.1602562695346489,0.17771138457385693,0.07143592512391028,0.028966849352510725,-0.04431504759860368,-0.12414547502944495,-0.2371844695941703,-0.21547342639341938,-0.20449832124513467,-0.2788700766109156,-0.34708000639219844"
244,9.81,1.647866721882484,"0.0,0.1,0.2,0.30000000000000004,0.4,0.5,0.6000000000000001,0.7000000000000001,0.8,0.9,1.0,1.1,1.2000000000000002,1.3,1.4000000000000001,1.5,1.6,1.7000000000000002,1.8,1.9000000000000001,2.0,2.1,2.2,2.3000000000000003,2.4000000000000004,2.5,2.6,2.7,2.8000000000000003,2.9000000000000004,3.0,3.1,3.2,3.3000000000000003,3.4000000000000004,3.5,3.6,3.7,3.8000000000000003,3.9000000000000004,4.0,4.1000000000000005,4.2,4.3,4.4,4.5,4.6000000000000005,4.7,4.800000000000001,4.9,5.0,5.1000000000000005,5.2,5.300000000000001,5.4,5.5,5.6000000000000005,5.7,5.800000000000001,5.9,6.0,6.1000000000000005,6.2,6.300000000000001,6.4,6.5,6.6000000000000005,6.7,6.800000000000001,6.9,7.0,7.1000000000000005,7.2,7.300000000000001,7.4,7.5,7.6000000000000005,7.7,7.800000000000001,7.9,8.0,8.1,8.200000000000001,8.3,8.4,8.5,8.6,8.700000000000001,8.8,8.9,9.0,9.1,9.200000000000001,9.3,9.4,9.5,9.600000000000001,9.700000000000001,9.8,9.9,10.0","0.32285036556267455,0.3123016284555165,0.35369417269084813,0.3467741806824879,0.2327711585010716,0.13685784233330944,0.0068394050353558986,-0.015086982325162687,-0.13066319774447793,-0.21765826652949832,-0.1570706918569704,-0.26409815904773903,-0.2995196909500696,-0.31303366040261066,-0.2862168965299269,-0.2550134796666461,-0.29997737407832975,-0.410328897523106,-0.1808168495574316,-0.03415288313776539,0.03279332978729754,0.08736888411174826,0.14111574395727172,0.23135811031601064,0.27120116474877776,0.2472957193446455,0.2661687904662022,0.3002357879777973,0.2826047798840737,0.1912456495637246,0.10659410947987029,0.10848609917957384,-0.13197409622725637,-0.053189921138808036,-0.08016777797659055,-0.1947117832347884,-0.2733278983481906,-0.20138976085043053,-0.19248181067792125,-0.31331932862466544,-0.28592170872433587,-0.25049453304234753,-0.2501339316826528,-0.18056366282155065,-0.04366824337690406,0.046624974627245123,0.180880661323284,0.05236378806670425,0.22152664582501877,0.29588613351704174,0.28716423979048733,0.43531390602397757,0.15396038360157385,0.28982652954391097,0.2706811152427521,0.2830332063129166,0.10623031616164552,0.022808059911150008,0.03021343762198912,-0.12829490503207835,-0.1736443274530587,-0.270007395387991,-0.20276856619562475,-0.2349615113455299,-0.359821469553106,-0.30707277603314503,-0.2863463427101309,-0.2441891287990374,-0.02302253508831939,-0.11122409576258027,0.00017960095940570964,0.03345804830797922,0.20832121015840738,0.14444002733773886,0.21747759749858397,0.23036435010017603,0.29287951667112666,0.32821652541579777,0.19730904985013004,0.23518044517101844,0.16277064810808695,0.1603914152779951,0.2025938266290368,0.007193912006508207,-0.007511465338121527,-0.05572116380307805,-0.0912068954225767,-0.16732414613364832,-0.3478945427243029,-0.3906879094166571,-0.3700886040860567,-0.2585715637343813,-0.3448357320648423,-0.19555309989974168,-0.20813674522705472,-0.09652887401589338,-0.060557605650025076,0.05217071293180448,0.11213182140184623,0.13781257325618096,0.22890607178338315"
245,9.81,2.715452727684492,"0.0,0.1,0.2,0.30000000000000004,0.4,0.5,0.6000000000000001,0.7000000000000001,0.8,0.9,1.0,1.1,1.2000000000000002,1.3,1.4000000000000001,1.5,1.6,1.7000000000000002,1.8,1.9000000000000001,2.0,2.1,2.2,2.3000000000000003,2.4000000000000004,2.5,2.6,2.7,2.8000000000000003,2.9000000000000004,3.0,3.1,3.2,3.3000000000000003,3.4000000000000004,3.5,3.6,3.7,3.8000000000000003,3.9000000000000004,4.0,4.1000000000000005,4.2,4.3,4.4,4.5,4.6000000000000005,4.7,4.800000000000001,4.9,5.0,5.1000000000000005,5.2,5.300000000000001,5.4,5.5,5.6000000000000005,5.7,5.800000000000001,5.9,6.0,6.1000000000000005,6.2,6.300000000000001,6.4,6.5,6.6000000000000005,6.7,6.800000000000001,6.9,7.0,7.1000000000000005,7.2,7.300000000000001,7.4,7.5,7.6000000000000005,7.7,7.800000000000001,7.9,8.0,8.1,8.200000000000001,8.3,8.4,8.5,8.6,8.700000000000001,8.8,8.9,9.0,9.1,9.200000000000001,9.3,9.4,9.5,9.600000000000001,9.700000000000001,9.8,9.9,10.0","0.3644761116934435,0.23127147267471776,0.3349280758328262,0.19762825404328324,0.2572813519842202,0.20085414216127193,0.11751177674664962,0.042463015655096845,0.015565830087947385,0.07518475963705759,-0.007971184376271062,-0.1406044783998124,-0.21869461915694605,-0.28422032085078786,-0.3159537392840065,-0.3316113999632497,-0.32165776683146363,-0.27940653404580396,-0.200662858864289,-0.2343729176136525,-0.1895352919648602,-0.23386660486278033,-0.13765824833197043,-0.12251884181073125,0.022503884749099153,-0.015027275165683033,0.047440127686064246,0.06358143407525378,0.25813074750141174,0.17197364914547958,0.26393596965764765,0.3156652177715042,0.21794829766554852,0.1839027250890663,0.32600016763247874,0.16347182209050123,0.12219794805027936,0.19599519769065651,0.14474742243213748,0.07837158272804269,0.08493455538989829,0.025709696378338406,-0.07843073575021331,-0.10152363775112952,-0.18039588132293832,-0.14725167497569758,-0.2272117571276288,-0.24431762230515136,-0.1968317692986268,-0.2845433468157154,-0.3128573943316497,-0.3361937704695819,-0.2580748844290257,-0.20085027149070378,-0.18296595270070667,-0.21547709554954914,-0.21620490347227894,-0.06459512263604308,-0.009587268359997108,0.12948312656704278,0.11095871254307543,0.12741879420915075,0.1960768044859586,0.2349523883160205,0.2940488461667901,0.36887418231386304,0.3495955482996692,0.290095576633524,0.32230448314880245,0.18090860277093396,0.22360782121600142,0.15828239286990464,0.1575347829091917,0.07931491755496498,0.1309028391761721,-0.04530415708091036,-0.1294011203242008,-0.20931847822183358,-0.18578648274563755,-0.17426603678094343,-0.27997802997126037,-0.2208301783934633,-0.3173325796522481,-0.2210629497025877,-0.23740118926680936,-0.2114596141127219,-0.2527548164273097,-0.17744821831878793,-0.14140449184042217,-0.14432335815538938,-0.10617138547341949,-0.11202841363985307,0.04825109228378482,0.050034028970963304,0.08245409181512353,0.19864646459773933,0.30449462251417253,0.22876497873349433,0.34856843494371453,0.2391561894164429,0.13407435442336874"
246,9.81,3.9654174057106113,"0.0,0.1,0.2,0.30000000000000004,0.4,0.5,0.6000000000000001,0.7000000000000001,0.8,0.9,1.0,1.1,1.2000000000000002,1.3,1.4000000000000001,1.5,1.6,1.7000000000000002,1.8,1.9000000000000001,2.0,2.1,2.2,2.3000000000000003,2.4000000000000004,2.5,2.6,2.7,2.8000000000000003,2.9000000000000004,3.0,3.1,3.2,3.3000000000000003,3.4000000000000004,3.5,3.6,3.7,3.8000000000000003,3.9000000000000004,4.0,4.1000000000000005,4.2,4.3,4.4,4.5,4.6000000000000005,4.7,4.800000000000001,4.9,5.0,5.1000000000000005,5.2,5.300000000000001,5.4,5.5,5.6000000000000005,5.7,5.800000000000001,5.9,6.0,6.1000000000000005,6.2,6.300000000000001,6.4,6.5,6.6000000000000005,6.7,6.800000000000001,6.9,7.0,7.1000000000000005,7.2,7.300000000000001,7.4,7.5,7.6000000000000005,7.7,7.800000000000001,7.9,8.0,8.1,8.200000000000001,8.3,8.4,8.5,8.6,8.700000000000001,8.8,8.9,9.0,9.1,9.200000000000001,9.3,9.4,9.5,9.600000000000001,9.700000000000001,9.8,9.9,10.0","0.21774997510376165,0.2397414337398634,0.3554086959669629,0.1471695055922297,0.27441298838259687,0.2007358226220846,0.3069111406017569,0.24425233748809094,0.08796466866320221,0.11836366422722872,-0.00856218049113456,-0.056857710023355934,-0.08956421916680264,-0.08112491406543076,-0.25274807668341953,-0.22243942422994872,-0.3728866802477877,-0.2824780607584913,-0.34366195326440985,-0.1737630027861824,-0.3403487089965892,-0.3009034418416103,-0.2860269941409138,-0.2564000835535703,-0.2754348667719509,-0.27521489790269243,-0.27079489679629787,-0.11023136354271913,-0.045518560017053324,-0.00979849793113307,-0.055105238298908364,0.050314266307046815,0.06250678587968755,0.060972872872919526,0.2572550202900963,0.19815534722498432,0.2846931379292565,0.2525789820181219,0.2959837189572697,0.3113502492626414,0.3346384355218341,0.26737267193751757,0.2712210481962165,0.318652697353547,0.12359706359459603,0.21722485342506231,0.13376295484418554,0.20107335390458558,0.029691950819771135,0.03589619289688523,0.001670846850423846,-0.004577932593127429,-0.062477913082771896,-0.12950062090964642,-0.11028115174337366,-0.2251503117984262,-0.23292179697168627,-0.2391093277898187,-0.3366479031839438,-0.23709329688663489,-0.2991065012250496,-0.3793912260992704,-0.41329510531150293,-0.29786549113006777,-0.28987005688835976,-0.23000943562205078,-0.20841327443482432,-0.13716749870525413,0.016736103256063686,-0.05353506040200086,0.09410942523418585,0.19264056510747793,0.07003179578857774,0.18102982916130178,0.1779465028818081,0.24457014670408384,0.2258096117357817,0.2454617673861497,0.2918513776001376,0.07798208151699942,0.3201250375120166,0.35379317377716757,0.3196935111520254,0.31098074449126895,0.23672698373154955,0.18981281348838536,0.19891265824174575,0.14579368114092572,0.12396848091490346,0.047431445122810056,-0.03129974693183003,-0.07907986300161479,0.03829605084039128,-0.0930588826249651,-0.2315893539109024,-0.2721296457318541,-0.2277131967158421,-0.26775332436912463,-0.3062265049941044,-0.176977122729004,-0.26129454003133"
247,9.81,0.5741226922925273,"0.0,0.1,0.2,0.30000000000000004,0.4,0.5,0.6000000000000001,0.7000000000000001,0.8,0.9,1.0,1.1,1.2000000000000002,1.3,1.4000000000000001,1.5,1.6,1.7000000000000002,1.8,1.9000000000000001,2.0,2.1,2.2,2.3000000000000003,2.4000000000000004,2.5,2.6,2.7,2.8000000000000003,2.9000000000000004,3.0,3.1,3.2,3.3000000000000003,3.4000000000000004,3.5,3.6,3.7,3.8000000000000003,3.9000000000000004,4.0,4.1000000000000005,4.2,4.3,4.4,4.5,4.6000000000000005,4.7,4.800000000000001,4.9,5.0,5.1000000000000005,5.2,5.300000000000001,5.4,5.5,5.6000000000000005,5.7,5.800000000000001,5.9,6.0,6.1000000000000005,6.2,6.300000000000001,6.4,6.5,6.6000000000000005,6.7,6.800000000000001,6.9,7.0,7.1000000000000005,7.2,7.300000000000001,7.4,7.5,7.6000000000000005,7.7,7.800000000000001,7.9,8.0,8.1,8.200000000000001,8.3,8.4,8.5,8.6,8.700000000000001,8.8,8.9,9.0,9.1,9.200000000000001,9.3,9.4,9.5,9.600000000000001,9.700000000000001,9.8,9.9,10.0","0.30300652303690606,0.24549902819440783,0.2067815813641045,0.07302905527537219,-0.06362847301142124,-0.17987486782243378,-0.22529469330320243,-0.35513872001517405,-0.27853195969825445,-0.36481855185389783,-0.19428573873423421,0.07291248639506484,0.11693559617447438,0.2267304971551103,0.23129728965313895,0.23454636229376097,0.3117651155609681,0.30031888439080573,0.041663807451396265,-0.06840445389187993,-0.17679140899635404,-0.32313302833771096,-0.2319857440475144,-0.3430786563454324,-0.2666650368536856,-0.3226608158104119,-0.08640175515213612,0.02571106458119324,0.22174408545735996,0.2197989937465184,0.2386786352642963,0.34647349078213907,0.12290832166757075,0.05259046351527821,-0.08311660522045969,-0.023143876891075624,-0.21129518872105943,-0.32901716775889883,-0.3826281302291529,-0.3462528905797614,-0.21205914950691918,-0.09950547109177847,0.07603884545845957,0.16805593260621457,0.2432189545679142,0.29265084376186795,0.2814409462440506,0.17648216019800594,0.1791602923881596,0.05327282607438751,-0.06475680337845675,-0.31606411220677466,-0.19082918304657775,-0.2840293274690051,-0.30164699928954536,-0.20474999082476605,-0.0915581975102825,0.05217718152468343,0.22191665107581354,0.233993405820283,0.23413445199538044,0.4301166953649592,0.3806350299400131,0.38454528649123854,0.13181567541518058,-0.13365329245566548,-0.1223584604990153,-0.28291691052771656,-0.31575592184622775,-0.2578859571367794,-0.2546039027499182,-0.043221630003995454,-0.03569743924138555,0.19077704815904162,0.19946008861283113,0.328359661168559,0.2991966875626673,0.21673830219245832,0.1437154713560264,0.0601030961826652,0.019999312173472644,-0.06059942468616042,-0.25295150889065077,-0.47865783039027976,-0.3615598372391212,-0.30129548179512755,-0.17967846205389235,-0.036907534607978874,0.15883889702335577,0.14537480940241723,0.33466520856319737,0.29434891500092747,0.2149498623895121,0.19304142144607014,0.09253108460740378,0.036012888087080065,-0.1316059394759082,-0.3101329375956945,-0.1920198290067142,-0.17833031864108262,-0.1457854393303234"
248,9.81,4.17864001410049,"0.0,0.1,0.2,0.30000000000000004,0.4,0.5,0.6000000000000001,0.7000000000000001,0.8,0.9,1.0,1.1,1.2000000000000002,1.3,1.4000000000000001,1.5,1.6,1.7000000000000002,1.8,1.9000000000000001,2.0,2.1,2.2,2.3000000000000003,2.4000000000000004,2.5,2.6,2.7,2.8000000000000003,2.9000000000000004,3.0,3.1,3.2,3.3000000000000003,3.4000000000000004,3.5,3.6,3.7,3.8000000000000003,3.9000000000000004,4.0,4.1000000000000005,4.2,4.3,4.4,4.5,4.6000000000000005,4.7,4.800000000000001,4.9,5.0,5.1000000000000005,5.2,5.300000000000001,5.4,5.5,5.6000000000000005,5.7,5.800000000000001,5.9,6.0,6.1000000000000005,6.2,6.300000000000001,6.4,6.5,6.6000000000000005,6.7,6.800000000000001,6.9,7.0,7.1000000000000005,7.2,7.300000000000001,7.4,7.5,7.6000000000000005,7.7,7.800000000000001,7.9,8.0,8.1,8.200000000000001,8.3,8.4,8.5,8.6,8.700000000000001,8.8,8.9,9.0,9.1,9.200000000000001,9.3,9.4,9.5,9.600000000000001,9.700000000000001,9.8,9.9,10.0","0.2687602212450595,0.21113544543817725,0.3018533423929524,0.38552124374635,0.2543856206659141,0.2575543113335283,0.15604909499181768,0.2426974224435387,0.10823104041331384,0.08009772280449602,0.015984131357679156,-0.004553667041649355,-0.08933571971609408,-0.20095827136216632,-0.07020725122701924,-0.2858763564457624,-0.23502031434033568,-0.19779349800998963,-0.31727491637041916,-0.3527202295111565,-0.32748262699154873,-0.293769371948121,-0.2797199534985144,-0.22948023872757672,-0.2653633574765052,-0.2961253172491802,-0.21472387561598738,-0.10980569940471971,-0.08372494586525316,-0.008004395958559882,0.018982909542394913,-0.013417054188120062,-0.05621314399920808,0.11653642216435423,0.09178760594519986,0.1820947892158731,0.22223543712895077,0.25968182625759845,0.2662951215266131,0.24621447437777924,0.36133225475247444,0.20627092367853211,0.4299339627777833,0.1831149881587793,0.3274104891210688,0.16221909400020912,0.23714135974698758,0.16984753102459313,0.15151244677614692,0.0922361457689606,0.05757587930613152,0.00392187994116815,0.01741933521603676,-0.026480845928976843,-0.09175399969529617,-0.07095857660197881,-0.2728980297832004,-0.14085799643691915,-0.2718385230304742,-0.29045014157058713,-0.24678597543076689,-0.26913805442976046,-0.2996288356903053,-0.2505294942214998,-0.1634759734216846,-0.2669319987310666,-0.24153311682280432,-0.33284484321572483,-0.10761530653536235,-0.08300384591231455,-0.019488775071509756,-0.0914658510016477,0.04334394855891903,0.06305668958801566,-0.05244294101342503,0.1601755328189593,0.13980370921259913,0.1698327380583751,0.2340143835066362,0.23112687903874105,0.1512896901023128,0.24065915142713756,0.2532661785797062,0.31943694979107135,0.3301555450713622,0.2768954915102609,0.2337517391584133,0.2238114715747608,0.17552098921812914,0.1398099053054452,0.09736154072928979,-0.01821661189187955,0.045469100211159665,0.011565643973669808,-0.07436774974703378,-0.2378505281634227,-0.08746224555160881,-0.2603816548013032,-0.1887346166209077,-0.26408442936151894,-0.2797552607787823"
249,9.81,2.301691536741212,"0.0,0.1,0.2,0.30000000000000004,0.4,0.5,0.6000000000000001,0.7000000000000001,0.8,0.9,1.0,1.1,1.2000000000000002,1.3,1.4000000000000001,1.5,1.6,1.7000000000000002,1.8,1.9000000000000001,2.0,2.1,2.2,2.3000000000000003,2.4000000000000004,2.5,2.6,2.7,2.8000000000000003,2.9000000000000004,3.0,3.1,3.2,3.3000000000000003,3.4000000000000004,3.5,3.6,3.7,3.8000000000000003,3.9000000000000004,4.0,4.1000000000000005,4.2,4.3,4.4,4.5,4.6000000000000005,4.7,4.800000000000001,4.9,5.0,5.1000000000000005,5.2,5.300000000000001,5.4,5.5,5.6000000000000005,5.7,5.800000000000001,5.9,6.0,6.1000000000000005,6.2,6.300000000000001,6.4,6.5,6.6000000000000005,6.7,6.800000000000001,6.9,7.0,7.1000000000000005,7.2,7.300000000000001,7.4,7.5,7.6000000000000005,7.7,7.800000000000001,7.9,8.0,8.1,8.200000000000001,8.3,8.4,8.5,8.6,8.700000000000001,8.8,8.9,9.0,9.1,9.200000000000001,9.3,9.4,9.5,9.600000000000001,9.700000000000001,9.8,9.9,10.0","0.32008187410052824,0.23786918127709583,0.26194761128859895,0.2425124312487916,0.22272456849509442,0.1845503848438418,0.07618441473653961,0.014415813452411962,-0.01971431183300039,-0.15479144136445527,-0.16841805716343944,-0.1521228737228441,-0.1786805130269048,-0.3044452107183164,-0.28642670066269676,-0.27803821369186393,-0.34928873440028424,-0.2921186941315795,-0.277889807133765,-0.19296889010847285,-0.12620933737186096,-0.17945064135332423,0.0030492550424124076,-0.014377458835072687,0.11439267429595126,0.190016704259387,0.1314656477189864,0.2062651632007625,0.2547414300472625,0.20601834109101955,0.2643235841927653,0.31598362611698,0.17369074032738402,0.27414130496396205,0.2309025994539631,0.13622795342471722,-0.013952723116816251,-0.03567264496795154,-0.009204821157869138,-0.03114023142721135,-0.1625102355763749,-0.06702085642741715,-0.22350174418602756,-0.23181354807955365,-0.24844635304594404,-0.40907182086048127,-0.31447836206317825,-0.27824953230091154,-0.29112404524195984,-0.14897639435651075,-0.26096558059462904,-0.11901019037453914,-0.07492479558240966,-0.08618722240031859,0.03781853800366826,0.19260973617166982,0.05648068287946301,0.14469955469112547,0.2827756256842955,0.24266878595606894,0.310256345386649,0.33931259249907636,0.29426809981249435,0.23880876928799638,0.302188122695517,0.23955459325875397,0.16866240369813315,0.12459068690654765,0.05514969412557827,0.050437276519203184,-0.0819862299575703,-0.20152834708613135,-0.20704856112994185,-0.28830140071566895,-0.2692439570123819,-0.29373216751029796,-0.26621042918366933,-0.3601945227804412,-0.3233527310988814,-0.2717821820851994,-0.18309534781891346,-0.14446548043038507,-0.1386810889039467,-0.032690271485265314,0.11142660732337376,0.05601040427000972,0.04609002674978774,0.03575850468761421,0.20619901624022227,0.31700368430315107,0.2827669942061184,0.2547178450876272,0.2690829514149823,0.2907246142764295,0.28860707522521056,0.28883870786597177,0.21624816261788515,0.157853918497893,0.06494388169727047,0.1072221396003204,-0.014555508631244895"
250,9.81,1.4192381302213326,"0.0,0.1,0.2,0.30000000000000004,0.4,0.5,0.6000000000000001,0.7000000000000001,0.8,0.9,1.0,1.1,1.2000000000000002,1.3,1.4000000000000001,1.5,1.6,1.7000000000000002,1.8,1.9000000000000001,2.0,2.1,2.2,2.3000000000000003,2.4000000000000004,2.5,2.6,2.7,2.8000000000000003,2.9000000000000004,3.0,3.1,3.2,3.3000000000000003,3.4000000000000004,3.5,3.6,3.7,3.8000000000000003,3.9000000000000004,4.0,4.1000000000000005,4.2,4.3,4.4,4.5,4.6000000000000005,4.7,4.800000000000001,4.9,5.0,5.1000000000000005,5.2,5.300000000000001,5.4,5.5,5.6000000000000005,5.7,5.800000000000001,5.9,6.0,6.1000000000000005,6.2,6.300000000000001,6.4,6.5,6.6000000000000005,6.7,6.800000000000001,6.9,7.0,7.1000000000000005,7.2,7.300000000000001,7.4,7.5,7.6000000000000005,7.7,7.800000000000001,7.9,8.0,8.1,8.200000000000001,8.3,8.4,8.5,8.6,8.700000000000001,8.8,8.9,9.0,9.1,9.200000000000001,9.3,9.4,9.5,9.600000000000001,9.700000000000001,9.8,9.9,10.0","0.3121522478352024,0.29594741380291006,0.2645114686455242,0.23475789663180277,0.17775032373149685,0.03034019965925589,-0.009552228424237906,0.022833465355158206,-0.19932872159159276,-0.2605258303463083,-0.21355463072054093,-0.3066948389895676,-0.3499422673193251,-0.3822248671493455,-0.23360900013165076,-0.15267610109729832,-0.11249496045480903,-0.19245070174187867,0.016307356289375984,0.10230363275421005,0.1439332996886542,0.1346902493788616,0.1931795985989165,0.3616960188673286,0.3610685911763463,0.25597402706525985,0.2453300103699215,0.2332450620574723,0.16544980033069528,0.14666246771526953,-0.22079753037842387,-0.2983526702484668,-0.19323150399057154,-0.25712869468310184,-0.19930693098728247,-0.2149380184413336,-0.2370416756124164,-0.2553701860208387,-0.2502770613153509,-0.208458366762731,-0.17139783099289208,-0.0764996814036368,-0.04576827747993831,0.035070562022304276,0.19595070276581897,0.19042742372830646,0.2701061175453032,0.29066664402251946,0.312720628605133,0.25661432525350697,0.19563356924527076,0.2776095680970704,0.1525570021865228,0.10129924147735818,0.01695227459415638,-0.13849065912138325,-0.13464261392181992,-0.263195817983479,-0.2954466890627364,-0.3557197260367903,-0.39007664523238506,-0.3456281668628125,-0.24633835820265654,-0.254186971510527,0.08361808928376974,-0.0841066674967848,0.03521964989095763,0.09562886333906345,0.18158874938583375,0.24107871914161128,0.3047528324549256,0.3427619775527808,0.32143312610540753,0.360314956108877,0.2499136524271166,0.2232626588227574,0.1628184852444589,0.05975829109537994,-0.037825787225272405,-0.09577051342478271,-0.10832412960480373,-0.19276944714333474,-0.18676981813860333,-0.2867188213300383,-0.18515089691742095,-0.2674624140880934,-0.30047025433785524,-0.3457749346549116,-0.18930217451178044,-0.0781150679047404,-0.003395601969561804,0.08752986233138482,0.16350806785956232,0.24568795447577943,0.2832187629654485,0.3347585080228312,0.2732755135701413,0.39968623347662474,0.4036553992272346,0.17022616204716945,0.11889205371181302"
251,9.81,4.751163066152686,"0.0,0.1,0.2,0.30000000000000004,0.4,0.5,0.6000000000000001,0.7000000000000001,0.8,0.9,1.0,1.1,1.2000000000000002,1.3,1.4000000000000001,1.5,1.6,1.7000000000000002,1.8,1.9000000000000001,2.0,2.1,2.2,2.3000000000000003,2.4000000000000004,2.5,2.6,2.7,2.8000000000000003,2.9000000000000004,3.0,3.1,3.2,3.3000000000000003,3.4000000000000004,3.5,3.6,3.7,3.8000000000000003,3.9000000000000004,4.0,4.1000000000000005,4.2,4.3,4.4,4.5,4.6000000000000005,4.7,4.800000000000001,4.9,5.0,5.1000000000000005,5.2,5.300000000000001,5.4,5.5,5.6000000000000005,5.7,5.800000000000001,5.9,6.0,6.1000000000000005,6.2,6.300000000000001,6.4,6.5,6.6000000000000005,6.7,6.800000000000001,6.9,7.0,7.1000000000000005,7.2,7.300000000000001,7.4,7.5,7.6000000000000005,7.7,7.800000000000001,7.9,8.0,8.1,8.200000000000001,8.3,8.4,8.5,8.6,8.700000000000001,8.8,8.9,9.0,9.1,9.200000000000001,9.3,9.4,9.5,9.600000000000001,9.700000000000001,9.8,9.9,10.0","0.3060552514203148,0.1862020012879938,0.4055322884422635,0.1835748467842676,0.19808328985449125,0.25006480801217584,0.21474173048972248,0.16744801337389414,0.07825442110011908,0.09850414389567128,0.00906800650155358,-0.0650726597106085,0.030075433742721584,-0.12088023050713151,-0.11489651551608596,-0.16774911268488787,-0.19049996982036976,-0.16493992233625693,-0.2153375201663194,-0.19116615171312437,-0.4651383431335834,-0.18204066179605108,-0.3487815731377827,-0.39093017461734797,-0.28606798363944286,-0.15414435802553988,-0.3319988745453748,-0.17860625908011712,-0.19916214424754153,-0.10220014594353,-0.06025687157967456,-0.01577778002771299,-0.07799750456286347,-0.047580847741330236,0.16019860645979156,0.14346961351161786,0.1586285214514862,0.17229886927813906,0.18776040038414765,0.18877207784847747,0.251106882685276,0.30105628630591885,0.31118294097624105,0.3531046315306605,0.31416508323172543,0.3023261904802242,0.23872231139883948,0.2271126066547708,0.35179544722772954,0.15605946942143095,0.1808695610035827,0.18127654179545438,0.21114569921665488,0.0938263505809425,0.09251043130020817,0.033404730123456836,-0.053871942714756066,-0.14693958383771802,-0.11643818170192241,-0.13951426709370532,-0.13225040541043454,-0.2184238368909484,-0.19932696887376555,-0.18141772738679662,-0.2292007281801799,-0.4172824613023597,-0.3120913533062256,-0.30865874730823434,-0.4047025112091346,-0.30513757973009464,-0.4407199951886095,-0.23900657130568365,-0.21719550273154062,-0.16185138919041892,-0.14044925672490371,-0.18584743001625245,-0.03866269518501036,-0.030579359099876427,0.020478982812114403,-0.011930197349346486,0.051680112893846705,0.14467422361090918,0.19448496349520436,0.3068122925714801,0.19631804189258362,0.2388483379335084,0.37051292984328277,0.40125113494732656,0.30125768533052494,0.3754933515186985,0.3166656908707695,0.19996962036827962,0.16413833191533458,0.23920354932061486,0.23897611925967233,0.2565232531192178,0.13067733816346289,0.03647885591464501,0.0058744841913592714,-0.007088043297484214,-0.053316896463850544"
252,9.81,1.3297029003912455,"0.0,0.1,0.2,0.30000000000000004,0.4,0.5,0.6000000000000001,0.7000000000000001,0.8,0.9,1.0,1.1,1.2000000000000002,1.3,1.4000000000000001,1.5,1.6,1.7000000000000002,1.8,1.9000000000000001,2.0,2.1,2.2,2.3000000000000003,2.4000000000000004,2.5,2.6,2.7,2.8000000000000003,2.9000000000000004,3.0,3.1,3.2,3.3000000000000003,3.4000000000000004,3.5,3.6,3.7,3.8000000000000003,3.9000000000000004,4.0,4.1000000000000005,4.2,4.3,4.4,4.5,4.6000000000000005,4.7,4.800000000000001,4.9,5.0,5.1000000000000005,5.2,5.300000000000001,5.4,5.5,5.6000000000000005,5.7,5.800000000000001,5.9,6.0,6.1000000000000005,6.2,6.300000000000001,6.4,6.5,6.6000000000000005,6.7,6.800000000000001,6.9,7.0,7.1000000000000005,7.2,7.300000000000001,7.4,7.5,7.6000000000000005,7.7,7.800000000000001,7.9,8.0,8.1,8.200000000000001,8.3,8.4,8.5,8.6,8.700000000000001,8.8,8.9,9.0,9.1,9.200000000000001,9.3,9.4,9.5,9.600000000000001,9.700000000000001,9.8,9.9,10.0","0.3449126242549762,0.3332834398907679,0.19210952376830487,0.1545745554186121,0.12155557681892186,-0.02269646594720172,0.03895763584627607,-0.16646429582843036,0.04271004146634805,-0.24875864295350825,-0.2498780328531752,-0.3252050007172541,-0.3827294987375255,-0.25175568943148363,-0.22667100317153835,-0.22418578699021968,-0.0389760630212653,-0.0950217745363295,0.032002185398927005,0.1893430123305629,0.2099951168345861,0.32311972740726774,0.3268046092725357,0.42460150680384523,0.2576377060306895,0.26743361875885746,0.18600214723537611,0.14499230331750315,0.052186046485153625,0.0396588739440685,-0.055778692570691575,-0.2571592514637563,-0.20363866393868527,-0.24132798272579703,-0.31666608967556453,-0.3005897356884574,-0.09926773641086212,-0.2640851960935267,-0.2293088938704832,-0.16729665485345313,-0.10500262106032195,0.04909663233286053,0.16470010464414409,0.13756262115796586,0.3406393972912537,0.338142663191512,0.19311598915181816,0.31132508302574197,0.25770975672488167,0.1716019767513943,0.13360104707914494,0.04547088041170441,0.02080716174067368,-0.14883472503340445,-0.09098618516102935,-0.2153813218764899,-0.2488395286268558,-0.34194804339003626,-0.29686279779067654,-0.29667428322977984,-0.33946730348403636,-0.2158740645185219,-0.161780847450193,-0.1574747026335454,-0.12737615908997124,0.06639092898403945,0.17431538252936774,0.2765390299536672,0.19433866265747182,0.4270772571280119,0.32613311084701047,0.19987643119812862,0.22738399761804023,0.21041101740499624,0.1738549601203791,0.10482720162916698,-0.04415709651816015,-0.0170508652023173,-0.12092154950668568,-0.2925719935407986,-0.32647489933101054,-0.25594730841670466,-0.1894186641665509,-0.32225276687520404,-0.18236448970650732,-0.16343722322967696,-0.1291882441517465,0.004464381252169279,0.06504985957318143,0.26092992734077025,0.23287428780368616,0.25979006345153316,0.3285845388261629,0.315548671114242,0.2880067362524401,0.29621998145870754,0.33606756724644493,0.22987930121233535,-0.0002460578674810532,0.01891986727951713,-0.06925498276898331"
253,9.81,0.5823569540768698,"0.0,0.1,0.2,0.30000000000000004,0.4,0.5,0.6000000000000001,0.7000000000000001,0.8,0.9,1.0,1.1,1.2000000000000002,1.3,1.4000000000000001,1.5,1.6,1.7000000000000002,1.8,1.9000000000000001,2.0,2.1,2.2,2.3000000000000003,2.4000000000000004,2.5,2.6,2.7,2.8000000000000003,2.9000000000000004,3.0,3.1,3.2,3.3000000000000003,3.4000000000000004,3.5,3.6,3.7,3.8000000000000003,3.9000000000000004,4.0,4.1000000000000005,4.2,4.3,4.4,4.5,4.6000000000000005,4.7,4.800000000000001,4.9,5.0,5.1000000000000005,5.2,5.300000000000001,5.4,5.5,5.6000000000000005,5.7,5.800000000000001,5.9,6.0,6.1000000000000005,6.2,6.300000000000001,6.4,6.5,6.6000000000000005,6.7,6.800000000000001,6.9,7.0,7.1000000000000005,7.2,7.300000000000001,7.4,7.5,7.6000000000000005,7.7,7.800000000000001,7.9,8.0,8.1,8.200000000000001,8.3,8.4,8.5,8.6,8.700000000000001,8.8,8.9,9.0,9.1,9.200000000000001,9.3,9.4,9.5,9.600000000000001,9.700000000000001,9.8,9.9,10.0","0.25588420032679265,0.19431164866731976,0.31477226536634734,-0.025386083940913767,-0.04241252677898824,-0.17372026591702844,-0.3410322388498699,-0.3606883430388584,-0.345717586327389,-0.2668066522197703,-0.12449718609004035,-0.04474924628838945,0.05060270260002399,0.20463476001357114,0.28491300806572567,0.2503693725238034,0.23061084800765824,0.19687193560148517,0.08930074384646794,0.058048699800310695,-0.13456307404150922,-0.27949190858103523,-0.3296876085997014,-0.2892460996558409,-0.2966561377004562,-0.35331537772173854,-0.21827006279516778,0.028456569447115332,0.13386740233031164,0.10185445561476655,0.2764811577534174,0.36670458768035497,0.26468841220620337,-0.045167817313204905,0.0006814877116868429,-0.22752911983760934,-0.3103971508581266,-0.27779514379536213,-0.23480828631297118,-0.3327654280315993,-0.2960452140322903,-0.09523808316627203,0.08552880182360745,0.20912637558849273,0.24692225466516085,0.30990389476962255,0.28842109846667663,0.11370425583772276,0.06173505801374701,0.13337577869209088,-0.0663985263223123,-0.19570306085190797,-0.192964011909198,-0.3201935072987267,-0.3116602158779033,-0.2882849896766433,-0.2600694083363799,-0.09253910527755285,0.20638162288587097,0.1019081637982585,0.34233615873148177,0.5542137776563161,0.46617460759904006,0.4185087761890919,0.12160364672750787,-0.038980050675489,-0.14849054430538453,-0.1313509169146802,-0.2844816789997018,-0.21978459205792125,-0.2563001364983266,-0.16698907970300633,-0.12752758853004675,0.06463793153834688,0.19920579900151783,0.2524993761074035,0.3716460490249673,0.18795108576895142,0.2115395190977795,0.08436837332294103,-0.010922408106048123,-0.09705112591687895,-0.23537751049343889,-0.30585813953566193,-0.2972175416851156,-0.28037371902451413,-0.34772775366582276,0.026937606611310658,-0.0951759934131658,0.11606715491784496,0.23010707960615906,0.23245809488832367,0.3036619345861335,0.2733160146524416,0.2592656375717163,-0.056139211081759316,-0.041583218544754406,-0.2674392044511873,-0.2226793320147064,-0.08566769370668903,-0.33633738164026283"
254,9.81,4.830482237051894,"0.0,0.1,0.2,0.30000000000000004,0.4,0.5,0.6000000000000001,0.7000000000000001,0.8,0.9,1.0,1.1,1.2000000000000002,1.3,1.4000000000000001,1.5,1.6,1.7000000000000002,1.8,1.9000000000000001,2.0,2.1,2.2,2.3000000000000003,2.4000000000000004,2.5,2.6,2.7,2.8000000000000003,2.9000000000000004,3.0,3.1,3.2,3.3000000000000003,3.4000000000000004,3.5,3.6,3.7,3.8000000000000003,3.9000000000000004,4.0,4.1000000000000005,4.2,4.3,4.4,4.5,4.6000000000000005,4.7,4.800000000000001,4.9,5.0,5.1000000000000005,5.2,5.300000000000001,5.4,5.5,5.6000000000000005,5.7,5.800000000000001,5.9,6.0,6.1000000000000005,6.2,6.300000000000001,6.4,6.5,6.6000000000000005,6.7,6.800000000000001,6.9,7.0,7.1000000000000005,7.2,7.300000000000001,7.4,7.5,7.6000000000000005,7.7,7.800000000000001,7.9,8.0,8.1,8.200000000000001,8.3,8.4,8.5,8.6,8.700000000000001,8.8,8.9,9.0,9.1,9.200000000000001,9.3,9.4,9.5,9.600000000000001,9.700000000000001,9.8,9.9,10.0","0.29465203114156163,0.23375143958418967,0.24940639250323685,0.15562471784681609,0.35067993539644166,0.28556361643022493,0.18223465628875402,0.21152571825075867,0.08377124760723129,0.019336796898193565,-0.024935562427368572,-0.12515564763217055,-0.051378203452297336,-0.13625078632823412,-0.16159090867687126,-0.17968393188070605,-0.17714148856130055,-0.30593020554736283,-0.3268334700756219,-0.3078445694471196,-0.44188037250202084,-0.20946845829067406,-0.22665978092785177,-0.29821479299393805,-0.26835758109269864,-0.11127027332958717,-0.21808630250373678,-0.3502891263044528,-0.2073633274586549,-0.2822651334918127,-0.1280934495715822,-0.05809953899378463,-0.0411437477304762,-0.02327871171871522,0.07689204383089851,0.0920197703361852,0.08596774772435391,0.16297114201489107,0.15691605998407757,0.22500342176922347,0.2561020952136071,0.3565512558434133,0.26679507475653746,0.2663237401501529,0.333691367359645,0.29418765268622676,0.3201145364488601,0.3442630441673399,0.3429108503335825,0.23366550862682636,0.17153174775218213,0.13986117719955715,0.07632816646136004,0.08816548438042864,0.06057201043162099,0.02796992342337727,0.004104319549172768,-0.13609196537625745,-0.138221350848179,-0.09562115406527921,-0.1973505197207542,-0.1682301705710805,-0.23962739276101214,-0.23272714298770034,-0.4884037881195338,-0.2729980884188567,-0.3422595117923219,-0.3382538246760787,-0.18904663380976505,-0.33320074429972735,-0.42023251559111974,-0.2579976109294133,-0.23440233178684747,-0.2156853996106603,-0.2900827401949292,-0.15571392398138872,-0.011558515373612827,-0.09514155800697788,-0.006996574009465569,-0.01613222138905064,0.1365900763001474,0.22264415926469414,0.2895586650282768,0.1788103446291603,0.2404992811666687,0.24757666678444964,0.28892150528400173,0.3004184487803028,0.40512805395197593,0.41280877883358946,0.25857330389536454,0.19443470570522364,0.22300803077294254,0.24613054046272928,0.10142970533193318,0.13965672541240998,0.15660022519017855,0.0273918995937701,-0.07609791623620826,0.06853492680346458,-0.11880717714317006"
255,9.81,4.329049964060804,"0.0,0.1,0.2,0.30000000000000004,0.4,0.5,0.6000000000000001,0.7000000000000001,0.8,0.9,1.0,1.1,1.2000000000000002,1.3,1.4000000000000001,1.5,1.6,1.7000000000000002,1.8,1.9000000000000001,2.0,2.1,2.2,2.3000000000000003,2.4000000000000004,2.5,2.6,2.7,2.8000000000000003,2.9000000000000004,3.0,3.1,3.2,3.3000000000000003,3.4000000000000004,3.5,3.6,3.7,3.8000000000000003,3.9000000000000004,4.0,4.1000000000000005,4.2,4.3,4.4,4.5,4.6000000000000005,4.7,4.800000000000001,4.9,5.0,5.1000000000000005,5.2,5.300000000000001,5.4,5.5,5.6000000000000005,5.7,5.800000000000001,5.9,6.0,6.1000000000000005,6.2,6.300000000000001,6.4,6.5,6.6000000000000005,6.7,6.800000000000001,6.9,7.0,7.1000000000000005,7.2,7.300000000000001,7.4,7.5,7.6000000000000005,7.7,7.800000000000001,7.9,8.0,8.1,8.200000000000001,8.3,8.4,8.5,8.6,8.700000000000001,8.8,8.9,9.0,9.1,9.200000000000001,9.3,9.4,9.5,9.600000000000001,9.700000000000001,9.8,9.9,10.0","0.298816283404044,0.2609701063829259,0.3191216077026101,0.2741484585887878,0.2759788459455193,0.24453452727665256,0.1516524564896261,0.23521691631034536,0.13950997559037862,0.004274509300821128,0.047433304764769126,0.020548769950783034,-0.09305321356078483,-0.11259477405935324,-0.019368476408547164,-0.19007076575885312,-0.18106524089250012,-0.21568130492224913,-0.2262353653956132,-0.3161623407158678,-0.3184431384656737,-0.2566504685037896,-0.43678151291439216,-0.21954271313975346,-0.2926859103407592,-0.21569448879502776,-0.21641757092148922,-0.07661801584951941,-0.12167270218714908,-0.07474050663817833,-0.030529082098138614,-0.04684393847535913,-0.02089816439439092,0.0016264660437365491,0.13116240868101894,0.15365859183498104,0.1674655816963682,0.25966906335410067,0.2265004740858833,0.4329650881046091,0.39178746957483,0.36316391009956617,0.3383187187470169,0.338128125761886,0.26036704379922304,0.23189511219766634,0.25304386520900296,0.20170366899054226,0.19335826579089482,0.31003913332011834,0.15287299453529324,0.11888323251218391,0.1355812498237896,0.05344142019035647,-0.052462926446326504,-0.14002053055852132,-0.10696907410961479,-0.15222766884489436,-0.2630906050672527,-0.24330778336159312,-0.20783341945653172,-0.2920702129371944,-0.31764860165579817,-0.2539742887672563,-0.23828112988135244,-0.22343056067229786,-0.26726365160259086,-0.2507098114203901,-0.24622267027888134,-0.10788881419081865,-0.16244097935422674,-0.1044176541944208,-0.05267789809450698,-0.2264570800635441,-0.09111916974478242,0.12488885120389251,0.04911794809638488,0.04455832229662304,0.2556372760296567,0.15971482043028035,0.2070849642533329,0.2657847409788053,0.45600358034841326,0.3097363476152434,0.34041488735027825,0.26978262163333944,0.48312576397877716,0.23649859697657882,0.19002195746186468,0.18635215028590238,0.12604434535624676,0.21660157384788112,0.07584713768192902,0.02108042949558843,-0.05432624022726316,-0.07679337533945521,-0.21559394970310392,-0.16154576051543362,-0.23455892034373943,-0.19493460232023324,-0.24285499140094824"
256,9.81,2.6300504762866033,"0.0,0.1,0.2,0.30000000000000004,0.4,0.5,0.6000000000000001,0.7000000000000001,0.8,0.9,1.0,1.1,1.2000000000000002,1.3,1.4000000000000001,1.5,1.6,1.7000000000000002,1.8,1.9000000000000001,2.0,2.1,2.2,2.3000000000000003,2.4000000000000004,2.5,2.6,2.7,2.8000000000000003,2.9000000000000004,3.0,3.1,3.2,3.3000000000000003,3.4000000000000004,3.5,3.6,3.7,3.8000000000000003,3.9000000000000004,4.0,4.1000000000000005,4.2,4.3,4.4,4.5,4.6000000000000005,4.7,4.800000000000001,4.9,5.0,5.1000000000000005,5.2,5.300000000000001,5.4,5.5,5.6000000000000005,5.7,5.800000000000001,5.9,6.0,6.1000000000000005,6.2,6.300000000000001,6.4,6.5,6.6000000000000005,6.7,6.800000000000001,6.9,7.0,7.1000000000000005,7.2,7.300000000000001,7.4,7.5,7.6000000000000005,7.7,7.800000000000001,7.9,8.0,8.1,8.200000000000001,8.3,8.4,8.5,8.6,8.700000000000001,8.8,8.9,9.0,9.1,9.200000000000001,9.3,9.4,9.5,9.600000000000001,9.700000000000001,9.8,9.9,10.0","0.13385871739746302,0.2924410693205071,0.2877831885066403,0.23544668162649304,0.29927194699096527,0.10401122942441755,0.08339903547653857,0.15111848163474145,-0.02094069808731356,-0.14018290824169113,0.07918785456738082,-0.2030581665048232,-0.22724169306805084,-0.2874758653808509,-0.3545002801472208,-0.3964454636141755,-0.30055664806010796,-0.17148872966825596,-0.22461197500064228,-0.2518605390228122,-0.2675191691648747,-0.14255747295033144,-0.1811506487921108,-0.08025808328656223,-0.05075356808091525,0.031336519224570855,0.09853983260118321,0.14978600298762212,0.2808587814104959,0.1346507098575261,0.23177704231919732,0.3036640439128837,0.292233789359853,0.3608434552874849,0.4374303403446929,0.21340019328047496,0.13426105113936396,0.06928350439430875,0.24069952182090376,0.15280280540601796,0.03343420294359774,-0.03904189821494816,-0.07064529217778984,-0.12790736976966263,-0.1315011964486012,-0.2761671135876936,-0.2773588958378661,-0.28461599246743835,-0.2881054122147276,-0.17225590389483775,-0.32415117915410147,-0.2469779072281968,-0.2095097367294889,-0.16653963542121025,-0.18074471818152207,-0.11557163336847483,-0.16035477565063688,-0.04026302879067131,0.052122246647315004,0.06934172134684874,0.1693429537846854,0.10504506598854313,0.285637534338581,0.2559196789891407,0.26444741775537856,0.24642520019878283,0.33325946069732865,0.32837348668012534,0.34824251109219606,0.2772446113375571,0.2089587286347825,0.11061085143113888,0.16973267033139045,0.006202503578626166,0.08912949657858255,-0.10776819044194244,-0.09557598763398598,-0.14229630853232508,-0.191189483766329,-0.2857586897866158,-0.1966441269754129,-0.25269043516193146,-0.3690292653063328,-0.36495023580263647,-0.2511442479790042,-0.3839235954650798,-0.24082245892801102,-0.16644618387173257,-0.09593114874723166,0.006459708401607339,-0.0022978872308971852,0.10921152212956045,0.11792454348969995,0.1906174807344732,0.14017554573150764,0.4091070695759079,0.2404129560153047,0.2729780497684859,0.3259452774689065,0.3084311901455419,0.21437879588875142"
257,9.81,3.8657799959209838,"0.0,0.1,0.2,0.30000000000000004,0.4,0.5,0.6000000000000001,0.7000000000000001,0.8,0.9,1.0,1.1,1.2000000000000002,1.3,1.4000000000000001,1.5,1.6,1.7000000000000002,1.8,1.9000000000000001,2.0,2.1,2.2,2.3000000000000003,2.4000000000000004,2.5,2.6,2.7,2.8000000000000003,2.9000000000000004,3.0,3.1,3.2,3.3000000000000003,3.4000000000000004,3.5,3.6,3.7,3.8000000000000003,3.9000000000000004,4.0,4.1000000000000005,4.2,4.3,4.4,4.5,4.6000000000000005,4.7,4.800000000000001,4.9,5.0,5.1000000000000005,5.2,5.300000000000001,5.4,5.5,5.6000000000000005,5.7,5.800000000000001,5.9,6.0,6.1000000000000005,6.2,6.300000000000001,6.4,6.5,6.6000000000000005,6.7,6.800000000000001,6.9,7.0,7.1000000000000005,7.2,7.300000000000001,7.4,7.5,7.6000000000000005,7.7,7.800000000000001,7.9,8.0,8.1,8.200000000000001,8.3,8.4,8.5,8.6,8.700000000000001,8.8,8.9,9.0,9.1,9.200000000000001,9.3,9.4,9.5,9.600000000000001,9.700000000000001,9.8,9.9,10.0","0.2352082604480849,0.25275648147937624,0.26879778654756437,0.23793752979253083,0.20389298175525544,0.20047441184677578,0.07693864311029784,0.003744292459739035,0.05765303653797544,0.033872922943091216,-0.002261148246795842,-0.11882337416586944,-0.05444751383317405,-0.15559035183221703,-0.22314506733450284,-0.19306815380488304,-0.25731281412887125,-0.24007198220912335,-0.29744486011839966,-0.31574553774730874,-0.42374811131841844,-0.31026423805177356,-0.2910359599144099,-0.26544587806317,-0.19101915138663522,-0.261880067646092,-0.13253632328684561,0.01075916336373936,-0.05927301020014547,-0.01405306334575077,-0.015464628537535628,0.12487850598566193,0.06758370344384779,0.1610578737459775,0.2567160393913559,0.22861065934611335,0.28607385298883087,0.13955742833717663,0.20593078547347582,0.38341405126782085,0.2221551083513355,0.21615204147266256,0.32898234215887107,0.2105722839149826,0.27364795173708467,0.1750170972121984,0.09770345194546723,0.10747704338443242,-0.07402410295668452,0.047629709311256124,-0.11094133415114549,-0.06924537438034319,-0.0987848166069221,-0.1780102561962819,-0.1828672648704259,-0.22404822848266717,-0.2583070284523964,-0.10161105986428373,-0.48073443948317685,-0.34428762847747374,-0.3982087480697969,-0.24026058169352693,-0.2671656236987699,-0.11644023212392124,-0.22112469004928592,-0.3118734021712701,0.019844525946224628,-0.17631908933817744,-0.06574296875896474,0.010741250523247065,0.018027810481100137,0.09858262896810963,0.1413436801436299,0.12215817580960936,0.1363401698360337,0.29529246035260465,0.29891983679976764,0.27244600759401205,0.3583415432509131,0.2814212376638596,0.2665410192033578,0.2539284337363311,0.31217192012022843,0.26469232240480284,0.22910043839858568,0.1702349286364981,0.20354465253276455,0.1387062212132606,0.0639846934380135,-0.022472101822711216,-0.07425268528149531,-0.09340040416405829,-0.09367645726642965,-0.18082254596731942,-0.053276261096540045,-0.20181775520732603,-0.39983496302586885,-0.39301694286463373,-0.29183577870873056,-0.3569121216169133,-0.3021101379093178"
258,9.81,0.7086066229324646,"0.0,0.1,0.2,0.30000000000000004,0.4,0.5,0.6000000000000001,0.7000000000000001,0.8,0.9,1.0,1.1,1.2000000000000002,1.3,1.4000000000000001,1.5,1.6,1.7000000000000002,1.8,1.9000000000000001,2.0,2.1,2.2,2.3000000000000003,2.4000000000000004,2.5,2.6,2.7,2.8000000000000003,2.9000000000000004,3.0,3.1,3.2,3.3000000000000003,3.4000000000000004,3.5,3.6,3.7,3.8000000000000003,3.9000000000000004,4.0,4.1000000000000005,4.2,4.3,4.4,4.5,4.6000000000000005,4.7,4.800000000000001,4.9,5.0,5.1000000000000005,5.2,5.300000000000001,5.4,5.5,5.6000000000000005,5.7,5.800000000000001,5.9,6.0,6.1000000000000005,6.2,6.300000000000001,6.4,6.5,6.6000000000000005,6.7,6.800000000000001,6.9,7.0,7.1000000000000005,7.2,7.300000000000001,7.4,7.5,7.6000000000000005,7.7,7.800000000000001,7.9,8.0,8.1,8.200000000000001,8.3,8.4,8.5,8.6,8.700000000000001,8.8,8.9,9.0,9.1,9.200000000000001,9.3,9.4,9.5,9.600000000000001,9.700000000000001,9.8,9.9,10.0","0.2736158993570253,0.3243149629549812,0.22471465839686192,0.1455312372911739,-0.006312804557702452,-0.13753636792047658,-0.11409811609066096,-0.2606253919928151,-0.23015192222224112,-0.37843385783575695,-0.28881984572891056,-0.020382088967750706,-0.0032180985472687745,0.12197049827505006,0.10564640383282152,0.2024598680210596,0.26752760307153917,0.2611669351542587,0.3192029751175505,0.1921709352938169,0.10179081913900068,-0.018107789361288,-0.1414163555460538,-0.1726439771825781,-0.32269744793439,-0.22619379864516798,-0.29937663026222217,-0.3265862958474525,-0.13121740531303452,-0.06232380394439418,0.033709772477685224,0.13380906251729796,0.251431015458766,0.23755634302635595,0.21980814292896506,0.25782175567502136,0.17430030380748193,0.09235346851862122,0.06081196242832032,-0.09017955648942474,-0.20153943843166086,-0.20497864427925616,-0.24362802628628677,-0.2740591657023606,-0.1633288616753531,-0.13442048142833132,-0.06797574521383835,-0.02557036999430605,0.12420266398903165,0.18955695906688608,0.2246238923059035,0.30448785831471625,0.31365267715821343,0.2119412877026263,0.11590355834214545,0.01805898617987016,-0.11601101910651156,-0.19649145165939386,-0.2743287352266791,-0.32064935293666563,-0.32944967814885906,-0.13383819903625707,-0.14460064090639232,0.08159713020420095,0.10239240283163348,0.15623988642721573,0.2891829492203339,0.38666587826718796,0.1707547581275269,0.22806092241271217,0.11706545769286562,0.18729045537635136,0.009001912880541078,-0.1715696589471899,-0.24766839046208783,-0.31930962749036096,-0.34188842527923347,-0.2616677168427477,-0.28276382995142446,-0.16678221296444287,0.03150672805951,0.10561047329224611,0.16082497101116425,0.28515529292058767,0.34049014026165786,0.2571410139658095,0.24442544087824236,0.13952998836440939,0.17050248155764477,0.018060522207070502,-0.12564573575624483,-0.22554033679643362,-0.23950860015258008,-0.1309736977136398,-0.24514226153827107,-0.20485112488383478,-0.14735999052855606,-0.06783170189953115,0.040246285684978504,0.2671632608169239,0.1897686751289579"
259,9.81,3.4627696455089225,"0.0,0.1,0.2,0.30000000000000004,0.4,0.5,0.6000000000000001,0.7000000000000001,0.8,0.9,1.0,1.1,1.2000000000000002,1.3,1.4000000000000001,1.5,1.6,1.7000000000000002,1.8,1.9000000000000001,2.0,2.1,2.2,2.3000000000000003,2.4000000000000004,2.5,2.6,2.7,2.8000000000000003,2.9000000000000004,3.0,3.1,3.2,3.3000000000000003,3.4000000000000004,3.5,3.6,3.7,3.8000000000000003,3.9000000000000004,4.0,4.1000000000000005,4.2,4.3,4.4,4.5,4.6000000000000005,4.7,4.800000000000001,4.9,5.0,5.1000000000000005,5.2,5.300000000000001,5.4,5.5,5.6000000000000005,5.7,5.800000000000001,5.9,6.0,6.1000000000000005,6.2,6.300000000000001,6.4,6.5,6.6000000000000005,6.7,6.800000000000001,6.9,7.0,7.1000000000000005,7.2,7.300000000000001,7.4,7.5,7.6000000000000005,7.7,7.800000000000001,7.9,8.0,8.1,8.200000000000001,8.3,8.4,8.5,8.6,8.700000000000001,8.8,8.9,9.0,9.1,9.200000000000001,9.3,9.4,9.5,9.600000000000001,9.700000000000001,9.8,9.9,10.0","0.3023426352308639,0.23164906779671746,0.3084868617597209,0.2685812194491578,0.26590897568405775,0.1916433731322803,0.04536311544227878,0.04820798606913265,0.05152633790605354,0.11992377434463307,0.24448574526369643,-0.04505832477412445,-0.05534419244430254,-0.24350194307377565,-0.19119569324751343,-0.2302129843699123,-0.2577425788792101,-0.26838559026854286,-0.31273823162607806,-0.33828728057101826,-0.38779685780122375,-0.24524867391332933,-0.2242755079557744,-0.29043578864111136,-0.18441232913234992,-0.18461876666965438,-0.12210636725924426,-0.03442134944958754,-0.06606532765821696,0.030012821004987103,0.14928186113711905,0.1135747062166,0.18484434851872864,0.17116480266779996,0.2134995920007352,0.2267686222258657,0.3560598568935248,0.3224744200839386,0.2877309213080035,0.27726949134950823,0.28622240614032496,0.19340337140433894,0.20098604906287038,0.17202610800311302,0.12923322332548454,0.08928692368254515,-0.03312852284322758,-0.02691135460481534,-0.10597334350247758,-0.09976216065561518,-0.1894600685391537,-0.21865426415948086,-0.19401309819783413,-0.1756428844275832,-0.17596113468929342,-0.2559294096514185,-0.39028211315944605,-0.3324166697140323,-0.3199957575649531,-0.23602362667744536,-0.15558233095491397,-0.22597542056733064,-0.07464336863122975,-0.16280577690456438,-0.06135366526164995,0.017644296146962085,0.024189586094643875,0.055789310334280834,0.19343454254225523,0.2898631665873174,0.2159862081156748,0.15697168293067726,0.011840937415930619,0.2660524560631319,0.27978322694661456,0.2889045812871485,0.3113330404272883,0.24140595442759272,0.2135099828918613,0.22164882329237007,0.17785267310755104,0.1842242554976901,0.04283647319690172,0.09359347425221481,0.0031624945017031253,0.02605566006047097,-0.08576528220428033,-0.10830460853341077,-0.10972038721163933,-0.16967086599132372,-0.1815623918092822,-0.3005505728822869,-0.26716707565296843,-0.3006953729788058,-0.3636817963599277,-0.286701879132519,-0.3574151931247968,-0.31113196142135874,-0.13815370038719244,-0.23432699627724518,-0.3074735154150944"
260,9.81,2.9575785614025825,"0.0,0.1,0.2,0.30000000000000004,0.4,0.5,0.6000000000000001,0.7000000000000001,0.8,0.9,1.0,1.1,1.2000000000000002,1.3,1.4000000000000001,1.5,1.6,1.7000000000000002,1.8,1.9000000000000001,2.0,2.1,2.2,2.3000000000000003,2.4000000000000004,2.5,2.6,2.7,2.8000000000000003,2.9000000000000004,3.0,3.1,3.2,3.3000000000000003,3.4000000000000004,3.5,3.6,3.7,3.8000000000000003,3.9000000000000004,4.0,4.1000000000000005,4.2,4.3,4.4,4.5,4.6000000000000005,4.7,4.800000000000001,4.9,5.0,5.1000000000000005,5.2,5.300000000000001,5.4,5.5,5.6000000000000005,5.7,5.800000000000001,5.9,6.0,6.1000000000000005,6.2,6.300000000000001,6.4,6.5,6.6000000000000005,6.7,6.800000000000001,6.9,7.0,7.1000000000000005,7.2,7.300000000000001,7.4,7.5,7.6000000000000005,7.7,7.800000000000001,7.9,8.0,8.1,8.200000000000001,8.3,8.4,8.5,8.6,8.700000000000001,8.8,8.9,9.0,9.1,9.200000000000001,9.3,9.4,9.5,9.600000000000001,9.700000000000001,9.8,9.9,10.0","0.30824368149808545,0.24170901728127514,0.33003193820622356,0.24917365081013237,0.06565864343335712,0.24083236529301807,-0.005901852885976999,0.0925241564646537,0.09648169276341792,0.017287968763330382,-0.22032463679611763,-0.15365742359910095,-0.17436150994512367,-0.12112444468828784,-0.28470327036355464,-0.30113484986498035,-0.2674583681318829,-0.24139426038580314,-0.30244314804385086,-0.32573286087669273,-0.20538813718627383,-0.3425926426091378,-0.2010155967052961,-0.15901764577024485,-0.10152130259479311,-0.049037491819270404,-0.005134707458758469,0.08807914602645132,0.17270477338005735,0.10789981445641798,0.19093845757931988,0.12174237383447936,0.13511538511263038,0.2623392766678023,0.2395676643616672,0.332966229208829,0.2826944551484467,0.3009139703575604,0.3011951528752931,0.09759544504449755,0.1383494857129436,0.09567491842104953,0.13929191640521524,0.1324524424519034,0.0066135683933493394,-0.026751812318409077,-0.08006304635324182,-0.13716081415599832,-0.22339061275403024,-0.19986446186070883,-0.218979509790584,-0.3368734548260738,-0.20799311240725904,-0.28986230482694686,-0.3536997736048689,-0.2666743469740212,-0.18052090271482155,-0.18526450188103424,-0.12864698779352918,-0.12296415949887377,-0.04643862367001318,0.006718541819504594,0.047382405222051754,0.1505303740820464,0.15374928716242403,0.1796929201967741,0.3264806577176279,0.2858370747877268,0.36619433956903114,0.2682260708773759,0.36206422995440346,0.30438948035548774,0.23339988516378854,0.2858164612524889,0.18349637399347754,0.12759002363725086,0.2532719103979596,0.04066610583934835,-0.060358352234089335,-0.04216284196563271,-0.16351407784788707,-0.284045628831477,-0.07002948036736845,-0.19010516146237338,-0.27984464109875823,-0.24676607048583393,-0.2934226438650161,-0.3259840896537647,-0.24543342924191502,-0.32224087990816525,-0.2415560379333726,-0.19106522790543765,-0.10390786112423131,-0.10424821989765204,0.2650170062779449,-0.04193874274274681,0.006871794099606414,0.057904456787260666,0.19400167436899513,0.18498595659217765,0.22248916212301115"
261,9.81,1.7820580029874673,"0.0,0.1,0.2,0.30000000000000004,0.4,0.5,0.6000000000000001,0.7000000000000001,0.8,0.9,1.0,1.1,1.2000000000000002,1.3,1.4000000000000001,1.5,1.6,1.7000000000000002,1.8,1.9000000000000001,2.0,2.1,2.2,2.3000000000000003,2.4000000000000004,2.5,2.6,2.7,2.8000000000000003,2.9000000000000004,3.0,3.1,3.2,3.3000000000000003,3.4000000000000004,3.5,3.6,3.7,3.8000000000000003,3.9000000000000004,4.0,4.1000000000000005,4.2,4.3,4.4,4.5,4.6000000000000005,4.7,4.800000000000001,4.9,5.0,5.1000000000000005,5.2,5.300000000000001,5.4,5.5,5.6000000000000005,5.7,5.800000000000001,5.9,6.0,6.1000000000000005,6.2,6.300000000000001,6.4,6.5,6.6000000000000005,6.7,6.800000000000001,6.9,7.0,7.1000000000000005,7.2,7.300000000000001,7.4,7.5,7.6000000000000005,7.7,7.800000000000001,7.9,8.0,8.1,8.200000000000001,8.3,8.4,8.5,8.6,8.700000000000001,8.8,8.9,9.0,9.1,9.200000000000001,9.3,9.4,9.5,9.600000000000001,9.700000000000001,9.8,9.9,10.0","0.3553196007144236,0.3332545977562634,0.2383101743645942,0.40920821900356025,0.2566863469313895,0.09866400970214148,-0.12505276171955026,0.016402814490614592,-0.11662949197445342,-0.1374145374353508,-0.2196106153093008,-0.11419663648466549,-0.2715848443683753,-0.3016766260199852,-0.2693596375317456,-0.3070127642993003,-0.25987251511806325,-0.2107308067066341,0.06466853377375367,-0.11799443179416985,0.04285628988343692,0.05806607782948678,0.3612499272539508,0.19801382420916616,0.2550816500043533,0.3203419279588631,0.3249191567721109,0.31033841460018524,0.2940090961525431,0.26447497376315754,0.26264574573080174,0.09116068260799086,0.04504091921008385,0.07106107161110128,-0.05311557649691111,-0.04550879588196735,-0.11557323933256014,-0.15009186630380614,-0.2340737393564506,-0.327770287070994,-0.33380068115387057,-0.3192508555164923,-0.23301992745401068,-0.29902894722683926,-0.23720665478106762,-0.2399423141850867,-0.0833932246952732,0.01509280940459812,0.06890378597928938,0.17384636643865203,0.1586629940512822,0.238064021356673,0.2130512293874591,0.2512386397345153,0.3715824747283323,0.27732639335282694,0.19249045846873608,0.18289450480962433,0.13377774269047263,0.14158028507418685,-0.06114457595860694,-0.015186832106790487,-0.045680699629501,-0.14688328173716825,-0.3496627710134296,-0.31251525995631,-0.20068997171855205,-0.28749249040163233,-0.24204569279817129,-0.19485835745047964,-0.19276454311198488,-0.1589076467708756,-0.07599577615584052,-0.0012335510456266754,0.017743116008082146,0.046269114645642706,0.12507146996192925,0.15636695144701548,0.19753199126214555,0.28686678992014886,0.36584974054978686,0.313344188842723,0.1315379249205262,0.24686682176238506,0.14982715505674477,0.12908101732901783,0.13672460315449486,0.031386909523252224,-0.03099411921498641,-0.15151564488541402,-0.12260283950825537,-0.25495082677192804,-0.30144701734975143,-0.2848821431946069,-0.27991645298022594,-0.3168632329478643,-0.2335138709606774,-0.2486232342135172,-0.21354225251619185,-0.14112678507707757,-0.10831853375712208"
262,9.81,1.7210667055552273,"0.0,0.1,0.2,0.30000000000000004,0.4,0.5,0.6000000000000001,0.7000000000000001,0.8,0.9,1.0,1.1,1.2000000000000002,1.3,1.4000000000000001,1.5,1.6,1.7000000000000002,1.8,1.9000000000000001,2.0,2.1,2.2,2.3000000000000003,2.4000000000000004,2.5,2.6,2.7,2.8000000000000003,2.9000000000000004,3.0,3.1,3.2,3.3000000000000003,3.4000000000000004,3.5,3.6,3.7,3.8000000000000003,3.9000000000000004,4.0,4.1000000000000005,4.2,4.3,4.4,4.5,4.6000000000000005,4.7,4.800000000000001,4.9,5.0,5.1000000000000005,5.2,5.300000000000001,5.4,5.5,5.6000000000000005,5.7,5.800000000000001,5.9,6.0,6.1000000000000005,6.2,6.300000000000001,6.4,6.5,6.6000000000000005,6.7,6.800000000000001,6.9,7.0,7.1000000000000005,7.2,7.300000000000001,7.4,7.5,7.6000000000000005,7.7,7.800000000000001,7.9,8.0,8.1,8.200000000000001,8.3,8.4,8.5,8.6,8.700000000000001,8.8,8.9,9.0,9.1,9.200000000000001,9.3,9.4,9.5,9.600000000000001,9.700000000000001,9.8,9.9,10.0","0.3958880584195498,0.39199222528474426,0.33292716176819775,0.28891112957718484,0.36474076335680106,0.1538650235250683,-0.10446370115046233,-0.07008553404040252,-0.10790345733930443,-0.1087670295452415,-0.265953798095927,-0.26434225112092913,-0.28562854484235195,-0.23090528257506054,-0.25586929156800475,-0.2852687381776593,-0.24203676362819548,-0.1485819055144204,0.24928563160875578,0.058609912450222026,0.036559894743038154,0.08998317135813079,0.2353662030531069,0.1786862153353482,0.2937682795279681,0.37555856139401766,0.284591212557709,0.2526970777151061,0.2652162058801381,0.24476414346559736,0.20273272629370198,0.037918836052770855,0.021826575602123748,-0.02062566100983263,-0.07515065486716921,-0.06431831566084242,-0.19220041093694434,-0.25097798186817183,-0.2802996859568584,-0.3072248469283524,-0.29560780165168676,-0.25721875956836326,-0.2307521942173784,-0.20081770505986427,-0.11896790093038703,-0.18508314351211544,-0.0441210879373319,0.07537079066034405,0.06896993035384877,0.20475236200885075,0.2853293253825129,0.3840177290002288,0.3214991558791426,0.3029660870785535,0.19569049609718725,0.24699296941700677,0.2814106045979185,0.18619098099286277,0.11569442969269894,-0.014756706281057515,-0.057800559844369936,-0.09248534227462177,-0.12224693276196169,-0.29052125632808856,-0.19824094215140828,-0.29316341589284733,-0.3175381567794848,-0.241984456042855,-0.28910852990400204,-0.23674345035592043,-0.21985973780948018,-0.06523883485304127,-0.03000834014573225,0.1383983747067632,0.21057797279581303,0.1749571370316637,0.23701715733309936,0.2789243117046686,0.27329364065926787,0.21609415104866322,0.26229241036272266,0.29666417102383064,0.2613508977116151,0.10542200652460958,0.08847085932024971,0.052184454225085754,-0.03416382228245566,-0.047429091171672974,-0.1903969076280973,-0.2396755989317257,-0.2580249804140704,-0.23071479413532503,-0.2675672182808021,-0.25865599264719574,-0.2948196354436695,-0.2518211460651683,-0.09477466249300065,-0.14041592816102846,0.08437776373082365,-0.06352293655547625,-0.0731179776086168"
263,9.81,2.186067304562221,"0.0,0.1,0.2,0.30000000000000004,0.4,0.5,0.6000000000000001,0.7000000000000001,0.8,0.9,1.0,1.1,1.2000000000000002,1.3,1.4000000000000001,1.5,1.6,1.7000000000000002,1.8,1.9000000000000001,2.0,2.1,2.2,2.3000000000000003,2.4000000000000004,2.5,2.6,2.7,2.8000000000000003,2.9000000000000004,3.0,3.1,3.2,3.3000000000000003,3.4000000000000004,3.5,3.6,3.7,3.8000000000000003,3.9000000000000004,4.0,4.1000000000000005,4.2,4.3,4.4,4.5,4.6000000000000005,4.7,4.800000000000001,4.9,5.0,5.1000000000000005,5.2,5.300000000000001,5.4,5.5,5.6000000000000005,5.7,5.800000000000001,5.9,6.0,6.1000000000000005,6.2,6.300000000000001,6.4,6.5,6.6000000000000005,6.7,6.800000000000001,6.9,7.0,7.1000000000000005,7.2,7.300000000000001,7.4,7.5,7.6000000000000005,7.7,7.800000000000001,7.9,8.0,8.1,8.200000000000001,8.3,8.4,8.5,8.6,8.700000000000001,8.8,8.9,9.0,9.1,9.200000000000001,9.3,9.4,9.5,9.600000000000001,9.700000000000001,9.8,9.9,10.0","0.39044201092250075,0.38039277377077435,0.3025957152095747,0.2159073341988023,0.16870692211762617,0.09812144696685393,0.045652618475157475,0.05326498226888657,-0.07720934143966865,-0.13715945971389498,-0.15353674693716066,-0.25731696996135645,-0.2444178528106487,-0.3368797632809285,-0.31597232988946533,-0.2837226719602975,-0.21369433004233093,-0.2569890219530717,-0.07037233099516466,-0.15555247578284134,-0.028245007635604474,-0.06845344271635334,-0.08791217918080488,0.05661148815873219,0.1077866804092795,0.2567232980283,0.21852923157947465,0.24363508023721522,0.2736958994975305,0.3597685869137498,0.21884556369137614,0.0781406084980299,0.1923943165441554,0.24796334291175304,0.20126501131755448,0.13219957363731166,0.05913085841064732,-0.07517526572922772,-0.07507744708912628,0.23986505234753897,-0.1420433828286087,-0.2064912174646466,-0.22414582092810714,-0.23504312701446198,-0.5511540912784589,-0.3340396635668056,-0.294648283249087,-0.23062980630401117,-0.214727676053013,-0.23316584307252738,-0.13424092934693388,-0.07102172297648934,0.0802294850000069,0.0545331306886148,0.1595018589914868,0.1495037711580785,0.04115606592048149,0.3512351190830182,0.21750873508954946,0.32514232535949644,0.2680290023051464,0.30269229009084214,0.3292164073495566,0.27278190438302596,0.22898560962891698,0.14394179326568665,0.036097708080665716,0.060070095816986864,-0.0786988584678909,-0.13883080866365122,-0.26710786067476644,-0.35274915689215236,-0.17987328685700238,-0.15253576606628433,-0.2221201311590818,-0.19931286004326082,-0.19663607964557017,-0.25600974232341617,-0.2477907728857207,-0.19861416357608616,-0.11993046598344208,-0.054088715844052046,-0.04632105953865216,0.008938776808678953,0.18773927268034962,0.2082809196953166,0.21920991368861684,0.1141308608606065,0.3131861437533256,0.2850400895414538,0.19693013208618673,0.25117421107136517,0.2499529850505669,0.25312681396497316,0.25261838580303597,0.12454217367342926,0.05789970619007776,0.08835519295903319,-0.08649592433397307,-0.17286505234328145,-0.17720833060387756"
264,9.81,3.7443273533538894,"0.0,0.1,0.2,0.30000000000000004,0.4,0.5,0.6000000000000001,0.7000000000000001,0.8,0.9,1.0,1.1,1.2000000000000002,1.3,1.4000000000000001,1.5,1.6,1.7000000000000002,1.8,1.9000000000000001,2.0,2.1,2.2,2.3000000000000003,2.4000000000000004,2.5,2.6,2.7,2.8000000000000003,2.9000000000000004,3.0,3.1,3.2,3.3000000000000003,3.4000000000000004,3.5,3.6,3.7,3.8000000000000003,3.9000000000000004,4.0,4.1000000000000005,4.2,4.3,4.4,4.5,4.6000000000000005,4.7,4.800000000000001,4.9,5.0,5.1000000000000005,5.2,5.300000000000001,5.4,5.5,5.6000000000000005,5.7,5.800000000000001,5.9,6.0,6.1000000000000005,6.2,6.300000000000001,6.4,6.5,6.6000000000000005,6.7,6.800000000000001,6.9,7.0,7.1000000000000005,7.2,7.300000000000001,7.4,7.5,7.6000000000000005,7.7,7.800000000000001,7.9,8.0,8.1,8.200000000000001,8.3,8.4,8.5,8.6,8.700000000000001,8.8,8.9,9.0,9.1,9.200000000000001,9.3,9.4,9.5,9.600000000000001,9.700000000000001,9.8,9.9,10.0","0.2799382051302118,0.25627833672220257,0.26292760857038533,0.22339784344541636,0.20100307501059483,0.158355574511869,0.2969265871543647,0.17831448470644243,0.08806384800587622,0.10877897740556,0.049982368017359446,-0.1276297992448472,-0.1400324468496637,-0.10228475343296875,-0.1688553531447968,-0.3467971208215531,-0.35544793276356096,-0.22167821904057788,-0.30412474292863534,-0.2891127501055283,-0.28376879610421185,-0.3304452859741822,-0.2745895884611603,-0.2959970566722093,-0.45592362757016547,-0.21491229361461944,-0.09065585685659916,-0.11946114031133943,-0.13851363671564554,0.044811926336083566,-0.04593741051603928,0.09713157130971728,0.12587529608593698,0.21157709010380082,0.18674263225571272,0.17620350408703875,0.12737819368405096,0.28573457720111733,0.42728467175113105,0.18785225652011683,0.3103706660611549,0.29802468159374157,0.2973903013043938,0.20251648688122975,0.28233185270489225,0.1786882227293705,0.1412796735486297,0.1083780502026397,-0.13633325857966727,-0.08121216124921979,0.001044833248918596,-0.06935549726147489,-0.08407282019353356,-0.1609055651736036,-0.14598486149608492,-0.3307878587004072,-0.19648291579393315,-0.18484485214819676,-0.3046773673322559,-0.3085788827281384,-0.4237218228681212,-0.3082357338324153,-0.2339221389714662,-0.21904049529782524,-0.16318792436398832,-0.11844947711788853,-0.20120452947934364,-0.0704963500234983,-0.14010747068711735,0.06980891031192063,0.07615812412237931,0.07896658987139389,0.12317284398648964,0.16989886907806748,0.2383991962288151,0.5583288258119634,0.30514201737231816,0.313192500755097,0.35321663721373586,0.2570881487195559,0.30079928273725015,0.46490609390966947,0.2572881738098923,0.17091650409263254,0.20671000755638763,0.14110276418366707,0.11068415681981206,0.08900119674747242,0.01400144540754567,-0.018200635882258953,-0.12542983225310822,-0.11681547802940974,-0.1773724943993133,-0.013731999819430712,-0.2918933180350814,-0.28558470395126406,-0.2932299918490511,-0.33279157578130825,-0.326150832136342,-0.323115541196198,-0.29912210751067203"
265,9.81,1.8999379782432797,"0.0,0.1,0.2,0.30000000000000004,0.4,0.5,0.6000000000000001,0.7000000000000001,0.8,0.9,1.0,1.1,1.2000000000000002,1.3,1.4000000000000001,1.5,1.6,1.7000000000000002,1.8,1.9000000000000001,2.0,2.1,2.2,2.3000000000000003,2.4000000000000004,2.5,2.6,2.7,2.8000000000000003,2.9000000000000004,3.0,3.1,3.2,3.3000000000000003,3.4000000000000004,3.5,3.6,3.7,3.8000000000000003,3.9000000000000004,4.0,4.1000000000000005,4.2,4.3,4.4,4.5,4.6000000000000005,4.7,4.800000000000001,4.9,5.0,5.1000000000000005,5.2,5.300000000000001,5.4,5.5,5.6000000000000005,5.7,5.800000000000001,5.9,6.0,6.1000000000000005,6.2,6.300000000000001,6.4,6.5,6.6000000000000005,6.7,6.800000000000001,6.9,7.0,7.1000000000000005,7.2,7.300000000000001,7.4,7.5,7.6000000000000005,7.7,7.800000000000001,7.9,8.0,8.1,8.200000000000001,8.3,8.4,8.5,8.6,8.700000000000001,8.8,8.9,9.0,9.1,9.200000000000001,9.3,9.4,9.5,9.600000000000001,9.700000000000001,9.8,9.9,10.0","0.40422875300187594,0.4356747825570254,0.27301279359609043,0.16385774560807598,0.11583876716421879,0.14461966561325526,0.0619154719081573,-0.01617763007445179,-0.16254203963221725,-0.20478940817295785,-0.2871513357527895,-0.2686933309881144,-0.2646446114391854,-0.3143681345034949,-0.27291259678639535,-0.3215873107068195,-0.279077216942093,-0.18140955820756366,-0.23421520555276498,-0.06974143776564853,-0.05544199352465265,0.0613590508716574,0.12962142304257523,0.2366886071846816,0.11738156305344638,0.2329117734698921,0.42882610796569665,0.3044978333885622,0.2625247657930102,0.27616358738416374,0.2650995169456498,0.28559401484810076,0.07154225036363865,0.05148066276168471,0.10435823015889945,-0.037625209344892954,-0.11071119815489425,-0.16709862723696037,-0.17366605900812,-0.2564170527570158,-0.31040422685058916,-0.29081050051822727,-0.2924483033267924,-0.3274160228841805,-0.2781184956362499,-0.23821495235817108,-0.13729474366886396,-0.03968952668699455,-0.0782150453621911,0.13460728815007225,0.19302546328754078,0.16747695791652145,0.09941286715423825,0.22505901345596036,0.12957745843070304,0.24287898355068682,0.33093368684483515,0.2512897541712113,0.26175983738021286,0.19203534472389533,0.11833685715288067,0.1267605900075497,0.055714941068314316,-0.05590051495797107,-0.16423681933017864,-0.09893695038448977,-0.2436682086333774,-0.2906759575277701,-0.31195917516204763,-0.32352005141678764,-0.29651309299275697,-0.2967397507420586,-0.24517775080708942,-0.17945153934640196,-0.22532015328482635,-0.07395775072423585,-0.05426343349084539,0.11596751208988906,0.1044154046453225,0.18379821325125495,0.21710769249676726,0.33895143234587516,0.31519333860609555,0.3246921828685134,0.30641229374563866,0.2523414103715522,0.25698489109411354,0.25509893498303615,0.19571269807907649,0.20041117968290856,0.22365901550125367,-0.046451362091830734,-0.12164461136142478,-0.11677790524327143,-0.1941803184702656,-0.2720153522915198,-0.3315200037947066,-0.27077821356719883,-0.3381981490025405,-0.21986315336646617,-0.269082552927451"
266,9.81,4.942456217413136,"0.0,0.1,0.2,0.30000000000000004,0.4,0.5,0.6000000000000001,0.7000000000000001,0.8,0.9,1.0,1.1,1.2000000000000002,1.3,1.4000000000000001,1.5,1.6,1.7000000000000002,1.8,1.9000000000000001,2.0,2.1,2.2,2.3000000000000003,2.4000000000000004,2.5,2.6,2.7,2.8000000000000003,2.9000000000000004,3.0,3.1,3.2,3.3000000000000003,3.4000000000000004,3.5,3.6,3.7,3.8000000000000003,3.9000000000000004,4.0,4.1000000000000005,4.2,4.3,4.4,4.5,4.6000000000000005,4.7,4.800000000000001,4.9,5.0,5.1000000000000005,5.2,5.300000000000001,5.4,5.5,5.6000000000000005,5.7,5.800000000000001,5.9,6.0,6.1000000000000005,6.2,6.300000000000001,6.4,6.5,6.6000000000000005,6.7,6.800000000000001,6.9,7.0,7.1000000000000005,7.2,7.300000000000001,7.4,7.5,7.6000000000000005,7.7,7.800000000000001,7.9,8.0,8.1,8.200000000000001,8.3,8.4,8.5,8.6,8.700000000000001,8.8,8.9,9.0,9.1,9.200000000000001,9.3,9.4,9.5,9.600000000000001,9.700000000000001,9.8,9.9,10.0","0.3392163414798384,0.3134788930203531,0.26391073664938525,0.2994727643846027,0.3076792027079953,0.2165395723286605,0.2437285103728725,0.11301453488504451,0.16362657569795586,0.12069873738394195,0.027416871042559045,-0.1328950830992788,-0.044471285866059966,-0.12220573249088909,-0.2384336979330236,-0.26624236940928386,-0.2151647459087284,-0.2012346461324287,-0.36123998855579026,-0.21896771102535764,-0.22420332148877653,-0.2829451054446696,-0.22981841802111977,-0.3054392819775922,-0.33522056193395017,-0.24058278910489753,-0.24762394925399178,-0.31268458987980263,-0.2295077181657676,-0.23758229969682004,-0.17786924786719954,-0.11953342427933343,-0.04083428185445454,-0.014050069044997346,-0.02964698229988791,0.10848644475328476,0.06101373767341104,0.16350515527965093,0.1483012892509516,0.2217068985999506,0.2206383123101964,0.27956409607719807,0.2728750724552578,0.3230902658278892,0.2845907162084603,0.26948275323315324,0.3265825796080316,0.3251051061984585,0.32257916604405157,0.26980613118193747,0.21443408055808444,0.16270378290278634,0.07050966322749722,0.14686564878378777,0.09305092425839191,0.022936664757176074,-0.03943338380038742,-0.09599803648374469,-0.0576686057468527,-0.06719079676415012,-0.19726403134352144,-0.09904052344285769,-0.3013249691589823,-0.2161284714637695,-0.22377875320210205,-0.44552824482905096,-0.45610564291870814,-0.37677805138400267,-0.3419546783491917,-0.30977194400808217,-0.346221789580399,-0.23679413109798692,-0.2492480615399889,-0.17427015995598466,-0.15908692015932724,-0.12228832891562805,-0.043367123325194504,-0.03978031023184348,-0.07491944290692883,0.011133483238169019,0.01909658908001939,-0.029436637382814657,0.1789707664701632,0.2567425496299226,0.24897519074044927,0.21213895352103881,0.2807597528100323,0.4056147336297725,0.2944265176979347,0.3277734253789323,0.24040099509963736,0.34804708821056896,0.31844748053720207,0.19866647847385524,0.18322839856544693,0.20064518674825943,0.22506425977205047,0.17163050719829975,0.06849181253844966,0.03384470348667705,-0.03083843464669281"
267,9.81,1.0574656642850175,"0.0,0.1,0.2,0.30000000000000004,0.4,0.5,0.6000000000000001,0.7000000000000001,0.8,0.9,1.0,1.1,1.2000000000000002,1.3,1.4000000000000001,1.5,1.6,1.7000000000000002,1.8,1.9000000000000001,2.0,2.1,2.2,2.3000000000000003,2.4000000000000004,2.5,2.6,2.7,2.8000000000000003,2.9000000000000004,3.0,3.1,3.2,3.3000000000000003,3.4000000000000004,3.5,3.6,3.7,3.8000000000000003,3.9000000000000004,4.0,4.1000000000000005,4.2,4.3,4.4,4.5,4.6000000000000005,4.7,4.800000000000001,4.9,5.0,5.1000000000000005,5.2,5.300000000000001,5.4,5.5,5.6000000000000005,5.7,5.800000000000001,5.9,6.0,6.1000000000000005,6.2,6.300000000000001,6.4,6.5,6.6000000000000005,6.7,6.800000000000001,6.9,7.0,7.1000000000000005,7.2,7.300000000000001,7.4,7.5,7.6000000000000005,7.7,7.800000000000001,7.9,8.0,8.1,8.200000000000001,8.3,8.4,8.5,8.6,8.700000000000001,8.8,8.9,9.0,9.1,9.200000000000001,9.3,9.4,9.5,9.600000000000001,9.700000000000001,9.8,9.9,10.0","0.32926310219718324,0.2552678673996306,0.24820794987645625,0.14607619556598075,0.04556942317017315,-0.08274669317054745,-0.05839387709394589,-0.14964758334691367,-0.2901470267729137,-0.22722644035800477,-0.32544456968257623,-0.1996315241863731,-0.24868308540515294,-0.19327831158612338,-0.13770668458151508,-0.05867404370500272,-0.0012098315452539268,0.10083202652485529,0.30028762847656987,0.20744718221044825,0.3078141590347487,0.26133287705049546,0.33207813847691914,0.17254609192145814,0.21335758087929108,0.09754526605422001,0.010203705330052801,-0.1825407244830317,-0.17238513157067692,-0.06490281201544554,-0.2649860529555312,-0.3198838430474718,-0.2835039309369338,-0.3035352706571526,-0.3404042599429934,-0.19743013524965958,0.128540199805055,0.07275481684630233,0.24698789401159196,0.19660975013178997,0.3754321514988237,0.3223279416037151,0.32347602700699674,0.3789915791320736,0.21550306362058125,0.26108061315462033,0.0707460636247629,-0.269099250064858,-0.15656361421943182,-0.2713617512702897,-0.22934166141043344,-0.32964180597964776,-0.31310696592180365,-0.20474541514960057,-0.21691363967073954,-0.23411119169496145,-0.015666183589299956,0.09705434614532092,0.031145318109916192,0.17124328490925114,0.20729639010217588,0.25605299121499603,0.47469544014192,0.29504725100221557,0.13494548671406476,0.17540126649991353,0.11471211020909018,0.10604035175864863,-0.17791164817051028,-0.04795261503108347,-0.2242891409913775,-0.2824628909522998,-0.38638473116775574,-0.3117680749257236,-0.12465611219842407,-0.21125529377054136,-0.14893156806815688,-0.043112795993609225,0.08069148030826723,0.13600973110631953,0.19648039889278612,0.2060792905066173,0.2544675245596979,0.2693456590785317,0.08155555152143615,0.13354781838635216,0.12368254773889314,0.02773949413682776,-0.06168821256945901,-0.17314139333367798,-0.12813044982174393,-0.3393296070019776,-0.27861674206753057,-0.3076420661044543,-0.33417885086973553,-0.2194036847154739,-0.1975287012317844,0.014951680964320646,0.0871185403359525,0.18931947680025007,0.24471203321754892"
268,9.81,0.8964985205553304,"0.0,0.1,0.2,0.30000000000000004,0.4,0.5,0.6000000000000001,0.7000000000000001,0.8,0.9,1.0,1.1,1.2000000000000002,1.3,1.4000000000000001,1.5,1.6,1.7000000000000002,1.8,1.9000000000000001,2.0,2.1,2.2,2.3000000000000003,2.4000000000000004,2.5,2.6,2.7,2.8000000000000003,2.9000000000000004,3.0,3.1,3.2,3.3000000000000003,3.4000000000000004,3.5,3.6,3.7,3.8000000000000003,3.9000000000000004,4.0,4.1000000000000005,4.2,4.3,4.4,4.5,4.6000000000000005,4.7,4.800000000000001,4.9,5.0,5.1000000000000005,5.2,5.300000000000001,5.4,5.5,5.6000000000000005,5.7,5.800000000000001,5.9,6.0,6.1000000000000005,6.2,6.300000000000001,6.4,6.5,6.6000000000000005,6.7,6.800000000000001,6.9,7.0,7.1000000000000005,7.2,7.300000000000001,7.4,7.5,7.6000000000000005,7.7,7.800000000000001,7.9,8.0,8.1,8.200000000000001,8.3,8.4,8.5,8.6,8.700000000000001,8.8,8.9,9.0,9.1,9.200000000000001,9.3,9.4,9.5,9.600000000000001,9.700000000000001,9.8,9.9,10.0","0.21867997503606848,0.25830596587780263,0.23434616772917677,0.18532816068753014,-0.07034511702044821,-0.007885983525471298,-0.21402774945074166,-0.18609147082684402,-0.29566540558607046,-0.30384620329382056,-0.30710222304704055,-0.31592486001964515,-0.2015711098138773,-0.07008958859808281,0.04215010813494283,0.017216617313408802,0.18020312021787444,0.25860591531603855,0.3175202761091589,0.25159791092363026,0.26826080768587274,0.278140214883457,0.17481511253658924,0.09475589416691199,0.011065733854913662,-0.14377184050150307,-0.1231049856784911,-0.31581329493780996,-0.3168756990938579,-0.2780820755222564,-0.31262997288100675,-0.2361620385417726,-0.12199144613401733,-0.011407467822025851,0.12773666559056407,0.1842567054341438,0.08636183386154614,0.3498403631304664,0.3042740137766059,0.32800499398203664,0.26597499183931395,0.2619786574769226,0.013244172190730041,-0.09763889384611085,-0.12206721349159166,-0.22399584063751404,-0.26309698154939537,-0.23746055764243992,-0.4006274392846002,-0.3372428921257074,-0.1987269857010967,-0.07652249711007855,0.01902279452944335,0.07760389733435495,0.12958570136593542,0.260682018928678,0.3149833238319238,0.29111222794343994,0.21841164973055116,0.22425610831367793,0.1848168448914664,0.032719119670619974,-0.060224599884142804,-0.1035951890346778,-0.19669033532696928,-0.3650002036520324,-0.20494967697387714,-0.2457191616315292,-0.2965568220414867,-0.12643629888930533,-0.14680903608190077,-0.05808697268953079,0.07217271146030088,0.181022503695099,0.24382898296787542,0.36419491993399306,0.30649703553719504,0.34434842902807394,0.10240250397119763,0.21044962707688017,0.02822765448044237,-0.0023284998933378633,-0.17342480916582279,-0.18461378967864972,-0.41023224933895364,-0.20471907030839548,-0.2721082130578451,-0.23681770721152998,-0.4137029014992281,-0.11323450685041389,0.0341620969584088,0.08151784866433225,0.2989604821666343,0.24120647388951175,0.247473758134365,0.2906776735692893,0.24087794016278552,0.1506284262294865,0.19067324406820146,0.18316177078633397,-0.04972628960875668"
269,9.81,3.608774231397935,"0.0,0.1,0.2,0.30000000000000004,0.4,0.5,0.6000000000000001,0.7000000000000001,0.8,0.9,1.0,1.1,1.2000000000000002,1.3,1.4000000000000001,1.5,1.6,1.7000000000000002,1.8,1.9000000000000001,2.0,2.1,2.2,2.3000000000000003,2.4000000000000004,2.5,2.6,2.7,2.8000000000000003,2.9000000000000004,3.0,3.1,3.2,3.3000000000000003,3.4000000000000004,3.5,3.6,3.7,3.8000000000000003,3.9000000000000004,4.0,4.1000000000000005,4.2,4.3,4.4,4.5,4.6000000000000005,4.7,4.800000000000001,4.9,5.0,5.1000000000000005,5.2,5.300000000000001,5.4,5.5,5.6000000000000005,5.7,5.800000000000001,5.9,6.0,6.1000000000000005,6.2,6.300000000000001,6.4,6.5,6.6000000000000005,6.7,6.800000000000001,6.9,7.0,7.1000000000000005,7.2,7.300000000000001,7.4,7.5,7.6000000000000005,7.7,7.800000000000001,7.9,8.0,8.1,8.200000000000001,8.3,8.4,8.5,8.6,8.700000000000001,8.8,8.9,9.0,9.1,9.200000000000001,9.3,9.4,9.5,9.600000000000001,9.700000000000001,9.8,9.9,10.0","0.29134203847153545,0.15365129081649959,0.20770111099650163,0.295173256047287,0.3023366036481918,0.15692682218498213,0.15052476508541307,0.04218147599207489,0.09983206393367489,0.1092344239907369,0.2519380987301625,0.025997183435084295,-0.07687810762870059,-0.06231819125994878,-0.167346146026011,-0.21706417775064807,-0.27046253477958193,-0.33024183148297753,-0.290349112623837,-0.33727897239536175,-0.296691772269173,-0.3005053331461962,-0.20227563769031678,-0.2286081291754285,-0.23882168114942398,-0.10705865556675126,-0.07163626729659209,-0.006662635931771188,-0.03421321873503041,-0.02340353366364347,0.052950824277931824,0.14919997584171119,0.13363535619945918,0.1906378282429397,0.24211201313518801,0.2218646595235783,0.2807156527539113,0.3228115591832795,0.331763542931781,0.28441223616425326,0.31342799042214253,0.18333321496875216,0.19189416339350068,0.2028468538787736,0.14968099006121785,0.17097601104262394,0.02687815923706144,-0.0006958953741790092,0.15506554998113592,0.08536143212761958,-0.00035460494978835355,-0.14702032926994094,-0.21919622810512499,-0.19694628548992005,-0.23214542797044974,-0.26107277164134035,-0.29064035569496394,-0.26325763600334867,-0.21710376827575098,-0.2924545126856153,-0.2475547868951208,-0.1299380236569523,-0.25778102071707193,-0.09363949442461783,-0.169955391808029,-0.09126017878179628,0.014374014695040141,-0.06268553242754221,0.07473286183380567,0.16615698683293567,0.12053099967020915,0.23500441628708568,0.15734637685770175,0.21399523884560118,0.3253141556598254,0.2784547797749164,0.31502440550943117,0.3746178286314239,0.2628876738267771,0.23524423060086871,0.25062875364526405,0.3119688262107658,0.17485439170620748,0.2009580892183497,0.1270999494149996,0.13207013168841886,-0.0031209278936439305,-0.005754837686677179,-0.18279557682257924,-0.005194897062976156,-0.20531312901395024,-0.15199005851386352,-0.36116790496073914,-0.3456655631213081,-0.3559347857410146,-0.18187106073737808,-0.3114623868928104,-0.2630348960935268,-0.21631286216216067,-0.19581807572795742,-0.2520345599101319"
270,9.81,2.9545849760222875,"0.0,0.1,0.2,0.30000000000000004,0.4,0.5,0.6000000000000001,0.7000000000000001,0.8,0.9,1.0,1.1,1.2000000000000002,1.3,1.4000000000000001,1.5,1.6,1.7000000000000002,1.8,1.9000000000000001,2.0,2.1,2.2,2.3000000000000003,2.4000000000000004,2.5,2.6,2.7,2.8000000000000003,2.9000000000000004,3.0,3.1,3.2,3.3000000000000003,3.4000000000000004,3.5,3.6,3.7,3.8000000000000003,3.9000000000000004,4.0,4.1000000000000005,4.2,4.3,4.4,4.5,4.6000000000000005,4.7,4.800000000000001,4.9,5.0,5.1000000000000005,5.2,5.300000000000001,5.4,5.5,5.6000000000000005,5.7,5.800000000000001,5.9,6.0,6.1000000000000005,6.2,6.300000000000001,6.4,6.5,6.6000000000000005,6.7,6.800000000000001,6.9,7.0,7.1000000000000005,7.2,7.300000000000001,7.4,7.5,7.6000000000000005,7.7,7.800000000000001,7.9,8.0,8.1,8.200000000000001,8.3,8.4,8.5,8.6,8.700000000000001,8.8,8.9,9.0,9.1,9.200000000000001,9.3,9.4,9.5,9.600000000000001,9.700000000000001,9.8,9.9,10.0","0.19557660282632428,0.17815230665748624,0.13629728901232857,0.24262041399158826,0.25522484095858994,0.1531992364329089,0.09512135585927109,0.07648418099928796,0.03408459938834325,-0.014058846501462868,-0.08938497544411964,-0.10099021485726953,-0.1602224792778842,-0.15283925476750937,-0.24554866805831055,-0.2965245389654646,-0.28251766475693313,-0.23255020498263237,-0.33468836580793865,-0.34110261962595034,-0.2928193063790324,-0.24817434286526188,-0.2052508657725308,-0.22246839407105898,-0.13642903777159524,-0.05450095321773237,-0.047768746498196756,0.06057342253455272,0.10472350320384105,0.1355393202701981,0.14493551265410676,0.1701999510894681,0.1950173907938877,0.211429401575131,0.38360933889711574,0.2657337193623118,0.2886476024378479,0.29914897868064744,0.23570191691302667,0.11441457969483006,0.2757884213634429,0.23745555982919775,0.07594787059507715,0.09334283846010386,-0.023389816598562995,0.06400153591905973,0.01660881418927973,-0.2007320974391332,-0.2739314705198659,-0.3196884701262397,-0.18466125185370333,-0.24648178508950774,-0.347581235885309,-0.22607247425800375,-0.2986135812983604,-0.245305376928315,-0.15888532184513068,-0.1520803903783438,-0.133260342361284,-0.17203008031861125,-0.062317374692547674,0.0152224388616697,0.039104766354904466,0.10868220860019912,0.17696226984791258,0.25121848718797596,0.3529216313821383,0.2924262360226378,0.1425398692489702,0.26994656295009856,0.2971525881559407,0.27464009068564893,0.2562735974211231,0.33452032277637134,0.356691283720039,0.16529310146505002,-0.020931128826720977,0.01066460753256266,-0.05378325275478434,-0.044990497554912925,-0.17853056216294455,-0.22442408555175325,-0.18754489786735562,-0.18627733269164698,-0.21248423322181204,-0.25630357270154447,-0.2722605789542231,-0.22998145202712134,-0.2537038991812612,-0.30447407816143857,-0.29641852599645524,-0.3044351973910249,-0.058005229134035496,-0.045211772129917796,0.03243871969608575,0.05340148572494978,0.03067289182888762,0.14461423662745904,0.302735837145074,0.14319804820442014,0.08651977340665437"
271,9.81,1.027195046721647,"0.0,0.1,0.2,0.30000000000000004,0.4,0.5,0.6000000000000001,0.7000000000000001,0.8,0.9,1.0,1.1,1.2000000000000002,1.3,1.4000000000000001,1.5,1.6,1.7000000000000002,1.8,1.9000000000000001,2.0,2.1,2.2,2.3000000000000003,2.4000000000000004,2.5,2.6,2.7,2.8000000000000003,2.9000000000000004,3.0,3.1,3.2,3.3000000000000003,3.4000000000000004,3.5,3.6,3.7,3.8000000000000003,3.9000000000000004,4.0,4.1000000000000005,4.2,4.3,4.4,4.5,4.6000000000000005,4.7,4.800000000000001,4.9,5.0,5.1000000000000005,5.2,5.300000000000001,5.4,5.5,5.6000000000000005,5.7,5.800000000000001,5.9,6.0,6.1000000000000005,6.2,6.300000000000001,6.4,6.5,6.6000000000000005,6.7,6.800000000000001,6.9,7.0,7.1000000000000005,7.2,7.300000000000001,7.4,7.5,7.6000000000000005,7.7,7.800000000000001,7.9,8.0,8.1,8.200000000000001,8.3,8.4,8.5,8.6,8.700000000000001,8.8,8.9,9.0,9.1,9.200000000000001,9.3,9.4,9.5,9.600000000000001,9.700000000000001,9.8,9.9,10.0","0.38157900720468096,0.26696698626856485,0.2740317177009214,0.13204664594021484,0.07005128504165875,0.03999167786914434,-0.11332747336668164,-0.1580567898845045,-0.22930911257501446,-0.33817481792894943,-0.3802404635211023,-0.33821432876465035,-0.2523371744693556,-0.20138229333537294,-0.09926848930559036,-0.006212338310710688,-0.00041394180747662823,0.1801113609139153,0.2272182177949501,0.3826084955737315,0.28668783581262597,0.3359211424135966,0.2350395558639085,0.16183183101894766,0.21067920390932518,0.04019072541689185,-0.0834855322933733,-0.12838873744916324,-0.13176989089954283,-0.25834412327602857,-0.36650314765576464,-0.33739951232511384,-0.16313224404173612,-0.26005867701999186,-0.14874050969221636,-0.06966286631483953,0.22108483474529272,0.03355486555863557,0.19448463517922196,0.26828134084074223,0.1840193932616846,0.26281475622816264,0.3534804818707097,0.2234716399140756,0.1377051971693427,0.10953007781069568,-0.05437303032173067,-0.12262478061596577,-0.1829556178672792,-0.21495645884607872,-0.2986067501465446,-0.2948492559825609,-0.2529487350961819,-0.09126844257145356,-0.2529935732885298,-0.16882102140341795,-0.025156621840394234,0.12907869301560315,0.10478669442047973,0.306910928024483,0.30231932212002005,0.18157995067831734,0.37137653031123324,0.21451454253544594,0.1278711169016573,0.163558665795504,0.12931087345272593,-0.08970448337316544,-0.21874419279234603,-0.2223477728492273,-0.2887237191708821,-0.3128676454526186,-0.3439222349023835,-0.2764474505208737,-0.15886669593937114,-0.13511915890050102,-0.03172360853177263,0.09437714334508668,0.16970475520671513,0.09901321604227349,0.2624866645360053,0.2767798298512023,0.3388011693594378,0.16023360231179698,0.16078763716270802,0.10823658486296704,0.08844436945988543,0.001092477821598159,-0.07534126123938734,-0.20064831631405047,-0.276318034838037,-0.322127425062041,-0.2361401102326008,-0.2977016529518755,-0.1498108422643808,-0.15795590580074637,-0.09161861990327426,0.06817337772866292,0.11544486424606118,0.17451818083692616,0.3190807944841911"
272,9.81,4.505600199973777,"0.0,0.1,0.2,0.30000000000000004,0.4,0.5,0.6000000000000001,0.7000000000000001,0.8,0.9,1.0,1.1,1.2000000000000002,1.3,1.4000000000000001,1.5,1.6,1.7000000000000002,1.8,1.9000000000000001,2.0,2.1,2.2,2.3000000000000003,2.4000000000000004,2.5,2.6,2.7,2.8000000000000003,2.9000000000000004,3.0,3.1,3.2,3.3000000000000003,3.4000000000000004,3.5,3.6,3.7,3.8000000000000003,3.9000000000000004,4.0,4.1000000000000005,4.2,4.3,4.4,4.5,4.6000000000000005,4.7,4.800000000000001,4.9,5.0,5.1000000000000005,5.2,5.300000000000001,5.4,5.5,5.6000000000000005,5.7,5.800000000000001,5.9,6.0,6.1000000000000005,6.2,6.300000000000001,6.4,6.5,6.6000000000000005,6.7,6.800000000000001,6.9,7.0,7.1000000000000005,7.2,7.300000000000001,7.4,7.5,7.6000000000000005,7.7,7.800000000000001,7.9,8.0,8.1,8.200000000000001,8.3,8.4,8.5,8.6,8.700000000000001,8.8,8.9,9.0,9.1,9.200000000000001,9.3,9.4,9.5,9.600000000000001,9.700000000000001,9.8,9.9,10.0","0.3084566011226587,0.3329492460655732,0.32033759272079043,0.4275875906954406,0.32343913644218303,0.08286072250850529,0.24129346536116142,0.18274691560020315,0.17892312933870563,0.07573578943822581,0.04904868430076076,-0.042532689728547506,-0.12496236545413995,-0.05184360248626288,-0.1698637504592086,-0.19497516642655655,-0.08270202012415079,-0.2808866714850642,-0.2011116600867937,-0.2977670075602426,-0.24521380842143847,-0.28070110687864747,-0.39707017218992396,-0.31293116996571824,-0.2869665499640979,-0.27608636885077464,-0.2827615473333996,-0.2047591173338295,-0.1747323363997013,0.044548577395819106,0.07150486311812931,-0.10283167024942633,-0.049038368010970196,0.045578173718795106,-0.057541108002135855,-0.043904575824098485,0.23353209288373866,0.18758710109958693,0.21324105071577004,0.28358680005249054,0.2541588215928703,0.28946350880518257,0.2654971120609354,0.36066971263718745,0.2593149341885722,0.30288026791844863,0.2966209017559188,0.24451909300633795,0.22538697280163794,0.19420054786147187,0.18248376514869713,0.047974904645955975,0.1318333284765851,0.1607216787713989,0.115015243591962,-0.147756525007603,-0.20581334424023134,-0.21422794874804757,-0.33956714818121747,-0.21364647659686067,-0.23211059371580045,-0.2353871609455966,-0.22714495910299046,-0.31274630098499945,-0.39301869740776996,-0.1897123356019653,-0.2940405901537203,-0.33651324380168957,-0.2530254006380467,-0.28387071213586745,-0.221134260228299,-0.12209010174112733,-0.20373612899594495,-0.11317785079338973,-0.03834630391901778,-0.09264424344265504,0.029923389624791883,0.022783347512098595,0.13768193773775692,0.14143490982530765,0.1783999036854293,0.2707725510321776,0.2817875315888118,0.29501397897789,0.2703833635157178,0.23547137484813982,0.24970346891857526,0.30536561434109366,0.23646128699516533,0.24368342785200592,0.28954063455427004,0.16693793789657774,0.2824279388916089,0.18303752452406985,0.1773105336782536,-0.015175911683519255,0.034291026283480415,-0.01353125760998694,0.047796094479483575,-0.08676553603466847,-0.12508976291181656"
273,9.81,4.896261927725788,"0.0,0.1,0.2,0.30000000000000004,0.4,0.5,0.6000000000000001,0.7000000000000001,0.8,0.9,1.0,1.1,1.2000000000000002,1.3,1.4000000000000001,1.5,1.6,1.7000000000000002,1.8,1.9000000000000001,2.0,2.1,2.2,2.3000000000000003,2.4000000000000004,2.5,2.6,2.7,2.8000000000000003,2.9000000000000004,3.0,3.1,3.2,3.3000000000000003,3.4000000000000004,3.5,3.6,3.7,3.8000000000000003,3.9000000000000004,4.0,4.1000000000000005,4.2,4.3,4.4,4.5,4.6000000000000005,4.7,4.800000000000001,4.9,5.0,5.1000000000000005,5.2,5.300000000000001,5.4,5.5,5.6000000000000005,5.7,5.800000000000001,5.9,6.0,6.1000000000000005,6.2,6.300000000000001,6.4,6.5,6.6000000000000005,6.7,6.800000000000001,6.9,7.0,7.1000000000000005,7.2,7.300000000000001,7.4,7.5,7.6000000000000005,7.7,7.800000000000001,7.9,8.0,8.1,8.200000000000001,8.3,8.4,8.5,8.6,8.700000000000001,8.8,8.9,9.0,9.1,9.200000000000001,9.3,9.4,9.5,9.600000000000001,9.700000000000001,9.8,9.9,10.0","0.2937696634247713,0.28210985871893296,0.3536075243913528,0.37928095832689535,0.25081768254396947,0.2157575361961536,0.2662148784333661,0.20836681488996656,0.12583968116676914,0.056113185147791116,0.03084311917367621,-0.1183504365869647,0.030099094501402093,-0.220172165328284,-0.2325439669899055,-0.19078063405907056,-0.1833205016723896,-0.29524104708069615,-0.20846831954358794,-0.29410760094336913,-0.3505820901971538,-0.3844456942014173,-0.14787846609219574,-0.34629675499168405,-0.28070713693954,-0.23578140903560368,-0.1888811570974273,-0.16021512282387967,-0.2031397295781407,-0.15871769894819857,-0.16885315430460487,-0.1357296834245497,-0.042400126742936,-0.027405815106521753,0.03987170725499738,0.08919730155246502,0.10407331307800018,0.07957444376725538,0.15682151369821878,0.1936210510610542,0.25730120979630355,0.23505956926342422,0.29925432583378575,0.27677151142229917,0.2517316022824885,0.33872909752222596,0.3639199448503828,0.2560053151506109,0.29856052337708544,0.2366799824616334,0.20380872526519594,0.11598237068982103,0.13274090981197975,0.09081859965887819,0.03832743256988927,0.05728613925118092,0.016884475611796623,-0.12679366221894078,-0.06329983255059399,-0.21378348719847534,-0.17134876055311019,-0.16309068131477633,-0.1644995453708646,-0.22720943679906896,-0.4275333528414756,-0.33635389806797994,-0.38693665918663894,-0.350560675035992,-0.36946676572501186,-0.18487408934463054,-0.2590094689827238,-0.2418548229863223,-0.21091390005872454,-0.199266438112889,-0.20991592982406682,-0.14758251073263537,-0.15382328017651395,-0.019080363349096425,-0.006651129099497484,0.033523650529686096,0.0745232286069723,0.033350391746391775,0.2451697947794381,0.2574110699204761,0.23478967566062262,0.2541630820005801,0.2525571074114898,0.4419883863614101,0.39666905604340247,0.4030058159383192,0.2762090381549787,0.2590925054832088,0.21167016815447004,0.32328487179381116,0.27073698059424567,0.285661447709729,0.15632895080082848,0.17985167414439537,0.050571235733507185,0.0607574878216225,-0.06536476763555092"
274,9.81,1.3627919138925173,"0.0,0.1,0.2,0.30000000000000004,0.4,0.5,0.6000000000000001,0.7000000000000001,0.8,0.9,1.0,1.1,1.2000000000000002,1.3,1.4000000000000001,1.5,1.6,1.7000000000000002,1.8,1.9000000000000001,2.0,2.1,2.2,2.3000000000000003,2.4000000000000004,2.5,2.6,2.7,2.8000000000000003,2.9000000000000004,3.0,3.1,3.2,3.3000000000000003,3.4000000000000004,3.5,3.6,3.7,3.8000000000000003,3.9000000000000004,4.0,4.1000000000000005,4.2,4.3,4.4,4.5,4.6000000000000005,4.7,4.800000000000001,4.9,5.0,5.1000000000000005,5.2,5.300000000000001,5.4,5.5,5.6000000000000005,5.7,5.800000000000001,5.9,6.0,6.1000000000000005,6.2,6.300000000000001,6.4,6.5,6.6000000000000005,6.7,6.800000000000001,6.9,7.0,7.1000000000000005,7.2,7.300000000000001,7.4,7.5,7.6000000000000005,7.7,7.800000000000001,7.9,8.0,8.1,8.200000000000001,8.3,8.4,8.5,8.6,8.700000000000001,8.8,8.9,9.0,9.1,9.200000000000001,9.3,9.4,9.5,9.600000000000001,9.700000000000001,9.8,9.9,10.0","0.35829854403276595,0.273665559159917,0.27476499438110036,0.17960205745249666,0.1721410941913289,0.07865433151961428,0.0013226009145508259,-0.26739875228451354,-0.05307777266253311,-0.2712436443335894,-0.20804697439860886,-0.18186701557656143,-0.28994264276724996,-0.3177010902183931,-0.2586711501575842,-0.17350047107448957,-0.049890720417491874,-0.08400635102849541,0.09000435828105771,0.10090402624140812,0.09057316174295098,0.201261433230837,0.315880880027578,0.25343800382240295,0.2885339430523467,0.3324838994372204,0.2643692077365202,0.13525340456023777,0.07625551260021499,-0.039065962245261834,-0.19025674261806114,-0.14286798371070802,-0.3226373524977242,-0.22761145986416104,-0.23853924967207626,-0.2566310124778863,-0.27097371562791067,-0.30966061607410317,-0.2512041506048103,-0.2377955042360487,-0.12776976002279625,-0.09486509022132826,0.08814601262963581,0.23186417763253547,0.2031489964511791,0.1743715577928046,0.24412173675502416,0.31393902763981985,0.34274194875759184,0.1479769569845178,0.13870271304931642,0.1306824874375041,0.07941514406794155,-0.04880408641465969,-0.037280900231178096,-0.05207213333410629,-0.23930749670311013,-0.22004608695763095,-0.3522792790673145,-0.2976289693532425,-0.24291023097475023,-0.22367474025588138,-0.24429134521736506,-0.015146833263454423,-0.19630075393213972,0.0018440175629252237,0.1608223683596794,0.19477798458739173,0.3895435410502851,0.25287758990475895,0.19831423241985408,0.37315736386287757,0.368986366248506,0.20965556438477195,0.18064909983578842,0.12064389660423759,-0.014203113458327702,0.02816226742793581,-0.17970545112997413,-0.20906028480924632,-0.29049940689332465,-0.28937479886114814,-0.2810087432082606,-0.22395167601060298,-0.16989031011651007,-0.2414113358191703,-0.24946941342708928,-0.1471279706171358,-0.08062784762181985,0.10210931313330686,0.1268462479606233,0.2124047199074733,0.24687456821599235,0.36363446508151676,0.36332949455859676,0.2540849866601701,0.25836404981020045,0.16038050360653708,0.15304687176077647,0.0121509559731372,-0.024726910140513328"
275,9.81,1.8040991550382632,"0.0,0.1,0.2,0.30000000000000004,0.4,0.5,0.6000000000000001,0.7000000000000001,0.8,0.9,1.0,1.1,1.2000000000000002,1.3,1.4000000000000001,1.5,1.6,1.7000000000000002,1.8,1.9000000000000001,2.0,2.1,2.2,2.3000000000000003,2.4000000000000004,2.5,2.6,2.7,2.8000000000000003,2.9000000000000004,3.0,3.1,3.2,3.3000000000000003,3.4000000000000004,3.5,3.6,3.7,3.8000000000000003,3.9000000000000004,4.0,4.1000000000000005,4.2,4.3,4.4,4.5,4.6000000000000005,4.7,4.800000000000001,4.9,5.0,5.1000000000000005,5.2,5.300000000000001,5.4,5.5,5.6000000000000005,5.7,5.800000000000001,5.9,6.0,6.1000000000000005,6.2,6.300000000000001,6.4,6.5,6.6000000000000005,6.7,6.800000000000001,6.9,7.0,7.1000000000000005,7.2,7.300000000000001,7.4,7.5,7.6000000000000005,7.7,7.800000000000001,7.9,8.0,8.1,8.200000000000001,8.3,8.4,8.5,8.6,8.700000000000001,8.8,8.9,9.0,9.1,9.200000000000001,9.3,9.4,9.5,9.600000000000001,9.700000000000001,9.8,9.9,10.0","0.32878204727617405,0.4605739585353966,0.21021949443943966,0.16222185255754631,0.1559891711356363,0.13218108295268235,0.023638154793846195,-0.09997399924163541,-0.07390481836481158,-0.12332043654286648,-0.08821916886547682,-0.2877658810370494,-0.29011024233792454,-0.30318635176097386,-0.3320349972272532,-0.3759932232905751,-0.26329248810858014,-0.2877849878763989,-0.23549474081231414,0.01125523013945165,0.006346677558865605,0.13697877118030244,0.14686938044315545,0.27864491906853306,0.13079242631128846,0.30190925040634803,0.31610888830927675,0.2904130405333811,0.3124149377909762,0.16939553560918158,0.32961209170781697,0.18580355876253715,0.061311248403213475,-0.010543519903935851,-0.01856196275595623,-0.030768296595719162,-0.09698132724643399,-0.1744582296581102,-0.3099319349113165,-0.283103581480851,-0.3591131676921623,-0.28296881067054297,-0.27584706025768546,-0.23356810716385876,-0.13258419811509953,-0.16826418452370603,-0.20077154400253527,0.02465471065995032,0.06134059871152776,0.05332921361924075,0.13791415976626256,0.17244932887966494,0.2643695246060544,0.25992401816276267,0.27153246131419917,0.2720255207747616,0.22574591865285196,0.22122789920442543,0.19773470675042054,-0.028887468354001536,0.06233152026825452,0.04402918482167498,-0.06482230100902406,-0.19391389147637236,-0.23263068040678647,-0.26889961316722927,-0.2511779846656337,-0.3288661485641687,-0.24486035453452776,-0.285434581944306,-0.325565745757582,-0.22777304529253214,-0.09767060870445389,-0.09614753362927847,-0.01237748647658369,0.07426102981263766,0.13769598151482376,0.21957639379618765,0.24360789777194386,0.2155817119893091,0.1824900978363235,0.2892759209033557,0.2223503467769449,0.2213859865731256,0.20236165491864883,0.2356231969936985,0.07787766399107174,0.1258100400441946,-0.016499208077033495,-0.010701229698240722,-0.06798347638514997,-0.13084924111094437,-0.2340490316392646,-0.26181844300630364,-0.3283668390856531,-0.2618005511126511,-0.2588163883292211,-0.22852670849864656,-0.23214679127601567,-0.1829027162485279,-0.08492206689305408"
276,9.81,4.331587240976843,"0.0,0.1,0.2,0.30000000000000004,0.4,0.5,0.6000000000000001,0.7000000000000001,0.8,0.9,1.0,1.1,1.2000000000000002,1.3,1.4000000000000001,1.5,1.6,1.7000000000000002,1.8,1.9000000000000001,2.0,2.1,2.2,2.3000000000000003,2.4000000000000004,2.5,2.6,2.7,2.8000000000000003,2.9000000000000004,3.0,3.1,3.2,3.3000000000000003,3.4000000000000004,3.5,3.6,3.7,3.8000000000000003,3.9000000000000004,4.0,4.1000000000000005,4.2,4.3,4.4,4.5,4.6000000000000005,4.7,4.800000000000001,4.9,5.0,5.1000000000000005,5.2,5.300000000000001,5.4,5.5,5.6000000000000005,5.7,5.800000000000001,5.9,6.0,6.1000000000000005,6.2,6.300000000000001,6.4,6.5,6.6000000000000005,6.7,6.800000000000001,6.9,7.0,7.1000000000000005,7.2,7.300000000000001,7.4,7.5,7.6000000000000005,7.7,7.800000000000001,7.9,8.0,8.1,8.200000000000001,8.3,8.4,8.5,8.6,8.700000000000001,8.8,8.9,9.0,9.1,9.200000000000001,9.3,9.4,9.5,9.600000000000001,9.700000000000001,9.8,9.9,10.0","0.2954400073841227,0.219721941284525,0.3042293470565998,0.2860130317814122,0.2802841704696594,0.2140796558955339,0.1322940534368765,0.24263804006430975,0.048519921323313675,0.07025207516466195,-0.005286218342421229,0.011327316691134317,-0.15128082859156605,-0.08337952489195287,-0.08597942731224897,-0.08958557422688546,-0.2715151250421329,-0.2598590544050608,-0.2544839445071029,-0.31250442470875106,-0.394265204217354,-0.27292612668756505,-0.23283878624061918,-0.1734154686339018,-0.2968608369715966,-0.2503636277990904,-0.14218278268748202,-0.05470394681507351,-0.17796972340514464,-0.08030112510128184,-0.10761040972593988,0.012353199377279151,0.026087612441871678,0.01292167322816093,0.15259074528457006,0.14347016718426805,0.19063082349257063,0.2872202401199152,0.2328924279232274,0.2270034843818674,0.36032476866856666,0.3138976744963729,0.34721250759042754,0.3571775496400212,0.34194557204438364,0.26298530604462494,0.21729164790443345,0.20573277268049528,0.14497601368799767,0.1517515167836607,0.18608839888581924,0.006707941154798398,0.045858736035852055,-0.0811758837175295,-0.10170451527315805,-0.19384468834299085,-0.12478203305447683,-0.0680254285938241,-0.3176649179020373,-0.1630289252905087,-0.29838337658970365,-0.29920504103222495,-0.2816068569251363,-0.22083204364843406,-0.1734287564180439,-0.30615025523679573,-0.270824911911839,-0.19392689461662288,-0.14142383693096264,-0.08157742245699823,-0.1717260139340443,-0.1471326162592764,-0.14607435215248893,-0.11408834523727546,-0.05531054245084481,0.042350916866127214,0.04870339061809516,0.235113122131823,0.2688480548477298,0.18523736294801163,0.2822622447427755,0.29784313371559223,0.4033633563450494,0.31386198363404866,0.23558505811530384,0.23596192887413336,0.49056866259407045,0.2913070875197117,0.18139892690086062,0.2607260479236805,0.13807667104874027,0.18296472180283413,0.09449743814069902,0.08389633468521254,0.017889251695472008,-0.031081683572794734,-0.1275614992588354,-0.12078218299429845,-0.10084540541462561,-0.3123277047512194,-0.0587935405115817"
277,9.81,1.1348443886325876,"0.0,0.1,0.2,0.30000000000000004,0.4,0.5,0.6000000000000001,0.7000000000000001,0.8,0.9,1.0,1.1,1.2000000000000002,1.3,1.4000000000000001,1.5,1.6,1.7000000000000002,1.8,1.9000000000000001,2.0,2.1,2.2,2.3000000000000003,2.4000000000000004,2.5,2.6,2.7,2.8000000000000003,2.9000000000000004,3.0,3.1,3.2,3.3000000000000003,3.4000000000000004,3.5,3.6,3.7,3.8000000000000003,3.9000000000000004,4.0,4.1000000000000005,4.2,4.3,4.4,4.5,4.6000000000000005,4.7,4.800000000000001,4.9,5.0,5.1000000000000005,5.2,5.300000000000001,5.4,5.5,5.6000000000000005,5.7,5.800000000000001,5.9,6.0,6.1000000000000005,6.2,6.300000000000001,6.4,6.5,6.6000000000000005,6.7,6.800000000000001,6.9,7.0,7.1000000000000005,7.2,7.300000000000001,7.4,7.5,7.6000000000000005,7.7,7.800000000000001,7.9,8.0,8.1,8.200000000000001,8.3,8.4,8.5,8.6,8.700000000000001,8.8,8.9,9.0,9.1,9.200000000000001,9.3,9.4,9.5,9.600000000000001,9.700000000000001,9.8,9.9,10.0","0.267016972983301,0.2864782775968405,0.22153059624180543,0.19870471279301113,0.15270661485624198,0.02621969882996258,-0.05688829863843892,-0.2053761449032481,-0.201306231944893,-0.28647433228984087,-0.31083293550013785,-0.36394540792098495,-0.20043453103477443,-0.295838705119832,-0.2218313015020121,-0.03228457458750866,-0.08583582187013442,0.06856431728479204,0.17533200166370466,0.20725616789963505,0.23139543351841063,0.31671266083790806,0.3243846962405119,0.29179972217530536,0.1691191111645879,0.08617253657602345,0.03565098904540529,-0.0629890128333955,0.06999246562025535,-0.198200674502326,-0.2382231452384919,-0.38021328882764616,-0.2828180845461047,-0.31704130957771104,-0.212036117222755,-0.2535589812829878,-0.15190688628615062,-0.04834685284727408,0.01665431835607816,0.18463625009088008,0.2252858240332018,0.32364202472914116,0.2759877183469242,0.24130205932699067,0.29200677557661425,0.15334056975058,0.10553542812192439,0.05344856849908883,0.015108397855364324,-0.07074185062753582,-0.17875196443850636,-0.27136437877032826,-0.25492116357652905,-0.10904094188524077,-0.31107283921636825,-0.1822367271655446,-0.32690597253391196,-0.18974767843276907,-0.007596926192420958,0.06541721036800031,0.072980430009386,0.16558326438940782,0.28309779975442095,0.438457767757729,0.2476857556712531,0.22829661077477603,0.2667694673317449,0.13208672928186083,0.17730969319044507,0.12352869924766444,-0.14682270396756675,-0.12551565128476616,-0.16196418397015483,-0.24405674853577194,-0.2618088910115272,-0.12355380320790721,-0.25731555601065914,-0.17190594226086658,-0.1549580592390713,-0.001287944463294985,-0.108524457403493,0.07111081654070682,0.0644640884036614,0.1948869840046934,0.2606835500608251,0.3829377853842032,0.3369867255504128,0.2434068669491773,0.2203181322704424,0.16241760203011327,0.13419469119093108,-0.057394819052231844,-0.13561924581708187,-0.14693616881023955,-0.20099944337575196,-0.23183671724424673,-0.22401297904233153,-0.35413600484943497,-0.2795740750857884,-0.3258033815085355,-0.20616379409789645"
278,9.81,2.50658934161847,"0.0,0.1,0.2,0.30000000000000004,0.4,0.5,0.6000000000000001,0.7000000000000001,0.8,0.9,1.0,1.1,1.2000000000000002,1.3,1.4000000000000001,1.5,1.6,1.7000000000000002,1.8,1.9000000000000001,2.0,2.1,2.2,2.3000000000000003,2.4000000000000004,2.5,2.6,2.7,2.8000000000000003,2.9000000000000004,3.0,3.1,3.2,3.3000000000000003,3.4000000000000004,3.5,3.6,3.7,3.8000000000000003,3.9000000000000004,4.0,4.1000000000000005,4.2,4.3,4.4,4.5,4.6000000000000005,4.7,4.800000000000001,4.9,5.0,5.1000000000000005,5.2,5.300000000000001,5.4,5.5,5.6000000000000005,5.7,5.800000000000001,5.9,6.0,6.1000000000000005,6.2,6.300000000000001,6.4,6.5,6.6000000000000005,6.7,6.800000000000001,6.9,7.0,7.1000000000000005,7.2,7.300000000000001,7.4,7.5,7.6000000000000005,7.7,7.800000000000001,7.9,8.0,8.1,8.200000000000001,8.3,8.4,8.5,8.6,8.700000000000001,8.8,8.9,9.0,9.1,9.200000000000001,9.3,9.4,9.5,9.600000000000001,9.700000000000001,9.8,9.9,10.0","0.32289960722253913,0.47043964481403205,0.3590953426495007,0.21416536861481256,0.1317148627360295,0.20956516251641943,0.18051237951591007,0.09492155406490527,0.003886751725286227,-0.02991016644075744,-0.03254038906281985,-0.19679614964305325,-0.23591348301201767,-0.3570584934088304,-0.37172448581423023,-0.3418547587959042,-0.3706761246115444,-0.27235097905149336,-0.2910500914352183,-0.2548863257068753,-0.2603565203648729,-0.23877118626583738,-0.10379384820272995,-0.035475278780217195,-0.05282229761534708,0.016945087161737586,0.1476811648660067,0.42352476810448714,0.11430125811507427,0.25049905584893395,0.2525416443763231,0.32299908432070285,0.18267874874420634,0.33156470507119007,0.2743419254829221,0.26854222799784006,0.2788970495326674,0.11321437511193971,0.04982206121941127,-0.011907034914161285,-0.049008794524135056,-0.10874168950156411,-0.1642090187080709,-0.1233935463293861,-0.3774054864540176,-0.314668694017766,-0.24072700351172227,-0.29874880395592524,-0.171970422697531,-0.33634873113380703,-0.2843896214965808,-0.2636385365237598,-0.20238318384454823,-0.11681120650533214,-0.07925925701808209,0.0035266415098600262,0.06710146094619175,0.10138765890304649,0.13631508321592156,0.21964032430061517,0.21758502656482254,0.2845670910171627,0.28275588581472344,0.3072950194742789,0.31657060357066247,0.24774698271840975,0.3578375056016152,0.22910106677680075,0.1207684157272381,0.18793236763355448,0.11380944255833836,0.02279990395890725,-0.03487861069469032,-0.09973193418897991,-0.1600894217113643,-0.15391148277865904,-0.2212449000607013,-0.26567270116885333,-0.413330480860531,-0.27731145062941476,-0.24296229145653478,-0.28865929302549614,-0.24905788784734967,-0.2407591598752399,-0.20743491717168155,-0.14227195319979952,-0.1020560625935476,-0.038545549156013124,0.003907584906768822,0.0419035094680468,0.212741660984047,0.1938608053474808,0.29691553390452563,0.35522255960699145,0.3490752364792053,0.23336802346449453,0.3119343175582018,0.40705965474821815,0.2570431498922047,0.24573542347403318,0.21354747968408724"
279,9.81,2.4492431309576683,"0.0,0.1,0.2,0.30000000000000004,0.4,0.5,0.6000000000000001,0.7000000000000001,0.8,0.9,1.0,1.1,1.2000000000000002,1.3,1.4000000000000001,1.5,1.6,1.7000000000000002,1.8,1.9000000000000001,2.0,2.1,2.2,2.3000000000000003,2.4000000000000004,2.5,2.6,2.7,2.8000000000000003,2.9000000000000004,3.0,3.1,3.2,3.3000000000000003,3.4000000000000004,3.5,3.6,3.7,3.8000000000000003,3.9000000000000004,4.0,4.1000000000000005,4.2,4.3,4.4,4.5,4.6000000000000005,4.7,4.800000000000001,4.9,5.0,5.1000000000000005,5.2,5.300000000000001,5.4,5.5,5.6000000000000005,5.7,5.800000000000001,5.9,6.0,6.1000000000000005,6.2,6.300000000000001,6.4,6.5,6.6000000000000005,6.7,6.800000000000001,6.9,7.0,7.1000000000000005,7.2,7.300000000000001,7.4,7.5,7.6000000000000005,7.7,7.800000000000001,7.9,8.0,8.1,8.200000000000001,8.3,8.4,8.5,8.6,8.700000000000001,8.8,8.9,9.0,9.1,9.200000000000001,9.3,9.4,9.5,9.600000000000001,9.700000000000001,9.8,9.9,10.0","0.30493858168800647,0.16264744372889817,0.32980266107805906,0.23988175427426822,0.15546470972348403,0.1849346394586628,0.12290948851696366,0.06688806595357216,-0.1126178503739809,-0.06912286440946394,-0.09865139913960391,-0.18450583058419895,-0.22505037759016494,-0.2678889672511986,-0.2928895014070886,-0.27259662852075334,-0.3382601768014538,-0.21610032751299457,-0.26616434319255966,-0.2703482571059783,-0.21128831069252907,-0.18322891647733353,-0.16551629418282698,-0.08311728222176239,0.010464991061518682,0.04291625787001477,0.16359189320331785,0.23273454682030634,0.2989335396770948,0.29681138371807536,0.22279417566412632,0.29610530325376755,0.21891609027284992,0.3081289316921222,0.27006059185181525,0.291422459864144,0.25549295141743733,0.33566415859240145,0.126421617115816,0.05414867457296159,-0.09826722539051397,-0.09625577427384713,-0.10131414507764636,-0.21480915703403222,-0.25141622303358147,-0.18733299429372677,-0.27941205586177764,-0.40003740733234217,-0.2983620533633698,-0.24251095391494848,-0.19254140944337939,-0.23429930979204422,-0.19108037102637065,-0.15035459456102312,-0.01623759616675588,0.011006188560437655,0.2468867248484514,0.1652106420087548,0.16862321607583328,0.1749515969735271,0.27778875813727605,0.3072955161830146,0.25769540996835977,0.31144705284281815,0.2617098941462989,0.18995613147032148,0.2577343142492969,0.19685453235825623,0.19097103723657602,0.07152051617800241,0.006190065371600453,0.12317571603281147,-0.07377648418752636,-0.1286581451386874,-0.11649442857529346,-0.25029100923738684,-0.2634524740153933,-0.11491491908861562,-0.23352715566882437,-0.35559366058935693,-0.4032415605278236,-0.28672004861239503,-0.1473778086359644,-0.1956659673329396,-0.23202668738479376,-0.12319438987337632,0.01967116079684967,0.06520348694706701,0.0029302511472548143,0.1619264088203421,0.17064354035127216,0.31607915362796035,0.36971705203357585,0.28251757837262226,0.3494353868132984,0.30919002359515574,0.35724482545268066,0.3746173452105588,0.3544023131547377,0.18302288495273314,0.11877989798270468"
280,9.81,1.9645575300132871,"0.0,0.1,0.2,0.30000000000000004,0.4,0.5,0.6000000000000001,0.7000000000000001,0.8,0.9,1.0,1.1,1.2000000000000002,1.3,1.4000000000000001,1.5,1.6,1.7000000000000002,1.8,1.9000000000000001,2.0,2.1,2.2,2.3000000000000003,2.4000000000000004,2.5,2.6,2.7,2.8000000000000003,2.9000000000000004,3.0,3.1,3.2,3.3000000000000003,3.4000000000000004,3.5,3.6,3.7,3.8000000000000003,3.9000000000000004,4.0,4.1000000000000005,4.2,4.3,4.4,4.5,4.6000000000000005,4.7,4.800000000000001,4.9,5.0,5.1000000000000005,5.2,5.300000000000001,5.4,5.5,5.6000000000000005,5.7,5.800000000000001,5.9,6.0,6.1000000000000005,6.2,6.300000000000001,6.4,6.5,6.6000000000000005,6.7,6.800000000000001,6.9,7.0,7.1000000000000005,7.2,7.300000000000001,7.4,7.5,7.6000000000000005,7.7,7.800000000000001,7.9,8.0,8.1,8.200000000000001,8.3,8.4,8.5,8.6,8.700000000000001,8.8,8.9,9.0,9.1,9.200000000000001,9.3,9.4,9.5,9.600000000000001,9.700000000000001,9.8,9.9,10.0","0.2406097250273549,0.32505394664878684,0.32055031567433684,0.2296056093721987,0.16653301025261996,0.1541716421007003,0.09284157476497587,-0.14241420979441835,0.02621857946532541,-0.014227576035553885,-0.2314207765311372,-0.266634583324488,-0.29892768739453857,-0.1927393472255069,-0.393442286741595,-0.2395030135788996,-0.2920941982678455,-0.26945928749002335,-0.1201922903907367,-0.17107344059674057,-0.09939922909863144,0.026137237464877956,-0.02607178903287432,0.1617304103016238,-0.007833949685838004,0.20836094417529674,0.24522128545180502,0.3266208296500833,0.4651438331204134,0.30040704980788946,0.40793047264911564,0.22564638402047052,0.19889140776209954,0.13305000402113668,-0.0534813644533528,0.038804478208646735,-0.04672149330783923,0.046930740077481894,-0.17867984710473697,-0.224470476746011,-0.22399929340225344,-0.27947833183009785,-0.3102685651521677,-0.28581780430264275,-0.3079784055350509,-0.24390855989060387,-0.20856568306467865,-0.12272484571153086,0.06676252243408214,0.12364292494715969,0.0567642549162526,0.209285235677525,0.14028688291587751,0.41401632792429144,0.2673228724460336,0.4730807632443565,0.237805643655397,0.27226159732772404,0.33558990665037614,0.2759709185189281,0.2257378145678032,0.14771521995478057,0.08494419761505238,0.06648785111741154,-0.034652988998881216,-0.06208927775624702,-0.15560291664235357,-0.08757187457744092,-0.2664446016008098,-0.18133531338651093,-0.1598632652261582,-0.3200638751913019,-0.30587046161611736,-0.21701217882651938,-0.2543983155072494,-0.14133784862871163,-0.11380848700071172,0.0011968642742259047,0.030271825557882118,0.15603649999301797,0.09941179700817084,0.22898227374453772,0.24364295140595765,0.2630161394127697,0.2521165150439537,0.28506344174981,0.3438480611542083,0.33936346481851953,0.2177067046022496,0.17878302866481802,0.2436609371604987,0.10779969827406553,-0.023076841189193377,-0.10648323153664116,-0.18290104896291126,-0.19856383903077685,-0.298053362326663,-0.2702847929037883,-0.3215678058443134,-0.23756522330091556,-0.29240244012767963"
281,9.81,2.2828120908831293,"0.0,0.1,0.2,0.30000000000000004,0.4,0.5,0.6000000000000001,0.7000000000000001,0.8,0.9,1.0,1.1,1.2000000000000002,1.3,1.4000000000000001,1.5,1.6,1.7000000000000002,1.8,1.9000000000000001,2.0,2.1,2.2,2.3000000000000003,2.4000000000000004,2.5,2.6,2.7,2.8000000000000003,2.9000000000000004,3.0,3.1,3.2,3.3000000000000003,3.4000000000000004,3.5,3.6,3.7,3.8000000000000003,3.9000000000000004,4.0,4.1000000000000005,4.2,4.3,4.4,4.5,4.6000000000000005,4.7,4.800000000000001,4.9,5.0,5.1000000000000005,5.2,5.300000000000001,5.4,5.5,5.6000000000000005,5.7,5.800000000000001,5.9,6.0,6.1000000000000005,6.2,6.300000000000001,6.4,6.5,6.6000000000000005,6.7,6.800000000000001,6.9,7.0,7.1000000000000005,7.2,7.300000000000001,7.4,7.5,7.6000000000000005,7.7,7.800000000000001,7.9,8.0,8.1,8.200000000000001,8.3,8.4,8.5,8.6,8.700000000000001,8.8,8.9,9.0,9.1,9.200000000000001,9.3,9.4,9.5,9.600000000000001,9.700000000000001,9.8,9.9,10.0","0.20483821201495114,0.2441056203259564,0.23415935338736343,0.23493953779760124,0.28032761208747276,0.14339627963578455,0.10481637474874153,0.09842772092952881,-0.03508148508457066,-0.12433405633833446,-0.14277758555074288,-0.2013493737912411,-0.1509152015176631,-0.23884700035730122,-0.2989838839332509,-0.34128347628987427,-0.24434880670729164,-0.29798882674164534,-0.21527362189773153,-0.2759187197639699,-0.1699608575012545,-0.08588051543599473,0.022734345903534216,0.09926002477272688,0.1507241245302487,0.22182416076311362,0.18945160870584304,0.21740046987073874,0.2732968887167394,0.25022228131466323,0.30285924611779247,0.31684333832526773,0.15474300583859013,0.34225798050703377,0.21767287773522484,0.20896049635954578,0.15974993465598147,-0.0085855295494347,-0.027177093059969196,0.010169427959108107,-0.17107729256159235,-0.12111695733168656,-0.17735785810306054,-0.2459421348041527,-0.29501366308961124,-0.31096217729971326,-0.2636220399245369,-0.20264345079593735,-0.24075390089734117,-0.20712242973900136,-0.2736803021923061,-0.2609389921707548,-0.009823929323698716,-0.05804884784576396,0.027389450574575883,0.10003766265008592,0.09388222236241905,0.14906944968696606,0.23564138888687258,0.2848726417529479,0.3067436270587684,0.2327154239602338,0.31778459621771094,0.29574869558773254,0.2482211331066125,0.22484609968297103,0.11775518874113088,0.128570273792399,0.038922130596993135,0.07599403005983843,-0.0008370797496609073,-0.15388973294690436,-0.09892603909848971,-0.4099295025232576,-0.30829396167929835,-0.3557475743739466,-0.3360076616082084,-0.332028550654221,-0.3538014426446361,-0.2972634396793126,-0.21300132158441237,-0.15125927446931695,-0.0351481760330785,-0.13405269069187667,0.08361646168479926,0.17856355196372964,0.021856820111900918,0.08511499867186378,0.18598573566584287,0.28217590751240273,0.3115050661253811,0.24857322974271176,0.26487577362447695,0.271381876959922,0.2534601666972955,0.23680744234942477,0.19062004646912406,0.06664498451171627,0.012244139828937302,0.011702117319058528,0.0043486281280024075"
282,9.81,4.914131900716885,"0.0,0.1,0.2,0.30000000000000004,0.4,0.5,0.6000000000000001,0.7000000000000001,0.8,0.9,1.0,1.1,1.2000000000000002,1.3,1.4000000000000001,1.5,1.6,1.7000000000000002,1.8,1.9000000000000001,2.0,2.1,2.2,2.3000000000000003,2.4000000000000004,2.5,2.6,2.7,2.8000000000000003,2.9000000000000004,3.0,3.1,3.2,3.3000000000000003,3.4000000000000004,3.5,3.6,3.7,3.8000000000000003,3.9000000000000004,4.0,4.1000000000000005,4.2,4.3,4.4,4.5,4.6000000000000005,4.7,4.800000000000001,4.9,5.0,5.1000000000000005,5.2,5.300000000000001,5.4,5.5,5.6000000000000005,5.7,5.800000000000001,5.9,6.0,6.1000000000000005,6.2,6.300000000000001,6.4,6.5,6.6000000000000005,6.7,6.800000000000001,6.9,7.0,7.1000000000000005,7.2,7.300000000000001,7.4,7.5,7.6000000000000005,7.7,7.800000000000001,7.9,8.0,8.1,8.200000000000001,8.3,8.4,8.5,8.6,8.700000000000001,8.8,8.9,9.0,9.1,9.200000000000001,9.3,9.4,9.5,9.600000000000001,9.700000000000001,9.8,9.9,10.0","0.28043147674665936,0.3787838216751158,0.33547319242939816,0.42480254763959197,0.24512317612104031,0.33710337749108155,0.2580279739583929,0.23866547861471157,0.04950378214987916,0.03920225947727986,0.0005171112540662964,-0.15577963077130616,-0.05822947627159841,-0.1534294703987096,-0.1979544916611222,-0.2788475043035401,-0.15588968293202612,-0.1831772363170395,-0.23609219154469513,-0.2645857897285353,-0.3162998536466787,-0.31989076242246917,-0.40289472295432566,-0.28109935666951946,-0.14770091525333862,-0.22467565060365513,-0.2702217738558067,-0.203917809622162,-0.2600145378862683,-0.20250757738221808,-0.13294322779881798,-0.12533022917810974,-0.08449121922530747,-0.007135256636548912,0.00803818084663508,-0.013693585743001571,0.15308995035318484,0.1414621592347352,0.17322789687642323,0.19453364975946472,0.2413314346860893,0.2831314331716946,0.2926060846670308,0.35995029199060424,0.3533010358159731,0.38738877979559555,0.35926661024777073,0.2611278396682044,0.2791911154302593,0.22439958854115544,0.1992032950628541,0.13037172096914776,0.1608643126210967,0.11485303032310176,0.09250276142555919,0.04023465889427258,0.018871813879944126,-0.06655309806494011,-0.1004416041465139,-0.176054152342497,-0.1977044359574093,-0.025028160156885804,-0.26640970711844586,-0.2933036959766432,-0.3256134910537278,-0.4108414155300767,-0.32468527467902164,-0.3126159000427194,-0.403538507120334,-0.32503430202206707,-0.32819495549268446,-0.25257545005484455,-0.28428227479178514,-0.2799183153568022,-0.17922432735234153,-0.10955130893134668,-0.028466571033585367,-0.1390200506701147,0.09635614624561362,0.07036739462314154,0.11816343305164047,0.11135957315304865,0.1508984338114638,0.2382209201464334,0.2631239181493997,0.2423551670282866,0.31278205322577546,0.32779733108669734,0.35245564301632726,0.3399484257722723,0.27038883785112017,0.3065587432017279,0.27302907694523193,0.23751203930393777,0.4088776899262722,0.23389059153048122,0.2005681983281553,0.1199344977992228,0.054787416843581224,0.11130192090780086,-0.048325084326593964"
283,9.81,0.7244641402183788,"0.0,0.1,0.2,0.30000000000000004,0.4,0.5,0.6000000000000001,0.7000000000000001,0.8,0.9,1.0,1.1,1.2000000000000002,1.3,1.4000000000000001,1.5,1.6,1.7000000000000002,1.8,1.9000000000000001,2.0,2.1,2.2,2.3000000000000003,2.4000000000000004,2.5,2.6,2.7,2.8000000000000003,2.9000000000000004,3.0,3.1,3.2,3.3000000000000003,3.4000000000000004,3.5,3.6,3.7,3.8000000000000003,3.9000000000000004,4.0,4.1000000000000005,4.2,4.3,4.4,4.5,4.6000000000000005,4.7,4.800000000000001,4.9,5.0,5.1000000000000005,5.2,5.300000000000001,5.4,5.5,5.6000000000000005,5.7,5.800000000000001,5.9,6.0,6.1000000000000005,6.2,6.300000000000001,6.4,6.5,6.6000000000000005,6.7,6.800000000000001,6.9,7.0,7.1000000000000005,7.2,7.300000000000001,7.4,7.5,7.6000000000000005,7.7,7.800000000000001,7.9,8.0,8.1,8.200000000000001,8.3,8.4,8.5,8.6,8.700000000000001,8.8,8.9,9.0,9.1,9.200000000000001,9.3,9.4,9.5,9.600000000000001,9.700000000000001,9.8,9.9,10.0","0.1992286066632005,0.17490402228399762,0.21093594472010513,0.1223445935112541,0.02909702198729408,-0.05629276214284504,-0.22083092984313268,-0.2761580475607935,-0.32898252456059174,-0.28632310042154263,-0.2237982344754273,-0.17581162634374656,-0.14203648176036854,0.19744285291779018,0.04363980198545159,0.1261246762243797,0.271171240669471,0.2220354791374508,0.35736881977435714,0.20047093280268713,0.08205899410949656,0.007174023082214511,-0.06336675497309971,-0.13853506000023547,-0.23478285629126217,-0.33318602166237266,-0.3671001971943747,-0.2553616450255031,-0.100906926573916,-0.09134080928684879,-0.019536769567289912,0.07544180258166085,0.3062683480543721,0.309504949620693,0.3135243693604704,0.3326254214916772,0.22217413911723788,0.1744939320253777,-0.09057140570683536,-0.06789121674625151,-0.160919150121169,-0.2484223114162328,-0.26550212905416515,-0.2229772718714139,-0.25971625020090316,-0.19391157198687076,-0.05384679423182291,0.06477565991167848,0.11139642713637073,0.23544423617363067,0.20202038183050408,0.2673772786159529,0.3004147518679626,0.21978565502657432,0.209560860776642,0.062238388393911645,-0.04822100204082671,-0.16731300750626568,-0.2839753807745188,-0.21788226815232312,-0.261589294107587,-0.23404326596986327,-0.07339894613125683,0.0854405456625006,0.011150998435978787,0.0953655089911137,0.22753437340594246,0.3217450159057556,0.29308782011338375,0.3395012093995309,0.23358767309423106,0.2070575044524154,0.14683643616696385,-0.023661603972055807,-0.1676931260306608,-0.2479812852864112,-0.29905608089608166,-0.3104029789313846,-0.2584790187917731,-0.20085549183562057,-0.12301956843565105,-0.01554625569836935,0.19665405213745848,0.25479692428529377,0.31646142426158075,0.28019127439039776,0.26505907773428544,0.23479037038831235,0.20889127713559502,0.18239267184400831,-0.025133677849491,-0.11624647094709613,-0.3204489724995714,-0.2532520032929326,-0.309445569616351,-0.19067966297744754,-0.22977246338611299,-0.17768076923123016,0.09603423152020839,0.3406406026728915,0.12321423315474199"
284,9.81,0.6793053872474727,"0.0,0.1,0.2,0.30000000000000004,0.4,0.5,0.6000000000000001,0.7000000000000001,0.8,0.9,1.0,1.1,1.2000000000000002,1.3,1.4000000000000001,1.5,1.6,1.7000000000000002,1.8,1.9000000000000001,2.0,2.1,2.2,2.3000000000000003,2.4000000000000004,2.5,2.6,2.7,2.8000000000000003,2.9000000000000004,3.0,3.1,3.2,3.3000000000000003,3.4000000000000004,3.5,3.6,3.7,3.8000000000000003,3.9000000000000004,4.0,4.1000000000000005,4.2,4.3,4.4,4.5,4.6000000000000005,4.7,4.800000000000001,4.9,5.0,5.1000000000000005,5.2,5.300000000000001,5.4,5.5,5.6000000000000005,5.7,5.800000000000001,5.9,6.0,6.1000000000000005,6.2,6.300000000000001,6.4,6.5,6.6000000000000005,6.7,6.800000000000001,6.9,7.0,7.1000000000000005,7.2,7.300000000000001,7.4,7.5,7.6000000000000005,7.7,7.800000000000001,7.9,8.0,8.1,8.200000000000001,8.3,8.4,8.5,8.6,8.700000000000001,8.8,8.9,9.0,9.1,9.200000000000001,9.3,9.4,9.5,9.600000000000001,9.700000000000001,9.8,9.9,10.0","0.28458006246829465,0.1179439620692537,0.20870273764960642,0.06117574120419711,-0.011489887398240516,-0.04975942228845072,-0.18924498120364433,-0.2913084378398789,-0.3462590139007936,-0.31774540358578046,-0.249616409866801,-0.08639358200890661,0.03732986181613895,0.03300343864798368,0.20642346482864626,0.2033438696490264,0.28589500903664233,0.3262689942977951,0.2339162929751813,0.07192270032945784,0.05060385290177454,-0.00159061237429306,-0.15871122732929582,-0.21920207742783332,-0.26951481967487023,-0.4284168373855758,-0.2667602135215143,-0.1434439747232053,-0.18247503463110254,-0.011931965228472396,0.0802920610143293,0.10268715035557642,0.30217659229439015,0.24939662945279442,0.3110268560238131,0.23528886752948225,0.03217529184181557,-0.028446571820998325,-0.17945147586700078,-0.0699082148445834,-0.22937355393111916,-0.32882051850858274,-0.27296008306236713,-0.15423577304690178,-0.13764359805762955,0.0767606476167178,0.1110708311117628,0.15594845195599796,0.2804019477898081,0.20795970782229636,0.24415893863669036,0.3091311006938068,0.20441286183920515,0.20012652447391688,-0.013220379566487403,-0.16119297581357744,-0.2497056642710771,-0.27356662431838685,-0.33220609775987775,-0.15797184996309122,-0.18013040834544486,-0.19496290613373843,-0.028275641978845575,0.1356551301309141,0.3739217980078746,0.29984421708336784,0.30354235816849706,0.27627898753671487,0.35796018956015674,0.23115628355056383,-0.029161046032392147,-0.07044796627867138,-0.1472746890638773,-0.2727879105060983,-0.2624397826482247,-0.27557328158597894,-0.26057038961713397,-0.1833717659773137,-0.1257214511771944,-0.0362227457176869,0.06333930409241907,0.2643253144577367,0.1933658681286459,0.22175761778856729,0.22238283477016094,0.17821235396639584,0.07826389126750145,0.09539166752652975,-0.2956798335810032,-0.1747429119685071,-0.3962395622514123,-0.35487985128188293,-0.2769547690309313,-0.13450836560212948,-0.036631215153607885,0.02113036241463015,0.15086773758734434,0.27487632767976966,0.2907655972882933,0.3236919331259062,0.30643942460488316"
285,9.81,4.071109317649103,"0.0,0.1,0.2,0.30000000000000004,0.4,0.5,0.6000000000000001,0.7000000000000001,0.8,0.9,1.0,1.1,1.2000000000000002,1.3,1.4000000000000001,1.5,1.6,1.7000000000000002,1.8,1.9000000000000001,2.0,2.1,2.2,2.3000000000000003,2.4000000000000004,2.5,2.6,2.7,2.8000000000000003,2.9000000000000004,3.0,3.1,3.2,3.3000000000000003,3.4000000000000004,3.5,3.6,3.7,3.8000000000000003,3.9000000000000004,4.0,4.1000000000000005,4.2,4.3,4.4,4.5,4.6000000000000005,4.7,4.800000000000001,4.9,5.0,5.1000000000000005,5.2,5.300000000000001,5.4,5.5,5.6000000000000005,5.7,5.800000000000001,5.9,6.0,6.1000000000000005,6.2,6.300000000000001,6.4,6.5,6.6000000000000005,6.7,6.800000000000001,6.9,7.0,7.1000000000000005,7.2,7.300000000000001,7.4,7.5,7.6000000000000005,7.7,7.800000000000001,7.9,8.0,8.1,8.200000000000001,8.3,8.4,8.5,8.6,8.700000000000001,8.8,8.9,9.0,9.1,9.200000000000001,9.3,9.4,9.5,9.600000000000001,9.700000000000001,9.8,9.9,10.0","0.2784996087866972,0.19450961943650585,0.246113282435718,0.27884861005082684,0.23244635548264242,0.20660560648540316,0.20800175452809885,0.08645114632584518,0.11539757581884431,0.11527681104671048,0.04926901782878652,-0.03626172034184309,-0.019528884628338156,-0.10271559163621982,-0.23658446254778498,-0.17004696484668358,-0.24611066921955044,-0.2373381459144931,-0.3169528343182605,-0.39392684382751,-0.27233792359310005,-0.33473880621816915,-0.3124751528210064,-0.3329751098625366,-0.22808232589897764,-0.2168106052385007,-0.21295649360538896,-0.038891075726412844,0.029891178409400324,-0.00029611896295533846,-0.05914088170872442,0.07599378952944402,-0.02129349122572144,0.13964920415155213,0.11807949991153419,0.08792995411046216,0.20726049264624757,0.22629428689491465,0.21692013605234756,0.4149662683649785,0.4459117544882618,0.315063821865928,0.3072418165282582,0.20614726089241814,0.27244152815163764,0.28484187570118613,0.19803922350646172,0.14475265121071845,0.11029983577170005,0.04557900498013013,0.05602513813587384,0.07565496156204092,-0.05900038211269522,-0.06923280847817508,-0.15440405766540927,-0.16116661765992665,-0.21683612134573177,-0.2611094473381611,-0.25049263963171015,-0.05923645593067681,-0.29334710460482355,-0.31404618611412904,-0.33879477119546053,-0.24648009582367714,-0.34844150396972257,-0.262152537353288,-0.16373120605027436,-0.10205005408981366,-0.04616998647035722,-0.057059036140168086,-0.13688012743042227,0.32620554895060944,0.16952546748672606,0.10949151543565239,0.0944206315464194,0.14921824844778922,0.19893072327943961,0.3029006271870454,0.2883940153887513,0.3358114599531676,0.4276663757129863,0.3721243153545939,0.3342574837215304,0.268624377545763,0.32355003550437694,0.23461579102599636,0.23236944698299422,0.08347549228886936,0.0944922728428356,0.12303367867958111,0.06540808124127975,0.008494800545377493,-0.03821334661615955,0.0025787218999878125,-0.07117469650615425,-0.24947302026838625,-0.08958850611185439,-0.16885465252068196,-0.3673498494744111,-0.1749259960823392,-0.37887967989205995"
286,9.81,4.887021431453251,"0.0,0.1,0.2,0.30000000000000004,0.4,0.5,0.6000000000000001,0.7000000000000001,0.8,0.9,1.0,1.1,1.2000000000000002,1.3,1.4000000000000001,1.5,1.6,1.7000000000000002,1.8,1.9000000000000001,2.0,2.1,2.2,2.3000000000000003,2.4000000000000004,2.5,2.6,2.7,2.8000000000000003,2.9000000000000004,3.0,3.1,3.2,3.3000000000000003,3.4000000000000004,3.5,3.6,3.7,3.8000000000000003,3.9000000000000004,4.0,4.1000000000000005,4.2,4.3,4.4,4.5,4.6000000000000005,4.7,4.800000000000001,4.9,5.0,5.1000000000000005,5.2,5.300000000000001,5.4,5.5,5.6000000000000005,5.7,5.800000000000001,5.9,6.0,6.1000000000000005,6.2,6.300000000000001,6.4,6.5,6.6000000000000005,6.7,6.800000000000001,6.9,7.0,7.1000000000000005,7.2,7.300000000000001,7.4,7.5,7.6000000000000005,7.7,7.800000000000001,7.9,8.0,8.1,8.200000000000001,8.3,8.4,8.5,8.6,8.700000000000001,8.8,8.9,9.0,9.1,9.200000000000001,9.3,9.4,9.5,9.600000000000001,9.700000000000001,9.8,9.9,10.0","0.37525476055689866,0.35122427259161604,0.3271469965549292,0.23893904620445505,0.15802861725816733,0.22882203085292782,0.2349339668199383,0.15657290451117686,0.1770185881629938,0.10224682147420823,0.02553214962981372,-0.12626711638199295,-0.12317511542455101,-0.12296611934048131,-0.19591316660906005,-0.17459686625785126,-0.23652643990353417,-0.21413908106647528,-0.2271447382550178,-0.23882307129367944,-0.2963376678047274,-0.33482311500467854,-0.4272858447781194,-0.14696345982561063,-0.30644540722233954,-0.2941205337480326,-0.08978077598218864,-0.28126867846531267,-0.21310784396634758,-0.14434722016914414,-0.16267265323627614,-0.15185635190628907,-0.09830178804783513,-0.049155769849207304,0.06395071037568908,0.08946312089160427,0.04006203014071326,0.14291592093879477,0.1564482490380298,0.23434985210732084,0.2367994871558067,0.28984943600012253,0.3069198732554054,0.3464642756477681,0.261031897496232,0.33385745056758853,0.3586339242611808,0.29330025636441504,0.35435986340491693,0.18325679292592728,0.13678871742572576,0.16101343338504487,0.1869117888483965,0.13374123748280237,0.08669135983916026,0.031947097467022144,0.026990440185454847,-0.0071596353162765025,-0.0685007728425755,-0.03041652274085449,-0.26217761954950397,-0.23305177861604431,-0.29042877466625056,-0.25750504239544636,-0.21653158812498263,-0.4405427049491686,-0.43888979619886126,-0.3554502202685775,-0.3236881541799926,-0.2898418253693137,-0.26695108179600513,-0.22920148556851888,-0.2747997941964282,-0.2063539091793811,-0.20254996711066572,-0.11865919858052637,-0.03890752816210756,-0.089455911945645,-0.014588732633734662,0.06483115229457198,0.05371875238414528,0.11653849153759968,0.32865817266808917,0.30548929877497694,0.27102985933669616,0.18606141809216725,0.28771370465242907,0.2931674907382433,0.2706180575714979,0.2903705925987382,0.29673697429068996,0.2868975610176008,0.34462501529054185,0.13201204848903597,0.3004958840540034,0.17192008547150897,0.22928138921411195,0.014493474069837142,0.04780746885294322,0.02490225751429179,-0.06325650991570554"
287,9.81,4.5921440786250445,"0.0,0.1,0.2,0.30000000000000004,0.4,0.5,0.6000000000000001,0.7000000000000001,0.8,0.9,1.0,1.1,1.2000000000000002,1.3,1.4000000000000001,1.5,1.6,1.7000000000000002,1.8,1.9000000000000001,2.0,2.1,2.2,2.3000000000000003,2.4000000000000004,2.5,2.6,2.7,2.8000000000000003,2.9000000000000004,3.0,3.1,3.2,3.3000000000000003,3.4000000000000004,3.5,3.6,3.7,3.8000000000000003,3.9000000000000004,4.0,4.1000000000000005,4.2,4.3,4.4,4.5,4.6000000000000005,4.7,4.800000000000001,4.9,5.0,5.1000000000000005,5.2,5.300000000000001,5.4,5.5,5.6000000000000005,5.7,5.800000000000001,5.9,6.0,6.1000000000000005,6.2,6.300000000000001,6.4,6.5,6.6000000000000005,6.7,6.800000000000001,6.9,7.0,7.1000000000000005,7.2,7.300000000000001,7.4,7.5,7.6000000000000005,7.7,7.800000000000001,7.9,8.0,8.1,8.200000000000001,8.3,8.4,8.5,8.6,8.700000000000001,8.8,8.9,9.0,9.1,9.200000000000001,9.3,9.4,9.5,9.600000000000001,9.700000000000001,9.8,9.9,10.0","0.3172393299943118,0.3161869042437271,0.23400837218081658,0.0885810483327833,0.2601556120512178,0.0705506566759796,0.20674482171789557,0.13619338696760538,0.18891173082195944,0.09649530338092363,0.08229840971296712,-0.09377348027683502,-0.28795936392760085,-0.16249806705460745,-0.027736147452463,-0.20780032094383188,-0.21560019423950286,-0.11590234302095181,-0.21910265559676165,-0.2445663904749378,-0.33281135270998347,-0.29691720566013863,-0.3743184784026462,-0.3245395801772967,-0.3346714121350511,-0.3207326728979023,-0.30285015964975415,-0.20665891837254935,-0.16747509998952426,0.20292814170255305,-0.06906908229842587,-0.03170244263463862,-0.05110675912310356,0.05588094399080526,-0.04512839549228352,0.15372158947815023,0.09498504123420191,0.3407424666999954,0.18806616293854167,0.23236217029574063,0.3388461154253637,0.2668198065969919,0.2820486645523681,0.28126088686102,0.3757048461489487,0.4622625210710516,0.1958912562508766,0.2717898137614435,0.2943462522654133,0.18766969339163003,0.1418982252768308,0.23703649368742116,0.11558186122712995,0.07130128575997333,0.1333649094135497,0.025832647062560797,-0.12359585844283491,-0.06630915991420133,-0.22654779821152812,-0.20036852633877048,-0.223507912705795,-0.21157150925231422,-0.29004020522269125,-0.3454098801880702,-0.3848455096578818,-0.19887103978968695,-0.2497372388718749,-0.28937545920250524,-0.264411523333105,-0.23985965514705443,-0.235484210123224,-0.14268399290631875,-0.11357063331335807,-0.12253962570258883,-0.0479022759931894,-0.07462953667907567,-0.06805340035575076,0.10314875972029891,0.07938403251971374,0.15604957790006552,0.19759468573847228,0.28000632961450606,0.35276684891320403,0.2549686352944968,0.29800972527436254,0.2549506019278103,0.303480611144236,0.3753485120210073,0.24459306206711628,0.2891770780137411,0.25257543151902795,0.2565387925527358,0.19449525237775056,0.3289688139902459,0.14766205638980814,0.02595784431059471,0.08703440393758252,0.010053795044729568,0.001842215473520259,0.14117174960264675,-0.14396297331102528"
288,9.81,4.65340845011872,"0.0,0.1,0.2,0.30000000000000004,0.4,0.5,0.6000000000000001,0.7000000000000001,0.8,0.9,1.0,1.1,1.2000000000000002,1.3,1.4000000000000001,1.5,1.6,1.7000000000000002,1.8,1.9000000000000001,2.0,2.1,2.2,2.3000000000000003,2.4000000000000004,2.5,2.6,2.7,2.8000000000000003,2.9000000000000004,3.0,3.1,3.2,3.3000000000000003,3.4000000000000004,3.5,3.6,3.7,3.8000000000000003,3.9000000000000004,4.0,4.1000000000000005,4.2,4.3,4.4,4.5,4.6000000000000005,4.7,4.800000000000001,4.9,5.0,5.1000000000000005,5.2,5.300000000000001,5.4,5.5,5.6000000000000005,5.7,5.800000000000001,5.9,6.0,6.1000000000000005,6.2,6.300000000000001,6.4,6.5,6.6000000000000005,6.7,6.800000000000001,6.9,7.0,7.1000000000000005,7.2,7.300000000000001,7.4,7.5,7.6000000000000005,7.7,7.800000000000001,7.9,8.0,8.1,8.200000000000001,8.3,8.4,8.5,8.6,8.700000000000001,8.8,8.9,9.0,9.1,9.200000000000001,9.3,9.4,9.5,9.600000000000001,9.700000000000001,9.8,9.9,10.0","0.314051048844415,0.305038797636871,0.30797766067809773,0.19624987141540073,0.32907786175402437,0.28873845463884096,0.18212981822106256,0.12921289017842894,0.14823293257583917,0.052653388088254524,0.05450341092464642,0.052682800672857716,-0.07174533932050717,-0.16121853257597618,-0.1545859304134636,-0.1326723747365054,-0.20538961245451845,-0.1754312412886771,-0.2449911187617006,-0.33552720327724256,-0.26645269131902194,-0.3672344062932492,-0.35772182766637045,-0.35147387809234376,-0.2861568507174948,-0.29053896088789766,-0.1613161603625073,-0.23376429736034773,-0.14350091995006004,0.09086807604350297,-0.12421024336573631,0.0952154684254218,-0.06307184890816919,-0.1419315876846066,0.04612363509744118,0.05676890488748974,0.15317849788953014,0.14455679710585098,0.1971104809228329,0.22563355989499748,0.3114938685201198,0.19522570632747732,0.2882251638255994,0.3254998598585892,0.2866589733840876,0.35422142796173656,0.33291602187895486,0.30677181744669335,0.27536869390798124,0.18967864234190462,0.234073728329959,0.14600865259950563,0.13190944522959244,0.18790545701709047,0.051023847089730394,0.04112386316845411,-0.08236375905829899,-0.23346243438043163,-0.12493942464031702,-0.15585197138263393,-0.21819854024386212,-0.24213290785269162,-0.2936411935992317,-0.21678219203094967,-0.45981001682069045,-0.2713581835960518,-0.31564807270162804,-0.371347389871358,-0.2732093096539376,-0.26793101277936093,-0.2857821469934005,-0.17196451667642684,-0.1878020498158347,-0.141845790305817,-0.17808865450985592,-0.02907996948644582,-0.03015590737434618,-0.01639439177522274,0.026492753002114844,0.08703848195598556,0.16080814555640768,0.2103354494893008,0.16691846883146783,0.20636413826549282,0.2819545424991261,0.25537974932673213,0.2985754438652358,0.321618657945216,0.25056130798804727,0.3083737226198794,0.32130027215401535,0.2478617012190456,0.3222731987660472,0.20662400861100444,0.1424779039712141,0.19147650855747075,0.07414677125987422,0.08464312700015336,-0.023711639273168786,-0.036575783088957675,-0.060652532244245654"
289,9.81,1.5446908808249489,"0.0,0.1,0.2,0.30000000000000004,0.4,0.5,0.6000000000000001,0.7000000000000001,0.8,0.9,1.0,1.1,1.2000000000000002,1.3,1.4000000000000001,1.5,1.6,1.7000000000000002,1.8,1.9000000000000001,2.0,2.1,2.2,2.3000000000000003,2.4000000000000004,2.5,2.6,2.7,2.8000000000000003,2.9000000000000004,3.0,3.1,3.2,3.3000000000000003,3.4000000000000004,3.5,3.6,3.7,3.8000000000000003,3.9000000000000004,4.0,4.1000000000000005,4.2,4.3,4.4,4.5,4.6000000000000005,4.7,4.800000000000001,4.9,5.0,5.1000000000000005,5.2,5.300000000000001,5.4,5.5,5.6000000000000005,5.7,5.800000000000001,5.9,6.0,6.1000000000000005,6.2,6.300000000000001,6.4,6.5,6.6000000000000005,6.7,6.800000000000001,6.9,7.0,7.1000000000000005,7.2,7.300000000000001,7.4,7.5,7.6000000000000005,7.7,7.800000000000001,7.9,8.0,8.1,8.200000000000001,8.3,8.4,8.5,8.6,8.700000000000001,8.8,8.9,9.0,9.1,9.200000000000001,9.3,9.4,9.5,9.600000000000001,9.700000000000001,9.8,9.9,10.0","0.25192904341320077,0.2918279658933668,0.30274979910224026,0.194717448608513,0.13295222022855002,0.12276835228192257,-0.05423962508642053,-0.019269593409936767,-0.09290922846341679,-0.19720468553862425,-0.2287705561411036,-0.27827648395313015,-0.26452045646793554,-0.31271400344669187,-0.2975149557297881,-0.25798771611823873,-0.195439265403491,-0.24711760334045746,0.008874887229749343,0.07081072767272915,0.05666031120283873,0.1209799555125452,0.14736117735526844,0.21572329856515227,0.3385164614566555,0.3487590228909921,0.2994452659282599,0.3224322413811472,0.07209836084092372,0.19950578960500318,0.17337603538455842,-0.18160239173744588,-0.042758701200392116,-0.05042647788759658,-0.2685090401343212,-0.2614852582722131,-0.26289929029135606,-0.21525860815855435,-0.3578559624191602,-0.300989437125072,-0.30554065355358234,-0.2299281468517347,-0.16027492199436438,-0.09625638535583836,-0.008679236789662474,0.0851623661289568,0.12076633453612338,0.17080712142268406,0.1974775361227426,0.25514919756767523,0.3031828086067423,0.3297198150915229,0.17087567134091963,0.17494302960787414,0.1809567753947827,0.13426754299107602,-0.041301331517433815,-0.0417321144395539,-0.007973619501726911,-0.16339696082932265,-0.3148379409245467,-0.28114092006605607,-0.3120270136955377,-0.2926789340964382,-0.32306977516188745,-0.14073536647434653,-0.20334114376207313,0.0030655010956295303,-0.0767109594165128,0.12685923608380617,0.11580223812783633,0.22288515993095173,0.2624508832489791,0.3178374599403321,0.34142201030417507,0.2996414463436593,0.2983877834804813,0.2740364399177887,0.17620210074910864,0.17300961180123692,0.06034368152291063,0.11146464463379405,0.012111911825023122,-0.19986512879216517,-0.11589714362264884,-0.2817102773212467,-0.260070477905283,-0.27808645798518594,-0.3097433915325994,-0.3075523512896865,-0.20596966036248815,-0.15915793881296597,-0.0726539105923308,-0.06874595739834652,0.06600404661729743,0.11884556903818447,0.19502746777345853,0.24964835324949095,0.31941368285151445,0.26825843796827364,0.29663575477620024"
290,9.81,3.244646284341397,"0.0,0.1,0.2,0.30000000000000004,0.4,0.5,0.6000000000000001,0.7000000000000001,0.8,0.9,1.0,1.1,1.2000000000000002,1.3,1.4000000000000001,1.5,1.6,1.7000000000000002,1.8,1.9000000000000001,2.0,2.1,2.2,2.3000000000000003,2.4000000000000004,2.5,2.6,2.7,2.8000000000000003,2.9000000000000004,3.0,3.1,3.2,3.3000000000000003,3.4000000000000004,3.5,3.6,3.7,3.8000000000000003,3.9000000000000004,4.0,4.1000000000000005,4.2,4.3,4.4,4.5,4.6000000000000005,4.7,4.800000000000001,4.9,5.0,5.1000000000000005,5.2,5.300000000000001,5.4,5.5,5.6000000000000005,5.7,5.800000000000001,5.9,6.0,6.1000000000000005,6.2,6.300000000000001,6.4,6.5,6.6000000000000005,6.7,6.800000000000001,6.9,7.0,7.1000000000000005,7.2,7.300000000000001,7.4,7.5,7.6000000000000005,7.7,7.800000000000001,7.9,8.0,8.1,8.200000000000001,8.3,8.4,8.5,8.6,8.700000000000001,8.8,8.9,9.0,9.1,9.200000000000001,9.3,9.4,9.5,9.600000000000001,9.700000000000001,9.8,9.9,10.0","0.2930481802801334,0.31622961906096164,0.2637551035759398,0.26690904393365544,0.2747778936603537,0.2209662604220794,0.08245666202878733,0.09899523806404327,0.11956357976536305,0.060615570629306045,0.13907576225242332,-0.0281842679165816,-0.15005155811887147,-0.1536336366157608,-0.22248984981206588,-0.24768774161528304,-0.23754226482474045,-0.31991843194119957,-0.4707980160320462,-0.3822903455187104,-0.3799193039269286,-0.21608434429563012,-0.15273691296787262,-0.24139509229755798,-0.11480822256811701,-0.00797776746738424,-0.03898083650636209,0.018495047054478415,0.04767600842491522,0.12809987454962235,0.2947620506115196,0.19903673472254518,0.23345285602430996,0.2647042255458356,0.25476928574269453,0.2760211561045656,0.3077025386250043,0.31491319434521975,0.33453612433368923,0.31199610979372916,0.35203566437408873,0.12935202451422798,0.20241257015692188,0.15769489671585735,0.0753091080663474,-0.01773672340779212,-0.04281490734986555,-0.0024765890056248907,-0.11213106601915555,-0.16810789794457198,-0.2875792392694263,-0.3586675105081914,-0.36604383948395913,-0.29249370615730086,-0.18710726601077074,-0.4308698416881722,-0.2242462847536002,-0.2990581161032258,-0.1984240670010698,-0.28850875661911446,-0.1479225289729365,-0.1055859613302208,-0.07763499518054906,-0.04740495712388587,0.19776361000528092,0.09686323367753998,0.053042000163191105,0.13393991888454632,0.19014300374056198,0.2934441562208905,0.22563981848350806,0.3271483430142113,0.2672398889113816,0.3650778763908492,0.4122392301583918,0.39486203924982377,0.29406357568576486,0.19272862413088931,0.23883868043393944,0.15628453794103742,0.09761162526312629,0.08690109083466649,0.10976384184801233,-0.084404478780794,-0.24344608098368722,-0.135679207744454,-0.23564020994501572,-0.20767902655536807,-0.05148060773332189,-0.25400200939335776,-0.27334345355163825,-0.39204139613072164,-0.3437437694802388,-0.3430690695258517,-0.24890870487887895,-0.1917172142121274,-0.15450768220564393,-0.06735870158284331,-0.22531453416797995,-0.041094285433551404,-0.015368251759362342"
291,9.81,1.8071148891145503,"0.0,0.1,0.2,0.30000000000000004,0.4,0.5,0.6000000000000001,0.7000000000000001,0.8,0.9,1.0,1.1,1.2000000000000002,1.3,1.4000000000000001,1.5,1.6,1.7000000000000002,1.8,1.9000000000000001,2.0,2.1,2.2,2.3000000000000003,2.4000000000000004,2.5,2.6,2.7,2.8000000000000003,2.9000000000000004,3.0,3.1,3.2,3.3000000000000003,3.4000000000000004,3.5,3.6,3.7,3.8000000000000003,3.9000000000000004,4.0,4.1000000000000005,4.2,4.3,4.4,4.5,4.6000000000000005,4.7,4.800000000000001,4.9,5.0,5.1000000000000005,5.2,5.300000000000001,5.4,5.5,5.6000000000000005,5.7,5.800000000000001,5.9,6.0,6.1000000000000005,6.2,6.300000000000001,6.4,6.5,6.6000000000000005,6.7,6.800000000000001,6.9,7.0,7.1000000000000005,7.2,7.300000000000001,7.4,7.5,7.6000000000000005,7.7,7.800000000000001,7.9,8.0,8.1,8.200000000000001,8.3,8.4,8.5,8.6,8.700000000000001,8.8,8.9,9.0,9.1,9.200000000000001,9.3,9.4,9.5,9.600000000000001,9.700000000000001,9.8,9.9,10.0","0.32090784063072286,0.4475308181875621,0.2662427806605751,0.22738747272897036,0.2102430151099265,0.08532352731986023,-0.08394642472705949,-0.06827134571739213,-0.10249468019110067,-0.14190560918732098,-0.25275455466486474,-0.23346558153830366,-0.32457868602312623,-0.293650523688308,-0.19929051137093828,-0.28534734818270524,-0.288979067062048,-0.18704724226657662,0.12749360281893055,-0.056817004442699576,-0.01980807160694727,0.014779254411246029,0.22283070744187247,0.221105714505823,0.25386197957638135,0.2634886553071436,0.2579261449806848,0.27787747733586143,0.25353112495237984,0.26071972693661716,0.25060366800074463,0.18966821404610656,0.07858132830740265,0.01596581007954593,-0.012565227227506451,-0.008468950357628388,-0.15059128249837372,-0.08619953534287507,-0.2782638961152161,-0.28979838173812006,-0.3170349046274815,-0.3326535089585271,-0.2562820198326875,-0.346789842284176,-0.1665373749449569,-0.13213731033082757,0.0461455293954543,0.012965047521520785,0.056945388647626605,0.021298955838769076,0.1246901984240944,0.17687027387707716,0.25890321203273403,0.292075541515968,0.27180222218478917,0.28646701285632187,0.2822451385815139,0.26782105305142184,0.22048781464261785,0.15565665239987486,0.029433198302976006,0.02241462355740086,-0.1291656947853554,-0.13882582331273283,-0.25729971265209434,-0.28879311205996944,-0.2958125179656643,-0.14660498119619314,-0.2747035866285872,-0.36726714844792313,-0.21717605501900789,-0.21880620555831812,-0.1291765342265383,-0.022890372120817182,-0.03391640018869939,0.014799543412184646,0.0685426124290868,0.1817068312089182,0.17080291343322926,0.21496931079814338,0.1874823049211299,0.32912903285798734,0.2987920855049051,0.23252054450775111,0.2043485452606402,0.1504302276399947,0.1309848707054646,0.11012168415833223,0.02207363261716013,-0.04267216562113626,-0.10822075768157279,-0.16870412763877904,-0.11916193884777038,-0.22964322342047477,-0.29766784316917655,-0.3238725663544032,-0.23703235914494852,-0.23555456668371488,-0.2691908184730771,-0.09855977619231994,-0.0475791534825923"
292,9.81,4.3745680719405815,"0.0,0.1,0.2,0.30000000000000004,0.4,0.5,0.6000000000000001,0.7000000000000001,0.8,0.9,1.0,1.1,1.2000000000000002,1.3,1.4000000000000001,1.5,1.6,1.7000000000000002,1.8,1.9000000000000001,2.0,2.1,2.2,2.3000000000000003,2.4000000000000004,2.5,2.6,2.7,2.8000000000000003,2.9000000000000004,3.0,3.1,3.2,3.3000000000000003,3.4000000000000004,3.5,3.6,3.7,3.8000000000000003,3.9000000000000004,4.0,4.1000000000000005,4.2,4.3,4.4,4.5,4.6000000000000005,4.7,4.800000000000001,4.9,5.0,5.1000000000000005,5.2,5.300000000000001,5.4,5.5,5.6000000000000005,5.7,5.800000000000001,5.9,6.0,6.1000000000000005,6.2,6.300000000000001,6.4,6.5,6.6000000000000005,6.7,6.800000000000001,6.9,7.0,7.1000000000000005,7.2,7.300000000000001,7.4,7.5,7.6000000000000005,7.7,7.800000000000001,7.9,8.0,8.1,8.200000000000001,8.3,8.4,8.5,8.6,8.700000000000001,8.8,8.9,9.0,9.1,9.200000000000001,9.3,9.4,9.5,9.600000000000001,9.700000000000001,9.8,9.9,10.0","0.31959750686810706,0.17142851255185204,0.29520512247605174,0.26429920398842816,0.25523122713851554,0.23610893850772757,0.2002605809619674,0.1505791426669634,0.1649688668831718,0.06421738311431027,0.005396882419842503,-0.008701225624592357,-0.09682269896748577,-0.10328006838662335,-0.09857631051074714,-0.17702208484999044,-0.18579290439555812,-0.27011640840766127,-0.30376454849147694,-0.3629390990592104,-0.32445083657484186,-0.2577938086423993,-0.4573421024304336,-0.2837835842994721,-0.2450061667547262,-0.19217795268990717,-0.15385655361368478,-0.13895640017862332,-0.16024408766020917,-0.09323004232885648,-0.18990456609787004,-0.016093417542444498,-0.023256050036681544,0.05009620106428981,0.08106875425850453,0.2491305819708601,0.21556119397260154,0.28261684670318254,0.33575261402120704,0.30728282396923495,0.48186473850509853,0.4505305068602632,0.3515029896220918,0.37372856604467347,0.29586501287874606,0.2239807156959827,0.18746925033613326,0.3005210802079825,0.24109332131275474,0.23889700599361904,0.12361989551711258,0.053100964693627274,0.11038506526147691,-0.04424271180004011,-0.11458387369164615,-0.13869593680593273,-0.10548111529258086,-0.1486843814112118,-0.2528408475914935,-0.18678234167777638,-0.28228832561002637,-0.28395494968604207,-0.28491345235429505,-0.2970970328604432,-0.33696469967251946,-0.256435357568509,-0.27512314554687084,-0.27241099184687756,-0.19093555383562902,-0.2573201610720348,-0.2300108892701366,-0.10107465160568205,0.027815682695884247,-0.05102129029641515,-0.004341995016718614,-0.014687798925171879,0.10135462239642386,0.18068024629224652,0.2624327944904922,0.32001051309751494,0.24041303770297895,0.31411396102633804,0.37954540308781376,0.3171225827572809,0.3930973464711714,0.21098821384927102,0.5198656485988498,0.32942340934121017,0.18777413678709923,0.19990199058797076,0.14810155979642456,0.16314227490815755,0.09766434479225745,0.09287114653480619,0.05483343198707499,-0.0339023102885444,-0.05740913160824827,-0.07935526402742837,-0.10043439291111117,-0.13735734174016972,-0.16014587015867296"
293,9.81,3.364506421649838,"0.0,0.1,0.2,0.30000000000000004,0.4,0.5,0.6000000000000001,0.7000000000000001,0.8,0.9,1.0,1.1,1.2000000000000002,1.3,1.4000000000000001,1.5,1.6,1.7000000000000002,1.8,1.9000000000000001,2.0,2.1,2.2,2.3000000000000003,2.4000000000000004,2.5,2.6,2.7,2.8000000000000003,2.9000000000000004,3.0,3.1,3.2,3.3000000000000003,3.4000000000000004,3.5,3.6,3.7,3.8000000000000003,3.9000000000000004,4.0,4.1000000000000005,4.2,4.3,4.4,4.5,4.6000000000000005,4.7,4.800000000000001,4.9,5.0,5.1000000000000005,5.2,5.300000000000001,5.4,5.5,5.6000000000000005,5.7,5.800000000000001,5.9,6.0,6.1000000000000005,6.2,6.300000000000001,6.4,6.5,6.6000000000000005,6.7,6.800000000000001,6.9,7.0,7.1000000000000005,7.2,7.300000000000001,7.4,7.5,7.6000000000000005,7.7,7.800000000000001,7.9,8.0,8.1,8.200000000000001,8.3,8.4,8.5,8.6,8.700000000000001,8.8,8.9,9.0,9.1,9.200000000000001,9.3,9.4,9.5,9.600000000000001,9.700000000000001,9.8,9.9,10.0","0.36437768763402356,0.2468096328221962,0.27936984602532555,0.3140308925689659,0.23197966474807982,0.24243817450068805,0.19792169549221056,0.1152620761009503,0.05390025220851157,0.03136584083339198,0.007280730239157221,-0.19030335922733954,-0.1446691444051492,-0.14582578703329324,-0.12844183945693888,-0.2603458589177029,-0.2745344878723332,-0.2585673967543214,-0.24815995608808883,-0.23474854380355498,-0.2730325826750714,-0.32966268215894007,-0.3099158159202159,-0.2265305405190119,-0.21111559376750785,-0.1212592180442691,-0.05982705436342731,-0.0474035022449541,0.00022251422972031053,0.07391820203505198,0.24295105667233677,0.2500511115060902,0.0995675767677369,0.2783123444822307,0.17973218430452767,0.1955845183049915,0.33948239969931304,0.33520253546474427,0.28871058434455,0.31317358614076546,0.25205859930299546,0.18077476932828004,0.16662709188343158,0.03528723839444142,0.151710064633971,0.02607067927883392,0.020230847663554277,0.021929235862371457,-0.08359178237008313,-0.10071108153089048,-0.21425885307860756,-0.202765499893747,-0.2559728570932411,-0.3089019807646391,-0.20200545023838912,-0.23848761512513364,-0.2418862560536631,-0.26372584522626,-0.30543614037384564,-0.2563496559491622,-0.2455671505582746,-0.17742713803187143,-0.14111100205661684,-0.09036090503599778,-0.019475548641494228,0.04678510904203051,0.047719848011210084,0.11936869523506427,0.2171327719825311,0.19945137264615606,0.28061529186689016,0.3109524041643962,0.29005678338294916,0.24164577593651684,0.2729137716893947,0.29063186415784426,0.3047495151437277,0.24120225860601716,0.3941335001494284,0.26406510121566407,0.19552091909392122,0.4004879514240676,-0.02026962777465694,0.023823125337761875,-0.07642897389433101,-0.1824125599317864,-0.10676259988174101,-0.20698363287583496,-0.2703471881449004,-0.2526863430670126,-0.22756838348715472,-0.31761918283452345,-0.4141427712138396,-0.2962607604284101,-0.36023571446208524,-0.24122274371833347,-0.31932156294829167,-0.30906173824206873,-0.10775069916322563,-0.06857118057195354,-0.06431131718786257"
294,9.81,4.728959892970481,"0.0,0.1,0.2,0.30000000000000004,0.4,0.5,0.6000000000000001,0.7000000000000001,0.8,0.9,1.0,1.1,1.2000000000000002,1.3,1.4000000000000001,1.5,1.6,1.7000000000000002,1.8,1.9000000000000001,2.0,2.1,2.2,2.3000000000000003,2.4000000000000004,2.5,2.6,2.7,2.8000000000000003,2.9000000000000004,3.0,3.1,3.2,3.3000000000000003,3.4000000000000004,3.5,3.6,3.7,3.8000000000000003,3.9000000000000004,4.0,4.1000000000000005,4.2,4.3,4.4,4.5,4.6000000000000005,4.7,4.800000000000001,4.9,5.0,5.1000000000000005,5.2,5.300000000000001,5.4,5.5,5.6000000000000005,5.7,5.800000000000001,5.9,6.0,6.1000000000000005,6.2,6.300000000000001,6.4,6.5,6.6000000000000005,6.7,6.800000000000001,6.9,7.0,7.1000000000000005,7.2,7.300000000000001,7.4,7.5,7.6000000000000005,7.7,7.800000000000001,7.9,8.0,8.1,8.200000000000001,8.3,8.4,8.5,8.6,8.700000000000001,8.8,8.9,9.0,9.1,9.200000000000001,9.3,9.4,9.5,9.600000000000001,9.700000000000001,9.8,9.9,10.0","0.2655356008337492,0.2974885799334436,0.3737856002296592,0.09917002834879268,0.25511937698390486,0.1522057337600426,0.17869347939491126,0.14513665143681106,0.1161402472599942,0.04947891224371913,0.11689354886862191,-0.01662417047290482,-0.031649967257226366,-0.046952000346234396,-0.326277162222228,-0.20165024832332223,-0.21405297584000071,-0.33858053770337504,-0.2359165019017685,-0.3463009322752103,-0.2933197485205046,-0.31335301451764824,-0.46459503681636977,-0.32671796809325643,-0.2528066406766606,-0.2512965992528587,-0.1971175911603943,-0.15627417181641579,-0.1516896239911354,-0.19781180457916067,-0.09589642299646614,-0.01916118092950464,-0.07067090145885646,-0.010671344444843042,0.10481942069859235,0.19274366718988084,0.11494717468992899,0.12970036816331382,0.2332463107236754,0.18735043141202973,0.253764102519887,0.3034098621811348,0.3262338897727661,0.3306735528654498,0.32173564925768094,0.2868189104714862,0.24421182585762555,0.3429975334077662,0.3168095486560348,0.22103408205508104,0.1488426629505814,0.1986423931554704,0.08084117328135887,0.07472472255952561,0.028597109954996446,-0.039830220042687166,-0.1078602274694159,-0.09049596278981438,-0.15152878968492653,-0.09078754632313465,-0.19696994654062017,-0.22003379976178075,-0.26273233196277734,-0.3088121478991667,-0.38011463745648966,-0.15647703913479974,-0.25399873498800357,-0.25720847489456083,-0.2850984064106174,-0.2640857952878245,-0.25707162555265195,-0.21070122918737189,-0.18787542015776382,-0.19247622915544035,-0.07792596269202529,-0.12264103785559416,-0.060067620018018804,0.04858076728297396,0.09962308201834198,0.09312435957509435,0.14087059151459874,0.30923344839885936,0.10292686023628175,0.2267301012250546,0.28225552816002836,0.22946858354986077,0.2478569712389901,0.3372481143615092,0.40065777555250415,0.378121259854984,0.2750357664848602,0.3380000465249675,0.24428659833977082,0.2154648189931775,0.24721399890009493,0.2543178445734171,0.2438804329295431,0.06711765067607986,0.06308876106420104,0.04746892086062614,-0.05354987805901232"
295,9.81,3.8461452904567475,"0.0,0.1,0.2,0.30000000000000004,0.4,0.5,0.6000000000000001,0.7000000000000001,0.8,0.9,1.0,1.1,1.2000000000000002,1.3,1.4000000000000001,1.5,1.6,1.7000000000000002,1.8,1.9000000000000001,2.0,2.1,2.2,2.3000000000000003,2.4000000000000004,2.5,2.6,2.7,2.8000000000000003,2.9000000000000004,3.0,3.1,3.2,3.3000000000000003,3.4000000000000004,3.5,3.6,3.7,3.8000000000000003,3.9000000000000004,4.0,4.1000000000000005,4.2,4.3,4.4,4.5,4.6000000000000005,4.7,4.800000000000001,4.9,5.0,5.1000000000000005,5.2,5.300000000000001,5.4,5.5,5.6000000000000005,5.7,5.800000000000001,5.9,6.0,6.1000000000000005,6.2,6.300000000000001,6.4,6.5,6.6000000000000005,6.7,6.800000000000001,6.9,7.0,7.1000000000000005,7.2,7.300000000000001,7.4,7.5,7.6000000000000005,7.7,7.800000000000001,7.9,8.0,8.1,8.200000000000001,8.3,8.4,8.5,8.6,8.700000000000001,8.8,8.9,9.0,9.1,9.200000000000001,9.3,9.4,9.5,9.600000000000001,9.700000000000001,9.8,9.9,10.0","0.28876998887097943,0.279301782852927,0.24316960095105214,0.20524585036061793,0.24439227625478288,0.21050774345329806,0.17542294782869822,0.0627739149230437,0.09778223419812651,0.028319495029486545,-0.051776099511694325,-0.07913144929999337,-0.13746966163046404,-0.20093254150398382,-0.12874603799773174,-0.2274280741568405,-0.2799719990135795,-0.23933358882082534,-0.3799581630670003,-0.3204888390464336,-0.4306120143717329,-0.29182470134060234,-0.27416106860288997,-0.2802402257935817,-0.19805165781172868,-0.1993698996948414,-0.10023251850527534,-0.13183720303913593,-0.0548771524690342,-0.15098741323661313,0.021085019643145533,0.17955681498974174,0.19859403128387498,0.13442301068012108,0.18084134903627255,0.25353955623327246,0.3234702651161949,0.21677246713700246,0.33769248000307284,0.43236105922389156,0.237605747494237,0.2686418349396782,0.2898420029585548,0.21522380509569322,0.3239804671333343,0.2514135818559043,0.15055066234899545,0.050262149520047365,0.001931571817648553,0.07521324220696776,-0.121497417368173,-0.08290990871202127,-0.11840905706167738,-0.1840969999541339,-0.07063443858582474,-0.23157867439359217,-0.1080777253334961,-0.1268797565144833,-0.3028187532462933,-0.3092002107396037,-0.2976055677415563,-0.3325717950379052,-0.319093261704467,-0.15035465607401927,-0.23931420501667264,-0.3152525695899762,-0.12250254093517363,-0.2508959635704471,-0.0300707110422773,-0.07949172618078162,0.07109430887458243,0.05440382869489481,0.14744504303894973,0.15525869492853575,0.12297323415599151,0.23378027177005367,0.31642959457675734,0.2817781537647557,0.288539101070603,0.3114706978885344,0.340649728366057,0.27304196603210523,0.17957483541326935,0.25350206720486756,0.22104039687412744,0.1731289758592724,0.1714826084631596,0.1664730073408659,0.10491889132435603,0.07524075909894276,-0.06450870976297031,-0.06773555727906153,-0.08477570915331342,-0.17601864291146874,-0.27766849557514744,-0.2643031528965973,-0.2798584793556312,-0.38858971685301036,-0.32953439995151035,-0.25439535701689425,-0.3126636799209726"
296,9.81,1.686925141135747,"0.0,0.1,0.2,0.30000000000000004,0.4,0.5,0.6000000000000001,0.7000000000000001,0.8,0.9,1.0,1.1,1.2000000000000002,1.3,1.4000000000000001,1.5,1.6,1.7000000000000002,1.8,1.9000000000000001,2.0,2.1,2.2,2.3000000000000003,2.4000000000000004,2.5,2.6,2.7,2.8000000000000003,2.9000000000000004,3.0,3.1,3.2,3.3000000000000003,3.4000000000000004,3.5,3.6,3.7,3.8000000000000003,3.9000000000000004,4.0,4.1000000000000005,4.2,4.3,4.4,4.5,4.6000000000000005,4.7,4.800000000000001,4.9,5.0,5.1000000000000005,5.2,5.300000000000001,5.4,5.5,5.6000000000000005,5.7,5.800000000000001,5.9,6.0,6.1000000000000005,6.2,6.300000000000001,6.4,6.5,6.6000000000000005,6.7,6.800000000000001,6.9,7.0,7.1000000000000005,7.2,7.300000000000001,7.4,7.5,7.6000000000000005,7.7,7.800000000000001,7.9,8.0,8.1,8.200000000000001,8.3,8.4,8.5,8.6,8.700000000000001,8.8,8.9,9.0,9.1,9.200000000000001,9.3,9.4,9.5,9.600000000000001,9.700000000000001,9.8,9.9,10.0","0.3464883168102588,0.28377298670990486,0.40215702045382845,0.2784524550931834,0.1319127234571455,0.03207197775721832,0.06574550156250908,-0.05674659972852697,-0.10707045282367195,-0.09602463583765543,-0.08563111138346066,-0.22009495161496623,-0.24738919769990358,-0.34462647619999837,-0.3157616249873617,-0.29210561078028224,-0.342230026399907,-0.2945016705556922,-0.22634258307545352,-0.04707879588304207,-0.002759066286243665,0.0947960182863656,0.35282143664393883,0.24371555738360628,0.2553834213637111,0.27784116966708927,0.3399921177541291,0.2981145167788101,0.20931949822965534,0.1924928524781359,0.2323793854922523,0.03468230400128912,-0.07047481392305571,-0.029776851720708857,-0.08543536835299338,-0.11969456835894021,-0.1571124434579473,-0.14959875900081132,-0.31153286673426117,-0.29324051108951593,-0.3248215480042051,-0.3238364791024647,-0.286443761364913,-0.27047486433790285,-0.23405515628105045,0.006239470527655597,-0.04168503541402492,0.07267371940332486,0.1794916150561315,0.15720024854721248,0.3976418665953117,0.32365837682210696,0.1732947524546226,0.23358629855571206,0.2541690990465131,0.256648000365107,0.15084394523054356,0.15170499394797435,0.06351059784870432,-0.03940158441608123,-0.20741110779281813,-0.14715256169511448,-0.13497772688352472,-0.23977499290842458,-0.20780930268401396,-0.3399132850905827,-0.2650669809196465,-0.2162979346837281,-0.21765686955198707,-0.16499766719545064,-0.16059755666734482,-0.1324635754583577,0.06162136121280739,0.15165494539108948,0.18275188626550207,0.18858476344910316,0.285630549341192,0.33162248145248285,0.28921591942970243,0.2057499601849279,0.32961705579551487,0.34300707028079397,0.22698347668739186,0.11423593993517656,0.08982585237994228,-0.008879580757905774,-0.08760588673673818,-0.17058457147786568,-0.17934024833532516,-0.26154268059805924,-0.27836011094098534,-0.19207372628576425,-0.32389091816985316,-0.25473272270254715,-0.13582529717940986,-0.1902988510641422,-0.15770935982518836,-0.12166573509788431,0.039573277680773754,0.19112889605344813,0.14548937409951435"
297,9.81,4.698695570076509,"0.0,0.1,0.2,0.30000000000000004,0.4,0.5,0.6000000000000001,0.7000000000000001,0.8,0.9,1.0,1.1,1.2000000000000002,1.3,1.4000000000000001,1.5,1.6,1.7000000000000002,1.8,1.9000000000000001,2.0,2.1,2.2,2.3000000000000003,2.4000000000000004,2.5,2.6,2.7,2.8000000000000003,2.9000000000000004,3.0,3.1,3.2,3.3000000000000003,3.4000000000000004,3.5,3.6,3.7,3.8000000000000003,3.9000000000000004,4.0,4.1000000000000005,4.2,4.3,4.4,4.5,4.6000000000000005,4.7,4.800000000000001,4.9,5.0,5.1000000000000005,5.2,5.300000000000001,5.4,5.5,5.6000000000000005,5.7,5.800000000000001,5.9,6.0,6.1000000000000005,6.2,6.300000000000001,6.4,6.5,6.6000000000000005,6.7,6.800000000000001,6.9,7.0,7.1000000000000005,7.2,7.300000000000001,7.4,7.5,7.6000000000000005,7.7,7.800000000000001,7.9,8.0,8.1,8.200000000000001,8.3,8.4,8.5,8.6,8.700000000000001,8.8,8.9,9.0,9.1,9.200000000000001,9.3,9.4,9.5,9.600000000000001,9.700000000000001,9.8,9.9,10.0","0.28590501988691464,0.3022624375969605,0.23844612864151193,0.3138576533562154,0.2137176720688451,0.20826648783362084,0.20316603509372194,0.1502904219359249,0.12613688434716105,0.10407551043003715,0.09431682820605383,-0.039852323644875134,-0.03452971759929566,-0.06071697513815011,-0.11564258751548152,-0.14631887167186766,-0.1849054013478717,-0.2399106148495738,-0.19272265748318648,-0.25238402988485,-0.33228802595456186,-0.38087021143670474,-0.36465918310755596,-0.2700741816399691,-0.34242767711527466,-0.3955784039775457,-0.15460754901490475,-0.22220721018494266,-0.209570461887023,-0.068991288786178,-0.03289674565533131,-0.07033618629645762,-0.05131223889724066,-0.025765369974979906,-0.047968941356007946,0.13194748813636462,0.2713536618512059,0.1893211971382108,0.20303591082148242,0.21846645930413217,0.22543369128582752,0.23161126190361433,0.20525385016362227,0.28732737074353626,0.2878825100598815,0.3022347456603886,0.34530002365538187,0.18968686816980532,0.3277016873138659,0.17858608618578392,0.16781976405474175,0.18858327456143972,0.12556950101161374,0.18234574574647236,0.055164034239181134,-0.027807905425232406,-0.05170529293314561,-0.27134013536343526,-0.16523746736796238,-0.2118873694378693,-0.20368406780656467,-0.2051733326668664,-0.24220745305723934,-0.27483771386190725,-0.436964630987808,-0.32997891609490515,-0.27379777646210146,-0.3796201656908855,-0.28144483070928145,-0.25852055020060427,-0.30639208429637765,-0.25000376088745185,-0.1840019843080409,-0.14784841028960685,-0.1488451418008465,-0.09204606389464842,-0.15457371359543814,-0.027012360455731944,0.019645526429318133,0.11536086328200397,0.17051131751260848,0.2714943898118489,0.273396134505801,0.12901890414924577,0.24303823832356136,0.3537194261652499,0.35453417781738567,0.34537254406003665,0.29709710041058485,0.32331406550215325,0.23232648011536308,0.2556516130663599,0.21727906577861367,0.22849363222663988,0.23042130909809422,0.20291816453512232,0.07809192988765856,0.11000864965961209,0.05113909425196239,0.0606281462308034,-0.0359198533636203"
298,9.81,1.9276737879361656,"0.0,0.1,0.2,0.30000000000000004,0.4,0.5,0.6000000000000001,0.7000000000000001,0.8,0.9,1.0,1.1,1.2000000000000002,1.3,1.4000000000000001,1.5,1.6,1.7000000000000002,1.8,1.9000000000000001,2.0,2.1,2.2,2.3000000000000003,2.4000000000000004,2.5,2.6,2.7,2.8000000000000003,2.9000000000000004,3.0,3.1,3.2,3.3000000000000003,3.4000000000000004,3.5,3.6,3.7,3.8000000000000003,3.9000000000000004,4.0,4.1000000000000005,4.2,4.3,4.4,4.5,4.6000000000000005,4.7,4.800000000000001,4.9,5.0,5.1000000000000005,5.2,5.300000000000001,5.4,5.5,5.6000000000000005,5.7,5.800000000000001,5.9,6.0,6.1000000000000005,6.2,6.300000000000001,6.4,6.5,6.6000000000000005,6.7,6.800000000000001,6.9,7.0,7.1000000000000005,7.2,7.300000000000001,7.4,7.5,7.6000000000000005,7.7,7.800000000000001,7.9,8.0,8.1,8.200000000000001,8.3,8.4,8.5,8.6,8.700000000000001,8.8,8.9,9.0,9.1,9.200000000000001,9.3,9.4,9.5,9.600000000000001,9.700000000000001,9.8,9.9,10.0","0.31958194086982333,0.40001997507814924,0.21289271884568647,0.25010936422771,0.0028056694133974935,0.14244972512454548,0.03932789334365817,-0.09451673888026257,-0.12003201438400993,-0.12282708339975557,-0.3588520772092579,-0.24146054522860513,-0.21422002150704844,-0.26557590210599036,-0.17754786323383803,-0.360915071524882,-0.27354173693752054,-0.25405527137569295,-0.21601209819402056,-0.15659835276756023,-0.036031691383123114,-0.01666902265506384,0.11076361507565152,0.09409434761690416,0.048390993699128276,0.26010128022120094,0.20998071384765418,0.2962240063266791,0.2864845227681985,0.21446282039420986,0.2987827215770167,0.21848575359273328,0.18347676610259103,0.04038781500921758,0.10324125499931514,0.07090296563531896,-0.04331990562988487,-0.012729555759257244,-0.29883635975645906,-0.20789806328871105,-0.2714568253020601,-0.28767877036206113,-0.3145726133875864,-0.2662471320708921,-0.2742360672346098,-0.21379440453298432,-0.1887794043891087,-0.25900259641444523,-0.07758660067130076,0.06266380790754181,0.03899085172187541,0.13140802807278237,0.09254560072476212,0.24505757211150792,0.21599773624010477,0.18587884764553964,0.33833938140652225,0.2135712097741232,0.3707134213757499,0.2181896584560543,0.1651652527408585,0.12388480468711861,0.014642335662688445,0.02426562212616574,-0.044597960831025185,-0.2470436695811128,-0.1609684863913098,-0.19569905662954964,-0.3983597398842082,-0.35810734499655694,-0.38421072953816837,-0.2309073303965775,-0.26202515852745095,-0.19354701646852113,-0.14845830510599078,-0.1961605883296018,-0.11570412539762157,0.03311461751688007,0.021549279871301487,0.20918717872137427,0.13795038419525824,0.20300897368721774,0.3085694996387696,0.28140344188752014,0.28275288158087275,0.3358234791147957,0.3091053444759171,0.2502130481080582,0.26711578222046084,0.24460546032950903,0.007559246413394664,0.04292684552127224,-0.045089633196317,-0.12040041830711377,-0.17186978488723773,-0.27562508238616956,-0.27811242915364026,-0.28707396397081864,-0.27532933633449963,-0.2527377537928737,-0.34866495365605554"
299,9.81,2.1660856528530092,"0.0,0.1,0.2,0.30000000000000004,0.4,0.5,0.6000000000000001,0.7000000000000001,0.8,0.9,1.0,1.1,1.2000000000000002,1.3,1.4000000000000001,1.5,1.6,1.7000000000000002,1.8,1.9000000000000001,2.0,2.1,2.2,2.3000000000000003,2.4000000000000004,2.5,2.6,2.7,2.8000000000000003,2.9000000000000004,3.0,3.1,3.2,3.3000000000000003,3.4000000000000004,3.5,3.6,3.7,3.8000000000000003,3.9000000000000004,4.0,4.1000000000000005,4.2,4.3,4.4,4.5,4.6000000000000005,4.7,4.800000000000001,4.9,5.0,5.1000000000000005,5.2,5.300000000000001,5.4,5.5,5.6000000000000005,5.7,5.800000000000001,5.9,6.0,6.1000000000000005,6.2,6.300000000000001,6.4,6.5,6.6000000000000005,6.7,6.800000000000001,6.9,7.0,7.1000000000000005,7.2,7.300000000000001,7.4,7.5,7.6000000000000005,7.7,7.800000000000001,7.9,8.0,8.1,8.200000000000001,8.3,8.4,8.5,8.6,8.700000000000001,8.8,8.9,9.0,9.1,9.200000000000001,9.3,9.4,9.5,9.600000000000001,9.700000000000001,9.8,9.9,10.0","0.015351878188992696,0.35813894543853275,0.23735762223496223,0.1974323391871449,0.27186116462841525,0.1805382013998985,0.11451877500488582,-0.020267351298902905,-0.10033313628431055,-0.152013682697719,-0.14948066450381323,-0.25251138605920465,-0.23666457175462946,-0.30411219911967835,-0.3350670471373913,-0.2615895101884448,-0.2522013943334856,-0.22198725758158283,-0.15765652502801764,-0.18793759953489286,-0.04768239944078316,-0.08276778831469489,-0.0064802146970947445,0.0387466679408779,0.11984408955072616,0.19074710777389747,0.2237761536924998,0.29802319135233385,0.3149228788489615,0.20278895891572618,0.2919242391359056,0.2576811169594921,0.1924313446424323,0.1483060786737552,0.16946381808704636,0.19488503369697857,0.12520315592862732,-0.10715812115643873,-0.0832971549881241,0.09064366821121347,-0.14077564664416511,-0.23527272711435027,-0.08875188356547958,-0.24172828000966476,-0.47695487576601614,-0.29527849560424635,-0.2676415259955009,-0.23600876210974253,-0.23139997722803382,-0.2099471960520893,-0.08610776340966807,-0.008319343857778175,0.04064046685864401,0.05022976952161291,0.2353364775230084,0.1728765240915091,0.1354341797172443,0.2240554847804126,0.08193202232271155,0.3068763556469642,0.2815142134843502,0.30253986769068597,0.28138607653863507,0.2827149047414644,0.19513682007508198,0.11254410617313464,0.04717972600254276,-0.08183469030343321,-0.1224482055855125,-0.20866321859499226,-0.27237383999237635,-0.2714411862192235,-0.26949053606278583,-0.35602075375348113,-0.2577271572946813,-0.19605277248975297,-0.2348277522370219,-0.22694218806116848,-0.2385476687111734,-0.12496295860042678,-0.15423639126714847,-0.08980168734019964,0.030922422657160872,0.10128714717183503,0.1740768543669293,0.21318998130237035,0.21926086769658557,0.33309952676245924,0.28060893302100554,0.3025830416202367,0.19806456111444393,0.21315398115773226,0.2043514765436496,0.15121324572264266,0.16965992740135,0.07634944686554992,-0.03672178738227608,-0.008665055110992775,-0.14093714738851984,-0.18585990900828608,-0.17153290611875238"
