{
  "feature_set": "74",
  "targets": "hk",
  "n_train": 8000,
  "n_val": 2000,
  "val_mse": 0.4714683604659155,
  "per_target": {
    "log10_P": {
      "mse": 0.2721862808178191,
      "r2": 0.7591828698118038,
      "mae_physical": 174.1390424830117
    },
    "log10_K": {
      "mse": 0.05281481971801687,
      "r2": 0.811149858425827,
      "mae_physical": 45.996322821986965
    },
    "e": {
      "mse": 0.10041072935728886,
      "r2": -0.47832779882383925,
      "mae_physical": 0.20327444119527696
    },
    "cos_omega": {
      "mse": 1.144868721135304,
      "r2": -1.0670801438162116
    },
    "sin_omega": {
      "mse": 0.7870612513011488,
      "r2": -1.4283049926774254
    },
    "omega_angular": {
      "mae_deg": 87.71889106354982
    }
  },
  "subsets": {
    "all": {
      "n": 2000,
      "excluded_n": 0,
      "per_target": {
        "log10_P": {
          "mse": 0.2721862808178191,
          "r2": 0.7591828698118038,
          "mae_physical": 174.1390424830117
        },
        "log10_K": {
          "mse": 0.05281481971801687,
          "r2": 0.811149858425827,
          "mae_physical": 45.996322821986965
        },
        "e": {
          "mse": 0.10041072935728886,
          "r2": -0.47832779882383925,
          "mae_physical": 0.20327444119527696
        },
        "cos_omega": {
          "mse": 1.144868721135304,
          "r2": -1.0670801438162116
        },
        "sin_omega": {
          "mse": 0.7870612513011488,
          "r2": -1.4283049926774254
        },
        "omega_angular": {
          "mae_deg": 87.71889106354982
        }
      }
    },
    "has_ecc": {
      "n": 2000,
      "excluded_n": 0,
      "per_target": {
        "log10_P": {
          "mse": 0.2721862808178191,
          "r2": 0.7591828698118038,
          "mae_physical": 174.1390424830117
        },
        "log10_K": {
          "mse": 0.05281481971801687,
          "r2": 0.811149858425827,
          "mae_physical": 45.996322821986965
        },
        "e": {
          "mse": 0.10041072935728886,
          "r2": -0.47832779882383925,
          "mae_physical": 0.20327444119527696
        },
        "cos_omega": {
          "mse": 1.144868721135304,
          "r2": -1.0670801438162116
        },
        "sin_omega": {
          "mse": 0.7870612513011488,
          "r2": -1.4283049926774254
        },
        "omega_angular": {
          "mae_deg": 87.71889106354982
        }
      }
    },
    "e_gt_0": {
      "n": 1521,
      "excluded_n": 479,
      "per_target": {
        "log10_P": {
          "mse": 0.2940246588754595,
          "r2": 0.7408153193497702,
          "mae_physical": 181.44332156130903
        },
        "log10_K": {
          "mse": 0.057686549880447496,
          "r2": 0.7965985628666797,
          "mae_physical": 47.27276061071005
        },
        "e": {
          "mse": 0.1316011184959197,
          "r2": -0.8896894395384842,
          "mae_physical": 0.2581526978922868
        },
        "cos_omega": {
          "mse": 1.0884267493398887,
          "r2": -0.968405208493891
        },
        "sin_omega": {
          "mse": 0.8838493131938611,
          "r2": -1.073843452224072
        },
        "omega_angular": {
          "mae_deg": 89.0891871684401
        }
      }
    },
    "e_gt_0.1": {
      "n": 1001,
      "excluded_n": 999,
      "per_target": {
        "log10_P": {
          "mse": 0.32496931119357353,
          "r2": 0.7117484337916578,
          "mae_physical": 188.98403145906326
        },
        "log10_K": {
          "mse": 0.06595987424026459,
          "r2": 0.7790454244347524,
          "mae_physical": 53.712069549797974
        },
        "e": {
          "mse": 0.1990140512916131,
          "r2": -2.2446919775125855,
          "mae_physical": 0.3742655530054307
        },
        "cos_omega": {
          "mse": 1.031081985939385,
          "r2": -1.0924570248879966
        },
        "sin_omega": {
          "mse": 0.9367172276336037,
          "r2": -0.8472878083733977
        },
        "omega_angular": {
          "mae_deg": 88.97432555866656
        }
      }
    },
    "has_t_peri": {
      "n": 2000,
      "excluded_n": 0,
      "per_target": {
        "log10_P": {
          "mse": 0.2721862808178191,
          "r2": 0.7591828698118038,
          "mae_physical": 174.1390424830117
        },
        "log10_K": {
          "mse": 0.05281481971801687,
          "r2": 0.811149858425827,
          "mae_physical": 45.996322821986965
        },
        "e": {
          "mse": 0.10041072935728886,
          "r2": -0.47832779882383925,
          "mae_physical": 0.20327444119527696
        },
        "cos_omega": {
          "mse": 1.144868721135304,
          "r2": -1.0670801438162116
        },
        "sin_omega": {
          "mse": 0.7870612513011488,
          "r2": -1.4283049926774254
        },
        "omega_angular": {
          "mae_deg": 87.71889106354982
        }
      }
    },
    "e_gt_0.1_has_t_peri": {
      "n": 1001,
      "excluded_n": 999,
      "per_target": {
        "log10_P": {
          "mse": 0.32496931119357353,
          "r2": 0.7117484337916578,
          "mae_physical": 188.98403145906326
        },
        "log10_K": {
          "mse": 0.06595987424026459,
          "r2": 0.7790454244347524,
          "mae_physical": 53.712069549797974
        },
        "e": {
          "mse": 0.1990140512916131,
          "r2": -2.2446919775125855,
          "mae_physical": 0.3742655530054307
        },
        "cos_omega": {
          "mse": 1.031081985939385,
          "r2": -1.0924570248879966
        },
        "sin_omega": {
          "mse": 0.9367172276336037,
          "r2": -0.8472878083733977
        },
        "omega_angular": {
          "mae_deg": 88.97432555866656
        }
      }
    }
  },
  "e_report": {
    "all": {
      "n": 2000,
      "r2": -0.47832779882383925,
      "mae": 0.20327444119527696
    },
    "e_gt_0": {
      "n": 1521,
      "r2": -0.8896894395384842,
      "mae": 0.2581526978922868
    },
    "e_gt_0.1": {
      "n": 1001,
      "r2": -2.2446919775125855,
      "mae": 0.3742655530054307
    }
  },
  "stratified_omega": {
    "by_e_band": {
      "e_0.1_0.3": {
        "n": 488,
        "omega_mae_deg": 87.96681508728004,
        "cos_r2": -1.031731302112986,
        "sin_r2": -0.8647234681364842
      },
      "e_0.3_0.5": {
        "n": 120,
        "omega_mae_deg": 86.98229984391476,
        "cos_r2": -0.810423133256924,
        "sin_r2": -1.0543640517019877
      },
      "e_gt_0.5": {
        "n": 393,
        "omega_mae_deg": 90.83363394494351,
        "cos_r2": -1.2476651372704275,
        "sin_r2": -0.7685950136281772
      }
    },
    "by_snr_tertile": {
      "low": {
        "n": 334,
        "omega_mae_deg": 89.73208801660326,
        "snr_lo": null,
        "snr_hi": 8.32168211629542
      },
      "mid": {
        "n": 333,
        "omega_mae_deg": 84.58813157957061,
        "snr_lo": 8.32168211629542,
        "snr_hi": 29.51650302749179
      },
      "high": {
        "n": 334,
        "omega_mae_deg": 92.58962476252313,
        "snr_lo": 29.51650302749179,
        "snr_hi": null
      }
    }
  },