{
  "modes": [
    "rv_std",
    "rv_std+prof_K"
  ],
  "E1_coverage": {
    "rv_std": {
      "d": 4,
      "coords": [
        "log10_P",
        "log10_K",
        "e",
        "omega"
      ],
      "n_cal": 40,
      "n_test_syn": 40,
      "n_test_real": 57,
      "profile_coords": [],
      "alphas": [
        0.05,
        0.1,
        0.15,
        0.2,
        0.3,
        0.4
      ],
      "synthetic": {
        "0.05": {
          "q": {
            "log10_P": 1.3867340087890625,
            "log10_K": 1.3867340087890625,
            "e": 1.3867340087890625,
            "omega": 1.3867340087890625
          },
          "per_coord_coverage": {
            "log10_P": 1.0,
            "log10_K": 0.975,
            "e": 1.0,
            "omega": 1.0
          },
          "per_coord_median_width": {
            "log10_P": 3.349245813850017,
            "log10_K": 1.2135500030971562,
            "e": 0.9497988356322542,
            "omega": 5.864306286700947
          },
          "joint_coverage": 0.975
        },
        "0.10": {
          "q": {
            "log10_P": 1.3867340087890625,
            "log10_K": 1.3867340087890625,
            "e": 1.3867340087890625,
            "omega": 1.3867340087890625
          },
          "per_coord_coverage": {
            "log10_P": 1.0,
            "log10_K": 0.975,
            "e": 1.0,
            "omega": 1.0
          },
          "per_coord_median_width": {
            "log10_P": 3.349245813850017,
            "log10_K": 1.2135500030971562,
            "e": 0.9497988356322542,
            "omega": 5.864306286700947
          },
          "joint_coverage": 0.975
        },
        "0.15": {
          "q": {
            "log10_P": 1.3867340087890625,
            "log10_K": 1.3867340087890625,
            "e": 1.3867340087890625,
            "omega": 1.3867340087890625
          },
          "per_coord_coverage": {
            "log10_P": 1.0,
            "log10_K": 0.975,
            "e": 1.0,
            "omega": 1.0
          },
          "per_coord_median_width": {
            "log10_P": 3.349245813850017,
            "log10_K": 1.2135500030971562,
            "e": 0.9497988356322542,
            "omega": 5.864306286700947
          },
          "joint_coverage": 0.975
        },
        "0.20": {
          "q": {
            "log10_P": 1.248849630355835,
            "log10_K": 1.248849630355835,
            "e": 1.248849630355835,
            "omega": 1.248849630355835
          },
          "per_coord_coverage": {
            "log10_P": 1.0,
            "log10_K": 0.95,
            "e": 0.95,
            "omega": 0.95
          },
          "per_coord_median_width": {
            "log10_P": 3.349245813850017,
            "log10_K": 1.1528725029422984,
            "e": 0.9497988356322542,
            "omega": 5.864306286700947
          },
          "joint_coverage": 0.925
        },
        "0.30": {
          "q": {
            "log10_P": 1.2213627099990845,
            "log10_K": 1.2213627099990845,
            "e": 1.2213627099990845,
            "omega": 1.2213627099990845
          },
          "per_coord_coverage": {
            "log10_P": 1.0,
            "log10_K": 0.95,
            "e": 0.925,
            "omega": 0.925
          },
          "per_coord_median_width": {
            "log10_P": 3.349245813850017,
            "log10_K": 1.1528725029422984,
            "e": 0.9497988356322542,
            "omega": 5.864306286700947
          },
          "joint_coverage": 0.9
        },
        "0.40": {
          "q": {
            "log10_P": 1.1963731050491333,
            "log10_K": 1.1963731050491333,
            "e": 1.1963731050491333,
            "omega": 1.1963731050491333
          },
          "per_coord_coverage": {
            "log10_P": 1.0,
            "log10_K": 0.925,
            "e": 0.925,
            "omega": 0.925
          },
          "per_coord_median_width": {
            "log10_P": 3.349245813850017,
            "log10_K": 1.0921950027874407,
            "e": 0.9497988356322542,
            "omega": 5.864306286700947
          },
          "joint_coverage": 0.9
        }
      },
      "real": {
        "0.05": {
          "q": {
            "log10_P": 1.3867340087890625,
            "log10_K": 1.3867340087890625,
            "e": 1.3867340087890625,
            "omega": 1.3867340087890625
          },
          "per_coord_coverage": {
            "log10_P": 0.9824561403508771,
            "log10_K": 0.9122807017543859,
            "e": 0.9649122807017544,
            "omega": 0.9824561403508771
          },
          "per_coord_median_width": {
            "log10_P": 3.349245813850017,
            "log10_K": 1.2135500030971562,
            "e": 0.9497988356322542,
            "omega": 5.864306286700947
          },
          "joint_coverage": 0.8771929824561403
        },
        "0.10": {
          "q": {
            "log10_P": 1.3867340087890625,
            "log10_K": 1.3867340087890625,
            "e": 1.3867340087890625,
            "omega": 1.3867340087890625
          },
          "per_coord_coverage": {
            "log10_P": 0.9824561403508771,
            "log10_K": 0.9122807017543859,
            "e": 0.9649122807017544,
            "omega": 0.9824561403508771
          },
          "per_coord_median_width": {
            "log10_P": 3.349245813850017,
            "log10_K": 1.2135500030971562,
            "e": 0.9497988356322542,
            "omega": 5.864306286700947
          },
          "joint_coverage": 0.8771929824561403
        },
        "0.15": {
          "q": {
            "log10_P": 1.3867340087890625,
            "log10_K": 1.3867340087890625,
            "e": 1.3867340087890625,
            "omega": 1.3867340087890625
          },
          "per_coord_coverage": {
            "log10_P": 0.9824561403508771,
            "log10_K": 0.9122807017543859,
            "e": 0.9649122807017544,
            "omega": 0.9824561403508771
          },
          "per_coord_median_width": {
            "log10_P": 3.349245813850017,
            "log10_K": 1.2135500030971562,
            "e": 0.9497988356322542,
            "omega": 5.864306286700947
          },
          "joint_coverage": 0.8771929824561403
        },
        "0.20": {
          "q": {
            "log10_P": 1.248849630355835,
            "log10_K": 1.248849630355835,
            "e": 1.248849630355835,
            "omega": 1.248849630355835
          },
          "per_coord_coverage": {
            "log10_P": 0.9649122807017544,
            "log10_K": 0.8947368421052632,
            "e": 0.9649122807017544,
            "omega": 0.9649122807017544
          },
          "per_coord_median_width": {
            "log10_P": 3.349245813850017,
            "log10_K": 1.2135500030971562,
            "e": 0.9497988356322542,
            "omega": 5.864306286700947
          },
          "joint_coverage": 0.8596491228070176
        },
        "0.30": {
          "q": {
            "log10_P": 1.2213627099990845,
            "log10_K": 1.2213627099990845,
            "e": 1.2213627099990845,
            "omega": 1.2213627099990845
          },
          "per_coord_coverage": {
            "log10_P": 0.9649122807017544,
            "log10_K": 0.8596491228070176,
            "e": 0.8947368421052632,
            "omega": 0.9298245614035088
          },
          "per_coord_median_width": {
            "log10_P": 3.349245813850017,
            "log10_K": 1.2135500030971562,
            "e": 0.9497988356322542,
            "omega": 5.864306286700947
          },
          "joint_coverage": 0.7719298245614035
        },
        "0.40": {
          "q": {
            "log10_P": 1.1963731050491333,
            "log10_K": 1.1963731050491333,
            "e": 1.1963731050491333,
            "omega": 1.1963731050491333
          },
          "per_coord_coverage": {
            "log10_P": 0.9649122807017544,
            "log10_K": 0.8070175438596491,
            "e": 0.8596491228070176,