{
  "modes": [
    "rv_std",
    "chi2"
  ],
  "E1_coverage": {
    "rv_std": {
      "d": 4,
      "coords": [
        "log10_P",
        "log10_K",
        "e",
        "omega"
      ],
      "n_cal": 400,
      "n_test_syn": 300,
      "n_test_real": 57,
      "alphas": [
        0.05,
        0.1,
        0.15,
        0.2,
        0.3,
        0.4
      ],
      "synthetic": {
        "0.05": {
          "q": 1.3349007368087769,
          "per_coord_coverage": {
            "log10_P": 1.0,
            "log10_K": 0.9633333333333334,
            "e": 0.99,
            "omega": 0.9933333333333333
          },
          "per_coord_median_width": {
            "log10_P": 3.349245813850017,
            "log10_K": 1.2742275032520143,
            "e": 0.9497988356322542,
            "omega": 6.129936885053255
          },
          "joint_coverage": 0.96
        },
        "0.10": {
          "q": 1.3136444091796875,
          "per_coord_coverage": {
            "log10_P": 0.9966666666666667,
            "log10_K": 0.9433333333333334,
            "e": 0.99,
            "omega": 0.99
          },
          "per_coord_median_width": {
            "log10_P": 3.349245813850017,
            "log10_K": 1.2742275032520143,
            "e": 0.9497988356322542,
            "omega": 6.129936885053255
          },
          "joint_coverage": 0.94
        },
        "0.15": {
          "q": 1.2925721406936646,
          "per_coord_coverage": {
            "log10_P": 0.9966666666666667,
            "log10_K": 0.9266666666666666,
            "e": 0.98,
            "omega": 0.98
          },
          "per_coord_median_width": {
            "log10_P": 3.349245813850017,
            "log10_K": 1.2742275032520143,
            "e": 0.9497988356322542,
            "omega": 6.129936885053255
          },
          "joint_coverage": 0.9166666666666666
        },
        "0.20": {
          "q": 1.2786853313446045,
          "per_coord_coverage": {
            "log10_P": 0.9966666666666667,
            "log10_K": 0.92,
            "e": 0.97,
            "omega": 0.9633333333333334
          },
          "per_coord_median_width": {
            "log10_P": 3.349245813850017,
            "log10_K": 1.2742275032520143,
            "e": 0.9497988356322542,
            "omega": 6.129936885053255
          },
          "joint_coverage": 0.9
        },
        "0.30": {
          "q": 1.256026268005371,
          "per_coord_coverage": {
            "log10_P": 0.9966666666666667,
            "log10_K": 0.9,
            "e": 0.95,
            "omega": 0.94
          },
          "per_coord_median_width": {
            "log10_P": 3.349245813850017,
            "log10_K": 1.2317532531436137,
            "e": 0.9497988356322542,
            "omega": 6.129936885053255
          },
          "joint_coverage": 0.8733333333333333
        },
        "0.40": {
          "q": 1.2414164543151855,
          "per_coord_coverage": {
            "log10_P": 0.9966666666666667,
            "log10_K": 0.8866666666666667,
            "e": 0.93,
            "omega": 0.9266666666666666
          },
          "per_coord_median_width": {
            "log10_P": 3.349245813850017,
            "log10_K": 1.2317532531436137,
            "e": 0.9497988356322542,
            "omega": 6.129936885053255
          },
          "joint_coverage": 0.85
        }
      },
      "real": {
        "0.05": {
          "q": 1.3349007368087769,
          "per_coord_coverage": {
            "log10_P": 0.9824561403508771,
            "log10_K": 0.9122807017543859,
            "e": 0.9649122807017544,
            "omega": 0.9824561403508771
          },
          "per_coord_median_width": {
            "log10_P": 3.349245813850017,
            "log10_K": 1.2742275032520143,
            "e": 0.9497988356322542,
            "omega": 6.129936885053255
          },
          "joint_coverage": 0.8771929824561403
        },
        "0.10": {
          "q": 1.3136444091796875,
          "per_coord_coverage": {
            "log10_P": 0.9824561403508771,
            "log10_K": 0.9122807017543859,
            "e": 0.9649122807017544,
            "omega": 0.9824561403508771
          },
          "per_coord_median_width": {
            "log10_P": 3.349245813850017,
            "log10_K": 1.2742275032520143,
            "e": 0.9497988356322542,
            "omega": 6.129936885053255
          },
          "joint_coverage": 0.8771929824561403
        },
        "0.15": {
          "q": 1.2925721406936646,
          "per_coord_coverage": {
            "log10_P": 0.9824561403508771,
            "log10_K": 0.9122807017543859,
            "e": 0.9649122807017544,
            "omega": 0.9824561403508771
          },
          "per_coord_median_width": {
            "log10_P": 3.349245813850017,
            "log10_K": 1.2742275032520143,
            "e": 0.9497988356322542,
            "omega": 6.129936885053255
          },
          "joint_coverage": 0.8771929824561403
        },
        "0.20": {
          "q": 1.2786853313446045,
          "per_coord_coverage": {
            "log10_P": 0.9824561403508771,
            "log10_K": 0.9122807017543859,
            "e": 0.9649122807017544,
            "omega": 0.9824561403508771
          },
          "per_coord_median_width": {
            "log10_P": 3.349245813850017,
            "log10_K": 1.2317532531436137,
            "e": 0.9497988356322542,
            "omega": 6.129936885053255
          },
          "joint_coverage": 0.8771929824561403
        },
        "0.30": {
          "q": 1.256026268005371,
          "per_coord_coverage": {
            "log10_P": 0.9824561403508771,
            "log10_K": 0.9122807017543859,
            "e": 0.9649122807017544,
            "omega": 0.9824561403508771
          },
          "per_coord_median_width": {
            "log10_P": 3.349245813850017,
            "log10_K": 1.2317532531436137,
            "e": 0.9497988356322542,
            "omega": 6.129936885053255
          },
          "joint_coverage": 0.8771929824561403
        },
        "0.40": {
          "q": 1.2414164543151855,
          "per_coord_coverage": {
            "log10_P": 0.9649122807017544,
            "log10_K": 0.8771929824561403,
            "e": 0.9649122807017544,
            "omega": 0.9649122807017544
          },
          "per_coord_median_width": {
            "log10_P": 3.349245813850017,
            "log10_K": 1.2317532531436137,
            "e": 0.9497988356322542,
            "omega": 6.129936885053255
          },
          "joint_coverage": 0.8421052631578947
        }
      }
    },
    "chi2": {
      "d": 4,
      "coords": [
        "log10_P",
        "log10_K",
        "e",
        "omega"
      ],
      "n_cal": 400,
      "n_test_syn": 300,
      "n_test_real": 57,
      "alphas": [
        0.05,
        0.1,
        0.15,
        0.2,
        0.3,
        0.4
      ],
      "synthetic": {
        "0.05": {
          "q": 289.9552001953125,
          "per_coord_coverage": {
            "log10_P": 1.0,
            "log10_K": 0.99,
            "e": 0.9866666666666667,
            "omega": 0.9866666666666667
          },
          "per_coord_median_width": {
            "log10_P": 3.349245813850017,
            "log10_K": 1.698970004336019,
            "e": 0.9497988356322542,
            "omega": 6.129936885053255
          },
          "joint_coverage": 0.9866666666666667
        },
        "0.10": {
          "q": 160.1876983642578,
          "per_coord_coverage": {
            "log10_P": 1.0,
            "log10_K": 0.9733333333333334,
            "e": 0.9733333333333334,
            "omega": 0.9733333333333334
          },
          "per_coord_median_width": {
            "log10_P": 3.349245813850017,
            "log10_K": 1.698970004336019,
            "e": 0.9497988356322542,
            "omega": 6.129936885053255
          },
          "joint_coverage": 0.9733333333333334
        },
        "0.15": {
          "q": 108.96202087402344,