{
  "E1_coverage": {
    "d": 4,
    "coords": [
      "log10_P",
      "log10_K",
      "e",
      "omega"
    ],
    "n_cal": 500,
    "n_test_syn": 400,
    "n_test_real": 57,
    "alphas": [
      0.05,
      0.1,
      0.15,
      0.2,
      0.3,
      0.4
    ],
    "synthetic": {
      "0.05": {
        "q": 1.3719240427017212,
        "per_coord_coverage": {
          "log10_P": 0.995,
          "log10_K": 0.9525,
          "e": 0.995,
          "omega": 0.9925
        },
        "per_coord_median_width": {
          "log10_P": 3.349245813850017,
          "log10_K": 1.3167017533604144,
          "e": 0.9497988356322542,
          "omega": 6.129936885053255
        },
        "joint_coverage": 0.9425
      },
      "0.10": {
        "q": 1.307586669921875,
        "per_coord_coverage": {
          "log10_P": 0.995,
          "log10_K": 0.93,
          "e": 0.9675,
          "omega": 0.9775
        },
        "per_coord_median_width": {
          "log10_P": 3.349245813850017,
          "log10_K": 1.2742275032520143,
          "e": 0.9497988356322542,
          "omega": 6.129936885053255
        },
        "joint_coverage": 0.905
      },
      "0.15": {
        "q": 1.2948386669158936,
        "per_coord_coverage": {
          "log10_P": 0.995,
          "log10_K": 0.925,
          "e": 0.9675,
          "omega": 0.975
        },
        "per_coord_median_width": {
          "log10_P": 3.349245813850017,
          "log10_K": 1.2742275032520143,
          "e": 0.9497988356322542,
          "omega": 6.129936885053255
        },
        "joint_coverage": 0.9
      },
      "0.20": {
        "q": 1.2731815576553345,
        "per_coord_coverage": {
          "log10_P": 0.995,
          "log10_K": 0.9025,
          "e": 0.9575,
          "omega": 0.96
        },
        "per_coord_median_width": {
          "log10_P": 3.349245813850017,
          "log10_K": 1.2742275032520143,
          "e": 0.9497988356322542,
          "omega": 6.129936885053255
        },
        "joint_coverage": 0.875
      },
      "0.30": {
        "q": 1.2553097009658813,
        "per_coord_coverage": {
          "log10_P": 0.995,
          "log10_K": 0.8825,
          "e": 0.9475,
          "omega": 0.9525
        },
        "per_coord_median_width": {
          "log10_P": 3.349245813850017,
          "log10_K": 1.2742275032520143,
          "e": 0.9497988356322542,
          "omega": 6.129936885053255
        },
        "joint_coverage": 0.85
      },
      "0.40": {
        "q": 1.2311655282974243,
        "per_coord_coverage": {
          "log10_P": 0.995,
          "log10_K": 0.855,
          "e": 0.9225,
          "omega": 0.9225
        },
        "per_coord_median_width": {
          "log10_P": 3.349245813850017,
          "log10_K": 1.2742275032520143,
          "e": 0.9497988356322542,
          "omega": 6.129936885053255
        },
        "joint_coverage": 0.81
      }
    },
    "real": {
      "0.05": {
        "q": 1.3719240427017212,
        "per_coord_coverage": {
          "log10_P": 0.9824561403508771,
          "log10_K": 0.9122807017543859,
          "e": 0.9649122807017544,
          "omega": 0.9824561403508771
        },
        "per_coord_median_width": {
          "log10_P": 3.349245813850017,
          "log10_K": 1.2742275032520143,
          "e": 0.9497988356322542,
          "omega": 6.129936885053255
        },
        "joint_coverage": 0.8771929824561403
      },
      "0.10": {
        "q": 1.307586669921875,
        "per_coord_coverage": {
          "log10_P": 0.9824561403508771,
          "log10_K": 0.9122807017543859,
          "e": 0.9649122807017544,
          "omega": 0.9824561403508771
        },
        "per_coord_median_width": {
          "log10_P": 3.349245813850017,
          "log10_K": 1.2742275032520143,
          "e": 0.9497988356322542,
          "omega": 6.129936885053255
        },
        "joint_coverage": 0.8771929824561403
      },
      "0.15": {
        "q": 1.2948386669158936,
        "per_coord_coverage": {
          "log10_P": 0.9824561403508771,
          "log10_K": 0.9122807017543859,
          "e": 0.9649122807017544,
          "omega": 0.9824561403508771
        },
        "per_coord_median_width": {
          "log10_P": 3.349245813850017,
          "log10_K": 1.2742275032520143,
          "e": 0.9497988356322542,
          "omega": 6.129936885053255
        },
        "joint_coverage": 0.8771929824561403
      },
      "0.20": {
        "q": 1.2731815576553345,
        "per_coord_coverage": {
          "log10_P": 0.9824561403508771,
          "log10_K": 0.9122807017543859,
          "e": 0.9649122807017544,
          "omega": 0.9824561403508771
        },
        "per_coord_median_width": {
          "log10_P": 3.349245813850017,
          "log10_K": 1.2317532531436137,
          "e": 0.9497988356322542,
          "omega": 6.129936885053255
        },
        "joint_coverage": 0.8771929824561403
      },
      "0.30": {
        "q": 1.2553097009658813,
        "per_coord_coverage": {
          "log10_P": 0.9824561403508771,
          "log10_K": 0.9122807017543859,
          "e": 0.9649122807017544,
          "omega": 0.9824561403508771
        },
        "per_coord_median_width": {
          "log10_P": 3.349245813850017,
          "log10_K": 1.2317532531436137,
          "e": 0.9497988356322542,
          "omega": 6.129936885053255
        },
        "joint_coverage": 0.8771929824561403
      },
      "0.40": {
        "q": 1.2311655282974243,
        "per_coord_coverage": {
          "log10_P": 0.9649122807017544,
          "log10_K": 0.8771929824561403,
          "e": 0.9122807017543859,
          "omega": 0.9473684210526315
        },
        "per_coord_median_width": {
          "log10_P": 3.349245813850017,
          "log10_K": 1.2317532531436137,
          "e": 0.9497988356322542,
          "omega": 6.129936885053255
        },
        "joint_coverage": 0.7894736842105263
      }
    }
  },
  "E2_monotonicity": {
    "log10_P": {
      "rise_left": 0.9919402329458247,
      "rise_right": 0.8487223537578584,
      "min_at_offset": 0.0
    },
    "log10_K": {
      "rise_left": 0.9758190200045022,
      "rise_right": 0.9598803471691123,
      "min_at_offset": 0.0
    },
    "e": {
      "rise_left": 0.9976770546952937,
      "rise_right": 0.994863915994372,
      "min_at_offset": 0.0
    },
    "omega": {
      "rise_left": 0.973759927829787,
      "rise_right": 0.973411583315913,
      "min_at_offset": 0.0
    }
  }
}