{
  "feature_set": "109",
  "targets": "hk",
  "n_train": 8000,
  "n_val": 2000,
  "n_train_circ": 1880,
  "n_train_ecc": 6120,
  "val_mse": 0.40986993049224313,
  "per_target": {
    "log10_P": {
      "mse": 0.39701766312472303,
      "r2": 0.6487381583654723,
      "mae_physical": 262.7376637267007
    },
    "log10_K": {
      "mse": 0.06758293686432074,
      "r2": 0.758343448619754,
      "mae_physical": 170.78619573656007
    },
    "e": {
      "mse": 0.06214739273334966,
      "r2": 0.08501592518843426,
      "mae_physical": 0.16932311476431375
    },
    "cos_omega": {
      "mse": 0.987477208886622,
      "r2": -0.7829070646077645
    },
    "sin_omega": {
      "mse": 0.5351244508521997,
      "r2": -0.651009211239854
    },
    "omega_angular": {
      "mae_deg": 71.42748410945686
    }
  },
  "subsets": {
    "all": {
      "n": 2000,
      "excluded_n": 0,
      "per_target": {
        "log10_P": {
          "mse": 0.39701766312472303,
          "r2": 0.6487381583654723,
          "mae_physical": 262.7376637267007
        },
        "log10_K": {
          "mse": 0.06758293686432074,
          "r2": 0.758343448619754,
          "mae_physical": 170.78619573656007
        },
        "e": {
          "mse": 0.06214739273334966,
          "r2": 0.08501592518843426,
          "mae_physical": 0.16932311476431375
        },
        "cos_omega": {
          "mse": 0.987477208886622,
          "r2": -0.7829070646077645
        },
        "sin_omega": {
          "mse": 0.5351244508521997,
          "r2": -0.651009211239854
        },
        "omega_angular": {
          "mae_deg": 71.42748410945686
        }
      }
    },
    "has_ecc": {
      "n": 2000,
      "excluded_n": 0,
      "per_target": {
        "log10_P": {
          "mse": 0.39701766312472303,
          "r2": 0.6487381583654723,
          "mae_physical": 262.7376637267007
        },
        "log10_K": {
          "mse": 0.06758293686432074,
          "r2": 0.758343448619754,
          "mae_physical": 170.78619573656007
        },
        "e": {
          "mse": 0.06214739273334966,
          "r2": 0.08501592518843426,
          "mae_physical": 0.16932311476431375
        },
        "cos_omega": {
          "mse": 0.987477208886622,
          "r2": -0.7829070646077645
        },
        "sin_omega": {
          "mse": 0.5351244508521997,
          "r2": -0.651009211239854
        },
        "omega_angular": {
          "mae_deg": 71.42748410945686
        }
      }
    },
    "e_gt_0": {
      "n": 1521,
      "excluded_n": 479,
      "per_target": {
        "log10_P": {
          "mse": 0.413319400751903,
          "r2": 0.6356562157060374,
          "mae_physical": 279.3065365425632
        },
        "log10_K": {
          "mse": 0.07284010695229864,
          "r2": 0.7431674720407571,
          "mae_physical": 207.05885002158132
        },
        "e": {
          "mse": 0.07520273718620064,
          "r2": -0.07985266317897999,
          "mae_physical": 0.18941886981079367
        },
        "cos_omega": {
          "mse": 0.8170267507059716,
          "r2": -0.47758194342783544
        },
        "sin_omega": {
          "mse": 0.5803935238933596,
          "r2": -0.36182185274323486
        },
        "omega_angular": {
          "mae_deg": 66.9907273797142
        }
      }
    },
    "e_gt_0.1": {
      "n": 1001,
      "excluded_n": 999,
      "per_target": {
        "log10_P": {
          "mse": 0.46195585778407033,
          "r2": 0.590239770530031,
          "mae_physical": 311.4633862133132
        },
        "log10_K": {
          "mse": 0.08410515122127783,
          "r2": 0.7182617734646265,
          "mae_physical": 291.9819944579837
        },
        "e": {
          "mse": 0.10683221264223111,
          "r2": -0.7417746186787666,
          "mae_physical": 0.2456303686068812
        },
        "cos_omega": {
          "mse": 0.6311377480535999,
          "r2": -0.2808182400583443
        },
        "sin_omega": {
          "mse": 0.5580738853567131,
          "r2": -0.10057021924899856
        },
        "omega_angular": {
          "mae_deg": 59.215097453641505
        }
      }
    },
    "has_t_peri": {
      "n": 2000,
      "excluded_n": 0,
      "per_target": {
        "log10_P": {
          "mse": 0.39701766312472303,
          "r2": 0.6487381583654723,
          "mae_physical": 262.7376637267007
        },
        "log10_K": {
          "mse": 0.06758293686432074,
          "r2": 0.758343448619754,
          "mae_physical": 170.78619573656007
        },
        "e": {
          "mse": 0.06214739273334966,
          "r2": 0.08501592518843426,
          "mae_physical": 0.16932311476431375
        },
        "cos_omega": {
          "mse": 0.987477208886622,
          "r2": -0.7829070646077645
        },
        "sin_omega": {
          "mse": 0.5351244508521997,
          "r2": -0.651009211239854
        },
        "omega_angular": {
          "mae_deg": 71.42748410945686
        }
      }
    },
    "e_gt_0.1_has_t_peri": {
      "n": 1001,
      "excluded_n": 999,
      "per_target": {
        "log10_P": {
          "mse": 0.46195585778407033,
          "r2": 0.590239770530031,
          "mae_physical": 311.4633862133132
        },
        "log10_K": {
          "mse": 0.08410515122127783,
          "r2": 0.7182617734646265,
          "mae_physical": 291.9819944579837
        },
        "e": {
          "mse": 0.10683221264223111,
          "r2": -0.7417746186787666,
          "mae_physical": 0.2456303686068812
        },
        "cos_omega": {
          "mse": 0.6311377480535999,
          "r2": -0.2808182400583443
        },
        "sin_omega": {
          "mse": 0.5580738853567131,
          "r2": -0.10057021924899856
        },
        "omega_angular": {
          "mae_deg": 59.215097453641505
        }
      }
    }
  },
  "e_report": {
    "all": {
      "n": 2000,
      "r2": 0.08501592518843426,
      "mae": 0.16932311476431375
    },
    "e_gt_0": {
      "n": 1521,
      "r2": -0.07985266317897999,
      "mae": 0.18941886981079367
    },
    "e_gt_0.1": {
      "n": 1001,
      "r2": -0.7417746186787666,
      "mae": 0.2456303686068812
    },
    "correct_route": {
      "n": 1498,
      "r2": -0.05628341719596386,
      "mae": 0.18727521201511682
    },
    "frac_forced_omega0_e_gt_0.1": 0.023976023976023976
  },
  "stratified_omega": {
    "by_e_band": {
      "e_0.1_0.3": {
        "n": 488,
        "omega_mae_deg": 67.50854019125238,
        "cos_r2": -0.5308937560027895,
        "sin_r2": -0.28470338553361274
      },
      "e_0.3_0.5": {
        "n": 120,
        "omega_mae_deg": 60.91035891038307,
        "cos_r2": -0.43541845328425266,
        "sin_r2": -0.05735610236132049
      },
      "e_gt_0.5": {
        "n": 393,
        "omega_mae_deg": 48.39924139572013,
        "cos_r2": 0.05247889851731102,
        "sin_r2": 0.12692786786742283
      }
    },
    "by_snr_tertile": {
      "low": {
        "n": 334,
        "omega_mae_deg": 72.28665955641817,
        "snr_lo": null,
        "snr_hi": 8.321682767821088
      },
      "mid": {
        "n": 333,
        "omega_mae_deg": 56.32292127885581,
        "snr_lo": 8.321682767821088,
        "snr_hi": 29.51650302749179
      },
      "high": {
        "n": 334,
        "omega_mae_deg": 49.02705231554635,
        "snr_lo": 29.51650302749179,
        "snr_hi": null
      }
    }
  },