{
  "csv": "synthetic_generation\\datasets\\synthetic_regression_10000_phasefold_epochfree.csv",
  "gate_a_35_oracle": {
    "pass": false,
    "metrics": {
      "feature_set": "35",
      "targets": "hk",
      "n_train": 8000,
      "n_val": 2000,
      "n_train_circ": 1880,
      "n_train_ecc": 6120,
      "val_mse": 0.5967865647874236,
      "per_target": {
        "log10_P": {
          "mse": 1.0451017576130885,
          "r2": 0.0753449980402271,
          "mae_physical": 303.4578761766442
        },
        "log10_K": {
          "mse": 0.10889068777026767,
          "r2": 0.6106391745476494,
          "mae_physical": 1753.6766502724438
        },
        "e": {
          "mse": 0.08308695077317005,
          "r2": -0.22327314853399072,
          "mae_physical": 0.19276873399994382
        },
        "cos_omega": {
          "mse": 1.154819183239839,
          "r2": -1.085045874085865
        },
        "sin_omega": {
          "mse": 0.5920342445407529,
          "r2": -0.8265919068911731
        },
        "omega_angular": {
          "mae_deg": 80.89174625852164
        }
      },
      "subsets": {
        "all": {
          "n": 2000,
          "excluded_n": 0,
          "per_target": {
            "log10_P": {
              "mse": 1.0451017576130885,
              "r2": 0.0753449980402271,
              "mae_physical": 303.4578761766442
            },
            "log10_K": {
              "mse": 0.10889068777026767,
              "r2": 0.6106391745476494,
              "mae_physical": 1753.6766502724438
            },
            "e": {
              "mse": 0.08308695077317005,
              "r2": -0.22327314853399072,
              "mae_physical": 0.19276873399994382
            },
            "cos_omega": {
              "mse": 1.154819183239839,
              "r2": -1.085045874085865
            },
            "sin_omega": {
              "mse": 0.5920342445407529,
              "r2": -0.8265919068911731
            },
            "omega_angular": {
              "mae_deg": 80.89174625852164
            }
          }
        },
        "has_ecc": {
          "n": 2000,
          "excluded_n": 0,
          "per_target": {
            "log10_P": {
              "mse": 1.0451017576130885,
              "r2": 0.0753449980402271,
              "mae_physical": 303.4578761766442
            },
            "log10_K": {
              "mse": 0.10889068777026767,
              "r2": 0.6106391745476494,
              "mae_physical": 1753.6766502724438
            },
            "e": {
              "mse": 0.08308695077317005,
              "r2": -0.22327314853399072,
              "mae_physical": 0.19276873399994382
            },
            "cos_omega": {
              "mse": 1.154819183239839,
              "r2": -1.085045874085865
            },
            "sin_omega": {
              "mse": 0.5920342445407529,
              "r2": -0.8265919068911731
            },
            "omega_angular": {
              "mae_deg": 80.89174625852164
            }
          }
        },
        "e_gt_0": {
          "n": 1521,
          "excluded_n": 479,
          "per_target": {
            "log10_P": {
              "mse": 1.0631238533974534,
              "r2": 0.06284929472131795,
              "mae_physical": 311.2825847467764
            },
            "log10_K": {
              "mse": 0.11876883892809684,
              "r2": 0.5812238281766465,
              "mae_physical": 2257.160925869304
            },
            "e": {
              "mse": 0.10404591618595618,
              "r2": -0.4940182218117217,
              "mae_physical": 0.22316841922312258
            },
            "cos_omega": {
              "mse": 0.9538852551712715,
              "r2": -0.7250887170160101
            },
            "sin_omega": {
              "mse": 0.678210721903498,
              "r2": -0.5913378489430721
            },
            "omega_angular": {
              "mae_deg": 76.61082385584591
            }
          }
        },
        "e_gt_0.1": {
          "n": 1001,
          "excluded_n": 999,
          "per_target": {
            "log10_P": {
              "mse": 1.0658465842976161,
              "r2": 0.05458165839360851,
              "mae_physical": 311.00430278441036
            },
            "log10_K": {
              "mse": 0.1120760136048232,
              "r2": 0.6245640504574848,
              "mae_physical": 100.9457338665101
            },
            "e": {
              "mse": 0.15341574977850755,
              "r2": -1.5012648569271123,
              "mae_physical": 0.30696223885919316
            },
            "cos_omega": {
              "mse": 0.7522558580741705,
              "r2": -0.5266128942271924
            },
            "sin_omega": {
              "mse": 0.7026810238614675,
              "r2": -0.38574806810573414
            },
            "omega_angular": {
              "mae_deg": 69.96863652379879
            }
          }
        },
        "has_t_peri": {
          "n": 0,
          "excluded_n": 2000,
          "per_target": {}
        },
        "e_gt_0.1_has_t_peri": {
          "n": 0,
          "excluded_n": 2000,
          "per_target": {}
        }
      },
      "e_report": {
        "all": {
          "n": 2000,
          "r2": -0.22327314853399072,
          "mae": 0.19276873399994382
        },
        "e_gt_0": {
          "n": 1521,
          "r2": -0.4940182218117217,
          "mae": 0.22316841922312258
        },
        "e_gt_0.1": {
          "n": 1001,
          "r2": -1.5012648569271123,
          "mae": 0.30696223885919316
        },
        "correct_route": {
          "n": 1512,
          "r2": -0.46833952674924495,
          "mae": 0.22081100045443153
        },
        "frac_forced_omega0_e_gt_0.1": 0.017982017982017984
      },
      "stratified_omega": {
        "by_e_band": {
          "e_0.1_0.3": {
            "n": 488,
            "omega_mae_deg": 77.25584508654768,
            "cos_r2": -0.7957287088051208,
            "sin_r2": -0.5211124167187604
          },
          "e_0.3_0.5": {
            "n": 120,
            "omega_mae_deg": 64.70749885539837,
            "cos_r2": -0.4829426364539613,
            "sin_r2": -0.15993168559757143
          },
          "e_gt_0.5": {
            "n": 393,
            "omega_mae_deg": 62.526343245393186,
            "cos_r2": -0.2305344993980385,
            "sin_r2": -0.28222288137709683
          }
        },
        "by_snr_tertile": {
          "low": {
            "n": 334,
            "omega_mae_deg": 78.38704213863883,
            "snr_lo": null,
            "snr_hi": 8.321682767821088
          },
          "mid": {
            "n": 333,
            "omega_mae_deg": 68.0444972987216,
            "snr_lo": 8.321682767821088,
            "snr_hi": 29.51650302749179
          },
          "high": {
            "n": 334,
            "omega_mae_deg": 63.46860923815247,
            "snr_lo": 29.51650302749179,
            "snr_hi": null
          }
        }
      },