{
  "feature_set": "109",
  "targets": "hk",
  "n_train": 8000,
  "n_val": 2000,
  "n_train_circ": 1880,
  "n_train_ecc": 6120,
  "val_mse": 0.46174215306659827,
  "per_target": {
    "log10_P": {
      "mse": 0.4743721542908548,
      "r2": 0.5802986818649488,
      "mae_physical": 220.72676114262205
    },
    "log10_K": {
      "mse": 0.07489991027257731,
      "r2": 0.732180120383071,
      "mae_physical": 81.05271059470242
    },
    "e": {
      "mse": 0.0771491638712437,
      "r2": -0.13585225739221563,
      "mae_physical": 0.18844332004702216
    },
    "cos_omega": {
      "mse": 1.0452637739981712,
      "r2": -0.8872417006374522
    },
    "sin_omega": {
      "mse": 0.6370257629001441,
      "r2": -0.9654033761124483
    },
    "omega_angular": {
      "mae_deg": 78.01478778643136
    }
  },
  "subsets": {
    "all": {
      "n": 2000,
      "excluded_n": 0,
      "per_target": {
        "log10_P": {
          "mse": 0.4743721542908548,
          "r2": 0.5802986818649488,
          "mae_physical": 220.72676114262205
        },
        "log10_K": {
          "mse": 0.07489991027257731,
          "r2": 0.732180120383071,
          "mae_physical": 81.05271059470242
        },
        "e": {
          "mse": 0.0771491638712437,
          "r2": -0.13585225739221563,
          "mae_physical": 0.18844332004702216
        },
        "cos_omega": {
          "mse": 1.0452637739981712,
          "r2": -0.8872417006374522
        },
        "sin_omega": {
          "mse": 0.6370257629001441,
          "r2": -0.9654033761124483
        },
        "omega_angular": {
          "mae_deg": 78.01478778643136
        }
      }
    },
    "has_ecc": {
      "n": 2000,
      "excluded_n": 0,
      "per_target": {
        "log10_P": {
          "mse": 0.4743721542908548,
          "r2": 0.5802986818649488,
          "mae_physical": 220.72676114262205
        },
        "log10_K": {
          "mse": 0.07489991027257731,
          "r2": 0.732180120383071,
          "mae_physical": 81.05271059470242
        },
        "e": {
          "mse": 0.0771491638712437,
          "r2": -0.13585225739221563,
          "mae_physical": 0.18844332004702216
        },
        "cos_omega": {
          "mse": 1.0452637739981712,
          "r2": -0.8872417006374522
        },
        "sin_omega": {
          "mse": 0.6370257629001441,
          "r2": -0.9654033761124483
        },
        "omega_angular": {
          "mae_deg": 78.01478778643136
        }
      }
    },
    "e_gt_0": {
      "n": 1521,
      "excluded_n": 479,
      "per_target": {
        "log10_P": {
          "mse": 0.48857978343552655,
          "r2": 0.5693136908100851,
          "mae_physical": 221.5843500190796
        },
        "log10_K": {
          "mse": 0.07951135791155824,
          "r2": 0.7196447958640289,
          "mae_physical": 84.61749726514864
        },
        "e": {
          "mse": 0.09465096108317991,
          "r2": -0.359113992686914,
          "mae_physical": 0.21394111594046702
        },
        "cos_omega": {
          "mse": 0.9030038593193501,
          "r2": -0.6330703936229993
        },
        "sin_omega": {
          "mse": 0.7220744376668832,
          "r2": -0.6942586504509665
        },
        "omega_angular": {
          "mae_deg": 76.12110114642277
        }
      }
    },
    "e_gt_0.1": {
      "n": 1001,
      "excluded_n": 999,
      "per_target": {
        "log10_P": {
          "mse": 0.5305311310432096,
          "r2": 0.5294127039756221,
          "mae_physical": 219.39377110521477
        },
        "log10_K": {
          "mse": 0.08299922269089036,
          "r2": 0.7219664495552321,
          "mae_physical": 66.14598201132326
        },
        "e": {
          "mse": 0.13812510267346462,
          "r2": -1.251968690798567,
          "mae_physical": 0.2890109968286573
        },
        "cos_omega": {
          "mse": 0.7439440528181535,
          "r2": -0.5097450839709512
        },
        "sin_omega": {
          "mse": 0.7530459776366825,
          "r2": -0.48507213553351525
        },
        "omega_angular": {
          "mae_deg": 71.66731663371854
        }
      }
    },
    "has_t_peri": {
      "n": 2000,
      "excluded_n": 0,
      "per_target": {
        "log10_P": {
          "mse": 0.4743721542908548,
          "r2": 0.5802986818649488,
          "mae_physical": 220.72676114262205
        },
        "log10_K": {
          "mse": 0.07489991027257731,
          "r2": 0.732180120383071,
          "mae_physical": 81.05271059470242
        },
        "e": {
          "mse": 0.0771491638712437,
          "r2": -0.13585225739221563,
          "mae_physical": 0.18844332004702216
        },
        "cos_omega": {
          "mse": 1.0452637739981712,
          "r2": -0.8872417006374522
        },
        "sin_omega": {
          "mse": 0.6370257629001441,
          "r2": -0.9654033761124483
        },
        "omega_angular": {
          "mae_deg": 78.01478778643136
        }
      }
    },
    "e_gt_0.1_has_t_peri": {
      "n": 1001,
      "excluded_n": 999,
      "per_target": {
        "log10_P": {
          "mse": 0.5305311310432096,
          "r2": 0.5294127039756221,
          "mae_physical": 219.39377110521477
        },
        "log10_K": {
          "mse": 0.08299922269089036,
          "r2": 0.7219664495552321,
          "mae_physical": 66.14598201132326
        },
        "e": {
          "mse": 0.13812510267346462,
          "r2": -1.251968690798567,
          "mae_physical": 0.2890109968286573
        },
        "cos_omega": {
          "mse": 0.7439440528181535,
          "r2": -0.5097450839709512
        },
        "sin_omega": {
          "mse": 0.7530459776366825,
          "r2": -0.48507213553351525
        },
        "omega_angular": {
          "mae_deg": 71.66731663371854
        }
      }
    }
  },
  "e_report": {
    "all": {
      "n": 2000,
      "r2": -0.13585225739221563,
      "mae": 0.18844332004702216
    },
    "e_gt_0": {
      "n": 1521,
      "r2": -0.359113992686914,
      "mae": 0.21394111594046702
    },
    "e_gt_0.1": {
      "n": 1001,
      "r2": -1.251968690798567,
      "mae": 0.2890109968286573
    },
    "correct_route": {
      "n": 1499,
      "r2": -0.33437327815648654,
      "mae": 0.21171729407280823
    },
    "frac_forced_omega0_e_gt_0.1": 0.022977022977022976
  },
  "stratified_omega": {
    "by_e_band": {
      "e_0.1_0.3": {
        "n": 488,
        "omega_mae_deg": 78.72051659910211,
        "cos_r2": -0.7705113923315288,
        "sin_r2": -0.6264031072050373
      },
      "e_0.3_0.5": {
        "n": 120,
        "omega_mae_deg": 66.9672835978437,
        "cos_r2": -0.41130139429941104,
        "sin_r2": -0.34069998565584725
      },
      "e_gt_0.5": {
        "n": 393,
        "omega_mae_deg": 64.34426925763152,
        "cos_r2": -0.23957400770486537,
        "sin_r2": -0.34856510041398825
      }
    },
    "by_snr_tertile": {
      "low": {
        "n": 334,
        "omega_mae_deg": 79.80571457914859,
        "snr_lo": null,
        "snr_hi": 8.321682767821088
      },
      "mid": {
        "n": 333,
        "omega_mae_deg": 69.65612173684995,
        "snr_lo": 8.321682767821088,
        "snr_hi": 29.51650302749179
      },
      "high": {
        "n": 334,
        "omega_mae_deg": 65.5340920435497,
        "snr_lo": 29.51650302749179,
        "snr_hi": null
      }
    }
  },