{
  "feature_set": "74",
  "targets": "hk",
  "n_train": 8000,
  "n_val": 2000,
  "n_train_circ": 1880,
  "n_train_ecc": 6120,
  "val_mse": 0.4373950538888472,
  "per_target": {
    "log10_P": {
      "mse": 0.29030226295722433,
      "r2": 0.7431547334331293,
      "mae_physical": 174.23154262882372
    },
    "log10_K": {
      "mse": 0.05525360352477075,
      "r2": 0.802429490361839,
      "mae_physical": 45.00766694012346
    },
    "e": {
      "mse": 0.09542033114796927,
      "r2": -0.40485512864945106,
      "mae_physical": 0.19976662251090027
    },
    "cos_omega": {
      "mse": 1.0520635155685432,
      "r2": -0.8995187508561526
    },
    "sin_omega": {
      "mse": 0.6939355562457284,
      "r2": -1.1409860707056119
    },
    "omega_angular": {
      "mae_deg": 79.66508816398076
    }
  },
  "subsets": {
    "all": {
      "n": 2000,
      "excluded_n": 0,
      "per_target": {
        "log10_P": {
          "mse": 0.29030226295722433,
          "r2": 0.7431547334331293,
          "mae_physical": 174.23154262882372
        },
        "log10_K": {
          "mse": 0.05525360352477075,
          "r2": 0.802429490361839,
          "mae_physical": 45.00766694012346
        },
        "e": {
          "mse": 0.09542033114796927,
          "r2": -0.40485512864945106,
          "mae_physical": 0.19976662251090027
        },
        "cos_omega": {
          "mse": 1.0520635155685432,
          "r2": -0.8995187508561526
        },
        "sin_omega": {
          "mse": 0.6939355562457284,
          "r2": -1.1409860707056119
        },
        "omega_angular": {
          "mae_deg": 79.66508816398076
        }
      }
    },
    "has_ecc": {
      "n": 2000,
      "excluded_n": 0,
      "per_target": {
        "log10_P": {
          "mse": 0.29030226295722433,
          "r2": 0.7431547334331293,
          "mae_physical": 174.23154262882372
        },
        "log10_K": {
          "mse": 0.05525360352477075,
          "r2": 0.802429490361839,
          "mae_physical": 45.00766694012346
        },
        "e": {
          "mse": 0.09542033114796927,
          "r2": -0.40485512864945106,
          "mae_physical": 0.19976662251090027
        },
        "cos_omega": {
          "mse": 1.0520635155685432,
          "r2": -0.8995187508561526
        },
        "sin_omega": {
          "mse": 0.6939355562457284,
          "r2": -1.1409860707056119
        },
        "omega_angular": {
          "mae_deg": 79.66508816398076
        }
      }
    },
    "e_gt_0": {
      "n": 1521,
      "excluded_n": 479,
      "per_target": {
        "log10_P": {
          "mse": 0.31178833923374794,
          "r2": 0.7251565176749558,
          "mae_physical": 181.76518692285998
        },
        "log10_K": {
          "mse": 0.05983427549714124,
          "r2": 0.789025732147753,
          "mae_physical": 46.3440021337119
        },
        "e": {
          "mse": 0.12460485549163615,
          "r2": -0.7892285584568517,
          "mae_physical": 0.2499500509595577
        },
        "cos_omega": {
          "mse": 1.0893927786133573,
          "r2": -0.9701522595054599
        },
        "sin_omega": {
          "mse": 0.7985320596288198,
          "r2": -0.8736570346680819
        },
        "omega_angular": {
          "mae_deg": 85.37572252621935
        }
      }
    },
    "e_gt_0.1": {
      "n": 1001,
      "excluded_n": 999,
      "per_target": {
        "log10_P": {
          "mse": 0.33988351195742084,
          "r2": 0.6985193639046129,
          "mae_physical": 180.3225869101678
        },
        "log10_K": {
          "mse": 0.06716959947420295,
          "r2": 0.7749930467021664,
          "mae_physical": 50.854791501571825
        },
        "e": {
          "mse": 0.18814047441516646,
          "r2": -2.06741098941705,
          "mae_physical": 0.36051634297011553
        },
        "cos_omega": {
          "mse": 1.1099077805308883,
          "r2": -1.2524245055390124
        },
        "sin_omega": {
          "mse": 0.8899514590740577,
          "r2": -0.7550616470936433
        },
        "omega_angular": {
          "mae_deg": 89.80602401296518
        }
      }
    },
    "has_t_peri": {
      "n": 2000,
      "excluded_n": 0,
      "per_target": {
        "log10_P": {
          "mse": 0.29030226295722433,
          "r2": 0.7431547334331293,
          "mae_physical": 174.23154262882372
        },
        "log10_K": {
          "mse": 0.05525360352477075,
          "r2": 0.802429490361839,
          "mae_physical": 45.00766694012346
        },
        "e": {
          "mse": 0.09542033114796927,
          "r2": -0.40485512864945106,
          "mae_physical": 0.19976662251090027
        },
        "cos_omega": {
          "mse": 1.0520635155685432,
          "r2": -0.8995187508561526
        },
        "sin_omega": {
          "mse": 0.6939355562457284,
          "r2": -1.1409860707056119
        },
        "omega_angular": {
          "mae_deg": 79.66508816398076
        }
      }
    },
    "e_gt_0.1_has_t_peri": {
      "n": 1001,
      "excluded_n": 999,
      "per_target": {
        "log10_P": {
          "mse": 0.33988351195742084,
          "r2": 0.6985193639046129,
          "mae_physical": 180.3225869101678
        },
        "log10_K": {
          "mse": 0.06716959947420295,
          "r2": 0.7749930467021664,
          "mae_physical": 50.854791501571825
        },
        "e": {
          "mse": 0.18814047441516646,
          "r2": -2.06741098941705,
          "mae_physical": 0.36051634297011553
        },
        "cos_omega": {
          "mse": 1.1099077805308883,
          "r2": -1.2524245055390124
        },
        "sin_omega": {
          "mse": 0.8899514590740577,
          "r2": -0.7550616470936433
        },
        "omega_angular": {
          "mae_deg": 89.80602401296518
        }
      }
    }
  },
  "e_report": {
    "all": {
      "n": 2000,
      "r2": -0.40485512864945106,
      "mae": 0.19976662251090027
    },
    "e_gt_0": {
      "n": 1521,
      "r2": -0.7892285584568517,
      "mae": 0.2499500509595577
    },
    "e_gt_0.1": {
      "n": 1001,
      "r2": -2.06741098941705,
      "mae": 0.36051634297011553
    },
    "correct_route": {
      "n": 1468,
      "r2": -0.7511851436444188,
      "mae": 0.2490113875419874
    },
    "frac_forced_omega0_e_gt_0.1": 0.04895104895104895
  },
  "stratified_omega": {
    "by_e_band": {
      "e_0.1_0.3": {
        "n": 488,
        "omega_mae_deg": 89.10631378168789,
        "cos_r2": -1.2989957394861285,
        "sin_r2": -0.6834179945514685
      },
      "e_0.3_0.5": {
        "n": 120,
        "omega_mae_deg": 97.81716653073454,
        "cos_r2": -1.4852288110959004,
        "sin_r2": -0.9969332383325433
      },
      "e_gt_0.5": {
        "n": 393,
        "omega_mae_deg": 88.22872500719163,
        "cos_r2": -1.1309213989129452,
        "sin_r2": -0.7843420240643875
      }
    },
    "by_snr_tertile": {
      "low": {
        "n": 334,
        "omega_mae_deg": 89.07400267673712,
        "snr_lo": null,
        "snr_hi": 8.32168211629542
      },
      "mid": {
        "n": 333,
        "omega_mae_deg": 90.53986604134577,
        "snr_lo": 8.32168211629542,
        "snr_hi": 29.51650302749179
      },
      "high": {
        "n": 334,
        "omega_mae_deg": 89.80640045263414,
        "snr_lo": 29.51650302749179,
        "snr_hi": null
      }
    }
  },