{
  "feature_set": "109",
  "targets": "hk",
  "n_train": 8000,
  "n_val": 2000,
  "n_train_circ": 1880,
  "n_train_ecc": 6120,
  "val_mse": 0.14025372894598742,
  "per_target": {
    "log10_P": {
      "mse": 0.26313709361662535,
      "r2": 0.7671891487681846,
      "mae_physical": 204.25490362552432
    },
    "log10_K": {
      "mse": 0.05094526594038525,
      "r2": 0.8178348286192557,
      "mae_physical": 85.9567483571901
    },
    "e": {
      "mse": 0.03328838336887403,
      "r2": 0.5099015530800006,
      "mae_physical": 0.11378953674082709
    },
    "cos_omega": {
      "mse": 0.20089029499235433,
      "r2": 0.6372891212782109
    },
    "sin_omega": {
      "mse": 0.15300760681169817,
      "r2": 0.5279285634704594
    },
    "omega_angular": {
      "mae_deg": 22.400049010946876
    }
  },
  "subsets": {
    "all": {
      "n": 2000,
      "excluded_n": 0,
      "per_target": {
        "log10_P": {
          "mse": 0.26313709361662535,
          "r2": 0.7671891487681846,
          "mae_physical": 204.25490362552432
        },
        "log10_K": {
          "mse": 0.05094526594038525,
          "r2": 0.8178348286192557,
          "mae_physical": 85.9567483571901
        },
        "e": {
          "mse": 0.03328838336887403,
          "r2": 0.5099015530800006,
          "mae_physical": 0.11378953674082709
        },
        "cos_omega": {
          "mse": 0.20089029499235433,
          "r2": 0.6372891212782109
        },
        "sin_omega": {
          "mse": 0.15300760681169817,
          "r2": 0.5279285634704594
        },
        "omega_angular": {
          "mae_deg": 22.400049010946876
        }
      }
    },
    "has_ecc": {
      "n": 2000,
      "excluded_n": 0,
      "per_target": {
        "log10_P": {
          "mse": 0.26313709361662535,
          "r2": 0.7671891487681846,
          "mae_physical": 204.25490362552432
        },
        "log10_K": {
          "mse": 0.05094526594038525,
          "r2": 0.8178348286192557,
          "mae_physical": 85.9567483571901
        },
        "e": {
          "mse": 0.03328838336887403,
          "r2": 0.5099015530800006,
          "mae_physical": 0.11378953674082709
        },
        "cos_omega": {
          "mse": 0.20089029499235433,
          "r2": 0.6372891212782109
        },
        "sin_omega": {
          "mse": 0.15300760681169817,
          "r2": 0.5279285634704594
        },
        "omega_angular": {
          "mae_deg": 22.400049010946876
        }
      }
    },
    "e_gt_0": {
      "n": 1521,
      "excluded_n": 479,
      "per_target": {
        "log10_P": {
          "mse": 0.28098591160654324,
          "r2": 0.7523090612688945,
          "mae_physical": 224.7440390107423
        },
        "log10_K": {
          "mse": 0.056345612453329905,
          "r2": 0.8013266771384958,
          "mae_physical": 96.81437572650903
        },
        "e": {
          "mse": 0.04097651485389724,
          "r2": 0.4116092000319719,
          "mae_physical": 0.13444947806639823
        },
        "cos_omega": {
          "mse": 0.21095223183781234,
          "r2": 0.6184957121415879
        },
        "sin_omega": {
          "mse": 0.15777932056228058,
          "r2": 0.6297902753784465
        },
        "omega_angular": {
          "mae_deg": 24.07116342193454
        }
      }
    },
    "e_gt_0.1": {
      "n": 1001,
      "excluded_n": 999,
      "per_target": {
        "log10_P": {
          "mse": 0.30935283632160904,
          "r2": 0.7256004289968777,
          "mae_physical": 247.34162441948936
        },
        "log10_K": {
          "mse": 0.06377893738025109,
          "r2": 0.7863511991013863,
          "mae_physical": 111.62948309083114
        },
        "e": {
          "mse": 0.05581769358099346,
          "r2": 0.08995761158529991,
          "mae_physical": 0.16372582800658234
        },
        "cos_omega": {
          "mse": 0.186983346625054,
          "r2": 0.620539760641631
        },
        "sin_omega": {
          "mse": 0.14704805238284036,
          "r2": 0.7100084567697034
        },
        "omega_angular": {
          "mae_deg": 23.386935446452803
        }
      }
    },
    "has_t_peri": {
      "n": 2000,
      "excluded_n": 0,
      "per_target": {
        "log10_P": {
          "mse": 0.26313709361662535,
          "r2": 0.7671891487681846,
          "mae_physical": 204.25490362552432
        },
        "log10_K": {
          "mse": 0.05094526594038525,
          "r2": 0.8178348286192557,
          "mae_physical": 85.9567483571901
        },
        "e": {
          "mse": 0.03328838336887403,
          "r2": 0.5099015530800006,
          "mae_physical": 0.11378953674082709
        },
        "cos_omega": {
          "mse": 0.20089029499235433,
          "r2": 0.6372891212782109
        },
        "sin_omega": {
          "mse": 0.15300760681169817,
          "r2": 0.5279285634704594
        },
        "omega_angular": {
          "mae_deg": 22.400049010946876
        }
      }
    },
    "e_gt_0.1_has_t_peri": {
      "n": 1001,
      "excluded_n": 999,
      "per_target": {
        "log10_P": {
          "mse": 0.30935283632160904,
          "r2": 0.7256004289968777,
          "mae_physical": 247.34162441948936
        },
        "log10_K": {
          "mse": 0.06377893738025109,
          "r2": 0.7863511991013863,
          "mae_physical": 111.62948309083114
        },
        "e": {
          "mse": 0.05581769358099346,
          "r2": 0.08995761158529991,
          "mae_physical": 0.16372582800658234
        },
        "cos_omega": {
          "mse": 0.186983346625054,
          "r2": 0.620539760641631
        },
        "sin_omega": {
          "mse": 0.14704805238284036,
          "r2": 0.7100084567697034
        },
        "omega_angular": {
          "mae_deg": 23.386935446452803
        }
      }
    }
  },
  "e_report": {
    "all": {
      "n": 2000,
      "r2": 0.5099015530800006,
      "mae": 0.11378953674082709
    },
    "e_gt_0": {
      "n": 1521,
      "r2": 0.4116092000319719,
      "mae": 0.13444947806639823
    },
    "e_gt_0.1": {
      "n": 1001,
      "r2": 0.08995761158529991,
      "mae": 0.16372582800658234
    },
    "correct_route": {
      "n": 1637,
      "r2": 0.5011848940879018,
      "mae": 0.11707009831425855
    },
    "frac_forced_omega0_e_gt_0.1": 0.024975024975024976
  },
  "stratified_omega": {
    "by_e_band": {
      "e_0.1_0.3": {
        "n": 488,
        "omega_mae_deg": 23.875876423893487,
        "cos_r2": 0.6006044327732596,
        "sin_r2": 0.7160865874435742
      },
      "e_0.3_0.5": {
        "n": 120,
        "omega_mae_deg": 26.51157569663753,
        "cos_r2": 0.5919887054095889,
        "sin_r2": 0.5528877154653178
      },
      "e_gt_0.5": {
        "n": 393,
        "omega_mae_deg": 21.82571400367108,
        "cos_r2": 0.6517623645675454,
        "sin_r2": 0.7495664969795808
      }
    },
    "by_snr_tertile": {
      "low": {
        "n": 334,
        "omega_mae_deg": 31.400210931845763,
        "snr_lo": null,
        "snr_hi": 8.32168211629542
      },
      "mid": {
        "n": 333,
        "omega_mae_deg": 19.177083757485413,
        "snr_lo": 8.32168211629542,
        "snr_hi": 29.51650302749179
      },
      "high": {
        "n": 334,
        "omega_mae_deg": 19.570907303653094,
        "snr_lo": 29.51650302749179,
        "snr_hi": null
      }
    }
  },