{
  "feature_set": "109",
  "n_train": 8000,
  "n_val": 2000,
  "val_mse": 0.11314060688232616,
  "per_target": {
    "log10_P": {
      "mse": 0.2647565732950003,
      "r2": 0.7657563122292798,
      "mae_physical": 232.31682275468398
    },
    "log10_K": {
      "mse": 0.04858174736752499,
      "r2": 0.8262860705146358,
      "mae_physical": 56.68633413750341
    },
    "e": {
      "mse": 0.03133155620799496,
      "r2": 0.5387115418904991,
      "mae_physical": 0.12860103292667832
    },
    "cos_omega": {
      "mse": 0.11643666403533302,
      "r2": 0.7654173755383029
    },
    "sin_omega": {
      "mse": 0.1045964935057776,
      "r2": 0.7921044979931571
    },
    "omega_angular": {
      "mae_deg": 20.15978323900299
    }
  },
  "subsets": {
    "all": {
      "n": 2000,
      "excluded_n": 0,
      "per_target": {
        "log10_P": {
          "mse": 0.2647565732950003,
          "r2": 0.7657563122292798,
          "mae_physical": 232.31682275468398
        },
        "log10_K": {
          "mse": 0.04858174736752499,
          "r2": 0.8262860705146358,
          "mae_physical": 56.68633413750341
        },
        "e": {
          "mse": 0.03133155620799496,
          "r2": 0.5387115418904991,
          "mae_physical": 0.12860103292667832
        },
        "cos_omega": {
          "mse": 0.11643666403533302,
          "r2": 0.7654173755383029
        },
        "sin_omega": {
          "mse": 0.1045964935057776,
          "r2": 0.7921044979931571
        },
        "omega_angular": {
          "mae_deg": 20.15978323900299
        }
      }
    },
    "has_ecc": {
      "n": 2000,
      "excluded_n": 0,
      "per_target": {
        "log10_P": {
          "mse": 0.2647565732950003,
          "r2": 0.7657563122292798,
          "mae_physical": 232.31682275468398
        },
        "log10_K": {
          "mse": 0.04858174736752499,
          "r2": 0.8262860705146358,
          "mae_physical": 56.68633413750341
        },
        "e": {
          "mse": 0.03133155620799496,
          "r2": 0.5387115418904991,
          "mae_physical": 0.12860103292667832
        },
        "cos_omega": {
          "mse": 0.11643666403533302,
          "r2": 0.7654173755383029
        },
        "sin_omega": {
          "mse": 0.1045964935057776,
          "r2": 0.7921044979931571
        },
        "omega_angular": {
          "mae_deg": 20.15978323900299
        }
      }
    },
    "e_gt_0.1": {
      "n": 1001,
      "excluded_n": 999,
      "per_target": {
        "log10_P": {
          "mse": 0.31317664054221994,
          "r2": 0.722208670090731,
          "mae_physical": 195.04499115540287
        },
        "log10_K": {
          "mse": 0.0567212684581675,
          "r2": 0.8099932126607009,
          "mae_physical": 51.05838706130246
        },
        "e": {
          "mse": 0.04056830685176096,
          "r2": 0.33858107570757934,
          "mae_physical": 0.14464100265099641
        },
        "cos_omega": {
          "mse": 0.12133024396010078,
          "r2": 0.7551101340181656
        },
        "sin_omega": {
          "mse": 0.09826226500034496,
          "r2": 0.8049964120905492
        },
        "omega_angular": {
          "mae_deg": 20.25776249879539
        }
      }
    },
    "has_t_peri": {
      "n": 2000,
      "excluded_n": 0,
      "per_target": {
        "log10_P": {
          "mse": 0.2647565732950003,
          "r2": 0.7657563122292798,
          "mae_physical": 232.31682275468398
        },
        "log10_K": {
          "mse": 0.04858174736752499,
          "r2": 0.8262860705146358,
          "mae_physical": 56.68633413750341
        },
        "e": {
          "mse": 0.03133155620799496,
          "r2": 0.5387115418904991,
          "mae_physical": 0.12860103292667832
        },
        "cos_omega": {
          "mse": 0.11643666403533302,
          "r2": 0.7654173755383029
        },
        "sin_omega": {
          "mse": 0.1045964935057776,
          "r2": 0.7921044979931571
        },
        "omega_angular": {
          "mae_deg": 20.15978323900299
        }
      }
    },
    "e_gt_0.1_has_t_peri": {
      "n": 1001,
      "excluded_n": 999,
      "per_target": {
        "log10_P": {
          "mse": 0.31317664054221994,
          "r2": 0.722208670090731,
          "mae_physical": 195.04499115540287
        },
        "log10_K": {
          "mse": 0.0567212684581675,
          "r2": 0.8099932126607009,
          "mae_physical": 51.05838706130246
        },
        "e": {
          "mse": 0.04056830685176096,
          "r2": 0.33858107570757934,
          "mae_physical": 0.14464100265099641
        },
        "cos_omega": {
          "mse": 0.12133024396010078,
          "r2": 0.7551101340181656
        },
        "sin_omega": {
          "mse": 0.09826226500034496,
          "r2": 0.8049964120905492
        },
        "omega_angular": {
          "mae_deg": 20.25776249879539
        }
      }
    }
  },
  "norm_stats": {
    "x_mean": [
      0.7406715508879487,
      0.08952049991461904,
      0.044423591414212545,
      0.02638149592755866,
      0.017384882156652886,
      0.012226449522810377,
      0.009076851669818167,
      0.006992055587571061,
      0.005550024801054219,
      0.004504635753916716,
      0.003735431352909022,
      0.0031469955125695876,
      0.0026801783776905647,
      0.0023149831060728203,
      0.0020189993592272105,
      0.001774539251181464,
      0.0015733613242930086,
      0.0014043507387041453,
      0.0012617093477775368,
      0.001139490527832017,
      0.0010342222908672131,
      0.0009436912761998478,
      0.0008625897322584749,
      0.0007919372280361834,
      0.0007306545018438423,
      0.0006755859154594506,
      0.000627669861054305,
      0.0005844708236533942,
      0.000543938712649194,
      0.0005081255792829929,
      0.00047597001076794284,
      0.00044674839593075174,
      0.00042049792114999524,
      0.0003959120084892927,
      0.00037387561478685507,
      0.000353594712233686,
      0.00033456174045275,
      0.00031727996785946424,
      0.00030131875161012913,
      0.00028647664072303027,
      0.00027273200982137915,
      0.0002599690700249757,
      0.0002481030302946754,
      0.00023701367011932857,
      0.00022667513727808231,
      0.00021697783392078492,
      0.00020791463716339528,
      0.0001994211189785336,
      0.0001914066749673722,
      0.00018393029806261288,
      0.00017682165768506528,
      0.00017011936983284324,
      0.00016385915058077574,
      0.00015785891998333472,
      0.0001522344867008808,
      0.0001469389975897248,
      0.00014182852702601236,
      0.0001370585383009439,
      0.000132517945844102,
      0.00012814524135314984,
      0.0001240587114886049,
      0.00012014145800365898,
      0.0001163763159298959,
      0.00011283881096746189,
      39.468,
      1342.2439203647955,
      103.91270847254886,
      166.08217515001073,
      8.686031835488976,
      2.303644972164184,
      345.4961470991432,
      0.7094078635934274,
      14.665838324705138,
      111.23799875578045,
      -3.0751533732549983,
      1.8679811687461212,
      -1.662942206703898,
      -2.16453611633019,
      -1.2724056251519542,
      -0.8651909939012312,
      -1.572969783798074,
      -1.4570800081585855,
      -0.32582388434666515,
      -0.893411510431421,
      0.290261473704942,
      -0.6598197831884295,
      0.13377994762342688,
      -1.4014683739012042,
      -1.0297294634090735,
      0.0840426844831261,
      -0.7541594411525374,
      1.1582261909260845,
      -0.48375700439587005,
      0.7279230726866818,
      0.28092195420221566,
      -0.01890279663760708,
      -0.5929693460984848,
      -1.503609125772726,
      -1.0415270214930985,
      0.4129763016414863,
      0.807556224888128,
      0.6993454613017694,
      -0.07597113959198618,
      -1.3352057945270266,
      -1.422822288900501,
      0.44633976261989067,
      306.2805105641175,
      0.01338679525314473,
      -0.7068019286071621
    ],