{
  "n_synthetic": 400,
  "f_multi": 0.0,
  "seed": 123,
  "real_split": "all",
  "n_real_single_planet_valid": 357,
  "real_time_grids_loaded": 388,
  "gp_fits_path": "data\\gp_fits.json",
  "gp_fits_exists": false,
  "gp_library_loaded": false,
  "noise_mode": "white_gaussian_fallback",
  "classifier": {
    "purpose": "real_vs_synthetic_observation_discriminator",
    "class_labels": {
      "0": "synthetic",
      "1": "real"
    },
    "input_type": "spectral_plus_observation_summaries",
    "spectral_method": "smoothing_spline_uniform_grid_rfft_power",
    "spectral_dimension": 64,
    "spectral_grid_size": 1024,
    "spectral_normalized": true,
    "summary_features": [
      "n_obs",
      "baseline_d",
      "rv_std_ms",
      "rv_iqr_ms",
      "median_sigma_ms",
      "sigma_iqr_ms",
      "lsp_peak_period_d",
      "lsp_peak_power",
      "median_gap_d",
      "p90_gap_d"
    ],
    "excluded_from_classifier": [
      "log10_P",
      "log10_K",
      "e",
      "P_d",
      "K_ms",
      "snr_K_over_sigma"
    ],
    "balanced_accuracy_mean": 0.68964593114241,
    "balanced_accuracy_std": 0.05451661276018958,
    "top_feature": "sigma_iqr_ms",
    "top_feature_group": "sigma_iqr_ms",
    "grouped_importance_method": "cross_validated_permutation_accuracy_drop",
    "grouped_feature_importances": {
      "sigma_iqr_ms": 0.0982863849765258,
      "spectral_power": 0.02369014084507042,
      "median_sigma_ms": 0.016776995305164345,
      "lsp_peak_power": 0.016276604068857604,
      "lsp_peak_period_d": 0.014800469483568102,
      "n_obs": 0.009392410015649477,
      "rv_std_ms": 0.007352503912363084,
      "rv_iqr_ms": 0.005217527386541488,
      "p90_gap_d": 0.0028051643192488207,
      "median_gap_d": 0.0011463223787167686,
      "baseline_d": 0.0010907668231612266
    },
    "grouped_feature_importance_std": {
      "spectral_power": 0.021555196064790547,
      "n_obs": 0.010452367945710757,
      "baseline_d": 0.015015936026561393,
      "rv_std_ms": 0.007449620152381727,
      "rv_iqr_ms": 0.01009815956133536,
      "median_sigma_ms": 0.014165742763496905,
      "sigma_iqr_ms": 0.050752658210634065,
      "lsp_peak_period_d": 0.015204403572887338,
      "lsp_peak_power": 0.01937432934173747,
      "median_gap_d": 0.00969568095430835,
      "p90_gap_d": 0.013093589593954614
    },
    "feature_importances": {
      "sigma_iqr_ms": 0.18457044272932865,
      "lsp_peak_power": 0.09123291329672717,
      "median_sigma_ms": 0.05720181496634949,
      "lsp_peak_period_d": 0.0444781687829745,
      "rv_std_ms": 0.04328812677167549,
      "n_obs": 0.039891434270986716,
      "p90_gap_d": 0.039276491473161604,
      "baseline_d": 0.036403257826519576,
      "rv_iqr_ms": 0.033399254511632975,
      "spectral_power_002": 0.03235320691949418,
      "median_gap_d": 0.03057281301431183,
      "spectral_power_001": 0.0194553292134659,
      "spectral_power_003": 0.018439279769675236,
      "spectral_power_004": 0.017850938253207573,
      "spectral_power_005": 0.012991581397675504,
      "spectral_power_006": 0.01033407541530482,
      "spectral_power_007": 0.009614003891866282,
      "spectral_power_010": 0.009496748327546779,
      "spectral_power_008": 0.008393475492349279,
      "spectral_power_013": 0.007991660709349604,
      "spectral_power_011": 0.007836727224641191,
      "spectral_power_012": 0.007181003679251454,
      "spectral_power_009": 0.006970414195550556,
      "spectral_power_014": 0.006807497811649876,
      "spectral_power_015": 0.0064883515554546595,
      "spectral_power_019": 0.006412829786362609,
      "spectral_power_016": 0.006247314743696516,
      "spectral_power_025": 0.0058264816960733315,
      "spectral_power_061": 0.005616473773220523,
      "spectral_power_053": 0.005616010145454091,
      "spectral_power_024": 0.005410688357914783,
      "spectral_power_040": 0.00518640684603093,
      "spectral_power_064": 0.005131586432543975,
      "spectral_power_018": 0.005125225172645795,
      "spectral_power_055": 0.0050477236456928165,
      "spectral_power_026": 0.004980753519073804,
      "spectral_power_023": 0.004874583511177866,
      "spectral_power_052": 0.0048632784777775705,
      "spectral_power_028": 0.004783028789146093,
      "spectral_power_020": 0.004720040530115331,
      "spectral_power_046": 0.004633272100111666,
      "spectral_power_022": 0.004622775789407365,
      "spectral_power_063": 0.004620681891877574,
      "spectral_power_021": 0.0045691755100087765,
      "spectral_power_043": 0.004508415912674767,
      "spectral_power_033": 0.004499780493089931,
      "spectral_power_047": 0.00449499447993612,
      "spectral_power_051": 0.004472250742525614,
      "spectral_power_060": 0.004460718796486887,
      "spectral_power_054": 0.004460224337278047,
      "spectral_power_017": 0.0044178047740198,
      "spectral_power_036": 0.004399631026509338,
      "spectral_power_062": 0.004355721479672735,
      "spectral_power_049": 0.004325499489402935,
      "spectral_power_050": 0.004281322918652414,
      "spectral_power_027": 0.004234014624082344,
      "spectral_power_056": 0.004217350799596925,
      "spectral_power_048": 0.004207181249671058,
      "spectral_power_042": 0.004180993485601813,
      "spectral_power_032": 0.004127476571535661,
      "spectral_power_030": 0.0041150684921577585,
      "spectral_power_044": 0.004108636975328277,
      "spectral_power_039": 0.004023567141950247,
      "spectral_power_029": 0.0038550198915217114,
      "spectral_power_057": 0.0038377484825127474,
      "spectral_power_038": 0.0038222163868675703,
      "spectral_power_045": 0.0037617327275558687,
      "spectral_power_041": 0.0035108442408281998,
      "spectral_power_031": 0.0033285189542041067,
      "spectral_power_059": 0.0031913924692109057,
      "spectral_power_034": 0.0031403378113359307,
      "spectral_power_058": 0.0031199763301281627,
      "spectral_power_035": 0.002909755618449036,
      "spectral_power_037": 0.002824461078730815
    },
    "n_real": 357,
    "n_synthetic": 400
  },
  "outputs": [
    "README_synthetic_validation.txt",
    "classifier_feature_importance.png",
    "examples_single_planet.pdf",
    "examples_with_exact_curve.png",
    "generation_mode_summary.json",
    "lsp_examples.png",
    "real_vs_synthetic_cadence.png",
    "real_vs_synthetic_noise.png",
    "real_vs_synthetic_parameters.png",
    "summary_metric_quantiles.csv",
    "summary_real_vs_synthetic_samples.csv"
  ]
}
