{
  "log10_P": {
    "mean": 1.5545132887494004,
    "std": 1.0654011808763069
  },
  "log10_K": {
    "mean": 1.908602828051865,
    "std": 0.5336609733487542
  },
  "e": {
    "mean": 0.2179158273381295,
    "std": 0.2589418040598758
  },
  "cos_omega": {
    "mean": 0.5011290849811207,
    "std": 0.6584276947391584
  },
  "sin_omega": {
    "mean": -0.02273194323755169,
    "std": 0.5610934590093766
  }
}