id,T,dt,theta_0,eps,g,l,k,time_values,theta_values,theta_clean_values
0,10,0.5,0.6283185307179586,0.01,9.81,3.982802218501835,0.004949905957768471,"0.0,0.5,1.0,1.5,2.0,2.5,3.0,3.5,4.0,4.5,5.0,5.5,6.0,6.5,7.0,7.5,8.0,8.5,9.0,9.5,10.0","0.6779899460190819,0.4335211093034692,0.06477724795648457,-0.2950329343713113,-0.6533338045016646,-0.4709618790859576,0.15922292373693894,0.5260934254678078,0.5829715073363971,0.5020051454495336,-0.04735352634487178,-0.4957226185251358,-0.6057230909982022,-0.6392780341753923,-0.17176990003119053,0.3927205074435267,0.5286364716905899,0.4819186965130799,-0.09096576857226721,-0.5919504622072875,-0.48647294015088965","0.6283185307179586,0.4473475394205877,8.394146415319215e-06,-0.44733592001211386,-0.6283185310637327,-0.44735915934835524,-2.518253394845349e-05,0.4473243009918424,0.6283185321010514,0.44737077992650254,4.1971205590046745e-05,-0.44731268222867554,-0.6283185338299048,-0.4473824012861126,-5.8760350749281764e-05,0.4473010635915081,0.6283185362502766,0.44739402355826613,7.555015884072591e-05,-0.4472894449492248,-0.6283185393621435"
1,10,0.5,0.6283185307179586,0.01,9.81,4.363690639601221,0.007276312261534276,"0.0,0.5,1.0,1.5,2.0,2.5,3.0,3.5,4.0,4.5,5.0,5.5,6.0,6.5,7.0,7.5,8.0,8.5,9.0,9.5,10.0","0.654058523252428,0.37229560188508665,0.009027078291533305,-0.4492171088230561,-0.5358732958634009,-0.5616125629370672,-0.08971300141701377,0.5204338449291425,0.7281645164234793,0.5222078160636814,0.1942839106142285,-0.19028397275702139,-0.7361165121101989,-0.6859616386273528,-0.2637366255060735,0.13433643000530737,0.7178856516803583,0.5587436045265619,0.28529511596530077,-0.14325580344941774,-0.46666346965561606","0.6283185307179586,0.46314374516315276,0.046877388897415634,-0.395725548945499,-0.6216806304705634,-0.5203115647055945,-0.13953185986574207,0.3194139201719439,0.6018783619717138,0.5661293017504447,0.22892769991309356,-0.23581593871274606,-0.5692502414088357,-0.5997530891263716,-0.31302771031844767,0.14676776961985596,0.5243720229403241,0.6205878700250007,0.3899790145868065,-0.05429404458339747,-0.4680675233753289"
2,10,0.5,0.6283185307179586,0.01,9.81,0.9237980654944229,0.009780601164730805,"0.0,0.5,1.0,1.5,2.0,2.5,3.0,3.5,4.0,4.5,5.0,5.5,6.0,6.5,7.0,7.5,8.0,8.5,9.0,9.5,10.0","0.5532570589923713,-0.0202721656656151,-0.40578433591368873,0.27362237161053227,0.1351847874173431,-0.7803911218536272,0.20453095068819405,0.605432016582309,-0.3222541515265465,-0.3475668253825468,0.4558911830503246,0.0968672099347728,-0.7451379495061653,0.24923438150137311,0.4110449620344639,-0.42740704077666986,-0.14023917448213857,0.6064639430299023,0.02662911460835099,-0.702610103368204,0.2321389262148984","0.6283185307179586,-0.15190789813679706,-0.5303983387780318,0.4341139457363917,0.2819991553153336,-0.6088840760562904,0.018652581536938606,0.5966732189557287,-0.3170219318840731,-0.40311398904801177,0.5522315524652809,0.11489935648279492,-0.6267970338952108,0.18868978943198655,0.5062100173766624,-0.46349264675454527,-0.2463002000922263,0.6181791608711669,-0.05593737044578029,-0.5816287481867815,0.35118928784517156"
3,10,0.5,0.6283185307179586,0.01,9.81,3.9251286589565884,0.008074578747492584,"0.0,0.5,1.0,1.5,2.0,2.5,3.0,3.5,4.0,4.5,5.0,5.5,6.0,6.5,7.0,7.5,8.0,8.5,9.0,9.5,10.0","0.6309560080029148,0.4707206269825315,-0.04723927195863077,-0.47574147059165817,-0.7553015912124671,-0.6934840844812533,0.0521374517024153,0.37832908690331496,0.6670050621364488,0.5161508677794823,-0.04016809470420705,-0.44976812523569,-0.7740286242402806,-0.3310339201571379,-0.12106931844327924,0.43600563349065696,0.5245768849946213,0.4020855016345178,-0.08152934511893575,-0.6496912945628301,-0.6845120933083116","0.6283185307179586,0.4446884568402664,-0.007724717806851467,-0.45531138008783195,-0.6281383257405269,-0.43379622145555186,0.023169360517360654,0.4656595512845377,0.6275977964803205,0.4226403133909913,-0.03859962394860833,-0.4757277218610231,-0.6266972001312564,-0.4112265797647633,0.0540059202238727,0.48551082663309564,0.6254369659269328,0.39956108304707755,-0.0693786596508044,-0.49500397637082866,-0.6238176959543472"
4,10,0.5,0.6283185307179586,0.01,9.81,1.0765113470399563,0.005053473441060104,"0.0,0.5,1.0,1.5,2.0,2.5,3.0,3.5,4.0,4.5,5.0,5.5,6.0,6.5,7.0,7.5,8.0,8.5,9.0,9.5,10.0","0.6868061147050104,0.08189414908934674,-0.5346865042167037,0.04546153508973638,0.6239487442607439,-0.2312403945504323,-0.5343250341276735,0.24885798673944493,0.44346225634262165,-0.31077013561697187,-0.45221082409459246,0.48147377604946356,0.430481415619736,-0.5951752134283024,-0.22231972588633675,0.6785375632895257,0.10399462133546607,-0.6334115947922219,0.14873776257538945,0.49354113022207846,-0.082501521340045","0.6283185307179586,-0.04122542495470993,-0.6168765306168225,0.12538437080938158,0.5827434212238372,-0.21362473312893648,-0.5270078371640385,0.30542462568267004,0.4528087806216221,-0.39650024391433075,-0.365988495473534,0.4798256660954041,0.2739703066870435,-0.5482632058574035,-0.1830896527432978,0.5968708633745399,0.0963570921152096,-0.6233371386697426,-0.013141220053333291,0.6269920649166141,-0.0695165797742151"
5,10,0.5,0.6283185307179586,0.01,9.81,2.1685911090466155,0.009340884899637417,"0.0,0.5,1.0,1.5,2.0,2.5,3.0,3.5,4.0,4.5,5.0,5.5,6.0,6.5,7.0,7.5,8.0,8.5,9.0,9.5,10.0","0.5435175831413446,0.4297304304952694,-0.2767669952499919,-0.5653730997110109,-0.3293750601031003,0.6124914554699159,0.513816932840709,0.22725673513199923,-0.5180628431097931,-0.6504972049461337,-0.2029018652200352,0.6464077852882415,0.4647233521162879,-0.1131606047656532,-0.5306758242942933,-0.43592911731487294,0.17287488398671053,0.6120938762361775,0.33179177591539866,-0.1762009805185073,-0.8063033456348522","0.6283185307179586,0.29594989625439655,-0.36624954096711737,-0.6234486632759213,-0.2203739806612402,0.4299133700921162,0.6088428350128894,0.1409789131199229,-0.4857930749438168,-0.5845280604517762,-0.0592155416113192,0.5330258039626867,0.5506002453651424,-0.023520628888213713,-0.571044039209176,-0.5072938143385091,0.10587210273008557,0.5995288440405374,0.455060757202302,-0.18646514995924854,-0.6183340353119642"
6,10,0.5,0.6283185307179586,0.01,9.81,3.3973930403629904,0.00840485451943747,"0.0,0.5,1.0,1.5,2.0,2.5,3.0,3.5,4.0,4.5,5.0,5.5,6.0,6.5,7.0,7.5,8.0,8.5,9.0,9.5,10.0","0.5289553987251134,0.3098241138713205,-0.15162015430979492,-0.42232201457967655,-0.6209033002800988,-0.165378206680836,0.04911221515380823,0.6748036660678214,0.7099248686196525,0.06778264039942355,-0.17251313100960328,-0.7329097825094157,-0.489898333218877,-0.1318301519343341,0.4849849674571859,0.4893564912917687,0.4959879954832929,-0.1793983822933942,-0.4430315239905642,-0.3673647314845709,-0.23737209844503188","0.6283185307179586,0.4161641944193727,-0.08781256273329932,-0.5284808834787733,-0.6051628851414401,-0.27117190118413803,0.2561815677373753,0.6006196322462849,0.537086171735913,0.10421544771031668,-0.40374990977707587,-0.6281118050263639,-0.4282857667777089,0.07134447306181624,0.5195164565143631,0.6093050434211681,0.28596506452906756,-0.2410044817251353,-0.5956777194180563,-0.5453274995433272,-0.1205410235184679"
7,10,0.5,0.6283185307179586,0.01,9.81,2.49536389472299,0.0030451484960629925,"0.0,0.5,1.0,1.5,2.0,2.5,3.0,3.5,4.0,4.5,5.0,5.5,6.0,6.5,7.0,7.5,8.0,8.5,9.0,9.5,10.0","0.524002622897299,0.2573886502926322,-0.21012694041961377,-0.44205977369678684,-0.5416550729657365,0.2331716883904099,0.6463623493472153,0.4731721630454575,-0.14083031557956743,-0.41235327568529073,-0.3598157695008206,0.041656650259511235,0.5208479802437451,0.5936846751865491,-0.09562995365305305,-0.64423307245071,-0.4640096241478927,0.024786597795012924,0.5045204622683069,0.6553252255779393,0.04900240067183792","0.6283185307179586,0.3394742194141526,-0.27664152587094715,-0.6243224599957209,-0.39749673193953416,0.2097908849194401,0.6124004159519627,0.4500507917527188,-0.1398377333171161,-0.5927380541907397,-0.4966001681241881,0.06779286672323809,0.5656085650624114,0.5367004449992026,0.0052720487488444046,-0.531337812091995,-0.5699640850732497,-0.07825750933290926,0.4902838324283875,0.5960373067651574,0.15006612527644975"
8,10,0.5,0.6283185307179586,0.01,9.81,2.9956315415712567,0.0015743553049375782,"0.0,0.5,1.0,1.5,2.0,2.5,3.0,3.5,4.0,4.5,5.0,5.5,6.0,6.5,7.0,7.5,8.0,8.5,9.0,9.5,10.0","0.4722833198495934,0.3846131870876355,-0.2245126250812478,-0.7266206278699628,-0.4079365444861955,-0.13845959697294838,0.36373550869058835,0.7313450091404381,0.2000629971048387,-0.3644500298261065,-0.5910628046172803,-0.42470867877102475,0.05184396786510882,0.4564083600063595,0.5126067729061267,0.4241606926113589,0.03374177034238257,-0.520710599955106,-0.4535754346595573,0.12966611969623906,0.49201944077742865","0.6283185307179586,0.3877109474350062,-0.162419782693201,-0.580162579349802,-0.5491311566648827,-0.09078638262515329,0.4417824300802533,0.6243182356258026,0.3282922566937904,-0.23170213972328702,-0.6036965685760256,-0.5109280503164451,-0.017829728525866034,0.4898648784958963,0.6123593793346801,0.2642698632218909,-0.2976657642088254,-0.6194876460586435,-0.46596206040894594,0.05538758040064953,0.5314150258495542"
9,10,0.5,0.6283185307179586,0.01,9.81,4.22434027396662,0.006684979592098584,"0.0,0.5,1.0,1.5,2.0,2.5,3.0,3.5,4.0,4.5,5.0,5.5,6.0,6.5,7.0,7.5,8.0,8.5,9.0,9.5,10.0","0.5992682133830954,0.4689078489438117,0.15561052748472476,-0.5504444664606758,-0.6155135732948074,-0.5015323402886467,-0.12691122445566463,0.25822590710995014,0.5819896397671525,0.7899886450676394,0.10057115658892886,-0.3747176972373603,-0.7304412789048793,-0.4859876897572458,-0.26532013533520615,0.2503441286857294,0.4649501704082984,0.4851710269272077,0.19824935703094462,-0.21339409877405296,-0.47653283635874744","0.6283185307179586,0.4576950442375841,0.03053101520431656,-0.41435546934846135,-0.6255068615256636,-0.49673322997977365,-0.09128825543028829,0.3670818158081226,0.6170914096229818,0.5311486497031881,0.15113623570368015,-0.3162867764289518,-0.603131341327473,-0.5606659937300168,-0.2094855236223582,0.262427124752291,0.583726752269414,0.5850558239821492,0.2657707790908742,-0.20600118593529365,-0.5590203585291533"
10,10,0.5,0.6283185307179586,0.01,9.81,3.9113948303841823,0.004190733713168816,"0.0,0.5,1.0,1.5,2.0,2.5,3.0,3.5,4.0,4.5,5.0,5.5,6.0,6.5,7.0,7.5,8.0,8.5,9.0,9.5,10.0","0.6802661147793748,0.31716865032161523,0.014449003882593216,-0.5376105751230799,-0.6263063892666995,-0.39101859648556914,0.1566829593515139,0.5359345409394856,0.5816697223305747,0.5630475915254889,-0.08981135339274052,-0.3356412652262213,-0.6041419264135088,-0.35131304343658365,0.16312946205021583,0.4585109920572942,0.5478019164895793,0.36606554848152356,-0.17072590614456606,-0.6822584951303311,-0.5433950823185608","0.6283185307179586,0.4440436883971055,-0.00959299873702782,-0.45721483194328133,-0.6280407992293913,-0.4304579795836191,0.028769732946234833,0.46996090350133163,0.6272078099445979,0.4164686888796987,-0.04791868083896311,-0.48227185562320074,-0.6258201786723265,-0.40208729281770417,0.06702133042444906,0.49413808291645767,0.623878932601518,0.3873257755872775,-0.08605919019227122,-0.5055504059236209,-0.6213855114077271"
11,10,0.5,0.6283185307179586,0.01,9.81,4.868141109777064,0.009038090091899782,"0.0,0.5,1.0,1.5,2.0,2.5,3.0,3.5,4.0,4.5,5.0,5.5,6.0,6.5,7.0,7.5,8.0,8.5,9.0,9.5,10.0","0.6489050174030214,0.5969357918034159,-0.10781702884492912,-0.39465185545086123,-0.4985932773676285,-0.34201930123137503,-0.34205904296009326,0.22393566259556835,0.29561094813449673,0.5958623169446586,0.40663907731571103,-0.011641994602502481,-0.38500505691532555,-0.6642742725702122,-0.4699393007399857,-0.4487814345830528,0.3702979201169466,0.4322017519510359,0.8012816827869126,0.5944855917966806,0.23915019339714508","0.6283185307179586,0.48025962088560725,0.09944694901250646,-0.3313831381432282,-0.5983059222894338,-0.581474680741032,-0.2879356756926106,0.14866512054523984,0.5106461275409262,0.626406370564641,0.4468286762384554,0.049561269526809185,-0.37266417688657,-0.6114622328384238,-0.5610543532573549,-0.24259256359209935,0.19688867343088037,0.53781981692814,0.6206792619148955,0.41054304345152426,-0.0006577384698086275"
12,10,0.5,0.6283185307179586,0.01,9.81,4.002725736831929,0.0027517483706677084,"0.0,0.5,1.0,1.5,2.0,2.5,3.0,3.5,4.0,4.5,5.0,5.5,6.0,6.5,7.0,7.5,8.0,8.5,9.0,9.5,10.0","0.4430974562566678,0.3401484211579872,0.010494684856615553,-0.5800017805114626,-0.5656828867816862,-0.3785383776358088,-0.15501258795810233,0.2733550779538284,0.6865380952306956,0.38772835601738337,0.08094615769654818,-0.4186220086620626,-0.7438147997728578,-0.5409951950357732,-0.10881221795411665,0.3805036122585443,0.5905803517947429,0.4264545112310729,-0.05434754125145609,-0.1787921567511646,-0.7841548397857723","0.6283185307179586,0.4482483203132556,0.002638302305532275,-0.44458822138440307,-0.6282977327973032,-0.4518771328158666,-0.007914732401185398,0.44089703312903716,0.6282353387615907,0.4554744623153523,0.013190638849361114,-0.43717495334121054,-0.6281313477974787,-0.4590401125978658,-0.018465672214936335,0.43342218069154037,0.6279857585756754,0.4625738876653058,0.023739482559927277,-0.4296389149192331,-0.6277985692902135"
13,10,0.5,0.6283185307179586,0.01,9.81,2.600244516771654,0.001394233892085059,"0.0,0.5,1.0,1.5,2.0,2.5,3.0,3.5,4.0,4.5,5.0,5.5,6.0,6.5,7.0,7.5,8.0,8.5,9.0,9.5,10.0","0.4659454192545591,0.34094633476400604,-0.43145902218258536,-0.5920340258987761,-0.4134088124771794,0.10261182534817245,0.5883288279541028,0.5469386240082419,0.06403013622373077,-0.576078682046145,-0.40366800304610945,-0.20913289741120722,0.6404810458541765,0.40718649077562835,0.15502875586925496,-0.2550018816490285,-0.6005354320484815,-0.2377014465705377,0.3851885902661537,0.6974208571665368,0.2638326114472912","0.6283185307179586,0.3511247279910817,-0.2504799123531307,-0.6182994099289431,-0.439404080269241,0.14072046364018095,0.5885578142363295,0.5127771060253621,-0.025727088347482996,-0.5399686706205639,-0.5693125409779215,-0.09023197701324798,0.473838192961879,0.6075304165241819,0.20281602732660203,-0.39188173860105047,-0.626352283334173,-0.30793663656488834,0.2963504058364077,0.6251988764768381,0.40204288480697"
14,10,0.5,0.6283185307179586,0.01,9.81,1.1943027143039653,0.007147440579182093,"0.0,0.5,1.0,1.5,2.0,2.5,3.0,3.5,4.0,4.5,5.0,5.5,6.0,6.5,7.0,7.5,8.0,8.5,9.0,9.5,10.0","0.5245542131677011,0.08417599215205235,-0.5193725733779928,-0.1260971337762649,0.6069610055326431,-0.035428733747423585,-0.6667213987519682,-0.08522426577920801,0.5845033205880646,0.2094181219086626,-0.5866129651480014,-0.09038620937466812,0.6162123772125592,0.425879659782649,-0.5651749120501708,-0.4359949674227592,0.7532877559987416,0.5826018739484259,-0.5822465376711214,-0.7283110153318548,0.7128097348096137","0.6283185307179586,0.024810176436349307,-0.6296406355948421,-0.07487936065870726,0.6335029915023886,0.12627186760335762,-0.6395699498940111,-0.17977969078237388,0.6472025992566082,0.23601285010301387,-0.6553423226669166,-0.2952319002384536,0.6623682723938917,0.3570949174658036,-0.6659871743067028,-0.4203440692653717,0.6632800029612691,0.4825547417343331,-0.651084033695853,-0.5402014392055803,0.6268139199162965"
15,10,0.5,0.6283185307179586,0.01,9.81,3.851429701585177,0.009707587591907891,"0.0,0.5,1.0,1.5,2.0,2.5,3.0,3.5,4.0,4.5,5.0,5.5,6.0,6.5,7.0,7.5,8.0,8.5,9.0,9.5,10.0","0.6152133149832681,0.42110999691328604,-0.18688638824332648,-0.5449834526421159,-0.4745556132372589,-0.1917377135485315,-0.2075896435886127,0.565011863150376,0.7990867810951006,0.21931266220589257,-0.11568585936087172,-0.6546117604329822,-0.713495022834927,-0.36734957342539265,0.0540942684006413,0.5133469595199014,0.5902718227066405,0.28698745487888033,-0.19303069840800358,-0.5524448531089209,-0.40387445452163573","0.6283185307179586,0.44117460717003854,-0.017874099248793768,-0.46554160500106473,-0.6273557795490377,-0.4153782541916031,0.05356155132946938,0.4884109240780459,0.6244699803012493,0.38822658726089254,-0.08906701149665265,-0.5097197860224731,-0.6196684916568497,-0.3597994775360045,0.12426998941631504,0.5294107613585717,0.6129635644400429,0.3301826434654571,-0.15905129344558344,-0.547431580720721,-0.6043723215245436"
16,10,0.5,0.6283185307179586,0.01,9.81,1.9662141116216838,0.0043341373543138205,"0.0,0.5,1.0,1.5,2.0,2.5,3.0,3.5,4.0,4.5,5.0,5.5,6.0,6.5,7.0,7.5,8.0,8.5,9.0,9.5,10.0","0.552299916100506,0.05158170800399747,-0.5081218439358197,-0.6011846289431356,-0.2394197466631983,0.6065825075668956,0.4186521738455072,-0.28036302620956294,-0.6679405749086686,-0.2519632545892865,0.3366237121508985,0.5030847526110528,0.13052188197798842,-0.37283970206389094,-0.7102214659750725,0.09576034461206516,0.5292344258942565,0.4017448904707191,-0.04352465976077646,-0.4143559739800923,-0.3854173609614356","0.6283185307179586,0.2617401090886016,-0.4275973019859393,-0.5996886491063089,-0.06781018221536117,0.5485845382308123,0.5145263565437252,-0.13336662240195674,-0.6154013223908408,-0.3773747852808062,0.32026612458616455,0.6252265038733772,0.20015371576050012,-0.4729113934218964,-0.5778466834221405,-0.0014684695691080663,0.5767413964435738,0.47479298596184993,-0.19737359934601895,-0.6249472859351145,-0.32277022508990794"
17,10,0.5,0.6283185307179586,0.01,9.81,2.6130011507411357,0.0027052422317585716,"0.0,0.5,1.0,1.5,2.0,2.5,3.0,3.5,4.0,4.5,5.0,5.5,6.0,6.5,7.0,7.5,8.0,8.5,9.0,9.5,10.0","0.46139017857848624,0.40879973361408656,-0.2053436301421593,-0.7775520602915329,-0.38084662299498173,0.013286934816525958,0.46157085432310807,0.6965477964899394,-0.1244766279874022,-0.7517811917010362,-0.6272772196237896,-0.14579425157060294,0.4540846685843286,0.5163450572557049,0.1906476937772178,-0.433887019259545,-0.6768977638189141,-0.24306895819537877,0.28239274314576435,0.6141890414409874,0.37035987509271656","0.6283185307179586,0.35247798414215253,-0.2473819733522601,-0.617416149249997,-0.44408029323578546,0.1324936530553474,0.5850757598333415,0.5193175339153022,-0.012244445423453182,-0.5323143701074642,-0.5760299385086978,-0.10850430361724428,0.4606611479166458,0.6125916464707977,0.224850581999246,-0.37215603746820525,-0.6278732426709159,-0.3322475272536042,0.2695120595687571,0.6213653457443257,0.4268305515840999"
18,10,0.5,0.6283185307179586,0.01,9.81,1.0846467740096224,0.0052813443360334045,"0.0,0.5,1.0,1.5,2.0,2.5,3.0,3.5,4.0,4.5,5.0,5.5,6.0,6.5,7.0,7.5,8.0,8.5,9.0,9.5,10.0","0.5361414313966497,-0.09483525304505183,-0.5024835932584937,-0.01401000530642138,0.39202811894559847,-0.05780382066838388,-0.47319628104568906,0.30834794558260237,0.48677874126903636,-0.46508533392104356,-0.5051225996175158,0.3639003480994851,0.5560208054238138,-0.5048410346449123,-0.3114860810480783,0.5884086230701008,0.2802319077189747,-0.579635778241484,-0.031803817847581406,0.6361045624907669,0.04233478639176999","0.6283185307179586,-0.0362034896252752,-0.6188835077213544,0.11016239068019407,0.5906230890036226,-0.1880772209755126,-0.5440179348146876,0.2703395514652467,0.4808494012324615,-0.35447502029451844,-0.4049743338376053,0.43539071379521627,0.3221015937267428,-0.5069645987831142,-0.2382059230903174,0.5640821077864966,0.15749229197447412,-0.6037337878987867,-0.08128510651351917,0.6247553879977488,0.008278222667857271"
19,10,0.5,0.6283185307179586,0.01,9.81,1.5210920707289786,0.007028325952142594,"0.0,0.5,1.0,1.5,2.0,2.5,3.0,3.5,4.0,4.5,5.0,5.5,6.0,6.5,7.0,7.5,8.0,8.5,9.0,9.5,10.0","0.5851689755619776,0.1984046470025418,-0.5675729953024343,-0.3166529183696638,0.40376507069072354,0.6530038927276148,-0.2071672825771318,-0.755127577273569,-0.2084599658234744,0.4304480082762769,0.44601474458174667,-0.23979825080979195,-0.498817369613614,0.04427697825026644,0.5616153374060542,0.2772834324787089,-0.7395581342697387,-0.5480867977989353,0.4512037404722176,0.68180803054583,0.01455090106662211","0.6283185307179586,0.15446709233775746,-0.567446813418659,-0.42276520270192863,0.38342859239037524,0.5864466182510149,-0.10280576016530724,-0.6265933147956433,-0.2049297754624822,0.5448400294922509,0.4589701745882282,-0.3412016375406585,-0.6018565911787466,0.05034658929911173,0.6214088213774831,0.25380376099102286,-0.5186370927432391,-0.4918517070622439,0.29637013625957215,0.6137106114515499,0.0025032322296310583"
20,10,0.5,0.6283185307179586,0.01,9.81,2.4671836349254885,0.008494103764520538,"0.0,0.5,1.0,1.5,2.0,2.5,3.0,3.5,4.0,4.5,5.0,5.5,6.0,6.5,7.0,7.5,8.0,8.5,9.0,9.5,10.0","0.6270859880875883,0.2834169282844497,-0.31264294576218377,-0.513183470564507,-0.5273486280063082,0.3181138649553145,0.46449575136843313,0.45439099508492675,-0.2353906980524233,-0.4441599906075887,-0.46115432976707493,0.15504798247386764,0.5805270947062003,0.5272772799692352,-0.02236581765233664,-0.6739671518736695,-0.6917890661291928,-0.09428309607134948,0.5285145315266967,0.5317919361334182,-0.034292012956485596","0.6283185307179586,0.3361750293504922,-0.28388382609540863,-0.62552350878454,-0.3851262304947391,0.22871130616002072,0.6171756231376414,0.43035017469070663,-0.17118141426294384,-0.6033802196873532,-0.47152706518922616,0.11186984129721098,0.5842945139558545,0.5083910700143242,-0.051387740837352286,-0.5601071280081347,-0.5407114916209492,-0.009633292681341887,0.5310207175423943,0.5682749285547406,0.07055324592618883"
21,10,0.5,0.6283185307179586,0.01,9.81,3.651192959010121,0.00381129977243837,"0.0,0.5,1.0,1.5,2.0,2.5,3.0,3.5,4.0,4.5,5.0,5.5,6.0,6.5,7.0,7.5,8.0,8.5,9.0,9.5,10.0","0.4144206653661492,0.5421174853970401,-0.04348336574667376,-0.5565725588336203,-0.6216425737593916,-0.4794515029550521,0.16941124014382564,0.38009100644110555,0.4510412656021503,0.30463874899644483,-0.24008090366860296,-0.6714376222541992,-0.49713421196094776,-0.08331455732532247,0.3000690103652699,0.7233388715609238,0.5182057642263206,0.10060115610495649,-0.37022853957932084,-0.5248835266178048,-0.3974018548341711","0.6283185307179586,0.4309113616870853,-0.04706352100769953,-0.4934375868361308,-0.6216576035678193,-0.35869166382868134,0.14007359444644185,0.5450590344420579,0.6017900310174816,0.2782599111357055,-0.2297742440732237,-0.584823941292744,-0.5690608669455021,-0.1913591208701452,0.3140951915654921,0.6120242552115412,0.5240455589867073,0.09995786310248017,-0.39115960425333285,-0.6261849266047534,-0.4675562418196688"
22,10,0.5,0.6283185307179586,0.01,9.81,4.245169106278405,0.008242879217471218,"0.0,0.5,1.0,1.5,2.0,2.5,3.0,3.5,4.0,4.5,5.0,5.5,6.0,6.5,7.0,7.5,8.0,8.5,9.0,9.5,10.0","0.7383508246411272,0.26026946310299015,-0.08199467594597164,-0.19225865028735623,-0.8151704443601684,-0.5438608794965472,-0.2122632299367316,0.25666250147560504,0.3779832335982808,0.6072976063370156,0.20504320899001216,-0.12900277806297256,-0.7212074459149442,-0.5428238522725876,-0.22525120082126007,0.22679315589704865,0.52790179709303,0.4602040398619945,0.28065121147725003,-0.21959724008751058,-0.5944365580269417","0.6283185307179586,0.4585322047603759,0.033030275368667955,-0.4115502865585956,-0.62502694169982,-0.5004712100413566,-0.09870504336632749,0.3599920084874471,0.6151790958059342,0.5369637976858045,0.16323000743064223,-0.30438608830717073,-0.5988564917160635,-0.567669633731225,-0.22586326324761163,0.2453212129416609,0.576197119411141,0.5923110814766942,0.28589808697005803,-0.18344176966087117,-0.5473978438457853"
23,10,0.5,0.6283185307179586,0.01,9.81,2.2436527056357853,0.0035949529353721974,"0.0,0.5,1.0,1.5,2.0,2.5,3.0,3.5,4.0,4.5,5.0,5.5,6.0,6.5,7.0,7.5,8.0,8.5,9.0,9.5,10.0","0.5449520484046901,0.2528572296676375,-0.4305996197544779,-0.6771660155552484,-0.16673409809047363,0.45476203325408665,0.4636802231310472,0.23660595243435262,-0.41051168387458836,-0.7737145677576284,-0.16934928522618217,0.33778831552178434,0.8083329523119592,0.12536652024851802,-0.5469903251729804,-0.5442447389883279,-0.12855852382340605,0.4840860895620299,0.5580823007037964,0.07712401984322845,-0.6228053857634512","0.6283185307179586,0.3070693178548655,-0.3445822809503061,-0.6269863637878179,-0.2680706568069229,0.38037174196123447,0.6229897245958147,0.22783076840236705,-0.41421738727252766,-0.6163282195002453,-0.18658986718815762,0.44592537467503823,0.6070013627758291,0.144574741048681,-0.4753342076793159,-0.5950091496138185,-0.10199287597999551,0.5023169482718889,0.5803534009165399,0.059030784748577925,-0.5267799465981644"
24,10,0.5,0.6283185307179586,0.01,9.81,3.57122976788739,0.0022577723524837886,"0.0,0.5,1.0,1.5,2.0,2.5,3.0,3.5,4.0,4.5,5.0,5.5,6.0,6.5,7.0,7.5,8.0,8.5,9.0,9.5,10.0","0.7698799671243858,0.3179625897208181,-0.12105598321198846,-0.5802476784754493,-0.5829999523904202,-0.1774691515997041,-0.12011720588206967,0.7008969774934211,0.6516107720115835,0.2569334366704774,0.010132221419630827,-0.49672811315995613,-0.418200202677405,0.029248158730394602,0.36694376925063077,0.6208158451399559,0.4466930352909495,-0.06518648163217308,-0.4754548562923955,-0.6889512109129357,-0.4075191629605648","0.6283185307179586,0.4264912296283321,-0.059425179549354584,-0.5045560608367327,-0.617704725380474,-0.33311826195230876,0.1760257343282258,0.5649094276840628,0.5861551471688007,0.22752332465788158,-0.2860128610410504,-0.6058000639700873,-0.5345448209244982,-0.11343119293000675,0.38541303231383717,0.6260835819418409,0.4643422357977128,-0.004944373725340484,-0.470835506636069,-0.6252008643702488,-0.3776457009473182"
25,10,0.5,0.6283185307179586,0.01,9.81,1.3995869111379875,0.0010662604277590496,"0.0,0.5,1.0,1.5,2.0,2.5,3.0,3.5,4.0,4.5,5.0,5.5,6.0,6.5,7.0,7.5,8.0,8.5,9.0,9.5,10.0","0.7411707459399797,0.1277489007231265,-0.7113481182981558,-0.2007020457466623,0.49428675059842864,0.428417217207159,-0.3203227494981588,-0.46719265429901624,0.06767072632161712,0.516429698483947,0.02342765674819016,-0.7186300527266264,-0.4551517810795659,0.36134068978222267,0.5349269875556741,-0.6241705981737709,-0.6531598911807619,0.0815186366705764,0.8042466670713748,0.08307887269066355,-0.6051230088819936","0.6283185307179586,0.11332967230001711,-0.59982225826216,-0.3238066996649697,0.5097525662209907,0.4882559273321936,-0.35522196331699724,-0.5892516196960071,0.15054171778433223,0.6275356480527139,0.07566202491276619,-0.6086679087579683,-0.29107474867803174,0.5293976398447106,0.46493343041500756,-0.3851990232262406,-0.576914960003952,0.1871465411267601,0.6251815637306941,0.03769102835521099,-0.6158299632867503"
26,10,0.5,0.6283185307179586,0.01,9.81,4.041159698759623,0.00698365770932829,"0.0,0.5,1.0,1.5,2.0,2.5,3.0,3.5,4.0,4.5,5.0,5.5,6.0,6.5,7.0,7.5,8.0,8.5,9.0,9.5,10.0","0.5338708942807927,0.4699552627427311,-0.14638269612760882,-0.35549562561298514,-0.5886639290843508,-0.44541938329755915,0.01706556374652623,0.47723520946507325,0.6354688348795565,0.5202488603928822,0.1010228179610297,-0.4182915225893086,-0.5849765187471355,-0.34456259623244995,-0.09651863442519233,0.3644347890009334,0.8218299128616888,0.5247288832291938,0.02070983493376114,-0.42096644819164847,-0.7484531041123806","0.6283185307179586,0.4499609008908385,0.007652646311565148,-0.43929980282879844,-0.6281425285339464,-0.46035641303405883,-0.022953161234802705,0.4283786876294041,0.627614582661481,0.470480928301212,0.03823934620178346,-0.4172032845577796,-0.6267348759223835,-0.4803291918063441,-0.05350165847597371,0.4057794867591982,0.6255037155991421,0.4898961040090878,0.06873057148028722,-0.3941133551819097,-0.623921537197218"
27,10,0.5,0.6283185307179586,0.01,9.81,3.673244203818508,0.008026561279197712,"0.0,0.5,1.0,1.5,2.0,2.5,3.0,3.5,4.0,4.5,5.0,5.5,6.0,6.5,7.0,7.5,8.0,8.5,9.0,9.5,10.0","0.7198692405727682,0.3717422404859252,0.07250174534801193,-0.550505754403493,-0.7823159674853589,-0.32566522778611146,0.25087419683541257,0.6449003263079668,0.6906543807781752,0.3605060196013481,-0.2366627306804064,-0.6302473762772006,-0.6610809274121067,-0.0937989487912363,0.1608692785582372,0.5936037519235844,0.4882694935869354,-0.06685567734402667,-0.5523029567460286,-0.5964231709919966,-0.39537801751366786","0.6283185307179586,0.432096437758724,-0.04372777137280992,-0.4903657407837059,-0.6225674016558327,-0.3654378396974078,0.1302876543477901,0.5392704154382156,0.6053999898663438,0.2915668781535976,-0.2141890244517849,-0.5780291595078242,-0.577073764444695,-0.21185726034490657,0.2937533626241544,0.6060434265077775,0.5380176331960069,0.12785665750947695,-0.3674374590725173,-0.6228892023564976,-0.4888351979066675"
28,10,0.5,0.6283185307179586,0.01,9.81,2.56512098992253,0.006118670763576044,"0.0,0.5,1.0,1.5,2.0,2.5,3.0,3.5,4.0,4.5,5.0,5.5,6.0,6.5,7.0,7.5,8.0,8.5,9.0,9.5,10.0","0.7134182715481492,0.3651046786281917,-0.3444071913406126,-0.6649607874089954,-0.44636316686056143,0.27363281608130413,0.2940155859225267,0.4521203618868107,-0.1959127203836286,-0.6382598186555889,-0.7191738167158603,0.0392494974088593,0.45905991413068686,0.5424578312874347,0.08332630749336421,-0.405707868738883,-0.57797896960648,-0.25881673612631717,0.43126791906466866,0.7378326983908918,0.20257566642569202","0.6283185307179586,0.3473291861781467,-0.2591032201894088,-0.6205708196163888,-0.426069370554387,0.16358125909010304,0.5975292011036255,0.4935765070205656,-0.06335360086874572,-0.5597521430978138,-0.5484868771302734,-0.0387167431207415,0.5080610378946143,0.5897136693575667,0.13965966785477824,-0.4434886289962546,-0.6163829453632086,-0.23657052534684625,0.3673219926306388,0.627864108899139,0.32677908815324225"
29,10,0.5,0.6283185307179586,0.01,9.81,1.1290864915744585,0.002030770661823761,"0.0,0.5,1.0,1.5,2.0,2.5,3.0,3.5,4.0,4.5,5.0,5.5,6.0,6.5,7.0,7.5,8.0,8.5,9.0,9.5,10.0","0.5852582157449797,-0.12944137460003502,-0.6710193392189853,0.07950470754083463,0.5761837800212827,0.006245976043394864,-0.49465394946768837,-0.020373755330174992,0.6212711521174863,-0.1893222418137719,-0.614458891918053,0.27397004152288246,0.48890280927117286,-0.30266523820445235,-0.7037844733875276,0.2598498154200646,0.4938770819682628,-0.2644402099228391,-0.3480579001748992,0.14123216714342196,0.4070610593260541","0.6283185307179586,-0.010048566047642371,-0.6265894398591534,0.03056348664386288,0.6213394949775122,-0.05232361991258472,-0.6123859313716811,0.07612715024305339,0.5994433615731292,-0.10270787374120016,-0.5821583388502305,0.13267812675568957,0.560167898589532,-0.16644612684282478,-0.5331879197940488,0.20411321479036526,0.5011301323101853,-0.24537153098945763,-0.4642313179584072,0.2894398553673564,0.4231573446283645"
30,10,0.5,0.6283185307179586,0.01,9.81,3.5078133280571224,0.005239865855288193,"0.0,0.5,1.0,1.5,2.0,2.5,3.0,3.5,4.0,4.5,5.0,5.5,6.0,6.5,7.0,7.5,8.0,8.5,9.0,9.5,10.0","0.6601730806245405,0.3548865261958155,-0.2903730384565118,-0.4543109285501052,-0.44631523539534057,-0.4781519703299426,0.12256405336497816,0.6337549860429731,0.5708767720067308,0.10885250660184775,-0.2669939373424812,-0.6274939204507882,-0.651644653784533,-0.09806901089353068,0.6097179651372518,0.505592846226967,0.5488187616070299,-0.049550085616344386,-0.3757234084987606,-0.47332506245307027,-0.40351557553155387","0.6283185307179586,0.42284246964635647,-0.06953419150686457,-0.513334944825862,-0.6137918397724437,-0.3115563730155123,0.20499792709998788,0.5792289518192648,0.5707581526886146,0.1845555588284169,-0.3299484565282679,-0.6179307438985051,-0.5008585888149765,-0.04806770936085347,0.4383169378862054,0.6279695727330874,0.4068674905368418,-0.09091374741985297,-0.5252198444513363,-0.6089681139484582,-0.2927856336050209"
31,10,0.5,0.6283185307179586,0.01,9.81,3.0435624791653497,0.007884989716744232,"0.0,0.5,1.0,1.5,2.0,2.5,3.0,3.5,4.0,4.5,5.0,5.5,6.0,6.5,7.0,7.5,8.0,8.5,9.0,9.5,10.0","0.6859998358489527,0.6046109876914894,0.0912304859554906,-0.5481096224511266,-0.7078607915293829,-0.11889557851009415,0.463514733358774,0.4742644082771713,0.28803746147119447,-0.08461754946139294,-0.42659853767963773,-0.7005453586973905,-0.04408852571850893,0.4267072955834896,0.6537126454463617,0.21463158563295065,-0.16841423988688206,-0.6370050928526199,-0.5162415395869447,-0.09090220111158534,0.4717244776884986","0.6283185307179586,0.3915001080446361,-0.15279148082480515,-0.5744423097161243,-0.5582487267101792,-0.11522204773556446,0.4204451547469426,0.6272118413291223,0.3610634290206125,-0.18974907309321892,-0.588577804594789,-0.540044021729859,-0.07718947890257846,0.44780253126713365,0.6238949753682261,0.32923893743013055,-0.22595044224657881,-0.6006144293614664,-0.5198814590101952,-0.03884580261051601,0.4734838959462627"
32,10,0.5,0.6283185307179586,0.01,9.81,3.3562324400026586,0.005982214605921963,"0.0,0.5,1.0,1.5,2.0,2.5,3.0,3.5,4.0,4.5,5.0,5.5,6.0,6.5,7.0,7.5,8.0,8.5,9.0,9.5,10.0","0.6891530800987327,0.3498950076448145,-0.1340961418660655,-0.44918836572083615,-0.5297159617102901,-0.3174863226281102,0.3695290550637699,0.7355246886057873,0.4622155201226854,0.1079290453807219,-0.4377161937789695,-0.5211874756449308,-0.4293987669039318,0.1309711946912773,0.6788071658621871,0.5643779167113848,0.23987139851181283,-0.34333940301057836,-0.5546747436899042,-0.45781230963743696,-0.15861734463174415","0.6283185307179586,0.4135623484485702,-0.0948551779051997,-0.5340630672239002,-0.6013039149399291,-0.25515748585168896,0.2754236069802647,0.6072792912390588,0.5221545830495022,0.0725791450139901,-0.42998550670500546,-0.6279397501418371,-0.3966055847162882,0.11700204130698894,0.5453076908379039,0.5945973995381172,0.23455016919174415,-0.29532274719313123,-0.6125176674006507,-0.5095944954687485,-0.05020416082885132"
33,10,0.5,0.6283185307179586,0.01,9.81,3.016432223354361,0.00373555088256351,"0.0,0.5,1.0,1.5,2.0,2.5,3.0,3.5,4.0,4.5,5.0,5.5,6.0,6.5,7.0,7.5,8.0,8.5,9.0,9.5,10.0","0.5573683173203507,0.400639528063873,-0.11051320896599603,-0.38445616097549573,-0.5080157031708041,-0.21985864477636835,0.494429497245357,0.608092571726474,0.4770902134743751,-0.09713467607088555,-0.5780651843471278,-0.47422472784812275,-0.12102897858549155,0.3884044028537306,0.677696320472794,0.21225363329614938,-0.33872942832794184,-0.7042842793849827,-0.42054418130634186,0.1150157312553877,0.570733993463355","0.6283185307179586,0.3893701266917856,-0.1582154578841654,-0.5777005035957412,-0.553181569450491,-0.10149042920707618,0.43257557614374686,0.625803882194713,0.3427909460830014,-0.21350075161135298,-0.5975221340114498,-0.5241270120599784,-0.04383669942404109,0.4720834792156407,0.6182765120079142,0.2932020454479667,-0.26685841662581705,-0.6125165692702111,-0.4907311788451806,0.014219424648531043,0.5076093626932036"
34,10,0.5,0.6283185307179586,0.01,9.81,0.6386802555557274,0.004930456503091262,"0.0,0.5,1.0,1.5,2.0,2.5,3.0,3.5,4.0,4.5,5.0,5.5,6.0,6.5,7.0,7.5,8.0,8.5,9.0,9.5,10.0","0.7223486617898476,-0.5559773901845787,0.10699132850661702,0.05740817376747639,-0.4119805268570451,0.5979713995337566,-0.5808162111162567,0.327279022468973,-0.10689435425869352,-0.18967288649305677,0.6111880580434387,-0.6404747988443714,0.42491725542830266,-0.08870408619333592,-0.1986336254052919,0.6836303657708762,-0.6305350614926093,0.630455533681494,-0.15441918022616102,-0.07798003351102374,0.4706722615245151","0.6283185307179586,-0.5002143452459127,0.21294496402350904,0.11457217300912115,-0.4227900965787812,0.6154038003907891,-0.5631602431914542,0.3082753343282201,0.014609810185538974,-0.3351546531843917,0.5780987628091556,-0.6069216001440139,0.398140833094061,-0.0855654126616685,-0.24110556889040488,0.5202434736240538,-0.6272134673068128,0.4789609934056489,-0.1845334828132954,-0.1434434500896583,0.4465752131291284"
35,10,0.5,0.6283185307179586,0.01,9.81,1.4656310276878814,0.004676757793521726,"0.0,0.5,1.0,1.5,2.0,2.5,3.0,3.5,4.0,4.5,5.0,5.5,6.0,6.5,7.0,7.5,8.0,8.5,9.0,9.5,10.0","0.6507630159255142,0.2026891952278973,-0.6409843176275154,-0.3405344067459975,0.48974549111980176,0.3531184394439911,-0.19191070275393401,-0.7828012606938242,0.10523029714812951,0.535844218996209,0.3425438370743499,-0.38160105069040434,-0.6135582376524824,0.1979527237753978,0.548480460865387,0.1370319040212045,-0.7516921908369452,-0.2559057790539764,0.5345728205241115,0.44172632225547415,-0.37683142360067856","0.6283185307179586,0.1365360479462172,-0.5830085536907639,-0.3813155391063288,0.44309755445969634,0.5500826801083576,-0.2176839354905603,-0.6240611782274785,-0.05264578949814258,0.6068232519254162,0.3120517757381753,-0.4964553112395127,-0.5079305335169121,0.29445709003245224,0.6112072000212598,-0.03230014393226305,-0.6217677412746845,-0.23655961686034083,0.5408117081749724,0.4566936589853649,-0.36533922840511474"
36,10,0.5,0.6283185307179586,0.01,9.81,4.340313829706748,0.003105455372788067,"0.0,0.5,1.0,1.5,2.0,2.5,3.0,3.5,4.0,4.5,5.0,5.5,6.0,6.5,7.0,7.5,8.0,8.5,9.0,9.5,10.0","0.6405231444404207,0.4317822916872119,0.10199312964754245,-0.3413020814198993,-0.6294147504431646,-0.466232534159355,-0.1827655808833747,0.39619980386738796,0.6039758890190734,0.49631708062415203,0.27907189462931054,-0.22786571613411116,-0.6644094266081664,-0.5121563401872431,-0.08725981205405275,0.19003832017347316,0.6060869605126755,0.5801638420844949,0.3868523213740195,0.01857531136268871,-0.5941142013941836","0.6283185307179586,0.46225411834979957,0.044195591035730786,-0.39882758384718997,-0.6224197468711776,-0.5165853949227073,-0.1316642992564958,0.3274391153354608,0.6048111450927793,0.5608911977450945,0.2163972601970187,-0.24942014853329142,-0.5757591104563375,-0.594443641881612,-0.2966723640626274,0.1662857665133273,0.5357163231291519,0.6167124065153756,0.3709074934970157,-0.07970668676842814,-0.485330173688905"
37,10,0.5,0.6283185307179586,0.01,9.81,0.7623623376007971,0.003532455028197969,"0.0,0.5,1.0,1.5,2.0,2.5,3.0,3.5,4.0,4.5,5.0,5.5,6.0,6.5,7.0,7.5,8.0,8.5,9.0,9.5,10.0","0.29668264864095023,-0.31018764738338767,-0.3784483766547291,0.6237457572522351,-0.42615871955133855,-0.10100913789222665,0.671114806324368,-0.369002545751969,-0.04799574813901522,0.6416113474967129,-0.4754333843726488,0.08036237007321742,0.6218562383874094,-0.23774351808385857,-0.08350922419232286,0.45332063476940404,-0.6817717265895252,-0.011479820685101075,0.42680504557762405,-0.7198981099330566,0.11567442132735715","0.6283185307179586,-0.317126476300567,-0.25939790884512814,0.6234802092315401,-0.3719174518687325,-0.1982587646395726,0.6090232234783719,-0.42401821933220263,-0.1335123594621126,0.5852244284615233,-0.4730518499425662,-0.06565824373786544,0.5528045114094977,-0.5178889718367463,0.003971123380103858,0.5130562505642287,-0.5568856197880905,0.07348800257024957,0.4676653436953315,-0.5883807138044905,0.14104142393325558"
38,10,0.5,0.6283185307179586,0.01,9.81,1.8211719099500763,0.006957248632542056,"0.0,0.5,1.0,1.5,2.0,2.5,3.0,3.5,4.0,4.5,5.0,5.5,6.0,6.5,7.0,7.5,8.0,8.5,9.0,9.5,10.0","0.8183038243327695,0.2534252795285614,-0.38405173036778684,-0.6835937801452869,0.09149992845932631,0.6677763845739075,0.3160113184193891,-0.4497437021320143,-0.6751072850646982,-0.1450803658453355,0.5746009084223256,0.32177912343229464,-0.22855739425918714,-0.5819679775125903,-0.3215643916093264,0.5595253851569287,0.46005811799171825,0.08018373306951485,-0.6767313573679548,-0.5926212935638759,0.37631604474577957","0.6283185307179586,0.23254498419790293,-0.4735728339159315,-0.5655208645089719,0.0641466744998811,0.6074896601854275,0.38214806162171233,-0.3453826282351683,-0.6169923877952348,-0.10944506586204306,0.5451935271290965,0.501476187198505,-0.18960837818380316,-0.6268820685555627,-0.2741744660210749,0.4431445634954745,0.5830393317957256,-0.01848818981218281,-0.5951198176208985,-0.41680291107467043,0.3066948232469084"
39,10,0.5,0.6283185307179586,0.01,9.81,3.0066446855357527,0.008055083881957723,"0.0,0.5,1.0,1.5,2.0,2.5,3.0,3.5,4.0,4.5,5.0,5.5,6.0,6.5,7.0,7.5,8.0,8.5,9.0,9.5,10.0","0.49232849649608984,0.26505209298987104,-0.15419591235706215,-0.7443272453229415,-0.5489269699707319,-0.09987975516824577,0.3175326375775882,0.4149630442514217,0.3728599801354272,-0.07252773347033348,-0.5722354054642826,-0.6779540800232584,-0.048010458327588997,0.36663893030917144,0.7945234742741112,0.2512767164437878,-0.26848213732090365,-0.5689439369025201,-0.3880742756558197,0.01457079348525869,0.5623292596043065","0.6283185307179586,0.3885922773661392,-0.1601887761520545,-0.5788630176741469,-0.5512938405314662,-0.09647280206637363,0.4369184490882853,0.6251495520836754,0.3360217922424659,-0.22206778155037307,-0.6005032678317851,-0.518024905666358,-0.031643640016160796,0.4805448241868767,0.6156689643704636,0.2797263060041899,-0.281423245745123,-0.616035848316157,-0.47933736807646726,0.03355179582790546,0.5190781183451407"
40,10,0.5,0.6283185307179586,0.01,9.81,3.4894109314732438,0.004657481752960635,"0.0,0.5,1.0,1.5,2.0,2.5,3.0,3.5,4.0,4.5,5.0,5.5,6.0,6.5,7.0,7.5,8.0,8.5,9.0,9.5,10.0","0.7123835709935619,0.28604411786198536,0.05617384928277808,-0.45852569475964056,-0.5545741099312183,-0.30784269360663485,0.1753150586847805,0.5522442714692976,0.7045428563314049,0.34329461515361903,-0.2370874578298504,-0.676968371263251,-0.44538898561771734,0.17133952078514758,0.4768069288764347,0.729243462512942,0.36634318556889994,-0.17769886820389047,-0.6053910698906364,-0.6110851086361329,-0.2759217163454444","0.6283185307179586,0.4217588334571569,-0.0725198017047434,-0.5158732334988795,-0.6125191253631279,-0.3050805104811324,0.21347034174579266,0.5831224677175855,0.5657672516675697,0.17164467362064145,-0.3425252630406155,-0.6206343943018078,-0.49000556180933885,-0.02859825446624817,0.45290633016531195,0.6268613990612408,0.38852605144352503,-0.11606273522607619,-0.5392609255906883,-0.6015490556516179,-0.26608537910654984"
41,10,0.5,0.6283185307179586,0.01,9.81,4.163091730997156,0.0025027562791693353,"0.0,0.5,1.0,1.5,2.0,2.5,3.0,3.5,4.0,4.5,5.0,5.5,6.0,6.5,7.0,7.5,8.0,8.5,9.0,9.5,10.0","0.7132498193216585,0.3429100631832519,0.13737208881817026,-0.3551456465242401,-0.6731979049351073,-0.37910709942394427,0.07393451521539493,0.3212781868633752,0.5234611829767548,0.4088340337389529,0.05683852441669546,-0.3414290893585011,-0.5021688665257069,-0.5753207889535583,-0.2676693436988936,0.3181201466060216,0.7265360579986059,0.5267700231411903,0.2682721126204358,-0.2955499085016491,-0.5096670204311271","0.6283185307179586,0.45518478488742803,0.023063619552076142,-0.42264324508917434,-0.6267152315442001,-0.48528429754113156,-0.06905932589328379,0.38781654058963666,0.6219115744223493,0.5127997344234241,0.11466169859514086,-0.350876253299339,-0.6139264084694638,-0.5376039287411205,-0.1596126949074033,0.31200850536768115,0.602791544106975,0.5595846501997148,0.20366041310911182,-0.2714136048656247,-0.5885522467440225"
42,10,0.5,0.6283185307179586,0.01,9.81,0.6022043291023722,0.0018104307469807759,"0.0,0.5,1.0,1.5,2.0,2.5,3.0,3.5,4.0,4.5,5.0,5.5,6.0,6.5,7.0,7.5,8.0,8.5,9.0,9.5,10.0","0.6151573105203997,-0.6146150566246185,0.4936049404968757,-0.3975305225732507,0.05422388226521798,-0.03270127628889484,-0.295889648209699,0.33081007553805175,-0.5147578736247314,0.4289262320047733,-0.5602741351389348,0.7072917604887448,-0.45513456805827684,0.2196709989956716,0.07447471236972804,-0.1652118245319027,0.15913845446519104,-0.3846194206630242,0.4109362087264119,-0.5896259520907794,0.44791074677862186","0.6283185307179586,-0.5685703503334378,0.42730873408434134,-0.26456569803731567,0.10848824033833449,0.04058587623469656,-0.19255863658716685,0.35366197003455,-0.5105817179793692,0.6153622263700702,-0.6095840564738764,0.4971055064550589,-0.3383305929103705,0.17796073711607824,-0.026680361421472454,-0.1226775654508076,0.2796820492426446,-0.4421827145238409,0.5786455378603793,-0.6277584482814931,0.5577696193506059"
43,10,0.5,0.6283185307179586,0.01,9.81,3.7506170776840264,0.005156895072262487,"0.0,0.5,1.0,1.5,2.0,2.5,3.0,3.5,4.0,4.5,5.0,5.5,6.0,6.5,7.0,7.5,8.0,8.5,9.0,9.5,10.0","0.6460036028258449,0.6739197887505701,0.06760801972680355,-0.6105956362032433,-0.6089225058714505,-0.5646852142167583,-0.046271485681873295,0.3803577808513371,0.6994983550323189,0.4655864388886773,-0.06676217847322277,-0.5764027934944556,-0.6650083609189377,-0.3445220615573485,0.18399080296779252,0.4042004613099416,0.7414519322013573,0.13370990560541846,-0.33077029071654346,-0.5113412972231709,-0.5487563313153867","0.6283185307179586,0.43614437625356434,-0.03226526597856985,-0.47958055650525894,-0.6251852574256752,-0.3881010664580296,0.09643653402536966,0.5180127141336087,0.6158110955124346,0.3359076170974743,-0.15953592635169242,-0.5511020949201657,-0.600272891871201,-0.28008100639194533,0.22086864320151867,0.5785653458953108,0.5786984236548124,0.22119502355044562,-0.2797695490053821,-0.6001720898344696,-0.55126634086359"
44,10,0.5,0.6283185307179586,0.01,9.81,1.225723005651208,0.005509402975930272,"0.0,0.5,1.0,1.5,2.0,2.5,3.0,3.5,4.0,4.5,5.0,5.5,6.0,6.5,7.0,7.5,8.0,8.5,9.0,9.5,10.0","0.5686899588212283,-0.02026127806780767,-0.5826536106121023,-0.18316857725635183,0.6972010539375982,0.08601737599217911,-0.7835503944108818,-0.10046185209974542,0.6138780427704816,0.4737657250197939,-0.5376540161744483,-0.4767527393547797,0.6393954779053462,0.5594617955714719,-0.6309129760095991,-0.5977933272145173,0.5770734769808049,0.5565754016233139,-0.3245671805091817,-0.7218634974794054,0.3074702244940646","0.6283185307179586,0.04028056267744673,-0.6283313746401815,-0.12084658513599766,0.6278471892140374,0.20122813256524108,-0.6253084577083063,-0.2806469269261703,0.6182074209440603,0.35741282437404853,-0.6033860618081379,-0.4288292794098095,0.5776977954700657,0.49156173023821814,-0.5389867657406463,-0.5425605719865348,0.486970667164662,0.5801978135372055,-0.4234252028521106,-0.6049237625379817,0.35146543575236056"
45,10,0.5,0.6283185307179586,0.01,9.81,1.1854044622092579,0.007266883375699625,"0.0,0.5,1.0,1.5,2.0,2.5,3.0,3.5,4.0,4.5,5.0,5.5,6.0,6.5,7.0,7.5,8.0,8.5,9.0,9.5,10.0","0.6655560828032726,0.033071488562236795,-0.576997048399216,-0.09852227154609933,0.8089170668776504,0.14173759514467796,-0.6219362484215335,-0.08047117007641182,0.527297758099779,0.31935417616187894,-0.7090347205591937,-0.3595942036367223,0.8152643732444629,0.25080521299731695,-0.7750345821899831,-0.45623384856489063,0.5094206199435001,0.3305757629899718,-0.8273774648496276,-0.6144781010293812,0.6116829764375638","0.6283185307179586,0.02027993410230966,-0.6297132280671363,-0.061295954685344434,0.6338579861270379,0.10368157250558951,-0.640618991761033,-0.1483465302237006,0.6497176947534666,0.19616824968506097,-0.6606384368786935,-0.24791580730085205,0.6724852864871791,0.3040934019743047,-0.6837899048604501,-0.3646668808855764,0.6923097353597201,0.42866360935020886,-0.6949384472324951,-0.4937358539551798,0.6879641548903628"
46,10,0.5,0.6283185307179586,0.01,9.81,2.507703240083138,0.004429191034868343,"0.0,0.5,1.0,1.5,2.0,2.5,3.0,3.5,4.0,4.5,5.0,5.5,6.0,6.5,7.0,7.5,8.0,8.5,9.0,9.5,10.0","0.6390069611331353,0.5614770241271846,-0.17784266818076416,-0.6168961742472863,-0.29590892521289214,0.30028412740430627,0.5176828695682839,0.5332245700480508,-0.1419303235810899,-0.7169237216926531,-0.4026250234606989,0.04284662797042132,0.4663424018930438,0.3943512204957384,-0.06328350699844705,-0.49717621826585245,-0.6574320214677045,-0.0031952645112668515,0.4423550026828336,0.6158071315536736,0.16256261092800572","0.6283185307179586,0.34089549991318546,-0.27349893752182564,-0.6237372843011262,-0.4027603067245292,0.20154755524735501,0.6100764010492995,0.4582873433152243,-0.12617550101974717,-0.5875675650641436,-0.5068243637307333,0.04863670006827475,0.5565504770627843,0.5478326793768491,0.02974202931203973,-0.5174316367210957,-0.5808446289550131,-0.10760683392303955,0.470666017287855,0.6054415499550296,0.18362030423574977"
47,10,0.5,0.6283185307179586,0.01,9.81,1.8568044011654443,0.006672543338069997,"0.0,0.5,1.0,1.5,2.0,2.5,3.0,3.5,4.0,4.5,5.0,5.5,6.0,6.5,7.0,7.5,8.0,8.5,9.0,9.5,10.0","0.45894552806324884,0.2399278336644673,-0.5047691709527243,-0.6011058310217572,-0.0005789235422099526,0.5999824603675004,0.41367653008117306,-0.4143205349552911,-0.6440871487146147,-0.27182745288441845,0.47526175754281386,0.6176915954947692,-0.05360699328844187,-0.6764763785255108,-0.39951777736994076,0.257578063031564,0.5349674276858718,0.169466662378996,-0.5999668869495813,-0.5115316960239042,0.22416000809673836","0.6283185307179586,0.24013996696011491,-0.46217998693059226,-0.5755467845959852,0.029998960013698506,0.5959274919640016,0.4205119728647009,-0.2940981249112049,-0.6258338118167357,-0.18386984597567002,0.4995865347749057,0.5502885215235647,-0.08970885689206964,-0.6113760580258378,-0.3749008034430616,0.34523174919420013,0.6183801163106105,0.12582935297680226,-0.5324808174163665,-0.5202485263761758,0.14855666213204094"
48,10,0.5,0.6283185307179586,0.01,9.81,2.128156747490257,0.0017888492738449091,"0.0,0.5,1.0,1.5,2.0,2.5,3.0,3.5,4.0,4.5,5.0,5.5,6.0,6.5,7.0,7.5,8.0,8.5,9.0,9.5,10.0","0.605869863898026,0.2668825945523631,-0.4373183265457692,-0.7004138974976333,-0.07374407961389505,0.3191506033030049,0.6691259433029294,-0.042105412166293904,-0.33452956543093704,-0.43334794509402635,-0.12108253960452678,0.49617649490740356,0.5274197139012928,-0.25496888225179126,-0.6035939225772606,-0.30483400182478193,0.3280698259838103,0.7023756773319765,0.2289548562156823,-0.15877781747357886,-0.5858106271246835","0.6283185307179586,0.28963498850535896,-0.3781784334493485,-0.6204911320877109,-0.19275502967986552,0.45574008985078285,0.5970303535681907,0.0904507630824361,-0.5202227302412694,-0.5580659788227751,0.014343296835528097,0.5702238419933309,0.5040121712487147,-0.1187454065441601,-0.6049814639884961,-0.43579042338657,0.21986227809914888,0.6241808031201922,0.35499570008051035,-0.31474988034781515,-0.6277352565375474"
49,10,0.5,0.6283185307179586,0.01,9.81,1.031026559542319,0.009657078980945633,"0.0,0.5,1.0,1.5,2.0,2.5,3.0,3.5,4.0,4.5,5.0,5.5,6.0,6.5,7.0,7.5,8.0,8.5,9.0,9.5,10.0","0.5677064289444824,-0.1767570143209678,-0.656753175163204,0.18612021338198745,0.6526330985614863,-0.44680673445634345,-0.4063796411228346,0.7028538965782115,0.2890792437850935,-0.5290016569743187,-0.2601703318805091,0.5238758888429318,0.035803027958505894,-0.6019123744647119,0.3303067059392162,0.6553917748268772,-0.29854403551965747,-0.4828847100830223,0.3631633404532397,0.3179407247730896,-0.6114992768590571","0.6283185307179586,-0.0707630389591617,-0.601661207852598,0.2138135666263158,0.5245569546268569,-0.3560215762950426,-0.4075098068904199,0.48373743680814746,0.26867394500890973,-0.5778223075062888,-0.12507157444825,0.6244115237984885,-0.016739195796408257,-0.6180742965174705,0.1589666523752269,0.5594646551938404,-0.3024893733330216,-0.45583550292186975,0.4379509934818843,0.3229683256806978,-0.5469719478435908"
50,10,0.5,0.6283185307179586,0.01,9.81,4.588613108184232,0.007297364204296747,"0.0,0.5,1.0,1.5,2.0,2.5,3.0,3.5,4.0,4.5,5.0,5.5,6.0,6.5,7.0,7.5,8.0,8.5,9.0,9.5,10.0","0.6513484548961883,0.5020349597220182,-0.002118341378310004,-0.6287010603617054,-0.6327317178438872,-0.7720665946642685,-0.14136388753985923,0.23188511655423918,0.6446593506074166,0.6553164378813328,0.42257847073601285,-0.15511322195372554,-0.669406222151686,-0.6722573865682546,-0.3202709321801471,-0.08110086188778944,0.43674902278915173,0.6927290581049587,0.5784442166529807,0.21232979080168912,-0.2945012041810466","0.6283185307179586,0.4712402047335605,0.07151458429628565,-0.3664012369560512,-0.6128371031027964,-0.5518478589305718,-0.21065373768126727,0.24229874099230678,0.5670119875001159,0.6046510931847828,0.338454363469009,-0.10520392675192956,-0.49273699001312665,-0.6274423983987444,-0.4483701145499188,-0.03760424918788732,0.3932554190403759,0.6193055930586024,0.5351090122707889,0.17836490844427969,-0.27320614181414504"
51,10,0.5,0.6283185307179586,0.01,9.81,1.696414826567838,0.009722587396129516,"0.0,0.5,1.0,1.5,2.0,2.5,3.0,3.5,4.0,4.5,5.0,5.5,6.0,6.5,7.0,7.5,8.0,8.5,9.0,9.5,10.0","0.7913383387523373,0.3135127484245692,-0.307303803589009,-0.47388986674042927,0.3568534496421484,0.6541376472406252,0.16882896018283083,-0.6529634946250656,-0.5573908055808122,0.29142325734981306,0.8203966115918432,0.2014100682500487,-0.3629295081355619,-0.36800479149543724,-0.026791675550623145,0.7693737894431081,0.2971862807504765,-0.4296138801499778,-0.5597667881836139,0.17000589740119681,0.6171899592489636","0.6283185307179586,0.2034391590362692,-0.5135268158684629,-0.5202914679619719,0.19164711584821936,0.6282151597879255,0.2151453667759442,-0.506565248046833,-0.5268578676210105,0.1797740424364873,0.6279050227540837,0.22676096818679686,-0.49940819806975867,-0.5332247681697889,0.16782478151402375,0.6273880478022439,0.23828122433570453,-0.4920572040474615,-0.5393910071316799,0.1558042168613149,0.6266641182692797"
52,10,0.5,0.6283185307179586,0.01,9.81,4.004379067846076,0.007452011702430961,"0.0,0.5,1.0,1.5,2.0,2.5,3.0,3.5,4.0,4.5,5.0,5.5,6.0,6.5,7.0,7.5,8.0,8.5,9.0,9.5,10.0","0.7026638522692942,0.6004410038594328,-0.06783007397353936,-0.2690826338237112,-0.8490327468324769,-0.5525158686773572,-0.10755914710020817,0.44649296039020525,0.6301282006328628,0.5026524655953096,0.0034234710123851146,-0.41711371902589967,-0.7029427313265044,-0.3549661794549718,0.08277102707200046,0.3609994886975341,0.636171534137358,0.46419779732074423,0.025665126406786136,-0.48064568981291717,-0.7391012312401515","0.6283185307179586,0.44832266783594066,0.0028555983412335006,-0.4443603928452382,-0.6282941498443966,-0.45224826157053777,-0.008566568935326896,0.44036169326564945,0.6282210070850176,0.4561369184570114,0.01427686114396759,-0.4363268270535881,-0.6280991020347747,-0.4599883837807507,-0.019986022310067963,0.4322560536835065,0.6279284340552868,0.4638024035241983,0.02569359917981029,-0.42814963439013876,-0.6277090023296495"
53,10,0.5,0.6283185307179586,0.01,9.81,2.522126759647049,0.0034501740566064316,"0.0,0.5,1.0,1.5,2.0,2.5,3.0,3.5,4.0,4.5,5.0,5.5,6.0,6.5,7.0,7.5,8.0,8.5,9.0,9.5,10.0","0.5618896407627113,0.2842961299794235,-0.2358896027418942,-0.5630803659494809,-0.29994304320212534,0.20166507122183552,0.5929539591588258,0.6457934293195478,-0.05145591159283369,-0.5800745791309988,-0.1726378526362019,-0.08908114975279155,0.5644820277482963,0.5534981366300847,-0.0012771998398444923,-0.6495750257610996,-0.6314606515466059,-0.027814353828382224,0.4651073178590882,0.45852253463066095,0.1913936360079786","0.6283185307179586,0.3425392125822947,-0.26984755124471926,-0.6230092372027708,-0.40879705377557435,0.19194723123487,0.6071872780592217,0.4676186524034359,-0.11026794444579185,-0.5811478517225381,-0.5181994947336215,0.026391784090105397,0.5453228392080752,0.559879023351809,0.05801280353155647,-0.5002330604472225,-0.5920897129058912,-0.14125714110393345,0.446476634901131,0.6143403341849158,0.22169728582056075"
54,10,0.5,0.6283185307179586,0.01,9.81,0.9337593296907468,0.009123421568894577,"0.0,0.5,1.0,1.5,2.0,2.5,3.0,3.5,4.0,4.5,5.0,5.5,6.0,6.5,7.0,7.5,8.0,8.5,9.0,9.5,10.0","0.6353033081945583,-0.14845102266347426,-0.6052423732287028,0.4508137609459366,0.32347054180344054,-0.6832826209583622,-0.07986615825261163,0.6219360775463039,-0.3775761237742302,-0.5597746887100491,0.31037220202702964,0.21025024259698616,-0.7045104187083138,0.0432452150202689,0.5612475473817565,-0.40916506812269277,-0.3010964002319412,0.61565783250224,0.11442317919379277,-0.6193655294902138,0.32776320660142994","0.6283185307179586,-0.14358450971790904,-0.5396602260554368,0.41386633928568994,0.31114817701610264,-0.5956717150004738,-0.028865970768516602,0.6137451336330697,-0.2563204747642873,-0.46051314593885756,0.5025224265663211,0.2005464530731278,-0.6246370614776569,0.08615242907242981,0.5709441171931555,-0.36368389384434807,-0.3640216211117069,0.5707598974749488,0.08652884754770451,-0.6246849775383674,0.20017628759782957"
55,10,0.5,0.6283185307179586,0.01,9.81,2.55099330425125,0.002821270283157073,"0.0,0.5,1.0,1.5,2.0,2.5,3.0,3.5,4.0,4.5,5.0,5.5,6.0,6.5,7.0,7.5,8.0,8.5,9.0,9.5,10.0","0.45319975558875847,0.30281320041800575,-0.3372496537943968,-0.5207302839332943,-0.47962357839119785,0.06012536158174134,0.5326766355803473,0.38784360284141817,-0.010344259670637249,-0.5934504409381706,-0.5694807215790174,-0.05321026486463022,0.35264403134147293,0.5103489752573578,0.15307403541343098,-0.5153190551092467,-0.4487776698696704,-0.06532172183597676,0.514122768826049,0.709969429167547,0.1757902816461133","0.6283185307179586,0.345773035822902,-0.26261073493666975,-0.6214150477656383,-0.42051119170125084,0.17285826441148197,0.600869838040167,0.48534967846865446,-0.07867601616896955,-0.5671413670991239,-0.5391256277364098,-0.017545766938469598,0.520901557016697,0.5809011922810954,0.11331148233905558,-0.46298181252916915,-0.6099009422288288,-0.20614896195645244,0.3943918359578888,0.6255215354315056,0.29373790253386595"
56,10,0.5,0.6283185307179586,0.01,9.81,1.8768048086779363,0.006212976120477064,"0.0,0.5,1.0,1.5,2.0,2.5,3.0,3.5,4.0,4.5,5.0,5.5,6.0,6.5,7.0,7.5,8.0,8.5,9.0,9.5,10.0","0.6756902388445327,0.4080369848519952,-0.3559525314473867,-0.6514200984842844,-0.09290437207930315,0.5879435362438031,0.2909466537079749,-0.4228532468468199,-0.689757170206063,-0.24740958444951555,0.35203336696721094,0.3965632369904993,-0.051148660791119696,-0.559812078680464,-0.2552221694542501,0.2124225726226009,0.6197070138776817,0.25636504780519875,-0.5981755364428988,-0.4592881113055335,0.10890434595564868","0.6283185307179586,0.2442766408576204,-0.45580672947617695,-0.580679410993947,0.011316358012434746,0.5885248803367041,0.4403155013842033,-0.2648599234508783,-0.6279641189422918,-0.2233592587896629,0.47069771940017224,0.5721363536693387,-0.03393366298330308,-0.5956696405586183,-0.42424068344956894,0.28508111321264373,0.6269008928913424,0.20213635773209038,-0.48497319782206616,-0.5628996118502735,0.05650474768377878"
57,10,0.5,0.6283185307179586,0.01,9.81,1.2954775232265427,0.00870952855683138,"0.0,0.5,1.0,1.5,2.0,2.5,3.0,3.5,4.0,4.5,5.0,5.5,6.0,6.5,7.0,7.5,8.0,8.5,9.0,9.5,10.0","0.6140826464477638,0.2776654276372814,-0.5921858932935828,-0.07922557378463072,0.5793618130475308,0.3341148795806168,-0.4704190301517984,-0.367380994837034,0.4575082580470259,0.2993414345550368,-0.3802940777415607,-0.5215099411127834,0.2391784905680997,0.6651604495991013,-0.06871634275626004,-0.778949042282329,0.036792687565583404,0.5718940725144169,0.14596225772525123,-0.5474711060352702,-0.40323819488509","0.6283185307179586,0.07194325387913192,-0.6205120874041863,-0.21220677161028523,0.5948239981522736,0.3410179654936254,-0.5459370786595903,-0.44994565968829625,0.46939695563422124,0.5323875357707404,-0.36555641686253854,-0.586767110730608,0.2401917070086994,0.6167973879339739,-0.10162859085829146,-0.6279900308744548,-0.0421040976648106,0.6234665781772313,0.18373087274766675,-0.6018765902972729,-0.31561543827840155"
58,10,0.5,0.6283185307179586,0.01,9.81,3.9133378842584454,0.007475166603558432,"0.0,0.5,1.0,1.5,2.0,2.5,3.0,3.5,4.0,4.5,5.0,5.5,6.0,6.5,7.0,7.5,8.0,8.5,9.0,9.5,10.0","0.4533419834124889,0.4784032250322172,0.1059755388516906,-0.4822369258624376,-0.5299229333158401,-0.3794617459011333,0.0501630973273651,0.3623958985881762,0.608315795246465,0.44279814380832805,-0.09246960416544567,-0.437879793380178,-0.6869107608460959,-0.32193846913266216,0.1347163734688682,0.48583515393225374,0.5735729245153394,0.4925528428484524,-0.12937682069804313,-0.6189805833820619,-0.4624547537875542","0.6283185307179586,0.444135184699467,-0.009328041404673804,-0.4569454421650581,-0.6280559082861659,-0.4309328481259701,0.027975615972006873,0.46935396866830614,0.6272682243461933,0.4173485103221479,-0.04659766834821544,-0.48135152262207814,-0.6259560292215491,-0.403392690246378,0.06517719273274578,0.4929292571526619,0.6241202409359019,0.38907636134118906,-0.08369719868318459,-0.504078705546249,-0.6217621463044113"
59,10,0.5,0.6283185307179586,0.01,9.81,2.444418678987967,0.006645779566321989,"0.0,0.5,1.0,1.5,2.0,2.5,3.0,3.5,4.0,4.5,5.0,5.5,6.0,6.5,7.0,7.5,8.0,8.5,9.0,9.5,10.0","0.8990035146579525,0.39626755766825006,-0.19900409597959456,-0.5759674885552493,-0.309657734129979,0.2121474647686612,0.5356584371887563,0.47411288813107244,-0.3984104991179729,-0.5367159717977315,-0.39662128387053575,0.0887770137528888,0.6160989637760191,0.4066817735390676,-0.19100570088537974,-0.48457815033067053,-0.49350014432778677,0.24484867803953553,0.8200112853793174,0.6077624927940372,0.03434588524945857","0.6283185307179586,0.3334542867898041,-0.2898010406272489,-0.6263500639374886,-0.3747695289243059,0.24407926922796452,0.6204661355291194,0.4135163531815791,-0.1965936747142337,-0.6107281775033422,-0.4495026332794717,0.14767706708154704,0.5972294328310968,0.4825689791601142,-0.09768197925528785,-0.5800838012570442,-0.5125795765649583,0.046972945628252744,0.5594145574001894,0.5394116042401457,0.0040793403909403225"
60,10,0.5,0.6283185307179586,0.01,9.81,3.12844086010731,0.006848619413993381,"0.0,0.5,1.0,1.5,2.0,2.5,3.0,3.5,4.0,4.5,5.0,5.5,6.0,6.5,7.0,7.5,8.0,8.5,9.0,9.5,10.0","0.7951253602509627,0.49051145962030573,-0.030448960200489636,-0.6559762891276545,-0.4426295996075553,-0.12339327712978426,0.33079167489037004,0.5376831949548053,0.4006282861289255,-0.3396458434336076,-0.45736743897142035,-0.5830811924675174,-0.22508365707138134,0.25427222212966266,0.5711195534026638,0.5331133793884817,-0.2664921822631968,-0.5312250137854355,-0.6345547326309497,-0.1913655024415089,0.4929993287745995","0.6283185307179586,0.3979252780230933,-0.13624863765279174,-0.563942387752741,-0.5726044461773634,-0.1565115783735663,0.38177617168036926,0.627993086809003,0.41362992340116356,-0.11582549430564831,-0.5546839270578512,-0.5806627112618398,-0.17659088171868792,0.3651986579084576,0.6270170299000262,0.42887472205876453,-0.09526591175030963,-0.5448370023794551,-0.5881103337238687,-0.1964634863760361,0.3482094576342982"
61,10,0.5,0.6283185307179586,0.01,9.81,0.8799994451295009,0.004742266619535487,"0.0,0.5,1.0,1.5,2.0,2.5,3.0,3.5,4.0,4.5,5.0,5.5,6.0,6.5,7.0,7.5,8.0,8.5,9.0,9.5,10.0","0.5033906956780428,-0.21677383802837005,-0.4430564189293482,0.47981877806118234,0.028836353854357163,-0.39252596309671584,0.28642092300466443,0.4836590143917437,-0.6486305516094656,-0.14669304095508287,0.6738095507464542,-0.3072177614282979,-0.2980699093515504,0.7372206305038156,-0.09077987888193483,-0.7385008554744069,0.45032228267177765,0.3473663217687824,-0.5332653213544044,0.15567393685977793,0.711736502368859","0.6283185307179586,-0.1907406966632318,-0.4814357489426433,0.5183649254181918,0.13735002680222985,-0.6252478648260499,0.24334162768487078,0.44042743716890503,-0.5506294166359531,-0.08349652195150692,0.6160653437173904,-0.2947419898856438,-0.3959646957490437,0.577728476399711,0.02941457294533234,-0.6008639707296863,0.34446523231810766,0.3486654382468361,-0.5992730766163294,0.024737023282025206,0.5798137132335808"
62,10,0.5,0.6283185307179586,0.01,9.81,0.6872637823785162,0.005445917373200671,"0.0,0.5,1.0,1.5,2.0,2.5,3.0,3.5,4.0,4.5,5.0,5.5,6.0,6.5,7.0,7.5,8.0,8.5,9.0,9.5,10.0","0.5864972075866068,-0.4746303218293867,-0.07346710966806627,0.533074890894695,-0.5714380551249397,0.33503488977313245,0.2552971578303953,-0.479981562456177,0.5940696636857317,-0.37377269182931455,0.034700840401069216,0.4287693313828679,-0.7787475331941233,0.3219744893538145,0.1646902824190038,-0.5158433474023759,0.6705376161681376,-0.3959574869602371,-0.08633530102557241,0.44168474766578525,-0.5116846768044123","0.6283185307179586,-0.42043696041117284,-0.012676119873364255,0.44031822813395705,-0.6276792605835424,0.3999882468323315,0.0380554876870447,-0.4596454586524769,0.6257481255652815,-0.37894165305647,-0.06351020984182343,0.4784050154134436,-0.6224876012694172,0.3572614478785645,0.08907108234440564,-0.4965492169941687,0.6178431375158111,-0.33491874959273293,-0.11474206832403788,0.5139936728075664,-0.6117544382385152"
63,10,0.5,0.6283185307179586,0.01,9.81,1.984375455497534,0.0023007176997944224,"0.0,0.5,1.0,1.5,2.0,2.5,3.0,3.5,4.0,4.5,5.0,5.5,6.0,6.5,7.0,7.5,8.0,8.5,9.0,9.5,10.0","0.6037859640141189,0.20375987813641724,-0.49461358431315766,-0.5968940956226872,0.017562619160030546,0.526482667140383,0.3735118176766512,-0.059897939889379415,-0.6644285788546171,-0.424405010856573,0.45726494646796684,0.8852904239609736,0.2985525232999487,-0.3442278665868669,-0.7365059274634236,0.08313801741583018,0.4222123429299375,0.5279733579305986,-0.061796007911877796,-0.6443706538421502,-0.5428155093154416","0.6283185307179586,0.26509509755826494,-0.4219367967726291,-0.602830703431539,-0.08299540382302184,0.5392966303060673,0.5269110661899037,-0.10696894414535213,-0.6088974528156028,-0.4039333909480993,0.28678865382408897,0.6279058572014689,0.24298887528549273,-0.4392927978419989,-0.5959445752862811,-0.058894176679065546,0.5509017724861035,0.5137559624080252,-0.13077768593340655,-0.6141428323554361,-0.38530745832787855"
64,10,0.5,0.6283185307179586,0.01,9.81,0.9653133547514824,0.006288801149599409,"0.0,0.5,1.0,1.5,2.0,2.5,3.0,3.5,4.0,4.5,5.0,5.5,6.0,6.5,7.0,7.5,8.0,8.5,9.0,9.5,10.0","0.8448120244621615,-0.21741782847762425,-0.5199100864947093,0.4151740711242613,0.2770220507696268,-0.5962935839167642,-0.14339314764349323,0.6435013302684294,0.09153362910455315,-0.5835096644621327,0.15305500332558747,0.43114817676536676,-0.346398644527378,-0.41755924796832833,0.6469127159090403,-0.26027927783126986,-0.48920596011481626,0.2909688443415206,0.4138773407838391,-0.5570980155928429,-0.47741841692475306","0.6283185307179586,-0.11835265338599088,-0.5650355209707574,0.34864905893068676,0.39438357003891883,-0.536089818688869,-0.16886675568076903,0.6253474242698345,-0.06766734152601694,-0.5888958824560024,0.30104896343237386,0.43764197148837397,-0.5024945570453709,-0.21903210909224902,0.6164701077992043,-0.016912432742843042,-0.6073288589032185,0.25212893529880465,0.47778659906524734,-0.4647729998089142,-0.2685735829936785"
65,10,0.5,0.6283185307179586,0.01,9.81,1.2676683584159876,0.009326081065391175,"0.0,0.5,1.0,1.5,2.0,2.5,3.0,3.5,4.0,4.5,5.0,5.5,6.0,6.5,7.0,7.5,8.0,8.5,9.0,9.5,10.0","0.6777177245888288,-0.005659870097614747,-0.7718439477055554,-0.14345671746172686,0.5165834512977011,0.24648344931220406,-0.6186531589796785,-0.4026022099186138,0.5971464786612892,0.33064849133829544,-0.561210472438407,-0.4776646468734879,0.2410328029339425,0.5830708403493865,-0.2293152774544578,-0.559391510841228,0.18465207859495092,0.5380167635395807,-0.06424166305013267,-0.7113560793873352,-0.08681846656258844","0.6283185307179586,0.05973790721459693,-0.6243461868774396,-0.17749537570988805,0.6109473870226054,0.28958786541137504,-0.5842262577785733,-0.39097381220033334,0.5395539436570633,0.476146580273757,-0.4740246413353412,-0.541082583975248,0.38833068784932073,0.5851988756901968,-0.2865685826239117,-0.6114819964852389,0.17425390287010778,0.6245722380316894,-0.05639912956543236,-0.6283155167042711,-0.06307537427987231"
66,10,0.5,0.6283185307179586,0.01,9.81,3.1147751286517775,0.004121828240813534,"0.0,0.5,1.0,1.5,2.0,2.5,3.0,3.5,4.0,4.5,5.0,5.5,6.0,6.5,7.0,7.5,8.0,8.5,9.0,9.5,10.0","0.5256280795380499,0.4208551347415002,-0.025123004685303638,-0.45358926779611447,-0.6338222515921421,-0.14110701138471066,0.3401227323872165,0.4373191171128903,0.4192331109689204,-0.03541657231333713,-0.4311846792893076,-0.502521901145953,-0.21938871703138313,0.35009148155617464,0.5424878365631708,0.4599736635075987,-0.22753083046180084,-0.5022933332141897,-0.4390806598434859,-0.055292408520331876,0.38995297901565273","0.6283185307179586,0.39691445310301077,-0.13886922232286958,-0.565661668047484,-0.5704404866604897,-0.15003388527462966,0.38806313516614566,0.6282199073993655,0.4056313497839771,-0.12765505979005434,-0.5607016721396223,-0.5750368926691853,-0.16114513126275365,0.37908005447179605,0.6279240627032665,0.41421122813801864,-0.11639534591942075,-0.5555617842645779,-0.5794497005072397,-0.1721990760454247,0.3699679309671188"
67,10,0.5,0.6283185307179586,0.01,9.81,3.159119711666375,0.0012052348392672775,"0.0,0.5,1.0,1.5,2.0,2.5,3.0,3.5,4.0,4.5,5.0,5.5,6.0,6.5,7.0,7.5,8.0,8.5,9.0,9.5,10.0","0.6095450368593087,0.6442263506789299,-0.22451503108748305,-0.4986553605882902,-0.503703017432637,-0.07352615715519178,0.3935153743978425,0.6196124095263937,0.41317940739917186,-0.17329354713627704,-0.5560895249716545,-0.6262357663192835,-0.1285413395784875,0.32411646864156496,0.6739364736854628,0.28441078518135504,-0.08447546365233738,-0.5216678956878974,-0.616992661958737,-0.2191158595628085,0.47985658082763727","0.6283185307179586,0.4001626735777897,-0.1304242475166799,-0.5600465257019455,-0.5772656842404524,-0.17081794595913083,0.36759587953828166,0.6270199011138089,0.4309482092126098,-0.08941919194330994,-0.5404608131053658,-0.5920596035957819,-0.210414368616096,0.33337786312047607,0.6231283793048834,0.4598330348591995,-0.04799366614230724,-0.5185760410121076,-0.6043782350477597,-0.24903395985314833,0.2976491762025335"
68,10,0.5,0.6283185307179586,0.01,9.81,4.813516459586504,0.005340730932486102,"0.0,0.5,1.0,1.5,2.0,2.5,3.0,3.5,4.0,4.5,5.0,5.5,6.0,6.5,7.0,7.5,8.0,8.5,9.0,9.5,10.0","0.6611782408602294,0.39895956689819506,0.23649552507126276,-0.4924784295340508,-0.48610144972563124,-0.46422504238086454,-0.2634169527189458,0.20833772457804664,0.4362016200943438,0.629085674701157,0.2791575922081943,-0.058737284950533666,-0.41938280682472956,-0.8845790906938904,-0.5424647684695225,-0.24545340496545787,0.22044001230690446,0.48722928300078755,0.7222646961422743,0.30137570480162634,-0.198948377665005","0.6283185307179586,0.47857942175777823,0.0942047747752598,-0.33809650523372053,-0.6013998104902949,-0.5764278545642587,-0.2737603366620909,0.16665311414659123,0.5225488341406975,0.6241565849415154,0.42800424570101875,0.020379772510842303,-0.397627532593657,-0.6183390274224545,-0.5437006638995779,-0.2054931741728204,0.23667834825717848,0.5593842711257476,0.6117151998201156,0.37145270718161005,-0.05374372721094585"
69,10,0.5,0.6283185307179586,0.01,9.81,4.022308522626288,0.0017445699993019472,"0.0,0.5,1.0,1.5,2.0,2.5,3.0,3.5,4.0,4.5,5.0,5.5,6.0,6.5,7.0,7.5,8.0,8.5,9.0,9.5,10.0","0.5149346972870554,0.48755691938538526,0.15485820792249724,-0.47742984790483706,-0.7069906545007875,-0.5021798823192062,-0.021523888524647507,0.3991202093594588,0.5544413138641809,0.3448289195867962,0.04989616740515451,-0.4860565937623696,-0.771646029079963,-0.3927137829232197,-0.13919583205485642,0.4103757923966797,0.6762193443804464,0.519285139526931,0.17508596879273572,-0.38011351173023794,-0.6670963004637454","0.6283185307179586,0.4491250000454205,0.005202830285445104,-0.44189161818859163,-0.6282373004079194,-0.45623599154647787,-0.015607011377151425,0.4345375594853724,0.6279936193378512,0.4632229082235573,0.026006753990961057,-0.4270645675558986,-0.6275875172317463,-0.47008409377227117,-0.036399099023952886,0.4194744173672033,0.627019044106272,0.47681791938814555,0.04678108725521221,-0.41176891660634773,-0.6262882709760423"
70,10,0.5,0.6283185307179586,0.01,9.81,2.6899624887717217,0.005416362949190689,"0.0,0.5,1.0,1.5,2.0,2.5,3.0,3.5,4.0,4.5,5.0,5.5,6.0,6.5,7.0,7.5,8.0,8.5,9.0,9.5,10.0","0.7760916117264303,0.22877631587817093,-0.17071939202694897,-0.5629208654310105,-0.4363376141822863,0.1430004964871287,0.49184466646464375,0.5270683344794229,0.01596183453546792,-0.3765960326191823,-0.48005883867863014,-0.26732938191507233,0.3836324167948199,0.5430332497969163,0.2957879131003771,-0.3262270560420833,-0.6272026042484983,-0.491952936780436,0.1723497442180248,0.6189230831645418,0.45712755759457313","0.6283185307179586,0.3603699371475105,-0.2290707268480301,-0.6114841141808565,-0.4704927142407425,0.08380587472147671,0.5617861502867882,0.5540929247282761,0.06667657015504563,-0.48148529697640885,-0.607431898794283,-0.21300304503745082,0.37416037537922797,0.6280972237493451,0.3463001339434092,-0.24495381465537397,-0.6151044945779343,-0.4591511522216568,0.10086616629987527,0.5690773635160589,0.546002151673953"
71,10,0.5,0.6283185307179586,0.01,9.81,4.720219047387423,0.006145552471384679,"0.0,0.5,1.0,1.5,2.0,2.5,3.0,3.5,4.0,4.5,5.0,5.5,6.0,6.5,7.0,7.5,8.0,8.5,9.0,9.5,10.0","0.6133195515626318,0.5688948964210373,0.10593373910616022,-0.4523881941797157,-0.6290775047861972,-0.44807226625407315,-0.14058931791512802,0.3122795728133762,0.6412478966886209,0.6893828167076477,0.4291747066929669,-0.019636916649529258,-0.4224319871483701,-0.6476961864735733,-0.5612231395923404,-0.06423201201606181,0.3153783554713052,0.7147944131856949,0.4944632448198844,0.3012901780091943,-0.12164589259735901","0.6283185307179586,0.4756197558544102,0.08501379988154702,-0.3497098732954025,-0.6064145961432137,-0.567001472448065,-0.2485228223994087,0.1977565480467642,0.5419552912170927,0.618151827571993,0.39324003294440313,-0.030763512779054883,-0.43878567831922655,-0.6260720484395399,-0.5089059332569433,-0.13859219441788675,0.30350005400763924,0.5903115115304363,0.5879181350147709,0.29735383974237317,-0.1454408741859429"
72,10,0.5,0.6283185307179586,0.01,9.81,2.630702304756292,0.0034027809678270427,"0.0,0.5,1.0,1.5,2.0,2.5,3.0,3.5,4.0,4.5,5.0,5.5,6.0,6.5,7.0,7.5,8.0,8.5,9.0,9.5,10.0","0.6261423254976297,0.4343223481688387,-0.3085786245072466,-0.4895149017535889,-0.4451232150222525,0.009345725452903159,0.49091873860072566,0.5972802431668367,-0.12291034459214839,-0.6463059029197918,-0.6549156434466963,-0.11633774341187733,0.4658185040124345,0.5591391226895248,0.11771714631267602,-0.3741980708583704,-0.6476399440614768,-0.33732453259807565,0.23484637233356262,0.602293444880326,0.4388189293226133","0.6283185307179586,0.3543340269143565,-0.24311304549959656,-0.6161414254774463,-0.4504253482994169,0.12114896315550663,0.5800569491515106,0.5280194255528092,0.006287127079342675,-0.5213063733830163,-0.5846216146270825,-0.13343728318949527,0.44177653037533543,0.6184059678002913,0.2545693964046324,-0.3440371450740993,-0.6282011484738376,-0.36448467944769986,0.23155272883283629,0.6136465117639043,0.4588957205685673"
73,10,0.5,0.6283185307179586,0.01,9.81,1.992060488041485,0.005686051622243841,"0.0,0.5,1.0,1.5,2.0,2.5,3.0,3.5,4.0,4.5,5.0,5.5,6.0,6.5,7.0,7.5,8.0,8.5,9.0,9.5,10.0","0.6904971840911863,0.17330623122716582,-0.2586242151293696,-0.784939975082407,-0.171948890215737,0.596099777594519,0.7242989384484935,0.02733088941753925,-0.46254664753592206,-0.3931518576964938,0.04565028289033943,0.7292826541016632,0.2830178769992504,-0.4680000126557279,-0.6421912164102914,-0.12985001702756602,0.5703799643903336,0.5509747623588023,-0.11739802086037153,-0.8043407085749606,-0.3508113901153006","0.6283185307179586,0.26649635214933526,-0.41954964570463416,-0.6040928455392549,-0.08933071450902558,0.5352635800440253,0.5318944082430482,-0.09586691055779173,-0.605783600070782,-0.4146828057289344,0.2724427700608596,0.6282878732717138,0.2605191548393842,-0.4243686502548297,-0.6023411870083706,-0.08278432901644472,0.5385750328776688,0.5284677369738799,-0.10239216728263795,-0.6074134082746617,-0.409768626951245"
74,10,0.5,0.6283185307179586,0.01,9.81,2.47510157137271,0.0011945087189229738,"0.0,0.5,1.0,1.5,2.0,2.5,3.0,3.5,4.0,4.5,5.0,5.5,6.0,6.5,7.0,7.5,8.0,8.5,9.0,9.5,10.0","0.47908859828232325,0.21398013854907988,-0.28465416182454445,-0.6838115190372167,-0.38118088522340215,0.21802269607920896,0.7667515660827964,0.41252162514186014,-0.1690580801737679,-0.6347263526588477,-0.4936205994068795,0.06722431701539047,0.6171830866157286,0.6350184598810847,-0.09029368129390969,-0.5011559741367082,-0.6246631260148218,-0.10182321333927186,0.4549331120500766,0.5183054914101701,-0.08781688630208392","0.6283185307179586,0.33710960662362344,-0.2818397223091338,-0.6252054991024083,-0.38865174342480885,0.22338273946560674,0.6159105608941136,0.43601170555601504,-0.16235830471005086,-0.600558452584167,-0.4788155864865683,0.09944838864610966,0.5793344419935823,0.5167526302513448,-0.03537703508330495,-0.5524600247450631,-0.5495522310433898,-0.029108465235281877,0.5201738868199219,0.5769638815234346,0.09325316825186886"
75,10,0.5,0.6283185307179586,0.01,9.81,4.21831365887461,0.009065446946557903,"0.0,0.5,1.0,1.5,2.0,2.5,3.0,3.5,4.0,4.5,5.0,5.5,6.0,6.5,7.0,7.5,8.0,8.5,9.0,9.5,10.0","0.4455083671737382,0.41318617811414343,0.07370506262628382,-0.44347696519625807,-0.6181732394823103,-0.49621474719714653,-0.0062707479868149285,0.4614291933843803,0.6664789998644041,0.46386518939627097,0.21463955616333447,-0.4806502274832555,-0.602834644914689,-0.6037815200152313,-0.1405617088222269,0.3509263582245213,0.5876864852887493,0.6240882079602688,0.2851945213358295,-0.1276648859334833,-0.4022533045900163","0.6283185307179586,0.457451278087926,0.029804113386662417,-0.4151684028646201,-0.6256393337368291,-0.4956371639181816,-0.08912877366172187,0.36912992283201346,0.6176194738771149,0.5294263609710387,0.147607269614402,-0.31971843112156184,-0.6043125880791285,-0.5585609866881468,-0.2046903614884943,0.2673566224306281,0.5858093958971262,0.5828248354586202,0.2598502550608319,-0.2125051422236786,-0.5622392216121185"
76,10,0.5,0.6283185307179586,0.01,9.81,1.1311209004937486,0.005986325291851446,"0.0,0.5,1.0,1.5,2.0,2.5,3.0,3.5,4.0,4.5,5.0,5.5,6.0,6.5,7.0,7.5,8.0,8.5,9.0,9.5,10.0","0.6397833058659255,0.05522690352680365,-0.5718859338626793,0.04435401425300232,0.6465149837664275,-0.14970630725981426,-0.4022108843922375,0.0989566787921216,0.6437630395170939,0.021195917925445715,-0.5195902972926079,0.13617509020429358,0.5508027838374112,-0.05739518672691803,-0.41973059252749373,0.279206541091735,0.27089911412189677,-0.2511304467461852,-0.5759830178680575,0.36310353660408307,0.4328695943448033","0.6283185307179586,-0.008900413171257116,-0.6268217071824547,0.027067861865999854,0.622275971442428,-0.04633127146568805,-0.6145188371112853,0.06740468298134794,0.6032917931886579,-0.09096474122472231,-0.5882631160161216,0.11761120902897892,0.5690680116568809,-0.1478053705785265,-0.5453722573709769,0.1817867594376874,0.516962429806501,-0.21947854515591514,-0.4838567780723793,0.2604059269143399,0.4464152417928272"
77,10,0.5,0.6283185307179586,0.01,9.81,0.988590835109496,0.007050160837358306,"0.0,0.5,1.0,1.5,2.0,2.5,3.0,3.5,4.0,4.5,5.0,5.5,6.0,6.5,7.0,7.5,8.0,8.5,9.0,9.5,10.0","0.6275674101779194,0.019697833925671426,-0.515246210630355,0.22402686692201973,0.39310240869653745,-0.4627737349360973,-0.27077927942894503,0.5466758721695888,0.07155119349195721,-0.7336377400528296,0.09151632263842158,0.6895406332900897,-0.36897310605464895,-0.42623087933853704,0.5643754120044028,0.02188563457359946,-0.4390032804970585,0.019569819280620432,0.8260265163306211,-0.047791595473882065,-0.49804892649758453","0.6283185307179586,-0.10077144263164539,-0.5802901235504299,0.3003330937335954,0.4470392372851089,-0.47870024442837816,-0.2617171737640356,0.5971481841769353,0.061091060737731184,-0.6264267519244568,0.14043595137616804,0.5600486560948787,-0.3382096984313586,-0.41334043595530057,0.507995020547957,0.2226018870394475,-0.6104735020853017,-0.021414408412686603,0.6207655729635774,-0.180034063423399,-0.5366132965708396"
78,10,0.5,0.6283185307179586,0.01,9.81,1.7655520272755374,0.0069348037122271165,"0.0,0.5,1.0,1.5,2.0,2.5,3.0,3.5,4.0,4.5,5.0,5.5,6.0,6.5,7.0,7.5,8.0,8.5,9.0,9.5,10.0","0.6430635078441009,0.4225610266833145,-0.5340962183849475,-0.31640019759685845,0.18242539132704105,0.6153242178755638,0.18210041952756642,-0.38133949654769267,-0.6075757653046421,0.005335673317223236,0.7313685922023967,0.488136532995524,-0.29848988700184353,-0.6295441625653229,-0.16598011240060262,0.5691092044470774,0.4373878653716151,-0.2914068697796915,-0.30683734193749934,-0.14078840132637904,0.35302249341379954","0.6283185307179586,0.2200769980479279,-0.49140818136260145,-0.547429221985247,0.11955939918797859,0.6208653598107933,0.3140866729473686,-0.4218466611101296,-0.5890252318727656,0.0155028801923901,0.5984970526623365,0.3988793776283295,-0.34023897166469796,-0.6158028149170955,-0.08901224095294491,0.5612605962111594,0.472188186848138,-0.24868977745117776,-0.6276665944649755,-0.19089316068879808,0.5094393781131725"
79,10,0.5,0.6283185307179586,0.01,9.81,3.7714757642909715,0.007917827427258915,"0.0,0.5,1.0,1.5,2.0,2.5,3.0,3.5,4.0,4.5,5.0,5.5,6.0,6.5,7.0,7.5,8.0,8.5,9.0,9.5,10.0","0.6071152141698518,0.4087143059454759,-0.0866279220693211,-0.5207043166132103,-0.6587561306861572,-0.2755798965204938,0.24898443437973844,0.5487575566751521,0.61663012164073,0.410200740660138,0.028015053520668742,-0.675942647611522,-0.5672136972017288,-0.319565352051733,0.33937048787133983,0.372976821922094,0.5108483113899347,0.17492515603700087,-0.24446559760973202,-0.6417844952582697,-0.5171239484320618","0.6283185307179586,0.4372072229248543,-0.029238101188467064,-0.47667329995329294,-0.6257450751590342,-0.3939493535116573,0.08744714154480036,0.5120513096953424,0.6180420526404669,0.34723656091928723,-0.14485822949441957,-0.5430842908004507,-0.6052614177133189,-0.2974464354834569,0.20095124931907582,0.5695528598318568,0.5874895551196054,0.24499568983526093,-0.25522400181138266,-0.5912736211430678,-0.5648471498439777"
80,10,0.5,0.6283185307179586,0.01,9.81,0.9848342568015345,0.009244106606238471,"0.0,0.5,1.0,1.5,2.0,2.5,3.0,3.5,4.0,4.5,5.0,5.5,6.0,6.5,7.0,7.5,8.0,8.5,9.0,9.5,10.0","0.676786544791298,-0.18576861964392807,-0.6116849822605896,0.1417715189588579,0.6109656341849222,-0.630787854025828,-0.3897377957713004,0.6460042785019176,0.10424562314479126,-0.7248195645523688,0.011894048291739207,0.2615616122037828,-0.3917900385893183,-0.4739765164673817,0.39438000104082216,0.2247727201658865,-0.5117678791740926,0.03084895891899138,0.6016780868690728,-0.09592188570967883,-0.46630428832932863","0.6283185307179586,-0.10355250305833341,-0.5780108028326818,0.3081104580878523,0.4390368653481696,-0.4885691087455761,-0.2473362999287988,0.6035690735896873,0.04103750575728482,-0.6236597165619788,0.16598331337429617,0.5441789685820959,-0.366875890224999,-0.38466962919366154,0.5320165225321892,0.18545962806216765,-0.6202982188338486,0.02148083075726981,0.6097709955871377,-0.22806415734172125,-0.502869341908786"
81,10,0.5,0.6283185307179586,0.01,9.81,1.5359629590269637,0.0013367130055856181,"0.0,0.5,1.0,1.5,2.0,2.5,3.0,3.5,4.0,4.5,5.0,5.5,6.0,6.5,7.0,7.5,8.0,8.5,9.0,9.5,10.0","0.5197554703879025,0.25878937250664913,-0.5348072934166178,-0.5835432918075105,0.30926884842294056,0.759193798941239,-0.3154146176868421,-0.6663812501195983,-0.11536054406931293,0.43548181433272026,0.422014267024946,-0.30314107797499784,-0.46590670563725434,-0.07901162850917376,0.5645483550004431,0.2762507131138926,-0.25077982753467504,-0.31866746821361003,0.31437887803815234,0.6648574657370271,0.17640214782271768","0.6283185307179586,0.15905482784829056,-0.563105143221817,-0.4329138204157013,0.3671288736197942,0.5940501452315239,-0.07274669334753464,-0.6234899872339805,-0.24195416993986635,0.5221558545592304,0.48990288218715144,-0.2936701810813087,-0.6150456682496831,-0.015121428840708662,0.6089465509650497,0.31968584067574435,-0.4713728358072206,-0.5373460771109887,0.21397348825026463,0.6262388258195415,0.10266529023309345"
82,10,0.5,0.6283185307179586,0.01,9.81,2.996836112261675,0.00433830055476195,"0.0,0.5,1.0,1.5,2.0,2.5,3.0,3.5,4.0,4.5,5.0,5.5,6.0,6.5,7.0,7.5,8.0,8.5,9.0,9.5,10.0","0.657166436811077,0.34151225082147735,-0.2959756588528851,-0.3483193184555363,-0.6961073000599123,-0.16626519630412867,0.3394994979787044,0.7879207916857229,0.4213980640089,-0.3026368833243794,-0.699844064189631,-0.4863579408865518,0.011455428511202872,0.4816954982823134,0.49919283737156,0.2557508243091898,-0.21507864643675137,-0.5959374313437751,-0.6074893970941017,0.1245866025924904,0.3176389074841","0.6283185307179586,0.38780765904413605,-0.16217521678952404,-0.5800208856899965,-0.5493697066617911,-0.09141042709054026,0.44125163427496883,0.624414111583224,0.3291435027720406,-0.23064875086814998,-0.6033557249607255,-0.5117162194613005,-0.019345311156575035,0.48885609792211643,0.6127408881152472,0.2659753638344732,-0.29589726953276557,-0.6191366701652472,-0.46745354956304264,0.05299582422374713,0.5300956708779506"
83,10,0.5,0.6283185307179586,0.01,9.81,4.234053844095859,0.008274263248578717,"0.0,0.5,1.0,1.5,2.0,2.5,3.0,3.5,4.0,4.5,5.0,5.5,6.0,6.5,7.0,7.5,8.0,8.5,9.0,9.5,10.0","0.5584348363462943,0.4591487883941365,-0.0629795887962168,-0.38017340808115385,-0.5962925954799071,-0.5391956661439051,-0.35929147425621544,0.3868148932995917,0.5808325765532604,0.8118519419115906,0.07184215840984515,-0.3554729058597072,-0.6007376492683778,-0.4548912473578176,-0.10604928724829497,0.27308388588071925,0.5397386298008997,0.516909746375491,0.26487763979600976,-0.15105229582994148,-0.7975689135042032","0.6283185307179586,0.45808648073382363,0.03169905545836224,-0.41304640621794436,-0.6252872844967994,-0.49848609294441437,-0.09475610175121083,0.36377757036372704,0.6162163243924366,0.533886970824447,0.15679610916881162,-0.31074441222151994,-0.6011745864624318,-0.5639844035849193,-0.2171611832031834,0.25446243678168656,0.5802787392038865,0.5885269343828154,0.2752222996783208,-0.1954949649838278,-0.5536951758635941"
84,10,0.5,0.6283185307179586,0.01,9.81,1.927125017702219,0.009576094555627707,"0.0,0.5,1.0,1.5,2.0,2.5,3.0,3.5,4.0,4.5,5.0,5.5,6.0,6.5,7.0,7.5,8.0,8.5,9.0,9.5,10.0","0.5620879900745746,0.3945913034311792,-0.4988656328829841,-0.5816363755538011,-0.026066591730986254,0.2849309164836981,0.5392971722007741,-0.1433813040064541,-0.610272667879151,-0.32345888664561184,0.5390102690388958,0.41942918638279036,0.2538146974633616,-0.542548902927981,-0.6050365107113944,0.27510243497126474,0.7323336486594678,0.455048807628678,-0.451113021705757,-0.6004799238956486,-0.04433908595112268","0.6283185307179586,0.25430456742924196,-0.4398657494856597,-0.5921310887064865,-0.03410768081800891,0.5673134665761791,0.48486835432571246,-0.19073514364842098,-0.6250741648201239,-0.31472949904483,0.38956683005667536,0.6105372640512967,0.1019041532623221,-0.5361899997537043,-0.5241473304406634,0.12481037799885342,0.6153438244784205,0.37127032706856805,-0.33450947734770253,-0.6224802902701654,-0.16844678027808258"
85,10,0.5,0.6283185307179586,0.01,9.81,1.8091302716305337,0.005635514163085432,"0.0,0.5,1.0,1.5,2.0,2.5,3.0,3.5,4.0,4.5,5.0,5.5,6.0,6.5,7.0,7.5,8.0,8.5,9.0,9.5,10.0","0.5711375824520203,0.23287309674287057,-0.42117181532684383,-0.6266301814061118,-0.008613150572774675,0.6215481915701049,0.5415088863344887,-0.40948080548660915,-0.6448822208332171,0.1204265616139523,0.5000394312098667,0.5025117139198364,-0.13368746093980372,-0.637076050866439,-0.21358053648337155,0.3997182531351732,0.605842522494628,-0.08901421337857968,-0.7182765298922562,-0.31617963373134983,0.1972944599150426","0.6283185307179586,0.2299107007643822,-0.4774310096605785,-0.5618649900000661,0.07593046389833547,0.6108916565910529,0.3682696616664975,-0.36237912694420316,-0.6124594901905019,-0.08321663482108838,0.558706511665599,0.48202727159971703,-0.22308716250019528,-0.6282815874285933,-0.23670086953646535,0.4727692410464265,0.5649513051929368,-0.06863328419521347,-0.6092499901829711,-0.37410752996575325,0.35643670154768525"
86,10,0.5,0.6283185307179586,0.01,9.81,1.6518429075542125,0.009424392130440672,"0.0,0.5,1.0,1.5,2.0,2.5,3.0,3.5,4.0,4.5,5.0,5.5,6.0,6.5,7.0,7.5,8.0,8.5,9.0,9.5,10.0","0.5883186307983992,0.2538919342354298,-0.45781320073430076,-0.6250452687265983,0.28556303936813326,0.7581287645728608,0.06381680679025563,-0.5866767387357813,-0.5358853221552032,0.25268564720207504,0.4757284003499439,0.15269467242878432,-0.5571546477141937,-0.624434975491616,0.36371213586077916,0.6298953269913738,0.07256536007616894,-0.6497792391697338,-0.39344474247425626,0.40025726849274074,0.7525192796528257","0.6283185307179586,0.19197457674545293,-0.5276475473455884,-0.4997172153008464,0.23965029498589857,0.6266037933203212,0.14293032570519376,-0.5522307581911379,-0.4685336737552838,0.2856243789311139,0.6214569169539457,0.09286386623843312,-0.5734065827336976,-0.43422895687792895,0.3295806006963191,0.612870868909345,0.0421316017152813,-0.5911421755197147,-0.3969752010562678,0.3712242052350363,0.6008370649435333"
87,10,0.5,0.6283185307179586,0.01,9.81,1.2407351791190817,0.001404195574530961,"0.0,0.5,1.0,1.5,2.0,2.5,3.0,3.5,4.0,4.5,5.0,5.5,6.0,6.5,7.0,7.5,8.0,8.5,9.0,9.5,10.0","0.4654373929241896,0.09696939989356426,-0.7034534502689753,-0.12238305050330281,0.6245259280046934,0.2806255290196978,-0.6396419308927539,-0.4415111601343329,0.5313408753550888,0.3518786611522646,-0.6012680767124514,-0.39223147172171524,0.4999743471743252,0.6721223130351529,-0.30600551474321924,-0.6990487877424446,0.25749304938684414,0.5800738844189012,-0.1499741324671635,-0.6209999657436225,0.17688365205203546","0.6283185307179586,0.047395479809229646,-0.627176806741542,-0.14172952934189864,0.6229305492576847,0.23437750676366842,-0.6132280537312969,-0.32325072852298176,0.5946108616568884,0.4051795450279063,-0.5634153858054183,-0.47632706742332864,0.5170915408086524,0.5333449471748924,-0.45536355469976075,-0.5747631362426979,0.3804157380778366,0.6016513405491226,-0.2959064440989201,-0.6170590262369098,0.2055556586244105"
88,10,0.5,0.6283185307179586,0.01,9.81,2.4579367700136707,0.009931380076502534,"0.0,0.5,1.0,1.5,2.0,2.5,3.0,3.5,4.0,4.5,5.0,5.5,6.0,6.5,7.0,7.5,8.0,8.5,9.0,9.5,10.0","0.5855624470139658,0.25377043955725626,-0.3908514495132233,-0.6105628006002658,-0.2981267994605916,0.23374220117812688,0.5248504640887487,0.3934652984307875,-0.36848967063551363,-0.5244794198460102,-0.39270704060533923,0.054040327446742184,0.6007926020659125,0.519397788920705,-0.08214051701932593,-0.4963570386513359,-0.3810135054233913,0.12733706494899447,0.6460406652371548,0.5526767842528003,0.10605419466035206","0.6283185307179586,0.33507597280641543,-0.2862801323209475,-0.6258751387790178,-0.3809591513477112,0.23494544683798832,0.6185750272909918,0.4236124304972211,-0.1814971966420364,-0.6065037016845167,-0.46277276908784093,0.12640163592351247,0.5897895774988124,0.49822159876763233,-0.07015346816273516,-0.568587643169435,-0.529770365774643,0.013264346272317928,0.5430644398739548,0.5572456016703466,0.04374603291152579"
89,10,0.5,0.6283185307179586,0.01,9.81,4.512547698147113,0.007737472175112544,"0.0,0.5,1.0,1.5,2.0,2.5,3.0,3.5,4.0,4.5,5.0,5.5,6.0,6.5,7.0,7.5,8.0,8.5,9.0,9.5,10.0","0.6733408518258368,0.4836786246577076,0.22172652123978465,-0.501666419316813,-0.6909567647109617,-0.503855147733297,-0.2667850559526,0.18429713775586348,0.6982234487777241,0.5682841188177149,0.2354561591975411,-0.009037253874638385,-0.6618532007791333,-0.6531049482726422,-0.4927380026302297,0.043720326519955346,0.48476020238299655,0.4852621463702381,0.4973094112597568,0.31565506270177557,-0.4212214919165262","0.6283185307179586,0.4685924261230754,0.06341190660291328,-0.3762089130982677,-0.6161550467858165,-0.5420206115538122,-0.187519863254696,0.2682988049044245,0.5800443417142773,0.5939271727408133,0.30366518963904054,-0.1491093853138926,-0.5211452748820837,-0.6225944939170818,-0.40711351506227333,0.023565836054004627,0.4414387045530823,0.6271128524059372,0.49386514570930934,0.10298798058178976,-0.34376266891766594"
90,10,0.5,0.6283185307179586,0.01,9.81,4.508566208953362,0.00904101975728077,"0.0,0.5,1.0,1.5,2.0,2.5,3.0,3.5,4.0,4.5,5.0,5.5,6.0,6.5,7.0,7.5,8.0,8.5,9.0,9.5,10.0","0.5735283793229254,0.5979428357139736,0.11241473381769065,-0.31863711240834186,-0.6707620972383197,-0.42697025258261334,-0.19757508314020708,0.3036464808299946,0.49957780556772907,0.6043629875056789,0.29324121134763376,-0.10479491705690364,-0.5628933183407492,-0.8214866565040078,-0.4401686572435398,0.11429575531089178,0.3798225817841785,0.5666777264798897,0.4163467029388203,0.031023308271690614,-0.42862141681284843","0.6283185307179586,0.46845137290794425,0.06298150026228329,-0.37672542819909177,-0.6163200494420188,-0.5414834931614962,-0.18628336995299927,0.26966325165937305,0.5806939894763754,0.5933034585411595,0.3017807608578438,-0.15141959176836534,-0.5225674498604002,-0.6222190427040885,-0.40482649245207847,0.026811529058965097,0.4438667776584938,0.6273247661409428,0.4914859292791174,0.09893041226982363,-0.34735199806457073"
91,10,0.5,0.6283185307179586,0.01,9.81,2.834862621739021,0.0038433614664771373,"0.0,0.5,1.0,1.5,2.0,2.5,3.0,3.5,4.0,4.5,5.0,5.5,6.0,6.5,7.0,7.5,8.0,8.5,9.0,9.5,10.0","0.5254379232660585,0.3517051716771183,-0.03288294696549077,-0.6396551183027546,-0.5759845476021414,-0.10281632109215923,0.6025676083782145,0.6133453793686198,0.25882770706945224,-0.38603782877931025,-0.520884635906472,-0.4514393121821435,0.23424524552657583,0.6161542404685525,0.4993338962026531,-0.09338993782033378,-0.7255891044250887,-0.8129927679380973,0.12155309810685833,0.3276695592168183,0.5213866786203478","0.6283185307179586,0.3740657637244405,-0.19630496485494775,-0.5979367257756123,-0.5125585116831852,-0.002917401147146642,0.5092476116439704,0.5996482914450012,0.20181590346044762,-0.3694289292579722,-0.6282932171237694,-0.37866968809492435,0.19077596858345938,0.5961765979620762,0.5158265357654761,0.008751930642282552,-0.5058940593250261,-0.6013111802106511,-0.20730829506818277,0.3647595434680787,0.6282172780929147"
92,10,0.5,0.6283185307179586,0.01,9.81,3.974055944499446,0.00695495136850985,"0.0,0.5,1.0,1.5,2.0,2.5,3.0,3.5,4.0,4.5,5.0,5.5,6.0,6.5,7.0,7.5,8.0,8.5,9.0,9.5,10.0","0.605886985158224,0.5806749833460092,0.0870838277314974,-0.41902814529889576,-0.5502557902126779,-0.4117375008195817,0.10049806516779086,0.5744141116373926,0.5608420171439293,0.35933561749288595,0.08776633210904843,-0.512870867973418,-0.6726190215263762,-0.5980207361354666,0.04459093237577654,0.48862263615116613,0.5366243922429794,0.5723393758163928,-0.06236258585629363,-0.5769587199561241,-0.6253076964746446","0.6283185307179586,0.44694925064497004,-0.0011527885475926258,-0.44854341015412624,-0.6283144507474396,-0.44534896819160397,0.0034583636638813864,0.45013144776417485,0.6283022107332581,0.443742561631143,-0.0057639328302623305,-0.4517133643840707,-0.6282818103677503,-0.4421300297016022,0.008069492036080095,0.4532891607685898,0.6282532491388446,0.4405113710608827,-0.010375037204643722,-0.4548588375006451,-0.6282165263311117"
93,10,0.5,0.6283185307179586,0.01,9.81,2.1814597799316955,0.0018502000125536376,"0.0,0.5,1.0,1.5,2.0,2.5,3.0,3.5,4.0,4.5,5.0,5.5,6.0,6.5,7.0,7.5,8.0,8.5,9.0,9.5,10.0","0.5018329323107344,0.4169727312754559,-0.3275613828707308,-0.6552035399945251,-0.2829338465976715,0.4660384832408126,0.6674864420395512,0.15972826589477268,-0.5674618111587358,-0.6244131158273889,-0.1950957662328398,0.477521747954114,0.5744337182000321,-0.030089990373827674,-0.63155818974723,-0.5786094287885863,0.12242373428978837,0.5657843666652952,0.6612936504418938,0.012922677332457555,-0.5358719983257273","0.6283185307179586,0.29791057534130094,-0.362490300762798,-0.6242288521587642,-0.22887671473743604,0.4215487536837778,0.6119613801779896,0.15652323538649926,-0.47416806117184296,-0.5915298370715814,-0.08197588855427873,0.519636034742622,0.5629870028517776,0.00631086324481861,-0.5574601994563771,-0.5264678234106075,0.06943920522843045,0.5873421254204213,0.48224288291331835,-0.1442455928445346,-0.6091281481573934"
94,10,0.5,0.6283185307179586,0.01,9.81,3.860553251070617,0.0033621446433057824,"0.0,0.5,1.0,1.5,2.0,2.5,3.0,3.5,4.0,4.5,5.0,5.5,6.0,6.5,7.0,7.5,8.0,8.5,9.0,9.5,10.0","0.6126799859147546,0.4277727780527124,-0.06525897412903281,-0.5068033968693904,-0.7018037149715829,-0.5488410352968941,0.012960686049500195,0.26105463499676795,0.5695684092722091,0.4369343595722646,-0.09077105661075666,-0.6013626092563805,-0.538741456400681,-0.44086994711087535,0.01902355951036422,0.5335686241313219,0.5853717106934204,0.3577893459691552,-0.23685654651943158,-0.4966748027058742,-0.7720016489971286","0.6283185307179586,0.44161687975024844,-0.016601002942223442,-0.4642732236501413,-0.6274879082798228,-0.41772631444572683,0.04975439028630735,0.48564058097321716,0.6249978705591817,0.39266055231451497,-0.0827620844603505,-0.5056683163497494,-0.6208539040374259,-0.3664829689446535,0.11552750752550656,0.5243097799936695,0.6150651449897948,0.33926132139257803,-0.1479549382753883,-0.541522169326268,-0.6076443672500488"
95,10,0.5,0.6283185307179586,0.01,9.81,4.7156591774020065,0.003168735175051163,"0.0,0.5,1.0,1.5,2.0,2.5,3.0,3.5,4.0,4.5,5.0,5.5,6.0,6.5,7.0,7.5,8.0,8.5,9.0,9.5,10.0","0.7373960794452744,0.5820301728931321,0.5361307453830763,-0.41704963632584696,-0.647439666971,-0.4678486955046094,-0.16855055142224412,0.3016753720154547,0.547112259268176,0.7330246945757222,0.4225562561382208,-0.11288578190417058,-0.42848840973834323,-0.5256889677390028,-0.38143545039679727,-0.1477896172092114,0.14311504013711968,0.6145375260278425,0.6378616693037847,0.4970054225560868,-0.011188787318093946","0.6283185307179586,0.47547210172290577,0.08455671486512943,-0.3502821844976729,-0.6066503955545869,-0.56651366559085,-0.24725559323304028,0.19928786870585746,0.5428712345329223,0.6177852594250568,0.3914551776910966,-0.03330144453362971,-0.4407419938612528,-0.6263126786067701,-0.5070350822872958,-0.13521520656958586,0.3067127303010961,0.5916160585830006,0.5864715036815016,0.29350371573473305,-0.14992608444603295"
96,10,0.5,0.6283185307179586,0.01,9.81,1.052410695851687,0.008480014049124157,"0.0,0.5,1.0,1.5,2.0,2.5,3.0,3.5,4.0,4.5,5.0,5.5,6.0,6.5,7.0,7.5,8.0,8.5,9.0,9.5,10.0","0.7123529249461844,0.045538477233885766,-0.5774720515653451,0.15903262902821713,0.43265537249902064,-0.33586100976959266,-0.46366595605166705,0.4860165294403184,0.3039538784783334,-0.5209319071320301,-0.31638867375448726,0.4915962600336463,0.17450473463705649,-0.6038132078549381,-0.04376809772661544,0.5815143155456359,-0.14625964570179403,-0.6473789266645993,0.28787818996803405,0.5679573546651125,-0.30843532692024295","0.6283185307179586,-0.05655826544605658,-0.6097039731232674,0.17157453264760902,0.5549807313997621,-0.2895446040880769,-0.4687141622594076,0.4048337462591209,0.36053062196853186,-0.5058568544844486,-0.24304976925826138,0.5805917421711171,0.12598476241953005,-0.6214365362886598,-0.012111229330007856,0.6254369604924881,-0.10133012659426122,-0.5923650264857703,0.21769976649625367,0.5244426251481149,-0.3356991204053025"
97,10,0.5,0.6283185307179586,0.01,9.81,1.1897794248102231,0.0026134147734196518,"0.0,0.5,1.0,1.5,2.0,2.5,3.0,3.5,4.0,4.5,5.0,5.5,6.0,6.5,7.0,7.5,8.0,8.5,9.0,9.5,10.0","0.7930911618921822,0.016635483010054637,-0.659396072560696,-0.0984014083463935,0.5330318275804296,0.03084329334343698,-0.6680773353358829,-0.1851876807079301,0.6329071540123758,0.14053984977031897,-0.7897027228118928,-0.2509857454850182,0.4993745709456171,0.5028792502815901,-0.67850359962881,-0.38713949026692546,0.396170613358023,0.5023854539791524,-0.5485311326421246,-0.5109128300998643,0.5765025575663391","0.6283185307179586,0.022515765437652546,-0.6296949709260968,-0.06800592953605744,0.6337561461760763,0.11486270688753086,-0.6402776849585419,-0.1639561956690624,0.648817120201334,0.21605774141752432,-0.6586059507297133,-0.27171924210924814,0.6683973756505175,0.33106257176873044,-0.6762959418250238,-0.39346514095902374,0.6796521373264657,0.4571919389271615,-0.6751911560774313,-0.5191617834005731,0.6595900251879064"
98,10,0.5,0.6283185307179586,0.01,9.81,3.197222561843796,0.008871058367537182,"0.0,0.5,1.0,1.5,2.0,2.5,3.0,3.5,4.0,4.5,5.0,5.5,6.0,6.5,7.0,7.5,8.0,8.5,9.0,9.5,10.0","0.5816017485914841,0.43248126935385905,-0.10475375087223403,-0.6379532276375844,-0.5858808210923305,-0.09149685722028675,0.29811986772741095,0.5997562483573848,0.38595146169067984,0.07498623288520503,-0.35102220480633284,-0.6041027063880666,-0.2826465167414978,0.31722212534561,0.712721668550555,0.503088253628443,-0.05317442233207108,-0.5330369269087192,-0.7947821235201097,-0.39568130063728246,0.16440943075021403","0.6283185307179586,0.4028817174583944,-0.12330176231770973,-0.555143385340816,-0.582688067780256,-0.1881357003701239,0.34988047478209566,0.6249554605313583,0.4512464005233175,-0.05697319375507745,-0.5215138834968858,-0.6039043928238588,-0.2507049222672847,0.29279507456980836,0.6148954797689591,0.4944926270682086,0.010048804745877743,-0.4821030449035246,-0.6186069008465733,-0.3102850855967584,0.2322469250191258"
99,10,0.5,0.6283185307179586,0.01,9.81,1.3839559957155796,0.0037929130561008533,"0.0,0.5,1.0,1.5,2.0,2.5,3.0,3.5,4.0,4.5,5.0,5.5,6.0,6.5,7.0,7.5,8.0,8.5,9.0,9.5,10.0","0.6328541713671213,0.1920463158889802,-0.6127606519681488,-0.3629012235010559,0.44711116399920636,0.5182326598483324,-0.3758001445029991,-0.600763782844626,0.1946355685916856,0.630050772666195,0.018547224898839962,-0.6541866825252165,-0.2838242721626982,0.6295154023901504,0.1859460259239391,-0.4878486247168678,-0.5616688911462837,0.5187776841686024,0.4882011588764093,0.009623015808008173,-0.6078599146277415","0.6283185307179586,0.10751319597104891,-0.6034487850644954,-0.3087731376726952,0.5244241740988431,0.4703081086372005,-0.38685174368099645,-0.575445422018761,0.20034952725750677,0.6234767371947325,0.0119469168191505,-0.6207534585499928,-0.22271856336982065,0.5667397186876875,0.404788507702041,-0.45505647063789534,-0.5360430674937569,0.28804618016108946,0.6087199723783014,-0.08392111345516462,-0.6280206050463819"
100,10,0.5,0.6283185307179586,0.01,9.81,3.998321772085299,0.009746437834548708,"0.0,0.5,1.0,1.5,2.0,2.5,3.0,3.5,4.0,4.5,5.0,5.5,6.0,6.5,7.0,7.5,8.0,8.5,9.0,9.5,10.0","0.6412924942465099,0.538286167518284,0.10263917579238782,-0.39800620195507014,-0.6609272182303351,-0.4771507565255054,-0.04306401244838578,0.590195667561123,0.7582060519227016,0.40114978298602616,-0.04337690950118108,-0.3939812182449719,-0.6615835137397066,-0.5332083781380711,0.08125642859096806,0.46223817046506643,0.5028224186631306,0.6486750264651049,0.06202787391321001,-0.4017142734222448,-0.5850858498070383","0.6283185307179586,0.44804998138413865,0.002058788732568928,-0.4451952276954561,-0.6283058965327241,-0.4508857362780741,-0.00617629135649625,0.4423215575786006,0.628267993603606,0.45370240979445753,0.010293569401443853,-0.43942905326880966,-0.6282048208131457,-0.45649991905353715,-0.014410472963796883,0.4365177969587907,0.6281163763081823,0.4592781808023245,0.01852685186419062,-0.43358787089115935,-0.6280026575137282"
101,10,0.5,0.6283185307179586,0.01,9.81,2.7533353379105403,0.002295077522961257,"0.0,0.5,1.0,1.5,2.0,2.5,3.0,3.5,4.0,4.5,5.0,5.5,6.0,6.5,7.0,7.5,8.0,8.5,9.0,9.5,10.0","0.5450030965693137,0.49030634559480557,-0.4620440951482254,-0.709766073917272,-0.3905912320916233,0.062179233425891114,0.49148868026370196,0.5339642967614678,0.104837340239577,-0.48183686856854424,-0.6919585341289913,-0.27620282390940304,0.11119956935001318,0.7046685483773223,0.3918147994474146,-0.15660481087165745,-0.6456852494256046,-0.5143473734871968,-0.001194816945734846,0.3821075407201129,0.65302756475046","0.6283185307179586,0.3665372446902906,-0.2144709912618223,-0.6059029833317529,-0.49005571683992244,0.045039630302638856,0.5400300364502209,0.5770371071905802,0.12810821340060702,-0.43461964528654873,-0.622288580368934,-0.29074975071341136,0.2961374228568745,0.623082395194571,0.4302452302651759,-0.13411307663141764,-0.5793695744011482,-0.5369502163156521,-0.03890261162078262,0.4937882819080958,0.6043005845823558"
102,10,0.5,0.6283185307179586,0.01,9.81,0.5627132946869069,0.0030669042699896978,"0.0,0.5,1.0,1.5,2.0,2.5,3.0,3.5,4.0,4.5,5.0,5.5,6.0,6.5,7.0,7.5,8.0,8.5,9.0,9.5,10.0","0.4984614258845042,-0.661821504861713,0.7200661645742646,-0.5868241229921173,0.920587760888032,-0.7549574609188134,0.55417914349956,-0.5286489752271667,0.555264468303731,-0.6706315331566549,0.6898943048923624,-0.7040638351178568,0.6074849005696497,-0.606238975425158,0.7630330676112433,-0.8536848113477652,0.6706325165798404,-0.7018302569544695,0.8376529611940287,-0.7453683958719658,0.7709155086969279","0.6283185307179586,-0.6525676193501357,0.7130587346306241,-0.7723293418029245,0.7835618078191913,-0.7366995077898955,0.6711814837936516,-0.6314444153636927,0.6387112495493712,-0.6894108689238079,0.754736395843731,-0.7870055971639578,0.7580192129773202,-0.6932515706121885,0.6406427989035985,-0.6304945705629426,0.6678069554814208,-0.7328658442875591,0.7822064034744027,-0.774686217924996,0.7170496957072001"
103,10,0.5,0.6283185307179586,0.01,9.81,1.0931999800393446,0.007098928062515718,"0.0,0.5,1.0,1.5,2.0,2.5,3.0,3.5,4.0,4.5,5.0,5.5,6.0,6.5,7.0,7.5,8.0,8.5,9.0,9.5,10.0","0.5454562529967574,-0.02496611492174756,-0.5005051138089709,0.1620113648366785,0.43115728812438103,-0.06682739987131334,-0.5648312547870261,0.42679306654311566,0.5180198882095101,-0.24814700883818935,-0.5426773193518902,0.5612339588683336,0.5355342590421324,-0.6914311314312633,-0.19337814032045447,0.5032988345175813,0.23961843493952995,-0.6385318890266489,-0.22188172597581846,0.5780134901729854,0.018742217034056777","0.6283185307179586,-0.031004263632718576,-0.6207828058460279,0.09436989038333843,0.5981259633955753,-0.1613725899612023,-0.5604148496975971,0.23300179600601834,0.5084158838697419,-0.3082506790790024,-0.44428289676842875,0.3839277339757674,0.37183371897504314,-0.4553474057739528,-0.2959326569261866,0.5177335719139129,0.22110732405516187,-0.5675222977617722,-0.15021732323750203,0.6028212941008506,0.08391438052670475"
104,10,0.5,0.6283185307179586,0.01,9.81,1.0482462708283902,0.005556969384585698,"0.0,0.5,1.0,1.5,2.0,2.5,3.0,3.5,4.0,4.5,5.0,5.5,6.0,6.5,7.0,7.5,8.0,8.5,9.0,9.5,10.0","0.8679663871224678,-0.06308940084441342,-0.7136195089966515,0.09158267593435244,0.6182990151569484,-0.3310182608121655,-0.609909717587414,0.49071537007770916,0.3401816828294073,-0.5012141512936535,-0.3084918315737615,0.6879835473406724,0.009725848965197154,-0.5902416320398746,-0.07949655149420022,0.7578300228129815,-0.04498156399815538,-0.4497748918212957,0.24922059474105404,0.8068381193628686,-0.39674578019477896","0.6283185307179586,-0.05927911277668141,-0.6082672545143186,0.17971305808380333,0.5494923548433859,-0.30260617105603127,-0.4574763636905151,0.4210302721827655,0.34333114942426884,-0.521944838010374,-0.2207626035366388,0.5927355020024287,0.09924596061132918,-0.6260606153472144,0.019550825310121867,0.619423639582765,-0.13900845745389556,-0.5732597159605861,0.2614380610994419,0.4914137174492476,-0.3826145629449443"
105,10,0.5,0.6283185307179586,0.01,9.81,3.624180960392989,0.006230049482988122,"0.0,0.5,1.0,1.5,2.0,2.5,3.0,3.5,4.0,4.5,5.0,5.5,6.0,6.5,7.0,7.5,8.0,8.5,9.0,9.5,10.0","0.7679065751159009,0.28951287453995056,-0.11983189094909814,-0.5155642105208383,-0.34940375612569496,-0.40651465101070805,0.31055519471470405,0.6430909264205588,0.598617869616737,0.23718059089112437,-0.20360836695656073,-0.6564433048503941,-0.6449563370597454,-0.22255401979165795,0.2805678253074632,0.5116249484334108,0.5614161843943783,0.06272837982921482,-0.4461979541121444,-0.5792564829705394,-0.4733532441282682","0.6283185307179586,0.4294400327895638,-0.05119238234874335,-0.49719780472535824,-0.6204391450938807,-0.35024948431008784,0.15213929143121485,0.5519714123634056,0.5969620365251925,0.2615549790378445,-0.24883635988845487,-0.5925713707472874,-0.5583696678571106,-0.16564702498859885,0.33865780397487844,0.6181468559737919,0.5054680338583292,0.06511733165302638,-0.419267434965155,-0.6281715388122548,-0.4393991241020815"
106,10,0.5,0.6283185307179586,0.01,9.81,1.3989904324702593,0.008237120735640365,"0.0,0.5,1.0,1.5,2.0,2.5,3.0,3.5,4.0,4.5,5.0,5.5,6.0,6.5,7.0,7.5,8.0,8.5,9.0,9.5,10.0","0.5197099855154257,0.13587882741298207,-0.4111966610559391,-0.18885311932296436,0.5237940220497339,0.4787207457573904,-0.30228826651955837,-0.41759355262004405,0.0091693759632131,0.6971019318494782,0.0034066742191549565,-0.754489422522358,-0.3342123729147266,0.42813415558357315,0.2639909811334378,-0.19401419810841886,-0.39784088299164794,0.15610919434193038,0.6352482154245457,0.3857515389003828,-0.7076930569351418","0.6283185307179586,0.11311009977040254,-0.5999634357289376,-0.3232434587822928,0.5103217775954028,0.4875956892811101,-0.35643974736526324,-0.5887659988768643,0.1524380827301839,0.6274443606785725,0.0732739594400138,-0.6092344324371373,-0.28857792198631804,0.5309777175386667,0.4628297806512472,-0.38802329620756587,-0.5755934709050667,0.19107877953055302,0.6248150395674523,0.03310956773974427,-0.6166280233650068"
107,10,0.5,0.6283185307179586,0.01,9.81,3.7193320832711074,0.007650856035239876,"0.0,0.5,1.0,1.5,2.0,2.5,3.0,3.5,4.0,4.5,5.0,5.5,6.0,6.5,7.0,7.5,8.0,8.5,9.0,9.5,10.0","0.6384994754883322,0.44550720658054,-0.29198712632941304,-0.6109209868112365,-0.6928180397010286,-0.36315553042106447,0.19721465947721004,0.5096435854835251,0.5649274481348725,0.2745084800765947,-0.13942217143531502,-0.5346706214950329,-0.4835356452092761,-0.22902237635081896,0.41904548914835615,0.7471485711308268,0.49715426971658844,0.0998697738325789,-0.30243962956221215,-0.5827696312822029,-0.6268890396858846","0.6283185307179586,0.43452791200296204,-0.03685526923940016,-0.4839418604548524,-0.624231551671553,-0.37912347540301083,0.11002997059975947,0.5267767760271604,0.6120141570345673,0.3184191580368225,-0.18160896131685444,-0.5625426642229379,-0.5917967405612097,-0.2532066129086922,0.25056769364125875,0.5908429941850069,0.5637962014693255,0.18437085899158132,-0.3159396679037899,-0.6113704779870917,-0.5283163851833755"
108,10,0.5,0.6283185307179586,0.01,9.81,1.0897598820079097,0.002113784232853102,"0.0,0.5,1.0,1.5,2.0,2.5,3.0,3.5,4.0,4.5,5.0,5.5,6.0,6.5,7.0,7.5,8.0,8.5,9.0,9.5,10.0","0.6051802059797192,0.005975742856135502,-0.5842145700500843,0.15731973338192956,0.6118267399807156,0.01925108091354885,-0.5236744774300094,0.16534467274230372,0.49145356744328034,-0.33686172372168616,-0.5653186103237937,0.3462790620611838,0.3145238017649764,-0.3046449329759553,-0.003245952908371097,0.40053853441298126,0.3910739080083916,-0.7309034459923179,-0.1360238822884856,0.4192986971443736,0.10620672366718337","0.6283185307179586,-0.03308557997072403,-0.6200443167746017,0.10069528553702078,0.5952033408607402,-0.17209013177571209,-0.5540042533979483,0.24806014133570187,0.4975739447346712,-0.3270627768733799,-0.42869870882584177,0.4051685894260988,0.35194963204540347,-0.47707954785459133,-0.272710815334713,0.5378133295547389,0.1955002289969573,-0.5839880108100972,-0.12265327535391646,0.6140205644152975,0.05405266015265431"
109,10,0.5,0.6283185307179586,0.01,9.81,4.674031479529284,0.004578203744424466,"0.0,0.5,1.0,1.5,2.0,2.5,3.0,3.5,4.0,4.5,5.0,5.5,6.0,6.5,7.0,7.5,8.0,8.5,9.0,9.5,10.0","0.5646447716961969,0.5272666795600873,0.17936998206684804,-0.4179404342904995,-0.4619824884527144,-0.5214382128530731,-0.1077238692750686,-0.04846273396554018,0.6881171501504233,0.8039993478443499,0.36764450176125674,0.002581982536170299,-0.4416147569217022,-0.5529141526774943,-0.40731542279778765,-0.11400098611027519,0.26582997106632966,0.6220229756327662,0.4473893676571589,0.315437442579699,-0.17383779922914136","0.6283185307179586,0.4741108261313748,0.08034914682290817,-0.3555269940158624,-0.6087605660355521,-0.5619394893474787,-0.2355392624007543,0.21331061673774265,0.551081654262364,0.6141110207679424,0.3747869529582839,-0.056619083679112364,-0.4583325251623779,-0.6278873184799518,-0.489209779763623,-0.103957167438181,0.3357443680565193,0.6025693944154834,0.5720104818698772,0.2574149523956478,-0.19076145025178512"
110,10,0.5,0.6283185307179586,0.01,9.81,1.8542691130142288,0.0053972564081638,"0.0,0.5,1.0,1.5,2.0,2.5,3.0,3.5,4.0,4.5,5.0,5.5,6.0,6.5,7.0,7.5,8.0,8.5,9.0,9.5,10.0","0.6202833470999571,0.21836613136533797,-0.5517156614914925,-0.7430717317863926,0.011057090295933329,0.543248661618312,0.35777372363097587,-0.2469927080496912,-0.7892104591052376,-0.16095527248363226,0.6975990010322602,0.46524338301349444,-0.017339661257458158,-0.631326451368036,-0.23914356043571902,0.45154947194822603,0.3778490063096522,0.22863321602224065,-0.562567663825839,-0.5962941572892639,0.13606253729708462","0.6283185307179586,0.23960922171588694,-0.46298911677854543,-0.5748713394450145,0.03239232939133635,0.5968206323259155,0.41791389455590283,-0.29778591710539826,-0.6254223048293095,-0.17874236466141924,0.5030896148672794,0.5472389668493589,-0.09681423377964249,-0.6130185884069181,-0.3682659965236553,0.35262873327291655,0.6167342837586094,0.11586853423133192,-0.5379049865839509,-0.5140482637125375,0.16015084088226073"
111,10,0.5,0.6283185307179586,0.01,9.81,3.482888957436121,0.009600609313422732,"0.0,0.5,1.0,1.5,2.0,2.5,3.0,3.5,4.0,4.5,5.0,5.5,6.0,6.5,7.0,7.5,8.0,8.5,9.0,9.5,10.0","0.6380406968371701,0.30401069479183884,-0.14210508619168377,-0.5177473605532901,-0.47263802078289596,-0.3044466711885085,0.21409531845987714,0.43190078504598234,0.3835511581871029,0.18402246276011597,-0.28196727230213753,-0.4923456469378025,-0.5326573820522299,0.11843781753979643,0.5169108685938142,0.8168275303604089,0.33851066641866095,-0.16490601243847647,-0.6676457318849054,-0.5685882892641156,-0.10625545709544346","0.6283185307179586,0.4213720347394503,-0.073583653609568,-0.5167716567129284,-0.6120527222482501,-0.3027613608987769,0.21647935859784995,0.5844724802241579,0.5639403847760881,0.16702198178772715,-0.3469600370998389,-0.621500171321969,-0.4860411521387162,-0.021649931236567693,0.4579850454134037,0.6262829288923413,0.3818483082583649,-0.12498069837746661,-0.5440326270133958,-0.5986195917733544,-0.2564123345592844"
112,10,0.5,0.6283185307179586,0.01,9.81,1.7890080209692476,0.009323275863808246,"0.0,0.5,1.0,1.5,2.0,2.5,3.0,3.5,4.0,4.5,5.0,5.5,6.0,6.5,7.0,7.5,8.0,8.5,9.0,9.5,10.0","0.8595259913162621,0.23910845533946157,-0.46706514801575333,-0.5366654040425322,0.16453600215918887,0.7770710759182594,0.3807562618984167,-0.2829005297777264,-0.585688919510306,-0.06829942474937797,0.6783215789757757,0.20861755374326257,-0.20158983366269861,-0.5942745846620634,-0.24163650947213938,0.5976663591531362,0.6184219130668013,-0.03139624652851766,-0.7072073598361228,-0.262278259843381,0.34926935112077473","0.6283185307179586,0.2254295234159422,-0.483883574964302,-0.5554393198564868,0.09588823914760658,0.6159666952365147,0.34402716106506026,-0.3902812663532692,-0.6030436482350194,-0.03831370881984675,0.5789265505338801,0.4461277856768747,-0.27816849785762465,-0.6260303236019588,-0.17065399708403844,0.5175331520875271,0.5274983125946057,-0.15259659048025526,-0.6243120990752188,-0.2946994143726486,0.43308594507088427"
113,10,0.5,0.6283185307179586,0.01,9.81,0.6118677112381534,0.0059967823809414225,"0.0,0.5,1.0,1.5,2.0,2.5,3.0,3.5,4.0,4.5,5.0,5.5,6.0,6.5,7.0,7.5,8.0,8.5,9.0,9.5,10.0","0.6907535965371401,-0.52708390529919,0.4078743198297158,-0.26602555287691954,-0.07292947772021043,0.1144008266536615,-0.40319188536851336,0.3656086249608588,-0.5208863329467667,0.510870963024544,-0.10007313198245488,0.024116335473734825,0.3326803323208962,-0.4626854426715614,0.7440444361007554,-0.7048004219664455,0.5212976807262194,-0.3636661325974255,0.017437967440305915,0.13262815655150437,-0.3971267990372056","0.6283185307179586,-0.5496675803077691,0.36625534499299306,-0.15325189907397863,-0.06089355529073914,0.27538870387874115,-0.4782481103824837,0.6127960242004126,-0.6015151520193766,0.4523942739537862,-0.2457699535957404,0.031278467349897476,0.18297637183958693,-0.39464953557836646,0.5688235222344185,-0.6266954915636828,0.5284915582990581,-0.33739093484766347,0.12355239882835489,0.0905296067735607,-0.3048602633909683"
114,10,0.5,0.6283185307179586,0.01,9.81,3.352888002564883,0.00195307663375678,"0.0,0.5,1.0,1.5,2.0,2.5,3.0,3.5,4.0,4.5,5.0,5.5,6.0,6.5,7.0,7.5,8.0,8.5,9.0,9.5,10.0","0.6868103218023516,0.22857417729343593,-0.17374190071902468,-0.5940396734436384,-0.46684537226902945,-0.25976900683007503,0.3283020060962509,0.6659447337026996,0.4405836077243794,-0.07098762196648706,-0.4827938637493666,-0.7271856585785759,-0.6491974702742692,0.12697971568580896,0.5303823328206018,0.5372058395534379,0.1135504155019658,-0.26585703163025043,-0.715765587111647,-0.41033836506831667,-0.1353037275907121","0.6283185307179586,0.4133481335343154,-0.0954330424731088,-0.5345147737392298,-0.6009740772822255,-0.2538327260560118,0.276989462582673,0.6077860717926125,0.5208820014392682,0.06997076771971808,-0.4320794590999778,-0.6278238866606036,-0.3939202843602477,0.12072560202424093,0.5472800125352651,0.5932077219178016,0.23023261815049056,-0.2996643552728029,-0.613634980311257,-0.5064000249263936,-0.044383893518422785"
115,10,0.5,0.6283185307179586,0.01,9.81,1.1315281867876068,0.004772028873846735,"0.0,0.5,1.0,1.5,2.0,2.5,3.0,3.5,4.0,4.5,5.0,5.5,6.0,6.5,7.0,7.5,8.0,8.5,9.0,9.5,10.0","0.6664905532598636,0.12454136553974765,-0.7148452872329535,-0.06122039830462182,0.710966866938194,0.09130974708772227,-0.644655118381121,-0.09561672988126094,0.4795878852006962,-0.11020016980275447,-0.6491157276358708,0.2484544777819274,0.3968826105566702,-0.1779473357814526,-0.5403241355719354,0.11174380424569054,0.5739447829035256,-0.14998774190971811,-0.3778557818001915,0.2413652497709007,0.5405166399198756","0.6283185307179586,-0.00867105031042581,-0.6268670346343193,0.026369629866970334,0.622458780682855,-0.045134451779170415,-0.6149354543160168,0.06566233624687656,0.6040443279347556,-0.08861732817466461,-0.5894590575196792,0.11459437003842199,0.5708165929719233,-0.14406168676511055,-0.5477762957676426,0.1772816004650304,0.520104871985505,-0.2142184511805202,-0.487782779239768,0.25445548577535837,0.4511134088955966"
116,10,0.5,0.6283185307179586,0.01,9.81,4.848043604644317,0.006364382979109356,"0.0,0.5,1.0,1.5,2.0,2.5,3.0,3.5,4.0,4.5,5.0,5.5,6.0,6.5,7.0,7.5,8.0,8.5,9.0,9.5,10.0","0.7678198390035222,0.6966475371495648,0.17130042544546376,-0.27773384482979235,-0.47605460659101195,-0.48463426698081696,-0.3355866009808627,0.2202761259413684,0.5510028679126201,0.6060079425357654,0.5272803315520347,-0.017701054102561377,-0.42062370619405104,-0.5602788441833211,-0.5334907190716658,-0.23809409507141333,0.17586428286263842,0.47591310360256267,0.6344467482194217,0.4491549068634763,0.10348781233761098","0.6283185307179586,0.47964584449600256,0.09752993141020681,-0.33384567358020545,-0.5994570433199947,-0.5796571096902812,-0.28277113437057744,0.15526273584398909,0.5150683873922977,0.6256832769508383,0.44003233133447284,0.03889481776782684,-0.3819136185833577,-0.6141843231078058,-0.5549237403411468,-0.22912894476705914,0.21156470539549932,0.5460298531082812,0.6177953215653412,0.3965385385874318,-0.020100908699341224"
117,10,0.5,0.6283185307179586,0.01,9.81,4.69860449720095,0.008239248240516738,"0.0,0.5,1.0,1.5,2.0,2.5,3.0,3.5,4.0,4.5,5.0,5.5,6.0,6.5,7.0,7.5,8.0,8.5,9.0,9.5,10.0","0.5674264260996342,0.5328488212132314,0.07338566736149797,-0.4734981105984875,-0.513719933806884,-0.6890842796450882,-0.19331520608859568,0.24212744836110164,0.5579839052836105,0.6636475825254416,0.28905680049418475,-0.13158111127490152,-0.5690988785935325,-0.7557028395486016,-0.44884235140332107,0.1422832292029855,0.24538919272320225,0.5162343820530546,0.36441808689867305,0.17706163926611163,-0.17229263385325025","0.6283185307179586,0.47491730998252046,0.08284050112176697,-0.3524265859816582,-0.6075242655998461,-0.5646661462953066,-0.24248771234631286,0.20502370629618383,0.5462683850742983,0.616351828415387,0.38470794391438773,-0.04282280625207387,-0.4480084458741193,-0.6270944385044527,-0.49989512578744544,-0.12250122659040316,0.31867403755254686,0.5963141557423804,0.5808213599581072,0.2789215660331106,-0.16668472169351187"
118,10,0.5,0.6283185307179586,0.01,9.81,2.6032172069988118,0.008062871043269687,"0.0,0.5,1.0,1.5,2.0,2.5,3.0,3.5,4.0,4.5,5.0,5.5,6.0,6.5,7.0,7.5,8.0,8.5,9.0,9.5,10.0","0.5786405903099127,0.4452437104754142,-0.4004194168254698,-0.7116916931141991,-0.26364773359173616,0.19810283199360987,0.548314240079884,0.3966432883751875,0.08458103415781151,-0.6285514419186014,-0.6307636809478512,-0.10753370621857357,0.2702389541556657,0.836325901273631,0.19128543004505513,-0.5502461780335529,-0.6243284018826998,-0.2651557791437792,0.3211565359674575,0.7625052460093982,0.27595362473021756","0.6283185307179586,0.35144126374006934,-0.24975638496463867,-0.618096284290769,-0.4405016143896679,0.13879961987203207,0.587756711865445,0.514321581237176,-0.02257600037600402,-0.538206460046595,-0.5709176596370737,-0.09451199132603427,0.47080125381435584,0.6087758759195392,0.207995732549689,-0.38732807077070674,-0.6268045318325526,-0.3136810293857472,0.29013993036457597,0.6244379810386838,0.40794332827242513"
119,10,0.5,0.6283185307179586,0.01,9.81,0.5802655278964448,0.0019822959708916147,"0.0,0.5,1.0,1.5,2.0,2.5,3.0,3.5,4.0,4.5,5.0,5.5,6.0,6.5,7.0,7.5,8.0,8.5,9.0,9.5,10.0","0.6111122898321939,-0.5628632022487717,0.4987310365089463,-0.5628605633846453,0.5712553173024066,-0.6439962251778154,0.43894963193487196,-0.4983556604492424,0.46029308602738106,-0.6093978964093172,0.6983611138694756,-0.4477172701159536,0.6487878208777778,-0.4845817351627909,0.6567670823688937,-0.5540395959208352,0.4152135212571839,-0.5729364039166872,0.5065735841875374,-0.6022817516822034,0.7602460106127947","0.6283185307179586,-0.6138225770548185,0.5784929361429847,-0.5400914532660952,0.5146583093053119,-0.5110400790641627,0.5303845714346869,-0.5662364387534442,0.6044965862877403,-0.6269005670388785,0.6211335261652762,-0.5904828453176956,0.5510635435961975,-0.5203655350867109,0.5096165093044669,-0.5222743763598134,0.5542419048009641,-0.5936509015867997,0.6227297828707292,-0.6260233270480922,0.6016512035237671"
120,10,0.5,0.6283185307179586,0.01,9.81,4.232428766972314,0.008171353794926457,"0.0,0.5,1.0,1.5,2.0,2.5,3.0,3.5,4.0,4.5,5.0,5.5,6.0,6.5,7.0,7.5,8.0,8.5,9.0,9.5,10.0","0.740777536787437,0.3793124382592546,0.06832289675004749,-0.34124097558094757,-0.6157150549145252,-0.49150356380042387,-0.1872519211049368,0.46871819955707184,0.7115035280717252,0.43259764033720854,0.2689419808307372,-0.429287196905509,-0.5980710694480136,-0.6329287812237756,-0.12067971467245493,0.22360263501804029,0.6971557239221187,0.8168921848408209,0.28023917765195683,-0.1112132394460667,-0.51571953999733","0.6283185307179586,0.4580211186863198,0.03150394837356707,-0.41326530782886267,-0.6253245378169735,-0.4981940178035138,-0.09417702927042515,0.36433063244311015,0.6163647734210593,0.5334320754282745,0.15585163232976537,-0.3116725914566134,-0.6015064628824083,-0.5634356122052524,-0.21588163606579305,0.25579653063473334,0.5808633721836699,0.5879569126069006,0.27364894396019046,-0.1972545234851611,-0.5545977472962008"
121,10,0.5,0.6283185307179586,0.01,9.81,1.5468833388489516,0.005776926315391482,"0.0,0.5,1.0,1.5,2.0,2.5,3.0,3.5,4.0,4.5,5.0,5.5,6.0,6.5,7.0,7.5,8.0,8.5,9.0,9.5,10.0","0.601646302129734,0.3568879513798552,-0.7387974712788156,-0.4847769474330212,0.3930378347969631,0.7433630761886579,-0.06996877632660803,-0.743920907181022,-0.3880978870449811,0.4326402298413113,0.550667935139659,-0.20821634191059718,-0.5758106458870188,-0.038340234926500086,0.5679728868580478,0.39739957094360473,-0.4266157118059911,-0.6647222074823382,0.008121940108240994,0.6577407205935395,0.08867304116613513","0.6283185307179586,0.16236764255338815,-0.5598787709449458,-0.44012100281332944,0.3551143516010322,0.5990939621732317,-0.050950636912699965,-0.6202506981900452,-0.268027427051716,0.5040692076195797,0.5104071173873512,-0.2577968953718083,-0.6217900690689817,-0.06227501541929603,0.5959099068319693,0.36424414130631766,-0.43222586449669503,-0.5645636353543895,0.1513870622001089,0.6282374806321726,0.17329008491182274"
122,10,0.5,0.6283185307179586,0.01,9.81,3.2270711931500493,0.008809650583984101,"0.0,0.5,1.0,1.5,2.0,2.5,3.0,3.5,4.0,4.5,5.0,5.5,6.0,6.5,7.0,7.5,8.0,8.5,9.0,9.5,10.0","0.49075449068954674,0.30318586725976776,-0.037020427740441536,-0.6063199567739553,-0.40192440570211885,-0.21351266658045928,0.21637031561098072,0.63958948226334,0.3071276517984187,0.05590627601160525,-0.5150975755769652,-0.551463667761806,-0.2481893463015392,0.3250956056014803,0.6901493351877328,0.3710520034412871,0.17172262499891777,-0.384564439916013,-0.6102524654665026,-0.3161832673602274,0.15361849482927614","0.6283185307179586,0.40496688382724455,-0.11780684095592306,-0.5512570190569284,-0.5866627987948971,-0.20135675665961322,0.33594382581725646,0.6227100882233896,0.4662283272200518,-0.03187859081464112,-0.505762615110551,-0.6114569770868785,-0.2808781162428521,0.2603659687915969,0.6059659711083732,0.518716246502911,0.05469600297686056,-0.4508712238432995,-0.6252785637279691,-0.3548537471224966,0.17962754382791482"
123,10,0.5,0.6283185307179586,0.01,9.81,3.2139822080242655,0.004713144123463123,"0.0,0.5,1.0,1.5,2.0,2.5,3.0,3.5,4.0,4.5,5.0,5.5,6.0,6.5,7.0,7.5,8.0,8.5,9.0,9.5,10.0","0.6689133611745747,0.5183190549341608,-0.14681349353588913,-0.5044389352968911,-0.6473723098150375,-0.1240546491835403,0.37584425002978855,0.706652820071461,0.39230967272760797,0.011663847802191818,-0.6224575088084179,-0.5564743404954863,-0.17349295708634804,0.35726291389306486,0.47646555895111065,0.6572462976030424,-0.060178240821498294,-0.4865797101260456,-0.6826512415621632,-0.4699647361199853,0.13921846742927077","0.6283185307179586,0.40405728128598806,-0.12020737120086689,-0.5529658847218734,-0.5849487190928984,-0.19559626199432603,0.34206036404957874,0.623760646660339,0.4597568357348012,-0.04284509413539034,-0.5127631318766557,-0.6083280257890399,-0.2678001187650745,0.2746447506514563,0.6101406496594795,0.5084094350343835,0.03522354112534146,-0.46483489501594405,-0.6228270382548708,-0.3356935368988974,0.20281426884433895"
124,10,0.5,0.6283185307179586,0.01,9.81,2.183828195332322,0.004832938777361589,"0.0,0.5,1.0,1.5,2.0,2.5,3.0,3.5,4.0,4.5,5.0,5.5,6.0,6.5,7.0,7.5,8.0,8.5,9.0,9.5,10.0","0.715411676311913,0.24444435342784626,-0.3163730010575227,-0.4893090922521838,-0.07010774482567217,0.49906202286221,0.44177623458682014,0.14845110652211857,-0.48338257466014295,-0.6867605388308667,-0.028871309522021923,0.4572783445105059,0.6707009255037988,-0.03984539904561597,-0.6282937538977486,-0.6168983863342028,0.1132300886543799,0.6556936974520178,0.3276837241991686,-0.1799125813617673,-0.7007687923522807","0.6283185307179586,0.29826891089703567,-0.361800417982566,-0.624364287231588,-0.23042669075674999,0.4200025696592243,0.6125028283200459,0.15935513922156963,-0.4719963576130043,-0.592746068479103,-0.08612663763441258,0.517095876723545,0.5651407961053785,0.01176527542231487,-0.5548226730340167,-0.5298078528911926,0.0627488229655726,0.5848830546812738,0.4869914697259023,-0.13644262660661544,-0.6071228368753047"
125,10,0.5,0.6283185307179586,0.01,9.81,3.4336896151098837,0.008807415685770925,"0.0,0.5,1.0,1.5,2.0,2.5,3.0,3.5,4.0,4.5,5.0,5.5,6.0,6.5,7.0,7.5,8.0,8.5,9.0,9.5,10.0","0.4991046841511573,0.33160541332608506,0.049747500487908713,-0.5232029482051688,-0.5577865506210048,-0.19248914395895184,0.3091361392381196,0.6447350247235829,0.33229409607521987,-0.0903028726531572,-0.42363307648360427,-0.5209495313481055,-0.3219776247567664,-0.05879445003326353,0.44815963935463327,0.637201926744611,0.6312564119183685,-0.3015006731807579,-0.7521323320838187,-0.5857118645207707,-0.11512726592741566","0.6283185307179586,0.41840681870651075,-0.08170688115251235,-0.5235266583126087,-0.6082679099286854,-0.28485534665011714,0.23927372497034277,0.5941284981378484,0.5491576311321187,0.13137242176807484,-0.3799753786243336,-0.6264109485861837,-0.45412612994100554,0.03148223018401147,0.49460823908284757,0.6186909163155274,0.32853273574194297,-0.19208027936238597,-0.5763427330021987,-0.5713687455925146,-0.18014188105427062"
126,10,0.5,0.6283185307179586,0.01,9.81,2.5425359693433487,0.0032305560665622235,"0.0,0.5,1.0,1.5,2.0,2.5,3.0,3.5,4.0,4.5,5.0,5.5,6.0,6.5,7.0,7.5,8.0,8.5,9.0,9.5,10.0","0.6812139239538585,0.5929889413014894,-0.34172625511956956,-0.7418680857565122,-0.3747840060473045,0.2753111814140539,0.6118883036890571,0.6554473346939285,0.05698459040642684,-0.630501264014544,-0.6878890685816353,0.23230666630928734,0.5026954524562871,0.7156402029366835,0.036644237661035584,-0.5990398428679476,-0.7324320254963448,-0.20504599433063658,0.4011632416609989,0.6419368710126787,0.2450381802746388","0.6283185307179586,0.3448331939068549,-0.26472121843483887,-0.6219005934903122,-0.4171292912624229,0.1784328937353176,0.6027926798841231,0.48028389144091954,-0.08789448072182943,-0.5714000014893728,-0.533246443423689,-0.00476213898295566,0.5283156508020773,0.5751644800346362,0.09730359357432727,-0.47426714615062193,-0.6053234125518285,-0.18750197602572438,0.41012373941166214,0.6231461687301477,0.27324183732285184"
127,10,0.5,0.6283185307179586,0.01,9.81,1.5649806334891152,0.0077141285221910185,"0.0,0.5,1.0,1.5,2.0,2.5,3.0,3.5,4.0,4.5,5.0,5.5,6.0,6.5,7.0,7.5,8.0,8.5,9.0,9.5,10.0","0.6934837314413999,0.19487093137172967,-0.6123114838512381,-0.43001323531265523,0.4125607730516809,0.6055388707278195,0.1373318823759678,-0.6908757897824787,-0.40853290473573983,0.22181095739079532,0.5782561771485227,-0.3170155774163359,-0.7033660890303708,-0.21702920166095802,0.4374432643797673,0.4068175894570976,-0.31534612326784767,-0.636828593020449,0.026889395525302427,0.6868212642032085,0.22392127504450252","0.6283185307179586,0.1677558565226307,-0.5544677214592695,-0.45162115996966806,0.33515185345950277,0.606482004261983,-0.015410999285530969,-0.6131541961882884,-0.3091028662527342,0.4716704404660984,0.5403872675268402,-0.1971250861609944,-0.6277171250591931,-0.13794645638940495,0.5673168024010995,0.43045930325054077,-0.36033563747067743,-0.5985851509610527,0.04619251496069543,0.6186070748445929,0.28225190988796306"
128,10,0.5,0.6283185307179586,0.01,9.81,4.1745594354075966,0.0019475027186871248,"0.0,0.5,1.0,1.5,2.0,2.5,3.0,3.5,4.0,4.5,5.0,5.5,6.0,6.5,7.0,7.5,8.0,8.5,9.0,9.5,10.0","0.6317311769377166,0.2792109819398123,0.08841289014439539,-0.17568962694591483,-0.6310974340828932,-0.42113123631677146,-0.1935854702757485,0.5136395996204857,0.7063906505565632,0.48516294482139855,0.16361227193592676,-0.17428055180600532,-0.5614518050716375,-0.5146387176226284,-0.295601077658864,0.3295874323855048,0.6356548400697284,0.5038429389388511,0.29727411611998367,-0.3700040108314498,-0.530306048703922","0.6283185307179586,0.45566039115232315,0.024475348784386036,-0.42108721078021105,-0.6265126777321433,-0.4874807267412252,-0.07326888134624032,0.3839489873656349,0.6211030708303646,0.5163792493298215,0.12159262094114978,-0.34445221638806894,-0.6121137364761315,-0.542205907982038,-0.1691389887320644,0.30282180745016085,0.599585241228969,0.5648296152511184,0.21560862760633437,-0.25930053667919806,-0.5835753331660913"
129,10,0.5,0.6283185307179586,0.01,9.81,0.7995148562983017,0.0063499029738080665,"0.0,0.5,1.0,1.5,2.0,2.5,3.0,3.5,4.0,4.5,5.0,5.5,6.0,6.5,7.0,7.5,8.0,8.5,9.0,9.5,10.0","0.7078897042034792,-0.2405456332066473,-0.2237221866294432,0.6567423134505713,-0.2535164730366591,-0.46208902638317473,0.7637751896979991,-0.0012698998379926524,-0.32089658402560023,0.6557677033287974,-0.08562274167883777,-0.5763609120953181,0.42032095933384894,-0.03343633453905866,-0.5210154547080249,0.26150154581143104,0.0803956282015986,-0.5722528769770784,0.45425474069212224,0.07673053929715982,-0.6482327842729014","0.6283185307179586,-0.27319275446411795,-0.3470745786019029,0.622443426103746,-0.19645016652069824,-0.4166043472185816,0.6045226006713607,-0.11781502710675817,-0.47959227321368675,0.5740217951340008,-0.03805041328639702,-0.5334317045030945,0.5309764182947563,0.04208499597733284,-0.575863424871198,0.4766153483327422,0.12181053304041889,-0.6057229472043675,0.41323638083492875,0.2003691454155654,-0.6230230596599711"
130,10,0.5,0.6283185307179586,0.01,9.81,1.1577795988671422,0.008421977714107073,"0.0,0.5,1.0,1.5,2.0,2.5,3.0,3.5,4.0,4.5,5.0,5.5,6.0,6.5,7.0,7.5,8.0,8.5,9.0,9.5,10.0","0.7439283233504737,-0.11298649960721963,-0.5360992308433348,0.009633604156815048,0.5212625763648331,-0.08787292879770846,-0.6642671156173662,-0.20746484902422999,0.7504929708808129,0.15258316432403168,-0.6025400443530708,-0.16310364365053365,0.6972587297578867,0.04196457045874397,-0.5822995232035245,-0.11369493426073621,0.6887299409275875,0.43437360832354144,-0.6467773083068001,-0.2081102351227557,0.709730505701116","0.6283185307179586,0.00577200603493444,-0.629001168877412,-0.01751173151955121,0.6310705398926042,0.029848299812136325,-0.6345915735467462,-0.043212704530439905,0.639674235534512,0.0580882833409776,-0.6464756620612941,-0.07503720038702844,0.6552018521882053,0.09473271841092978,-0.6661067152579583,-0.11799886577895458,0.6794838353767381,0.14585795326551065,-0.6956413815975437,-0.1795825867386276,0.7148408159608335"
131,10,0.5,0.6283185307179586,0.01,9.81,1.896506032658335,0.002294847396740284,"0.0,0.5,1.0,1.5,2.0,2.5,3.0,3.5,4.0,4.5,5.0,5.5,6.0,6.5,7.0,7.5,8.0,8.5,9.0,9.5,10.0","0.655619188805046,0.19518993492219683,-0.1930241486060284,-0.5164209010031968,0.13177309430075765,0.636009015386065,0.6349691263868069,-0.3208714607536456,-0.6300279686100958,-0.3430781636881559,0.31851703408713106,0.5639729062732601,0.15440286866211214,-0.6139741514270929,-0.35110504936968445,0.34541877832647955,0.7193007295964374,0.29891451193073515,-0.5625123643257257,-0.46886222504703295,-0.0269799355794394","0.6283185307179586,0.24826613267030329,-0.44954807266597685,-0.585405272330481,-0.006739289695664841,0.5806416575013238,0.45864192409183535,-0.23588288718053935,-0.62819249011506,-0.2605291659769262,0.4402436318266781,0.5899203167941021,0.02021462390672457,-0.5756301837210196,-0.4675217587176938,0.22338542333333783,0.6278143701477643,0.2726660674606013,-0.4307322012900375,-0.5941861711947733,-0.0336802234457626"
132,10,0.5,0.6283185307179586,0.01,9.81,4.644367126193526,0.0024897855046175036,"0.0,0.5,1.0,1.5,2.0,2.5,3.0,3.5,4.0,4.5,5.0,5.5,6.0,6.5,7.0,7.5,8.0,8.5,9.0,9.5,10.0","0.7231977283308882,0.46355902015297495,0.02264833865992022,-0.4169412800215313,-0.6878553408520501,-0.555696143492699,-0.15427028599456982,0.2855113760596637,0.6807829166501074,0.4659589184147417,0.37208038551269057,-0.21205908515060162,-0.4019214239633325,-0.6111590409387342,-0.5127554935337758,-0.19270713461212335,0.37543724051793803,0.6521661296055012,0.44967372766182734,0.26553489825609433,-0.2319050184096078","0.6283185307179586,0.47312587560708197,0.07731203430122625,-0.35928646715828455,-0.6102160601837605,-0.5585443092079594,-0.22702646382464714,0.22334758801781734,0.5567590482591562,0.6111243147521769,0.36249530843563943,-0.07338791071985214,-0.47055275757884235,-0.6283067097447357,-0.4756804017335121,-0.08123293680277845,0.3560631527958107,0.609284713383744,0.5603081081543237,0.23069599996656714,-0.2196595196943156"
133,10,0.5,0.6283185307179586,0.01,9.81,1.78124037052071,0.002382520556728528,"0.0,0.5,1.0,1.5,2.0,2.5,3.0,3.5,4.0,4.5,5.0,5.5,6.0,6.5,7.0,7.5,8.0,8.5,9.0,9.5,10.0","0.5648098407543596,0.3056658084491584,-0.2777734995946185,-0.46531294116879096,-0.08779044963688654,0.6032541737284606,0.2063619278346809,-0.4218536963559293,-0.7057832720488387,0.09283612269957142,0.5948068889122747,0.42867198239313703,-0.23872798631397313,-0.4607911533580914,0.010073099262956575,0.5430489541785334,0.5085356295147185,-0.2091016497772198,-0.6610181034830145,-0.22499468434601486,0.3279665858046292","0.6283185307179586,0.22367260108806708,-0.4863753908343034,-0.5528499067106007,0.10367954034165994,0.617713470941615,0.3343137495636763,-0.400859209483017,-0.5987722806008735,-0.020653337553052875,0.5859001223737572,0.43112517320524235,-0.2990259529511318,-0.6235716260778597,-0.14412208984043579,0.5330756410313922,0.5105795924260428,-0.1847594254392062,-0.6271573318508392,-0.2615573775741002,0.46007559391733444"
134,10,0.5,0.6283185307179586,0.01,9.81,1.0197052864940974,0.0011903321470279604,"0.0,0.5,1.0,1.5,2.0,2.5,3.0,3.5,4.0,4.5,5.0,5.5,6.0,6.5,7.0,7.5,8.0,8.5,9.0,9.5,10.0","0.5089661109033359,-0.13772930182573212,-0.4852028248564159,0.17249278980040628,0.6751767197222396,-0.5293033380158879,-0.4879842700201314,0.4677636364819807,0.08537552309767263,-0.704107612519317,-0.15398605139511495,0.5796139746323203,-0.17970037999213725,-0.7457074372410925,0.27103914568543647,0.36968305999795126,-0.3074210542344077,-0.4042835800367586,0.542161569271224,0.1773637512772981,-0.6025695696571292","0.6283185307179586,-0.07852458873057178,-0.5967017237900787,0.2365920080787277,0.5061505223952001,-0.39032042174686954,-0.37168493477959613,0.520451216184397,0.21659597089802174,-0.6041320496862173,-0.058644098144479795,0.6278083341743352,-0.09843256221421814,-0.5883147559085389,0.2565408046612556,0.49113400230466414,-0.40858401249830884,-0.352728376017746,0.5339941887926307,0.19657634336870033,-0.6105895303262892"
135,10,0.5,0.6283185307179586,0.01,9.81,0.7492793412391705,0.0025717732384226743,"0.0,0.5,1.0,1.5,2.0,2.5,3.0,3.5,4.0,4.5,5.0,5.5,6.0,6.5,7.0,7.5,8.0,8.5,9.0,9.5,10.0","0.7778774548831591,-0.33215317896905344,-0.35611023524927093,0.5889190657440878,-0.34979993951659283,-0.2477141045539981,0.39609701435030387,-0.4815918672451415,-0.06127619777236398,0.6584446219952881,-0.5533873627620235,0.30497363253497717,0.5023929418645352,-0.5133078213425817,0.24014671062158013,0.19649675059095278,-0.43431918104173495,0.5130071192255482,0.24149881862776465,-0.6877573579639655,0.5412068291207077","0.6283185307179586,-0.3336346767888988,-0.2237001666117382,0.6123459188139895,-0.43297484115394225,-0.10497235152543993,0.5659892094067229,-0.5182766541972379,0.018920694692403872,0.49419155959552996,-0.5830560638042903,0.14181686948495642,0.4040570055701884,-0.6205459954167634,0.25811760562215014,0.30127501353069475,-0.6268342157934903,0.3650303415144578,0.18845529738068434,-0.6013165282558572,0.46062331155242886"
136,10,0.5,0.6283185307179586,0.01,9.81,0.7402186968222892,0.006320294344998742,"0.0,0.5,1.0,1.5,2.0,2.5,3.0,3.5,4.0,4.5,5.0,5.5,6.0,6.5,7.0,7.5,8.0,8.5,9.0,9.5,10.0","0.5723959367066324,-0.3424298970052884,-0.11218511846888903,0.6914846996843559,-0.3688440459652137,-0.02074359113190906,0.3876110857345293,-0.6855838492428369,0.07264852601575664,0.5058976179967951,-0.6675746115262937,0.3169669897797327,0.231323950378505,-0.5080773879311098,0.3203210956268746,0.2188791179729877,-0.5952586747969351,0.4869830765842477,-0.005940608527882113,-0.5448844908259145,0.6481997163848203","0.6283185307179586,-0.34540946172247977,-0.19734423613861662,0.6003281876867119,-0.47367581835940475,-0.03632441478262871,0.5213509390844158,-0.5711247636788508,0.12745012042075654,0.4048982510757968,-0.6228106709678529,0.2821434218111676,0.26465028279352265,-0.6194849738762991,0.4200822336453318,0.10840465093656326,-0.5617372568841805,0.5329263211929927,-0.05570640686678607,-0.4598675531369463,0.606471392483978"
137,10,0.5,0.6283185307179586,0.01,9.81,3.5632153705977787,0.004542674111488254,"0.0,0.5,1.0,1.5,2.0,2.5,3.0,3.5,4.0,4.5,5.0,5.5,6.0,6.5,7.0,7.5,8.0,8.5,9.0,9.5,10.0","0.6215380070717045,0.4406182805087661,-0.028109639632141352,-0.46361621665041614,-0.7523721962498069,-0.48955719653989205,0.23315737478592916,0.6702487367944635,0.6272669752484497,0.28579356088924246,-0.16668140955830035,-0.5009371718513702,-0.45163082964538703,0.059603613580741094,0.49377620789812204,0.6521432917776232,0.4649968145391466,0.07506730702006278,-0.4651047376591913,-0.6594009690738745,-0.4028578571710393","0.6283185307179586,0.4260372789106266,-0.06068756751253426,-0.5056678376206827,-0.6172495385462395,-0.3304569685213875,0.179666387180696,0.5667926764016391,0.5843599279340066,0.2222251897523195,-0.29160752582064153,-0.6075642540250591,-0.5306014325813815,-0.10533158562636966,0.3923022010893504,0.6267939409169593,0.45757258815249596,-0.015712654311368035,-0.47818359141792766,-0.6239292927587047,-0.36756045007687377"
138,10,0.5,0.6283185307179586,0.01,9.81,1.9309599362842222,0.005540736133200072,"0.0,0.5,1.0,1.5,2.0,2.5,3.0,3.5,4.0,4.5,5.0,5.5,6.0,6.5,7.0,7.5,8.0,8.5,9.0,9.5,10.0","0.5400406157899234,0.2687280055999204,-0.544539199722939,-0.5139969850809638,-0.03892227936058122,0.6430101304492962,0.4296335613408405,-0.19961297738379927,-0.5682144324550676,-0.19368064185741105,0.4814887528622424,0.5721457624519299,0.20154394631394634,-0.6348206248867257,-0.46667569813926874,0.011178542936079755,0.4657558874779588,0.32952039778869446,-0.180969428237198,-0.6606573247746114,-0.32916070136763403","0.6283185307179586,0.25504736538729006,-0.43865731056112395,-0.5929223639996319,-0.0374756408999386,0.5655575162283476,0.48796448678830034,-0.18508518086643544,-0.6243991791715704,-0.3212038114079224,0.382971601814873,0.61254038059216,0.11187156102190943,-0.5305884295336684,-0.5303290045440912,0.11236562264412486,0.612645514230107,0.38257855893702003,-0.3216319558657764,-0.6243464896477695,-0.1846059520705864"
139,10,0.5,0.6283185307179586,0.01,9.81,4.437522240055738,0.008660184641399855,"0.0,0.5,1.0,1.5,2.0,2.5,3.0,3.5,4.0,4.5,5.0,5.5,6.0,6.5,7.0,7.5,8.0,8.5,9.0,9.5,10.0","0.5271104995996916,0.47219217553483395,-0.13730821746531452,-0.24173184976177328,-0.6569507269767887,-0.5665454117199702,-0.2781045981631344,0.1697955166773824,0.6918632549033734,0.6877586316440182,0.3746710001300092,-0.23164644934846862,-0.5510196003517419,-0.5057180941658916,-0.37226180674427906,0.1316361885566383,0.3872028316249607,0.5019107939595742,0.3873780183874739,0.04394822868975028,-0.41186037019840543","0.6283185307179586,0.4658919271693549,0.05519351461117626,-0.3859933939134829,-0.6191100695948174,-0.5315045592808996,-0.16378714266496724,0.29404687303174193,0.5917008257490136,0.58108826358605,0.2670945967030185,-0.19276622556050493,-0.5467488762238593,-0.6133896062363695,-0.36188813278601395,0.08528217883770028,0.4853764213015796,0.6276257298432751,0.4453316757922185,0.024969607384152603,-0.40919106203177474"
140,10,0.5,0.6283185307179586,0.01,9.81,0.6956377790575637,0.0026334856863687167,"0.0,0.5,1.0,1.5,2.0,2.5,3.0,3.5,4.0,4.5,5.0,5.5,6.0,6.5,7.0,7.5,8.0,8.5,9.0,9.5,10.0","0.6547348112456379,-0.44272436367547147,-0.05735190458757511,0.5833278025448275,-0.49713271717372454,0.39079438622710144,0.04524170933683194,-0.5046999547405524,0.6060594471986538,-0.2956687716382663,-0.10675916729533849,0.5102225753482603,-0.546824624443595,0.06114114175925919,0.4133555076584406,-0.575461063761043,0.46045269183427845,-0.13384001153483455,-0.3664487366153356,0.572982937687848,-0.41674669605694553","0.6283185307179586,-0.4078121788592761,-0.04570642370054334,0.47748313453789265,-0.6194733152794949,0.33052239067467637,0.13634870678425504,-0.5370399568940845,0.5932204929891625,-0.24741734283667816,-0.2246473069293295,0.5834813716400635,-0.5507259730146438,0.16000381187255797,0.30903734809113603,-0.6141934665819888,0.4943439199178007,-0.06982682912738092,-0.38802018274393096,0.6276981544052669,-0.42707507725934246"
141,10,0.5,0.6283185307179586,0.01,9.81,1.565351919969782,0.0032444881824899067,"0.0,0.5,1.0,1.5,2.0,2.5,3.0,3.5,4.0,4.5,5.0,5.5,6.0,6.5,7.0,7.5,8.0,8.5,9.0,9.5,10.0","0.6177278229598316,0.26663562818786213,-0.5236162168668466,-0.56126073236515,0.4039929071591624,0.49639459154999865,0.062094431236883685,-0.6914076041873224,-0.31886354230444164,0.39048181186771364,0.42105121090658687,-0.2700197399203188,-0.6382654412016365,-0.1043136412693755,0.645632359494988,0.3991809704309093,-0.34343464072224517,-0.49733209504124526,-0.17211393514007467,0.764475405909003,0.20290757683221547","0.6283185307179586,0.16786509757714818,-0.5543559240512921,-0.4518514256476801,0.33474188211512707,0.606621208924958,-0.014689947654771884,-0.612986598399877,-0.3099173814449864,0.4709762340006521,0.5409513165181943,-0.1958692204658976,-0.6277719926758185,-0.13946078376817805,0.5666416741595881,0.4317153585843719,-0.35878116279782923,-0.5991430314231777,0.04403478165436536,0.6182438200965894,0.28436240455395173"
142,10,0.5,0.6283185307179586,0.01,9.81,3.0705469328424773,0.004746361831328731,"0.0,0.5,1.0,1.5,2.0,2.5,3.0,3.5,4.0,4.5,5.0,5.5,6.0,6.5,7.0,7.5,8.0,8.5,9.0,9.5,10.0","0.6292575195342145,0.316863182532081,-0.20577898220740418,-0.5866834585441072,-0.3733319146933948,0.04700913535502954,0.3563038268183315,0.7399667871904922,0.18598435718713652,-0.1974494628082414,-0.5112240488092951,-0.6239462494279189,-0.04239299063994491,0.5097216619940156,0.5985935209852189,0.2357010552386909,-0.18173566373785657,-0.569455164822601,-0.5246806558471767,-0.07197700723089628,0.3852379550955914","0.6283185307179586,0.39358130592119905,-0.14746281775418438,-0.5711521878368891,-0.5630534291742884,-0.12862255581096632,0.40825839067874004,0.628039282274798,0.3785261862620998,-0.16615412256126075,-0.578733986527652,-0.5544436359446108,-0.10965211815503295,0.4225450797012311,0.627201740325479,0.3631058872853899,-0.1846779536642525,-0.5857932959471908,-0.5453291333425063,-0.09057051953809989,0.4364295050133086"
143,10,0.5,0.6283185307179586,0.01,9.81,0.7216435396741729,0.004362527246136144,"0.0,0.5,1.0,1.5,2.0,2.5,3.0,3.5,4.0,4.5,5.0,5.5,6.0,6.5,7.0,7.5,8.0,8.5,9.0,9.5,10.0","0.632789710191581,-0.480250107897621,0.024802328589116684,0.45099769773428966,-0.6429702553360799,0.040777901380407586,0.46996289766982235,-0.5964657703301677,0.41528458725196027,0.2657237414298373,-0.6180952270051219,0.4251915222318339,-0.052187614648925365,-0.35552301963241373,0.7429562606269688,-0.3761012086861035,-0.3251916537693297,0.4763634111065147,-0.6492769595807505,-0.0653140433954909,0.41428023457357654","0.6283185307179586,-0.37047329100205373,-0.13881836981711015,0.5630959485183674,-0.5491277044819451,0.11246918042551235,0.39264572970917405,-0.6275568960899551,0.34772947516989083,0.16493183090661123,-0.5758475655965372,0.5340079600169789,-0.0859261555646893,-0.41420010664488105,0.6252756898767411,-0.3244568199932414,-0.1907704021913632,0.5873224111498263,-0.5178052840396572,0.059233447812433226,0.43508545994021897"
144,10,0.5,0.6283185307179586,0.01,9.81,2.8568882692293673,0.001915047126133444,"0.0,0.5,1.0,1.5,2.0,2.5,3.0,3.5,4.0,4.5,5.0,5.5,6.0,6.5,7.0,7.5,8.0,8.5,9.0,9.5,10.0","0.8244196336909055,0.42374164655670177,-0.07699114455928191,-0.5897207129699917,-0.40391113641509424,0.12519806784308107,0.4402828492857471,0.5231123218612022,0.23924666228695532,-0.34304958967372057,-0.6149059470084298,-0.35649142354703917,0.179581925510057,0.5482911795542807,0.42974035456560894,0.1564184980576508,-0.5670041891393711,-0.7522386781553662,-0.16658371739919603,0.2613811301319228,0.6311707811313467","0.6283185307179586,0.37602596702660007,-0.19151316847385524,-0.5956506841485854,-0.5181561367552644,-0.015488459989883213,0.5004747767789618,0.6045168117466471,0.22064541885203803,-0.3511061872310768,-0.6276048029252811,-0.4000141049844009,0.16188450288860298,0.5854193110327395,0.5346176751872102,0.04642461629165798,-0.48160740971566207,-0.6120009762458882,-0.24920865878680995,0.3253096810505839,0.6254650007881966"
145,10,0.5,0.6283185307179586,0.01,9.81,4.250563492048519,0.0014676567981859383,"0.0,0.5,1.0,1.5,2.0,2.5,3.0,3.5,4.0,4.5,5.0,5.5,6.0,6.5,7.0,7.5,8.0,8.5,9.0,9.5,10.0","0.7651043415434551,0.23958059136410245,0.0532738460544844,-0.4519100490623522,-0.5328612962179731,-0.44179410244769635,-0.17286138591707767,0.3463815188052581,0.8048419846008047,0.49997774129930495,0.28681176109001155,-0.20133198885744777,-0.7434545999201899,-0.5224789891586191,-0.23517971187542627,-0.008870700852808444,0.3252728822453146,0.48161860557037284,0.18001135415148178,-0.03177424885883684,-0.582711111479852","0.6283185307179586,0.45874768041258507,0.033674277816879566,-0.41082491601612947,-0.624897137281737,-0.5014267069316128,-0.10061408460615598,0.35815318939909513,0.6146620740190457,0.5384353611641689,0.16633594479027644,-0.3012944259414421,-0.5977015007696649,-0.5694152636186359,-0.23005496904793923,0.24087520753636774,0.5741647174541781,0.5940757187141374,0.29102486111240433,-0.17758192423803143,-0.54426475688836"
146,10,0.5,0.6283185307179586,0.01,9.81,4.66178841058128,0.0018920182742188795,"0.0,0.5,1.0,1.5,2.0,2.5,3.0,3.5,4.0,4.5,5.0,5.5,6.0,6.5,7.0,7.5,8.0,8.5,9.0,9.5,10.0","0.7758329733473032,0.4798050175021047,-0.09838967359214726,-0.3041109631607116,-0.6674829778196205,-0.45993681564153044,-0.31480096890317477,0.08530384871471716,0.6852077294326038,0.7016679647948368,0.42149317797714814,-0.09108589609630911,-0.5775661738029547,-0.4773333903125698,-0.5746009069144915,-0.09751246320538456,0.40723605990186496,0.6519999093843146,0.4983173692671594,0.2806718007566795,-0.3513566569902272","0.6283185307179586,0.4737058365880309,0.07909961493163772,-0.3570763990059218,-0.6093662526036073,-0.5605520899771173,-0.23204244978855665,0.2174488518219202,0.5534428257396509,0.6129160697280306,0.3697558210296398,-0.06352534676078087,-0.4634092138991506,-0.6281326070129262,-0.4837097486143902,-0.09462206708852638,0.3441706778194803,0.6054536501269078,0.5673227875729686,0.24648603184989912,-0.20271441920106892"
147,10,0.5,0.6283185307179586,0.01,9.81,4.2960872821898874,0.009123878295348553,"0.0,0.5,1.0,1.5,2.0,2.5,3.0,3.5,4.0,4.5,5.0,5.5,6.0,6.5,7.0,7.5,8.0,8.5,9.0,9.5,10.0","0.44004395249990724,0.3413659513017095,0.03852603488313003,-0.2855402104043345,-0.43995941793241267,-0.46560672237689904,-0.029255000457101152,0.31079334398143743,0.3852584638097762,0.4014651105889569,0.14906541199446885,-0.3196749567140298,-0.4536143769511687,-0.5941573059212804,-0.17779437276125432,0.16781421493883572,0.6511203765883791,0.6468346497491944,0.2660503747699736,-0.10118075988595432,-0.7035329976773081","0.6283185307179586,0.46054454981870674,0.03905615743015314,-0.4047224888875529,-0.6237139342577835,-0.5092875642243162,-0.11653130608939224,0.34259852065851815,0.6099532911634886,0.5502980503255716,0.1921122033176614,-0.275071047500092,-0.5871977284069366,-0.5830460679736729,-0.2645918456396107,0.20315319141023847,0.5557205983823906,0.6071232420341912,0.3328414366379159,-0.12796007150943822,-0.5159124155809272"
148,10,0.5,0.6283185307179586,0.01,9.81,4.908068062639667,0.008218232922462343,"0.0,0.5,1.0,1.5,2.0,2.5,3.0,3.5,4.0,4.5,5.0,5.5,6.0,6.5,7.0,7.5,8.0,8.5,9.0,9.5,10.0","0.6992876762123853,0.6223651549059372,0.23434280846485286,-0.23291428185447893,-0.5687319628158183,-0.5556986754461612,-0.22320061149190906,0.13463012023513302,0.5739137968514284,0.634371049230721,0.26953431297636926,0.011691291794651032,-0.24879388595204815,-0.4714623691326467,-0.4410032074127206,-0.18660562097147276,-0.039224873439044794,0.7219133721766327,0.5906255471241367,0.4001821124548935,-0.06376307216388606","0.6283185307179586,0.4814640746621886,0.10321570132346183,-0.3265167344744373,-0.5959765440393958,-0.5849531896790261,-0.2980222369880592,0.13563204108271149,0.5017202942807945,0.6274916006445806,0.45988838642292323,0.07049985195916583,-0.35408739901452063,-0.6054157611476836,-0.5723700026778429,-0.26868061153062744,0.16765561776561833,0.5206083537633973,0.6250125626474627,0.43704591824544947,0.037579116514851546"
149,10,0.5,0.6283185307179586,0.01,9.81,4.00764893347098,0.0067823494839599294,"0.0,0.5,1.0,1.5,2.0,2.5,3.0,3.5,4.0,4.5,5.0,5.5,6.0,6.5,7.0,7.5,8.0,8.5,9.0,9.5,10.0","0.4632226688902318,0.4765670655961856,-0.03307557102971342,-0.49030144049638863,-0.533081502298869,-0.5086045726620927,0.0499567299505376,0.34199785597107024,0.5494287606566662,0.42860229390205634,0.08109981578043925,-0.41221073011184606,-0.6383133470582726,-0.38572888585388654,-0.16302292579252173,0.48918554266812464,0.5474538061515742,0.5284492305189057,-0.1280510030750793,-0.49386556861260233,-0.7060656483384159","0.6283185307179586,0.44846952757700914,0.003284930280781473,-0.44390989225184674,-0.6282862338679379,-0.45298055897342326,-0.009854436444378306,0.43930205816168644,0.6281893436799463,0.45744258407321875,0.016422879257000367,-0.43464643358153976,-0.6280278612601676,-0.4618552030179507,-0.022989549296350498,0.42994343023929316,0.6278017885186503,0.4662180182035071,0.029553736364439892,-0.4251934636806254,-0.6275111282683564"
150,10,0.5,0.6283185307179586,0.01,9.81,4.00548359560158,0.002210969875718324,"0.0,0.5,1.0,1.5,2.0,2.5,3.0,3.5,4.0,4.5,5.0,5.5,6.0,6.5,7.0,7.5,8.0,8.5,9.0,9.5,10.0","0.5601404028131788,0.5792274202381072,0.07420569351600771,-0.4568615138025205,-0.6366020282771832,-0.5204197646377392,-0.09986125104553094,0.38711526452880385,0.5451351066616545,0.4938328162131857,-0.013022063236909232,-0.5356867076536037,-0.7302585305223168,-0.3889231443413672,-0.10056011597085288,0.5396090773014748,0.5096281074277458,0.471389659451969,0.0940276287108132,-0.5176205362238147,-0.795223514951248","0.6283185307179586,0.4483723023985806,0.0030006853186313187,-0.4442082054698445,-0.6282915990563829,-0.4524958767189859,-0.00900179059058484,0.44000388801873946,0.628210804063718,0.45657862789926995,0.0150020996334978,-0.4357596539310251,-0.6280761457297552,-0.460620256736077,-0.021001081185554493,0.4314758091560499,0.6278876240827327,0.46462046515021493,0.02699820332563979,-0.42715266198684876,-0.6276452392568918"
151,10,0.5,0.6283185307179586,0.01,9.81,2.9123061617643677,0.005628005831713731,"0.0,0.5,1.0,1.5,2.0,2.5,3.0,3.5,4.0,4.5,5.0,5.5,6.0,6.5,7.0,7.5,8.0,8.5,9.0,9.5,10.0","0.7968111098054509,0.27959794815683975,-0.2599244376802416,-0.6096637000620794,-0.523164456768089,0.0700969031373789,0.330119100087494,0.6766875522456098,0.16769230140535507,-0.4036367233093746,-0.5664415548193976,-0.42860434225409966,0.25661230036212557,0.5490610743395893,0.5157160964542479,0.2247126410432876,-0.35495471443620397,-0.6646905578467008,-0.3078378961153368,0.20562045665605877,0.79681256338929","0.6283185307179586,0.3808268091789777,-0.17966951720349608,-0.5896759684509387,-0.531388592314485,-0.04637491645193362,0.4776778280434602,0.6145944790396237,0.26592401554984607,-0.30405533937657936,-0.6219118784227352,-0.44915986703716315,0.08924645138312717,0.5525966221871098,0.5739207524447661,0.13803580033608254,-0.41372253342889753,-0.6269328588033258,-0.34610425524221977,0.22040016874264998,0.6028010551148498"
152,10,0.5,0.6283185307179586,0.01,9.81,4.359074648551509,0.005165194290341644,"0.0,0.5,1.0,1.5,2.0,2.5,3.0,3.5,4.0,4.5,5.0,5.5,6.0,6.5,7.0,7.5,8.0,8.5,9.0,9.5,10.0","0.7749822232084184,0.6826728985469435,0.1627596815444221,-0.3111965994518852,-0.599383040652968,-0.6393873035898704,-0.03535004089695465,0.44658441721198816,0.5552131744341253,0.5857325615115907,0.019316046444541463,-0.262658822312413,-0.5960513854955928,-0.527024611446408,-0.21767171863443813,0.1315399559578878,0.3856795577318627,0.5452830466569175,0.5023833353255146,0.03190730817441638,-0.5104526999266171","0.6283185307179586,0.46296883525836086,0.04634972314666588,-0.3963373068378521,-0.6218295172840788,-0.5195828740546065,-0.13798550847437985,0.3209990602528514,0.6024689087629601,0.565114474919962,0.22647031697680245,-0.2385040522963091,-0.5705599856881164,-0.5987432543522233,-0.30983152902299266,0.15062183646148575,0.526652495794756,0.6198868619935515,0.3862713783201434,-0.05930373462775136,-0.47153296937504563"
153,10,0.5,0.6283185307179586,0.01,9.81,2.2329027324515907,0.006756069441133991,"0.0,0.5,1.0,1.5,2.0,2.5,3.0,3.5,4.0,4.5,5.0,5.5,6.0,6.5,7.0,7.5,8.0,8.5,9.0,9.5,10.0","0.7252870144422129,0.11952612069626109,-0.48412719076022526,-0.5665613605737511,-0.22802250474966482,0.3796220293923536,0.7073808449668527,0.09066306460767942,-0.2755020447738756,-0.680178512440772,-0.20142521365715405,0.3766640351960935,0.47710447287406393,0.06149032533887846,-0.38856471917363994,-0.37994013286768513,0.026326142764756602,0.43617950581991066,0.5143328339315838,0.20717929766111381,-0.520582774518118","0.6283185307179586,0.3055227120070012,-0.3476465197750821,-0.626624542203833,-0.2615170982125915,0.387563735427118,0.6215422729003919,0.21596520047536766,-0.42497679399768046,-0.6130710882261541,-0.16919684611613284,0.4596286841793673,0.6012110177884182,0.12152315721703028,-0.4913109087286986,-0.5859649013848306,-0.07322957599971786,0.519865301073898,0.5673422136914847,0.024576113939664412,-0.5451803474689287"
154,10,0.5,0.6283185307179586,0.01,9.81,1.6990849287538072,0.002257915698585612,"0.0,0.5,1.0,1.5,2.0,2.5,3.0,3.5,4.0,4.5,5.0,5.5,6.0,6.5,7.0,7.5,8.0,8.5,9.0,9.5,10.0","0.7001920542377461,0.37878631722284173,-0.7728980382601636,-0.5008401716645476,0.2015181898492539,0.7933188866258907,0.1459875357309638,-0.5309020227991383,-0.5041275027822465,0.27124445341992487,0.49838826918969514,0.29718941538281973,-0.29201095118129217,-0.678674721217343,0.36501664522045524,0.5413839981550661,0.2592031689598956,-0.6371583125527808,-0.5951749660814061,0.18879260175018528,0.7459958788854718","0.6283185307179586,0.20410685452335264,-0.5126762398341445,-0.5214437295525876,0.1888052196631208,0.6281444370433795,0.219263613573567,-0.5035777058224535,-0.5298771600941268,0.173369363892784,0.6276221030938101,0.23426495212338222,-0.49415144270257105,-0.5379737983483277,0.1578100515447151,0.6267513732998868,0.24910043899903828,-0.48440108632442147,-0.545731176890403,0.14213815710519295,0.6255319989188701"
155,10,0.5,0.6283185307179586,0.01,9.81,2.650447733106856,0.004752004317353965,"0.0,0.5,1.0,1.5,2.0,2.5,3.0,3.5,4.0,4.5,5.0,5.5,6.0,6.5,7.0,7.5,8.0,8.5,9.0,9.5,10.0","0.6611939789175143,0.39885840354031665,-0.32885506537897624,-0.5197340027997397,-0.3666074445313552,0.2140476334185295,0.6361433106299386,0.3729267928980638,0.1630266317761981,-0.5654345997312993,-0.5793474999694979,-0.28768939571552093,0.49317658268555836,0.5249065189652116,0.47625131632065476,-0.051007896788771045,-0.41654275839136845,-0.3553857967012116,0.18145200765807423,0.6858320078796274,0.5158625673813013","0.6283185307179586,0.35637516936792873,-0.2383917143083816,-0.6146545077719109,-0.45730986367717047,0.10859482359561748,0.5742124355403602,0.537223075625355,0.026701525482928257,-0.508524420508789,-0.5932245773129909,-0.1606386943054487,0.419950187459846,0.6232741453955101,0.28649449035221275,-0.31177127409614785,-0.6262011775091001,-0.3983306180386679,0.18845144653400323,0.6018867977336667,0.4914097865340021"
156,10,0.5,0.6283185307179586,0.01,9.81,1.5465647323799316,0.004307606291036152,"0.0,0.5,1.0,1.5,2.0,2.5,3.0,3.5,4.0,4.5,5.0,5.5,6.0,6.5,7.0,7.5,8.0,8.5,9.0,9.5,10.0","0.6751300516085156,0.17347206030490517,-0.597169077464948,-0.45618638280402096,0.3420874878258907,0.31469576219401735,0.11088890898064169,-0.7772410235719601,-0.326735778961931,0.5742542058886045,0.37919655821391507,-0.24685244918665888,-0.7795251102515827,-0.13660610734686102,0.5874931562738173,0.3567495585568458,-0.48382833151506316,-0.5854558622114416,0.004708038201647363,0.5926757593899846,0.23447583093571156","0.6283185307179586,0.16227165241207253,-0.5599733328134282,-0.4399136209904157,0.355465297088871,0.5989531449093703,-0.05158297017997754,-0.6203564940363748,-0.2672803299616262,0.5046131526414586,0.5098349803035294,-0.25885290786361936,-0.6216276545550918,-0.06091328315435296,0.5963359810834565,0.36299212156821004,-0.4334167289269311,-0.5638422276581989,0.15322880961132423,0.6282635288059322,0.17127505568630652"
157,10,0.5,0.6283185307179586,0.01,9.81,2.1487660242181135,0.00394746007971291,"0.0,0.5,1.0,1.5,2.0,2.5,3.0,3.5,4.0,4.5,5.0,5.5,6.0,6.5,7.0,7.5,8.0,8.5,9.0,9.5,10.0","0.7391256789892644,0.26065559334412614,-0.14320192180786664,-0.806641600325267,-0.3604128361237464,0.5516633174942831,0.7243882096981782,0.08725587030909636,-0.5993976383897347,-0.5521769506722783,0.13883454024553182,0.3211125372295278,0.6328925321952852,0.1640567241342381,-0.6117070064591238,-0.5397262827481263,0.2435008451795913,0.5712021852380913,0.40745015518649824,-0.12025284687643964,-0.6358116964911763","0.6283185307179586,0.29288337514492807,-0.3720763072983413,-0.6220966866473343,-0.20700479048603448,0.44266883503327925,0.6034410695937406,0.11651940475638711,-0.5030912781940564,-0.5724146051886838,-0.023509001241016347,0.5522261943123609,0.5292262099166221,-0.07000346535864571,-0.5893997343256446,-0.4743612267944835,0.16201331365882626,0.6142814011074369,0.4087063624013159,-0.25046802067630686,-0.6267496762678686"
158,10,0.5,0.6283185307179586,0.01,9.81,2.20758835877118,0.00717169010910351,"0.0,0.5,1.0,1.5,2.0,2.5,3.0,3.5,4.0,4.5,5.0,5.5,6.0,6.5,7.0,7.5,8.0,8.5,9.0,9.5,10.0","0.4832237057813331,0.49540098295346235,-0.2858974856525299,-0.6549265203604382,-0.2124313449126363,0.40302198435119285,0.6000013611571734,0.238255255472721,-0.5206595812301645,-0.5295736818632228,-0.12345275141417009,0.6224200140138528,0.6114222328827027,0.1716390996856611,-0.3366906974570092,-0.6190282324310995,0.17576378675087517,0.4528251401398896,0.4505056781582335,-0.02729668501523534,-0.7014850876758884","0.6283185307179586,0.3018212184994563,-0.3549139058119988,-0.6255863912743186,-0.24572225136515757,0.40438595553403933,0.6173897053927471,0.18726013176630701,-0.44969065653553475,-0.6037299547583466,-0.12706926572506982,0.4903782699645038,0.5846175499115356,0.0657502725873631,-0.5261090473388639,-0.5600845749307295,-0.0038640733421931306,0.556649174333437,0.5302032695085195,-0.058055082832167926,-0.581853897646665"
159,10,0.5,0.6283185307179586,0.01,9.81,1.835944135570784,0.009539721340438064,"0.0,0.5,1.0,1.5,2.0,2.5,3.0,3.5,4.0,4.5,5.0,5.5,6.0,6.5,7.0,7.5,8.0,8.5,9.0,9.5,10.0","0.6599968764572596,0.18638771570078347,-0.3470500906993886,-0.5261412642550605,-0.022911629198562877,0.6459908725165465,0.32987233378869263,-0.36958063929191143,-0.694754843768882,-0.21626430702237465,0.44401155072713494,0.5682681506638415,0.032506005918538694,-0.6719002556203993,-0.22871283785475205,0.3356067134177847,0.5958746023052127,0.23183089551763933,-0.6063354884257843,-0.34835400707346326,0.1990428869684528","0.6283185307179586,0.2357294253857522,-0.46884467177266087,-0.5698183405465914,0.04985763817637151,0.6029601286368372,0.3985388660294709,-0.324278838603414,-0.6214689231941268,-0.14090156405624316,0.5272634431723011,0.5232809639628544,-0.14824629807978879,-0.6224670121751182,-0.31784668773050195,0.4042481010505262,0.6009260954260105,0.042319880575607205,-0.5728014140024298,-0.4639210210433394,0.24268510475390093"
160,10,0.5,0.6283185307179586,0.01,9.81,4.623566087921801,0.005328193854700708,"0.0,0.5,1.0,1.5,2.0,2.5,3.0,3.5,4.0,4.5,5.0,5.5,6.0,6.5,7.0,7.5,8.0,8.5,9.0,9.5,10.0","0.5547311565223996,0.3864123606433593,-0.0171654145672228,-0.3380881555869276,-0.6695334162976528,-0.48866214145008746,-0.21860519083539404,0.25251744192331405,0.47756149256300656,0.5988946087950215,0.45809568410631984,-0.10495185779657437,-0.3302215074539776,-0.6869844394861359,-0.4246908720429975,-0.09600405282239016,0.23722948446275574,0.6401394525065651,0.708283454517107,0.170103576664984,-0.4208955797536945","0.6283185307179586,0.47242767679320863,0.07516282633590333,-0.36193346810676597,-0.6112117910732905,-0.556094694277839,-0.22097523478067116,0.23040556957537403,0.5606497261089883,0.6088423423435388,0.3536696837655046,-0.0852151647553188,-0.4789536165979149,-0.628240809062458,-0.4657796473680328,-0.06508989152279705,0.37010142880081165,0.6134292079217629,0.5513990678206777,0.21148507293807828,-0.2397735975425439"
161,10,0.5,0.6283185307179586,0.01,9.81,1.9776254225210996,0.005818913108470029,"0.0,0.5,1.0,1.5,2.0,2.5,3.0,3.5,4.0,4.5,5.0,5.5,6.0,6.5,7.0,7.5,8.0,8.5,9.0,9.5,10.0","0.5933127076116981,0.3030068458382464,-0.21095560009953762,-0.685654309072861,0.002802721341208833,0.561196508087817,0.6014173049944331,-0.19000619561392035,-0.4902493501226144,-0.3369958553623952,0.268393692357868,0.7146411345669134,0.24360542175396965,-0.1936634437185656,-0.44048682006985485,0.0822735432440393,0.5624822880928398,0.4690289758782991,-0.10319515734286583,-0.5943779883386645,-0.529448333078133","0.6283185307179586,0.26385534299012425,-0.42403753781504494,-0.6016893048093941,-0.07738656886979034,0.5427893198857512,0.5224086037853679,-0.11675526495639965,-0.6114569076477897,-0.39425194040682027,0.2993063665621304,0.6272049449087533,0.22729483910821757,-0.4520681565331741,-0.5897118347363882,-0.037696040670915754,0.5610564332769135,0.4999627282400641,-0.15563734806632878,-0.6190061407428824,-0.3628229738809666"
162,10,0.5,0.6283185307179586,0.01,9.81,4.31852219948131,0.006873286065040919,"0.0,0.5,1.0,1.5,2.0,2.5,3.0,3.5,4.0,4.5,5.0,5.5,6.0,6.5,7.0,7.5,8.0,8.5,9.0,9.5,10.0","0.6104489951920803,0.5261806562593985,0.06646909698505937,-0.3652881246958551,-0.4748941103759116,-0.6688616994149643,-0.1310805217259708,0.16243296971974586,0.5230356576397495,0.4768813914462241,0.23116182358367537,-0.18391027159375045,-0.6148293113695551,-0.6242370433014324,-0.4145302701244413,0.25216420541518364,0.5493368913743678,0.6514502989072106,0.3691734394445629,0.0031830411255438507,-0.5769165840161096","0.6283185307179586,0.4614161432044208,0.04167408944581316,-0.4017279383195071,-0.6230747685024952,-0.5130306110242233,-0.12424852607233722,0.33491321035231003,0.6074126281439122,0.5557845820375011,0.20452546914256045,-0.26207610631594386,-0.581541883438131,-0.5890513705285909,-0.2810497783281222,0.18446777377168222,0.5458187204697987,0.6123611882135488,0.3524725554098552,-0.10346707795529819,-0.5007522727967285"
163,10,0.5,0.6283185307179586,0.01,9.81,4.119763225761848,0.005794500484591662,"0.0,0.5,1.0,1.5,2.0,2.5,3.0,3.5,4.0,4.5,5.0,5.5,6.0,6.5,7.0,7.5,8.0,8.5,9.0,9.5,10.0","0.6354659967658121,0.5073445987743973,0.0057195533136916565,-0.3573487906721108,-0.546560787939599,-0.612953480648148,-0.09053000939413194,0.47686363073584276,0.7911319868785732,0.40392921340403226,0.09669144105020112,-0.3945339928058294,-0.686741014510216,-0.5570265822128294,-0.0928088027678356,0.2765886712246621,0.6107556850007737,0.6719833738021366,0.20668117746614095,-0.2863143077544973,-0.6567461667189549","0.6283185307179586,0.45336389713210334,0.01767205257673518,-0.4285394385482087,-0.6273778264241707,-0.47676015333911564,-0.052956955234105346,0.402356848889873,0.6245578100389223,0.49866317026346335,0.08806458048238561,-0.37489122369494776,-0.619864807069449,-0.5190129655246037,-0.12287784033717397,0.34622266997965034,0.6133094742256597,0.5377546450317793,0.15728127965659863,-0.31643627167537086,-0.6049069513596634"
164,10,0.5,0.6283185307179586,0.01,9.81,3.3481293317042935,0.0035934005276421557,"0.0,0.5,1.0,1.5,2.0,2.5,3.0,3.5,4.0,4.5,5.0,5.5,6.0,6.5,7.0,7.5,8.0,8.5,9.0,9.5,10.0","0.5720961368244218,0.1426044085174541,-0.08624345232342503,-0.5908281886468707,-0.572276542892192,-0.1641996424413557,0.32960922945643656,0.5103546468737162,0.3555940359089702,0.03407307325006069,-0.4408313655585356,-0.5546318009605342,-0.5033504022534275,0.05384432290579318,0.4685610120044102,0.6954566314369313,0.285277027020014,-0.12586325646848653,-0.6317595504849121,-0.6715660564664955,-0.09567891170581425","0.6283185307179586,0.41304259773697316,-0.09625673540768132,-0.5351569757824424,-0.6005004628867079,-0.25194163022066185,0.2792179375653199,0.6084979953549388,0.5190557119567567,0.06624985408781645,-0.4350484374626157,-0.6276320303145457,-0.3900706813789943,0.12602602946485364,0.5500530214698212,0.5911792476145634,0.2240543306621195,-0.30582036673029644,-0.615157628791058,-0.5017792875544221,-0.03607919803353632"
165,10,0.5,0.6283185307179586,0.01,9.81,3.8070192303963086,0.0028216413381314653,"0.0,0.5,1.0,1.5,2.0,2.5,3.0,3.5,4.0,4.5,5.0,5.5,6.0,6.5,7.0,7.5,8.0,8.5,9.0,9.5,10.0","0.3988803071596351,0.4440688602686551,-0.23042156893651783,-0.5504114516226977,-0.5633905818975484,-0.18791866898217588,0.0277722014573342,0.505585869425333,0.5793193553428542,0.3739487245359978,-0.2429994608584654,-0.4933268369152824,-0.7328242872472729,-0.2768950145132746,0.264709516605999,0.32891735364089286,0.643569923951194,0.19376674497510474,-0.19831929203059948,-0.5179601692271718,-0.5632104153312876","0.6283185307179586,0.4389914950495275,-0.024139839736337515,-0.4717216845852927,-0.6265635968545169,-0.4036666438811606,0.07226938696677015,0.501689648624058,0.6213068953616684,0.36593362102704785,-0.11994981838287787,-0.5287461760435219,-0.6125726987665343,-0.32599804663035997,0.16688603893025294,0.5527596823650242,0.6004013780515228,0.28408431383200783,-0.2127895553943332,-0.57361551920556,-0.5848493113310829"
166,10,0.5,0.6283185307179586,0.01,9.81,3.626591579683242,0.008746471614933048,"0.0,0.5,1.0,1.5,2.0,2.5,3.0,3.5,4.0,4.5,5.0,5.5,6.0,6.5,7.0,7.5,8.0,8.5,9.0,9.5,10.0","0.6391224759670694,0.41592246390447696,-0.05272771189489994,-0.4902477800548053,-0.6580405273669974,-0.38272743235017265,0.1960652232771205,0.41142638155025685,0.5388056113245899,0.372608322690668,-0.39690406448328297,-0.5659138035079189,-0.5237726288909371,-0.27892545882899966,0.2359804949248302,0.4239481859702187,0.5583063669942127,0.059350944959129646,-0.34464977575013095,-0.6904989641202897,-0.3250004376526453","0.6283185307179586,0.42957222863599115,-0.05082198515822389,-0.4968623800869018,-0.6205526227816034,-0.35101094572198377,0.1510591130384156,0.5513627849217323,0.5974113545855226,0.26306383264822797,-0.247137123875428,-0.5919064931373376,-0.5593634177491796,-0.1679679301074854,0.3364833119191576,0.6176557313661283,0.5071916673586039,0.06825416300680576,-0.4168047175040406,-0.6280880601429162,-0.44200490000165527"
167,10,0.5,0.6283185307179586,0.01,9.81,1.0944627678569476,0.006529417664877279,"0.0,0.5,1.0,1.5,2.0,2.5,3.0,3.5,4.0,4.5,5.0,5.5,6.0,6.5,7.0,7.5,8.0,8.5,9.0,9.5,10.0","0.5835312628129022,0.06473074351988796,-0.5756714415450511,0.20612302618395134,0.7312261733462496,-0.25290096668105344,-0.6149835765635794,0.2010606822538078,0.4716231954726981,-0.20064462613631445,-0.37466765728523965,0.36282862991441134,0.40433429898841194,-0.5229465519932089,-0.17177268512683908,0.4385254215290449,0.32997903070340195,-0.6258244148430187,-0.2348289115161517,0.6928503015529666,0.11335386823680967","0.6283185307179586,-0.03024353899500043,-0.6210454483198447,0.09205693901925271,0.5991670307764063,-0.15744712990564902,-0.5627056287170022,0.2274638222277059,0.5123105528008329,-0.30127845503826234,-0.4499219685036804,0.37595889647596076,0.37908794244260263,-0.4470527164290139,-0.3044626369014394,0.5098833660250748,0.2305374856427903,-0.5608388475965651,-0.16032746583449176,0.5979126064954954,0.09475071503144694"
168,10,0.5,0.6283185307179586,0.01,9.81,0.9279308670347057,0.007531440654442843,"0.0,0.5,1.0,1.5,2.0,2.5,3.0,3.5,4.0,4.5,5.0,5.5,6.0,6.5,7.0,7.5,8.0,8.5,9.0,9.5,10.0","0.5984358657262465,-0.20907314066067414,-0.5319842317666639,0.5765678973935656,0.4404564752670145,-0.6636894530108681,0.10127134494449713,0.621159834101186,-0.36968752917837017,-0.4916779255989443,0.5763855761316126,0.18714497022284254,-0.6942271728665459,0.10601438919662667,0.6282250546910949,-0.39087362934836023,-0.17009201763890439,0.5242531947095238,0.052250599366844064,-0.8504093420505519,0.2501711518711397","0.6283185307179586,-0.14843293992439854,-0.534318533962004,0.42574430446440636,0.2942608982728583,-0.6037720091583315,-0.0012503990321297564,0.604575986197624,-0.29190087260652375,-0.4277997454288062,0.5327928512520554,0.15090888019896387,-0.6283116602151426,0.14595605001787637,0.5358334556873425,-0.42368184810472964,-0.2966176458548324,0.6029550178774613,0.003751191339889326,-0.6053669246261254,0.28953762214382595"
169,10,0.5,0.6283185307179586,0.01,9.81,0.8802194847058411,0.009423458404305637,"0.0,0.5,1.0,1.5,2.0,2.5,3.0,3.5,4.0,4.5,5.0,5.5,6.0,6.5,7.0,7.5,8.0,8.5,9.0,9.5,10.0","0.6982367082467029,-0.08851416806315275,-0.4913749532746053,0.6987301670223551,0.08823238072280695,-0.5320388908922906,0.31504599272644784,0.37358914207795063,-0.4978587981390057,-0.2135799593639748,0.3931724001448361,-0.2790244459604437,-0.4724569938028198,0.6792445995128081,0.20320407545210076,-0.7051706596958786,0.3554049249667844,0.4228155183213417,-0.686725752325278,0.14924497018234592,0.4192233611951414","0.6283185307179586,-0.19053594608849223,-0.48171847808343676,0.5179702710532021,0.13814388112085796,-0.6253610277741439,0.24216931847412115,0.4415344058365352,-0.5497353696230005,-0.08530334251156901,0.6165158621501055,-0.2926558883385162,-0.3980088771308359,0.5765379309071432,0.03223800375912522,-0.6018690809212623,0.34154687529981453,0.35172667033175076,-0.5980058689812902,0.02090049115131254,0.5815773714276298"
170,10,0.5,0.6283185307179586,0.01,9.81,1.1183356851701096,0.009629922213181725,"0.0,0.5,1.0,1.5,2.0,2.5,3.0,3.5,4.0,4.5,5.0,5.5,6.0,6.5,7.0,7.5,8.0,8.5,9.0,9.5,10.0","0.6512532220853785,-0.031065032058945986,-0.7386409764757383,-0.0582539212900028,0.5791151794410518,-0.1795576060429283,-0.6855334256537676,0.05470917620263757,0.6455145260552341,-0.14555933913187752,-0.5913220642232111,0.2621700379601534,0.45048630099198045,-0.22080371436216378,-0.4459583209226511,0.3830432672042219,0.4965434815571673,-0.20876296332734484,-0.6083926030595144,0.44934553982065256,0.3377505270992278","0.6283185307179586,-0.016185329063649778,-0.6251964589049837,0.04925478109300041,0.6157344030096703,-0.08436587833728315,-0.5996719521885467,0.12268397169781675,0.5766694671973529,-0.16504051942182585,-0.5464589844631824,0.21174351701952965,0.5090565304440198,-0.2623925223534118,-0.46499744285376704,0.31577975492368077,0.41550659450811234,-0.3699749626863559,-0.36248835322345563,0.4226371822773474,0.308270180849898"
171,10,0.5,0.6283185307179586,0.01,9.81,4.103978792382935,0.0063431380401971875,"0.0,0.5,1.0,1.5,2.0,2.5,3.0,3.5,4.0,4.5,5.0,5.5,6.0,6.5,7.0,7.5,8.0,8.5,9.0,9.5,10.0","0.641803077464876,0.51206878634031,0.09474711398537838,-0.3371216505664244,-0.7252642759981462,-0.5085242936537732,-0.10803240632975616,0.3812698121715375,0.581292396255852,0.5918430050776348,0.059588262051131484,-0.4538132423546594,-0.5304835129162487,-0.3585120182363055,0.07792871205765778,0.28003650890583104,0.6518163375055199,0.601386746907806,0.20002942924665967,-0.3641665222488242,-0.7342999499296059","0.6283185307179586,0.45269099897695364,0.01568498179685826,-0.4306938519932701,-0.6275776932142476,-0.47356473344032957,-0.04701355124581133,0.4076221485804168,0.625356462785561,0.49326929701918143,0.07821811750159843,-0.38352784231175585,-0.6216587062584136,-0.5117620387315944,-0.10921660855576626,0.3584659868794037,0.6164909341688216,0.5290034363240423,0.13992784466813274,-0.3324947318319299,-0.6098623902436094"
172,10,0.5,0.6283185307179586,0.01,9.81,4.021808470832961,0.008156033550847774,"0.0,0.5,1.0,1.5,2.0,2.5,3.0,3.5,4.0,4.5,5.0,5.5,6.0,6.5,7.0,7.5,8.0,8.5,9.0,9.5,10.0","0.614323386576285,0.40528100653156784,-0.013626234684067848,-0.36092533603184446,-0.6757300126736427,-0.48478829503404175,-0.04170841539974861,0.4295935720365793,0.7477858472837433,0.4733108522582326,0.035837623954477565,-0.5573258146101348,-0.522002423561128,-0.5295792330085414,0.04851483462977403,0.5439196508533488,0.6064788651146782,0.4519081868849516,-0.02737112166457885,-0.5234360875570622,-0.6565366724972325","0.6283185307179586,0.44910272000721996,0.005137594201048978,-0.44196042429270477,-0.6282393292552721,-0.4561256870753524,-0.015411359162256028,0.43470044813567615,0.6280017341103291,0.46302770470635024,0.02568085373973772,-0.4273244681889584,-0.6276057731486544,-0.4698071786693037,-0.035943230823387656,0.4198341907486031,0.6270514932641227,0.4764625406424582,0.046195643076896886,-0.4122313530788492,-0.6263389610469429"
173,10,0.5,0.6283185307179586,0.01,9.81,4.757121782677986,0.003280450184552685,"0.0,0.5,1.0,1.5,2.0,2.5,3.0,3.5,4.0,4.5,5.0,5.5,6.0,6.5,7.0,7.5,8.0,8.5,9.0,9.5,10.0","0.624664541323756,0.3556177324281405,0.03666447750567059,-0.4019616592114578,-0.6097213647984664,-0.5743490979040533,-0.23914073283052967,0.2607911982119811,0.6429097577823164,0.536409770827271,0.3649820965775627,0.11219769072042016,-0.5428766826586737,-0.6548629438586869,-0.57523765753058,-0.02515072996606449,0.15543039417344318,0.4109037947748632,0.4858562343939722,0.25889808652815804,0.13897973884843295","0.6283185307179586,0.4768042961553336,0.08868567812897439,-0.34509429435416705,-0.6044736491195366,-0.5708550284933913,-0.2586619658959058,0.1854003828655102,0.5344275314864639,0.6208637265165242,0.4073891152535122,-0.010350510160851839,-0.42275409961143223,-0.6236440572202192,-0.5234584922818408,-0.16556415040335454,0.2772961821794248,0.5790235100381596,0.5986422583304851,0.3277416126827073,-0.10911519324666173"
174,10,0.5,0.6283185307179586,0.01,9.81,3.155341529112391,0.0018554427780796113,"0.0,0.5,1.0,1.5,2.0,2.5,3.0,3.5,4.0,4.5,5.0,5.5,6.0,6.5,7.0,7.5,8.0,8.5,9.0,9.5,10.0","0.5251670691818848,0.46619127940344457,0.021778450938452903,-0.6136244758753491,-0.5987928394308094,-0.27472509233900394,0.4757447790092372,0.6119379266223294,0.21502858000036743,-0.07786793566318978,-0.44852779931994496,-0.654188841005534,-0.2770422052777722,0.36775191874064106,0.7895413787292083,0.44305228334299523,0.006004982163280062,-0.34694901087925456,-0.5193549363683039,-0.08981095160381511,0.29852411219585995","0.6283185307179586,0.399889481445945,-0.13113718500252644,-0.5605289132220955,-0.5767061030891759,-0.16907362532968762,0.3693467072915326,0.6271736796177345,0.42886274786605594,-0.09265876718110627,-0.5422639496048848,-0.5907469208437649,-0.2063141040802123,0.33734185230522656,0.6237425211029239,0.45616731080031425,-0.053796242615300194,-0.5219666476715653,-0.6026094789534963,-0.24270954437196904,0.3039905295659674"
175,10,0.5,0.6283185307179586,0.01,9.81,3.2727456501085457,0.0025416217368350994,"0.0,0.5,1.0,1.5,2.0,2.5,3.0,3.5,4.0,4.5,5.0,5.5,6.0,6.5,7.0,7.5,8.0,8.5,9.0,9.5,10.0","0.642314644677067,0.38917857347012275,-0.039043570986321344,-0.69480417128796,-0.37652993989949574,-0.16936598841585931,0.5562405120788261,0.5615338370251776,0.40281638488403937,-0.14105860451250082,-0.2716521565231349,-0.6420618558345375,-0.2589919489400887,0.34391830180651184,0.7216717047608567,0.5111580479775937,0.0664651384492565,-0.4333061369737721,-0.7234360321690554,-0.3404740639115999,0.035216017749886044","0.6283185307179586,0.40808398068510177,-0.10953939943879154,-0.5452412105191109,-0.5923010883188325,-0.2210085229463464,0.3145564065831229,0.6182700043923491,0.4876285934692467,0.005882839030958792,-0.4802713177238446,-0.6202013190308073,-0.32459776687999,0.2100008011459388,0.588385021747476,0.5508547041808148,0.12109195328110237,-0.3991919689294461,-0.6282149708713047,-0.41683165865008587,0.09794598439179453"
176,10,0.5,0.6283185307179586,0.01,9.81,3.0422777516259885,0.006151874626304648,"0.0,0.5,1.0,1.5,2.0,2.5,3.0,3.5,4.0,4.5,5.0,5.5,6.0,6.5,7.0,7.5,8.0,8.5,9.0,9.5,10.0","0.5373642960573953,0.34846473474754175,-0.0409522219635472,-0.5163247325257664,-0.590479706404998,-0.05211042494756165,0.24815415215564848,0.7775947915572589,0.3870310945364356,-0.1346936146042669,-0.3999913201502162,-0.5140872498744627,-0.1446802038782667,0.40060953277598255,0.7757804416846393,0.37985907628572674,-0.44328073688750763,-0.46851923492285924,-0.5606346683729276,0.10842878374330894,0.4511357993302555","0.6283185307179586,0.39140010167629125,-0.15304681602780662,-0.5745977498262624,-0.5580141849639522,-0.11457765695621575,0.42102247229100564,0.6271583830206238,0.3602143800633606,-0.1908735017860217,-0.5890233508810856,-0.5393230778566369,-0.0756256595448834,0.44897848807258023,0.6236814593916402,0.32757686352760534,-0.22790283815675202,-0.601247360941541,-0.5185817725564691,-0.036354092316624204,0.47517359964401085"
177,10,0.5,0.6283185307179586,0.01,9.81,2.596933188415523,0.005703685979618105,"0.0,0.5,1.0,1.5,2.0,2.5,3.0,3.5,4.0,4.5,5.0,5.5,6.0,6.5,7.0,7.5,8.0,8.5,9.0,9.5,10.0","0.5711815693607335,0.27081353669759267,-0.22535946597478615,-0.5654531131166168,-0.3302186007210438,0.1184280697095574,0.7409878732113651,0.535359375370219,-0.08106620179184267,-0.47345456029891386,-0.5851985845829338,-0.16281882694218808,0.495007959306451,0.5116264450254426,0.22894166832695284,-0.4426654341885621,-0.5245976749574766,-0.30325209758705907,0.3043802476571808,0.7517103175108508,0.3249345967490375","0.6283185307179586,0.3507712804310106,-0.25128701658721,-0.6185237199961695,-0.43817588159432347,0.14286276564220476,0.5894426912319516,0.5110420461161276,-0.02924358493700116,-0.5419160026460302,-0.5674959613223329,-0.08544899397828043,0.47719639968508654,0.6060954944224342,0.19701464525878642,-0.39692222448294734,-0.6257778581208807,-0.3014819105151393,0.3032350252483867,0.6259504647699428,0.39538221300171367"
178,10,0.5,0.6283185307179586,0.01,9.81,3.9376552550296458,0.008193202448608602,"0.0,0.5,1.0,1.5,2.0,2.5,3.0,3.5,4.0,4.5,5.0,5.5,6.0,6.5,7.0,7.5,8.0,8.5,9.0,9.5,10.0","0.49588337288872253,0.29868564564956634,-0.13102883706307633,-0.3881150094715435,-0.504643533655853,-0.5490432152817901,0.05954185271434722,0.44239342393155523,0.4531108494300715,0.5969730671935745,-0.07220262449148654,-0.3375997522163958,-0.59891447932814,-0.4088470463442766,0.14832237177412402,0.5277025122108062,0.5080362579090357,0.4031972867652258,0.074536546168725,-0.7335614403552114,-0.5765752886011004","0.6283185307179586,0.4452726267620475,-0.006029725445612366,-0.4535765909260132,-0.6282086339700603,-0.43680424632200326,0.018086932278017748,0.4617135942957307,0.6278789748018453,0.4281740671333357,-0.0301374058906686,-0.4696811618144089,-0.6273296465287945,-0.41938478333627444,0.0421766540514783,0.4774768844795911,0.6265608049695776,0.41043916925166146,-0.05420017960402339,-0.4850984161543703,-0.6255726688717193"
179,10,0.5,0.6283185307179586,0.01,9.81,2.7146894700894313,0.006396340973703511,"0.0,0.5,1.0,1.5,2.0,2.5,3.0,3.5,4.0,4.5,5.0,5.5,6.0,6.5,7.0,7.5,8.0,8.5,9.0,9.5,10.0","0.6806132718422607,0.3680558120172736,-0.23982284153535624,-0.6711798204740083,-0.3520135082979855,0.14884717061297334,0.47643999070678916,0.5863736507238537,-0.02169593670805886,-0.6344423038532447,-0.7311679679066604,-0.21533565762973192,0.27112462420276084,0.5989964792990352,0.47602843884054713,-0.10694462218625679,-0.7732706846807533,-0.418696404351317,0.04699566001116205,0.5253745089934083,0.666091891883944","0.6283185307179586,0.36281056983877175,-0.22332345534582776,-0.6093758483752312,-0.47835160098297136,0.06853090582040372,0.5535497920186394,0.5636324785710467,0.09105464136923788,-0.46366999787765145,-0.614355623960643,-0.24428197927037326,0.3442921166120497,0.6279350716217201,0.3808424067647936,-0.2020532152324436,-0.6036497810707503,-0.4924200758260656,0.0459094771724847,0.5427781387853815,0.5730160642366194"
180,10,0.5,0.6283185307179586,0.01,9.81,4.6905630606054585,0.0020776022965101055,"0.0,0.5,1.0,1.5,2.0,2.5,3.0,3.5,4.0,4.5,5.0,5.5,6.0,6.5,7.0,7.5,8.0,8.5,9.0,9.5,10.0","0.8246610324144199,0.5022312901776331,0.12789345811634528,-0.25331333324325167,-0.6843153666032732,-0.49158955032101964,-0.3307710672214304,0.3079200501336251,0.4957799955414521,0.6465367848219659,0.39280613631379957,-0.06356115530073977,-0.3600116695398666,-0.6229762275151496,-0.6422300116592031,-0.1764808748521449,0.47937635483124297,0.5519756823294005,0.5556198122151225,0.10787226804229463,-0.23720026566175106","0.6283185307179586,0.47465432104616545,0.08202763762746673,-0.35343979965021843,-0.6079318356251987,-0.5637823163336901,-0.24022411079832434,0.20773271112984293,0.5478542428909792,0.6156414982185568,0.3814872861555181,-0.04732773755905341,-0.45140629614354805,-0.6273976311023177,-0.4964502186945004,-0.11646156450861556,0.3242824315001952,0.5984287557203359,0.5780254643404239,0.2719474129933661,-0.17457446049276476"
181,10,0.5,0.6283185307179586,0.01,9.81,1.0269660465504973,0.0017893811071969159,"0.0,0.5,1.0,1.5,2.0,2.5,3.0,3.5,4.0,4.5,5.0,5.5,6.0,6.5,7.0,7.5,8.0,8.5,9.0,9.5,10.0","0.6817959886859567,-0.015039112313769719,-0.5644032222742088,0.2867954142687328,0.5560562600233048,-0.3472098893509719,-0.5223842258380864,0.44703526670748667,0.28277014455402083,-0.6695320882945917,-0.06248217310501313,0.657662549904936,-0.008553606113042768,-0.6414377773987154,0.388628485310333,0.6110847465476645,-0.5213859136848248,-0.3562343327397289,0.4574141484008126,0.2870550767632142,-0.7168759993562168","0.6283185307179586,-0.07352713209111261,-0.5999406511616989,0.22195285327391379,0.5181414763636596,-0.3684167836160235,-0.3949264921703384,0.4973630991563023,0.2502657260125105,-0.5882724490641915,-0.10159365719105529,0.6272840476043102,-0.04553018522332575,-0.6096512395519893,0.19361106951868112,0.537393556850863,-0.3412903792540597,-0.42066852733456184,0.4751845486499539,0.27847470572734545,-0.5746992358332412"
182,10,0.5,0.6283185307179586,0.01,9.81,3.4603847826823753,0.004767474707113415,"0.0,0.5,1.0,1.5,2.0,2.5,3.0,3.5,4.0,4.5,5.0,5.5,6.0,6.5,7.0,7.5,8.0,8.5,9.0,9.5,10.0","0.35496344625146414,0.33941155174532145,-0.0812125280144405,-0.5327116517010572,-0.7204532400446455,-0.1936970904639956,0.1263369585280349,0.6969768429646843,0.3508466432490427,0.18715520037658828,-0.45625018968682857,-0.6934659761155252,-0.5025326823591904,0.04087309532208301,0.47464747317029465,0.6733207717277858,0.3067757807461402,-0.04353661861286405,-0.5080289758328264,-0.6392747640387709,-0.23919186766148495","0.6283185307179586,0.42002618437810246,-0.07727770535838951,-0.5198665832088415,-0.6103805765502361,-0.2946616038033315,0.22688574361798255,0.5890070079340722,0.5574000537980077,0.1508846936678017,-0.36216281448627674,-0.6241067988965769,-0.47188469958720775,0.0025046555891237443,0.47511887250898066,0.6235258512059322,0.3581009359726218,-0.15573337847917756,-0.5596394151370282,-0.5872911070696719,-0.22222635552025136"
183,10,0.5,0.6283185307179586,0.01,9.81,3.9844463726382946,0.007041082719777334,"0.0,0.5,1.0,1.5,2.0,2.5,3.0,3.5,4.0,4.5,5.0,5.5,6.0,6.5,7.0,7.5,8.0,8.5,9.0,9.5,10.0","0.6593195534313564,0.2641480960322162,-0.06067297840666598,-0.5773589736495705,-0.5394829893710233,-0.42691938136570967,-0.14157927480537605,0.6340126396841383,0.6626532735065961,0.41165349132540147,-0.017494258027542692,-0.40391726046584814,-0.3509487508436101,-0.34943200154319454,0.11725828595605152,0.28073109083417525,0.7181179952550887,0.39861264375223127,-0.02196072289207042,-0.4334989624152103,-0.5821818018937507","0.6283185307179586,0.44742221584388303,0.00022622102864533478,-0.44710901698781363,-0.6283183915792391,-0.44773520570870634,-0.000678665461249256,0.44679560582341654,0.6283179741560703,0.4480479898888774,0.0011311170197260967,-0.4464819790232124,-0.6283172784274227,-0.4483605716804151,-0.001583580454437794,0.44616813324941146,0.6283163043582473,0.4486729543686737,0.002036060515415161,-0.4458540651540028,-0.6283150518994745"
184,10,0.5,0.6283185307179586,0.01,9.81,2.0013699124770716,0.009085298926253822,"0.0,0.5,1.0,1.5,2.0,2.5,3.0,3.5,4.0,4.5,5.0,5.5,6.0,6.5,7.0,7.5,8.0,8.5,9.0,9.5,10.0","0.5986958449013507,0.34357703046650745,-0.30248865969012795,-0.5066399290638511,-0.05381858038438017,0.5121946176814323,0.29698803546626945,-0.1414866781637082,-0.7018304581924978,-0.4853744579268814,0.4142204085350321,0.6784667249412849,0.22079475488971145,-0.4006712103514995,-0.5771936893844365,-0.00504774740414736,0.5557350456944591,0.48538632462809317,-0.17078533389904355,-0.6986715211515581,-0.4110899783333225","0.6283185307179586,0.268179377465897,-0.41666459502543307,-0.605569353614997,-0.09693326803609165,0.5302999482188412,0.5377301203084754,-0.08248005844106265,-0.6017328544738927,-0.4273152256105243,0.25494803275339967,0.628168704030017,0.28125961177442066,-0.4057817947614766,-0.6091080466014313,-0.11133257527057827,0.522589357354803,0.5448775100192959,-0.06798102536809009,-0.5975990379384445,-0.43772841679021157"
185,10,0.5,0.6283185307179586,0.01,9.81,3.9313946618179356,0.003434814468191582,"0.0,0.5,1.0,1.5,2.0,2.5,3.0,3.5,4.0,4.5,5.0,5.5,6.0,6.5,7.0,7.5,8.0,8.5,9.0,9.5,10.0","0.6503448482140314,0.3431363811220277,-0.0769222308287212,-0.24655258648125325,-0.48737663152430666,-0.34847033837102004,0.07793232192656116,0.4221465231344905,0.5809468068382543,0.48065633145466025,-0.10571586294228007,-0.28295845543291687,-0.7799860671487638,-0.3783973591983696,0.12987871469206969,0.45254405592756775,0.586601086316725,0.4995920783853084,-0.0808207470098221,-0.5327765970824311,-0.6974903060659107","0.6283185307179586,0.4449811332737779,-0.006875778917699221,-0.45444344610134196,-0.628175701078924,-0.43530524882133775,0.020623978676110405,0.46368837666127727,0.6277472654974013,0.4254197279960849,-0.03436210318297811,-0.4727122334035998,-0.6270333841110146,-0.4153286361996409,0.04808343231699552,0.4815114385502514,0.6260343242439883,0.4050361743630885,-0.061781241424943456,-0.490082523124875,-0.6247504610215054"
186,10,0.5,0.6283185307179586,0.01,9.81,2.138864079974243,0.0038299598218383664,"0.0,0.5,1.0,1.5,2.0,2.5,3.0,3.5,4.0,4.5,5.0,5.5,6.0,6.5,7.0,7.5,8.0,8.5,9.0,9.5,10.0","0.7554500017376636,0.05928922135955944,-0.48231087017261864,-0.48989387495091385,0.004133923555774133,0.3090669058178829,0.5222086606661652,0.13492885300730115,-0.5649423076089822,-0.5869668004775499,0.08891197803492096,0.4072040304164623,0.5906791532631345,-0.06657231636226901,-0.6725746239512205,-0.5145601909577913,0.3544681265273063,0.5808849582422315,0.28159614522187376,-0.3813779160902415,-0.5947520050146411","0.6283185307179586,0.29133046664596535,-0.37500247610959553,-0.6213512615516732,-0.20020340204367026,0.4489745731283926,0.6004641144893252,0.10407473710214882,-0.5114352354143105,-0.5657475790551201,-0.0054086998692144395,0.5611319627205745,0.5174957444651705,-0.09338776191159559,-0.5973450158277739,-0.4563773506581664,0.18991208531419257,0.6197479785913572,0.3835828598026791,-0.2817057110291695,-0.6282355595111698"
187,10,0.5,0.6283185307179586,0.01,9.81,1.2092524188124985,0.0023300503528797247,"0.0,0.5,1.0,1.5,2.0,2.5,3.0,3.5,4.0,4.5,5.0,5.5,6.0,6.5,7.0,7.5,8.0,8.5,9.0,9.5,10.0","0.6543963457096901,-0.011516299087480995,-0.7437809336285789,-0.01783969022621984,0.6171648126825994,0.3151855699684122,-0.48865565741493505,-0.3431487306422003,0.6679520802283055,0.29072797440610804,-0.4884594110461704,-0.1903395687831831,0.6030956464082432,0.48988907238225476,-0.5547188268493178,-0.5902497348361334,0.6615341299894323,0.419945840709932,-0.49508899603372475,-0.48282150484355624,0.49113602448587657","0.6283185307179586,0.03227120890945456,-0.6292143968905974,-0.09713592057114018,0.6316354816319765,0.16287642952376857,-0.634755741646305,-0.22975600992885425,0.6371259749444613,0.297508682311461,-0.6366279910513308,-0.36507735713862555,0.6305531701961588,0.43042548718437534,-0.6159474022682234,-0.49061462053648897,0.5903000936066954,0.5423463586387429,-0.5524117171237554,-0.5829344572724277,0.50297036276541"
188,10,0.5,0.6283185307179586,0.01,9.81,4.712573585190849,0.00494113633478878,"0.0,0.5,1.0,1.5,2.0,2.5,3.0,3.5,4.0,4.5,5.0,5.5,6.0,6.5,7.0,7.5,8.0,8.5,9.0,9.5,10.0","0.7156141205536817,0.5052846363114848,-0.0016115375225765616,-0.46188849832901,-0.5838129053476391,-0.5570196280209017,-0.020367979831502903,0.2019917115293653,0.6285614416173033,0.7454228784740548,0.18172395529394325,0.11276414058921094,-0.39931953831035316,-0.5466718237753652,-0.498026096365286,-0.07331239306741129,0.2921851383698934,0.5662054932346486,0.33011989178374923,0.22238453821700432,-0.4485626989944584","0.6283185307179586,0.475372024399489,0.08424698878628813,-0.350669705861747,-0.6068094445704736,-0.5661821051158025,-0.24639627517078957,0.20032463577367365,0.5434892206211414,0.617533230854555,0.39024281887155754,-0.03502070469493285,-0.4420626086915148,-0.6264679801589509,-0.5057599914976306,-0.13292466677506568,0.30888328615461974,0.5924873125599279,0.5854773024036647,0.29088668761286907,-0.1529602394329852"
189,10,0.5,0.6283185307179586,0.01,9.81,2.2249392024983443,0.007567171378096402,"0.0,0.5,1.0,1.5,2.0,2.5,3.0,3.5,4.0,4.5,5.0,5.5,6.0,6.5,7.0,7.5,8.0,8.5,9.0,9.5,10.0","0.6701128718034809,0.4440773850928724,-0.5285153714118094,-0.6972092600435849,-0.26407592907892247,0.31537228441219844,0.6053701792788027,0.3932230808348718,-0.5754020768875397,-0.6480241318268019,-0.1903455930777874,0.4990303224234425,0.512711076009775,0.19941301654129423,-0.3697665486007429,-0.5260573707984415,-0.06880603501632429,0.6233512060779717,0.5738214424603946,0.10066508334985241,-0.5564654169897689","0.6283185307179586,0.30436735721429453,-0.3499249405406544,-0.6263264866651252,-0.2566033974720994,0.39287396130495766,0.6203499695621988,0.2070501784167027,-0.4328491469141393,-0.6103884618812433,-0.15611805403689805,0.46953955876459685,0.5964434490433683,0.10419424959423323,-0.5026982077165566,-0.5785226161411026,-0.05163550052305499,0.5321429670115376,0.556646709463196,-0.0012290837630231088,-0.557750086185746"
190,10,0.5,0.6283185307179586,0.01,9.81,2.9884687936380496,0.00942525988154616,"0.0,0.5,1.0,1.5,2.0,2.5,3.0,3.5,4.0,4.5,5.0,5.5,6.0,6.5,7.0,7.5,8.0,8.5,9.0,9.5,10.0","0.5116329374145807,0.25600726209895286,-0.12387187405700346,-0.6742778377186286,-0.6632451906814807,-0.18786005356492896,0.4715894643385296,0.7494412732472082,0.34370130477720084,-0.31468534843754603,-0.7081312397394124,-0.45659091515820915,0.07428907455117335,0.7296567126633835,0.4812118017160595,0.22798495269110575,-0.29691189560434816,-0.6073230325036574,-0.4702996690533441,0.1619352006123073,0.6282453217238935","0.6283185307179586,0.3871342603123089,-0.16387683506072553,-0.5810028322985815,-0.5477024216808474,-0.08706502898476942,0.4449324258101992,0.62372279158015,0.32320091826987685,-0.23796355031335642,-0.6056800419133681,-0.5061805319112067,-0.008794727974512945,0.4958084149396333,0.6099910838529878,0.2540535608771852,-0.30813858499669466,-0.6214382222610557,-0.45694869732626664,0.06962331918912196,0.5391048035791927"
191,10,0.5,0.6283185307179586,0.01,9.81,4.011356722592264,0.005314326077120864,"0.0,0.5,1.0,1.5,2.0,2.5,3.0,3.5,4.0,4.5,5.0,5.5,6.0,6.5,7.0,7.5,8.0,8.5,9.0,9.5,10.0","0.7164549033545172,0.4669724720643159,-0.09125400372610606,-0.4842374773548,-0.6472602843822395,-0.5523878737662005,-0.13046492797806525,0.2836655094419308,0.6647243621922307,0.6044640871749559,-0.13531856106119106,-0.4808134484584207,-0.6976008954945366,-0.4577311022435281,0.11519097533253228,0.4230054323438516,0.6014521403667067,0.6525113520973079,0.27132531760353734,-0.1918452068251448,-0.7759655878645058","0.6283185307179586,0.448635766140028,0.0037710810484840873,-0.44339919663685395,-0.6282759286603821,-0.45380820386353377,-0.011312695715866877,0.4380991243908982,0.6281481239263742,0.4589158868491824,0.01885266790612969,-0.4327361849771313,-0.6279351208680629,-0.4639581978092725,-0.02638990201039948,0.4273110210138641,0.6276369268584912,0.4689345247742639,0.03392330149671108,-0.421824282708016,-0.6272535524695333"
192,10,0.5,0.6283185307179586,0.01,9.81,2.193617630663718,0.009879683904318898,"0.0,0.5,1.0,1.5,2.0,2.5,3.0,3.5,4.0,4.5,5.0,5.5,6.0,6.5,7.0,7.5,8.0,8.5,9.0,9.5,10.0","0.7101976926426351,0.19538675622663598,-0.32386542430108195,-0.5327398187784107,-0.24552257295297372,0.10070235906131159,0.5176620982138435,0.26443053861845334,-0.4585315140049181,-0.4550162530554197,-0.15885818524680775,0.5990375209885448,0.4452767566529531,0.1438027219018207,-0.7365793383703172,-0.4952785400560432,0.16929567450240648,0.5563656861123767,0.49771740510356316,-0.1926483848628877,-0.6278252822591647","0.6283185307179586,0.29974182001493466,-0.35895549442530306,-0.6248976476232816,-0.23678438706175337,0.4135908232697012,0.6146353652495065,0.17096396003400155,-0.4629181477560411,-0.5975378032249044,-0.10315191367789284,0.5063550762913276,0.5736321309415058,0.03417703629258234,-0.5434810995396357,-0.5429922300422763,0.03517576407888645,0.5740247944987447,0.5057729872217611,-0.10413954030228528,-0.5978327104027876"
193,10,0.5,0.6283185307179586,0.01,9.81,3.7299210620163956,0.00956075194003457,"0.0,0.5,1.0,1.5,2.0,2.5,3.0,3.5,4.0,4.5,5.0,5.5,6.0,6.5,7.0,7.5,8.0,8.5,9.0,9.5,10.0","0.6323713344470387,0.511930383583526,0.10826215315694737,-0.626835538940571,-0.641056248208338,-0.42264672164402206,-0.08772154675178336,0.5203261303369451,0.631126323417907,0.36124138346915363,-0.14731383926212085,-0.6332370824875756,-0.6996220703400184,-0.4251329744641422,0.11318575533075895,0.5394359142727819,0.43403559622563004,0.3095522572884377,-0.4464526357238172,-0.7977052057289661,-0.5373042830584697","0.6283185307179586,0.43507806968954316,-0.03529496967401105,-0.4824656568122893,-0.624569925621627,-0.3821900361875398,0.10541439485612833,0.5238349849227103,0.613360770830561,0.3244052826280569,-0.17413171019435114,-0.5587512545033663,-0.5948008548340911,-0.2624128395526296,0.24054361515846873,0.586858521993155,0.569072767663186,0.1969812533257964,-0.3037935272691369,-0.60787616575418,-0.5364320963872444"
194,10,0.5,0.6283185307179586,0.01,9.81,1.0331535974766861,0.008654803112717043,"0.0,0.5,1.0,1.5,2.0,2.5,3.0,3.5,4.0,4.5,5.0,5.5,6.0,6.5,7.0,7.5,8.0,8.5,9.0,9.5,10.0","0.723374712394983,-0.10940068927016983,-0.5054392635111187,0.2881552223817,0.5945427009670867,-0.3256593467063796,-0.3215498886326972,0.42186527382049155,0.2646067917419531,-0.5869510218199185,-0.2287203079392259,0.7245587723565435,0.04089213286292556,-0.6019958609597439,0.12784665551644628,0.420570399503156,-0.4155915208359116,-0.3750360097498279,0.23718272087841727,0.17096529262600738,-0.5268482743004096","0.6283185307179586,-0.06932378247149917,-0.6025370771612251,0.20956420219983585,0.5278351900847438,-0.3494922389849511,-0.4139812084373382,0.47640845467751824,0.2781959418315949,-0.5719128474590653,-0.13722259609153153,0.6221853348656317,-0.0018867294560752645,-0.6214800780698311,0.1410458083256333,0.5698661814658215,-0.28202454920232356,-0.4732848793018001,0.41746257220005856,0.3457712249122182,-0.5304540112677807"
195,10,0.5,0.6283185307179586,0.01,9.81,3.366832477960434,0.002097295105016013,"0.0,0.5,1.0,1.5,2.0,2.5,3.0,3.5,4.0,4.5,5.0,5.5,6.0,6.5,7.0,7.5,8.0,8.5,9.0,9.5,10.0","0.7112928604099023,0.6657466536465952,0.09689790891781452,-0.653945070330623,-0.6608175506685651,-0.34392753596242565,0.3104722796836089,0.744001023077774,0.48018422821941253,0.02538174094185474,-0.44405987585758977,-0.5343792208016037,-0.41369514343233277,0.19847232017264108,0.5685386958297192,0.5005554041382329,0.13070196826905567,-0.36648391909670114,-0.7174848105034253,-0.47970537219957066,0.013646352232023692","0.6283185307179586,0.41423848059907786,-0.09302928493085028,-0.5326294805571673,-0.6023329539554851,-0.2593327607797161,0.27046274009041144,0.605638360868801,0.5261285437097691,0.080809283383428,-0.42330979650232964,-0.6282043615031696,-0.4050061103244252,0.10521110879851683,0.5389307681553545,0.5988068681489704,0.2480983520951797,-0.28148402065778166,-0.6087221115006639,-0.5194299727934055,-0.0685560969236726"
196,10,0.5,0.6283185307179586,0.01,9.81,3.147160999861493,0.00717486728594904,"0.0,0.5,1.0,1.5,2.0,2.5,3.0,3.5,4.0,4.5,5.0,5.5,6.0,6.5,7.0,7.5,8.0,8.5,9.0,9.5,10.0","0.6178706713860518,0.37994896946408546,-0.11087757257773316,-0.5514539113708571,-0.49449071347373674,-0.109266416881946,0.39781310257824454,0.5984664777940758,0.4840164468017618,-0.048799061551252985,-0.5138459518418746,-0.519932281082521,-0.2767315905993212,0.29997597136264353,0.5839540491333248,0.3036786899970637,-0.019403545892924368,-0.5117343495994008,-0.6429078209281046,-0.21890677650976012,0.22861816997137815","0.6283185307179586,0.3992957175681495,-0.13268501313693112,-0.5615709194082308,-0.5754806791228723,-0.165279958000079,0.37313349131034024,0.627474307548074,0.42430189753359593,-0.09968558515982617,-0.5461193004571041,-0.5878177744844006,-0.19737278802060754,0.3458829564375395,0.6249434849950424,0.44808877512127687,-0.06638144915114125,-0.5291603341263682,-0.5985550481982606,-0.22886849408359397,0.3176163163410892"
197,10,0.5,0.6283185307179586,0.01,9.81,0.5553620864987128,0.005088861656575719,"0.0,0.5,1.0,1.5,2.0,2.5,3.0,3.5,4.0,4.5,5.0,5.5,6.0,6.5,7.0,7.5,8.0,8.5,9.0,9.5,10.0","0.5521157380075599,-0.7086676150686043,0.8933425342882508,-0.9364450364914652,0.9296059569337849,-0.5075100998840194,0.5750695825769812,-0.3122449334909303,0.7062863378856795,-0.8999481500218206,0.8619126317241727,-0.7958402669134355,0.8881478006720438,-0.6526082749970217,0.6770741304170425,-0.6941789750437781,0.8469298635120555,-0.8580913588402679,0.6547884675247517,-0.6882719297917016,0.6634532711618856","0.6283185307179586,-0.6695224331255749,0.7732808763074055,-0.8684602497946814,0.8607155886172415,-0.7588309113583611,0.6601815549963925,-0.6289865441795388,0.6799132830804462,-0.7876629116636005,0.8744351225839808,-0.8513684880527002,0.7444959789283225,-0.6519522157637179,0.6309836577704955,-0.6912747319808255,0.8017784372228896,-0.8785067254234835,0.840614785948453,-0.7304473979797346,0.644883939936344"
198,10,0.5,0.6283185307179586,0.01,9.81,4.214297800383445,0.0036582312280968093,"0.0,0.5,1.0,1.5,2.0,2.5,3.0,3.5,4.0,4.5,5.0,5.5,6.0,6.5,7.0,7.5,8.0,8.5,9.0,9.5,10.0","0.5700857973121708,0.2845774930409389,-0.040135216714811336,-0.33875858179367135,-0.5170036152748879,-0.5572921592560715,-0.10754561731127871,0.48265182595981615,0.6473166204726328,0.5576445804341101,0.20358460701180364,-0.28546752710186435,-0.4470495781357387,-0.46495107669842445,-0.2974521609901346,0.282116783544359,0.5466234088474754,0.3302958889899711,0.329488853305877,-0.23325576345995122,-0.5479206819301272","0.6283185307179586,0.45728845648873245,0.029318795874909515,-0.4157104199325897,-0.6257259957087762,-0.4949031506848782,-0.08768642898411391,0.37049382177942014,0.6179649768696973,0.528268739106131,0.1452483666588821,-0.32200202863420707,-0.6050856422080079,-0.557138605057713,-0.20148119387988545,0.2706360021828493,0.5871728305314031,0.5813051706672655,0.2558813041627702,-0.21683237419606538,-0.56434746811114"
199,10,0.5,0.6283185307179586,0.01,9.81,2.56346636809348,0.004980827143611039,"0.0,0.5,1.0,1.5,2.0,2.5,3.0,3.5,4.0,4.5,5.0,5.5,6.0,6.5,7.0,7.5,8.0,8.5,9.0,9.5,10.0","0.7556890540432599,0.5341169734695963,-0.18620473415964922,-0.5716356336885717,-0.5116203440198367,0.08217988256344744,0.7110723616139488,0.5705812959368566,-0.02218994253090882,-0.4335059340921352,-0.6033189523929016,-0.07705325912899255,0.5493336236986043,0.6032801338349089,0.16144094176398605,-0.54873124057637,-0.6155179484180625,-0.14654140702923196,0.1967149994350849,0.7113693786112301,0.2339443452461598","0.6283185307179586,0.3471478180474808,-0.25951285685065506,-0.6206718070031132,-0.4254242527123859,0.16466544039808106,0.5979286345752061,0.4926281124706681,-0.06514295546597729,-0.5606350214220859,-0.5474200450126663,-0.036249654631673706,0.5095936342182505,0.5887310492080124,0.13660019566211118,-0.445811706214457,-0.6156984225692212,-0.23305615539074254,0.3705408728781211,0.6276935507356017,0.3229886454091763"
