{
  "psi": "mlp",
  "checkpoint": "checkpoints\\regression_mlp_74.pt",
  "n_cal": 400,
  "proxy_source": "gp_residual_svgp",
  "strategy": "surrogate",
  "norm": "raw",
  "quantiles": {
    "0.05": {
      "log10_P": 2.384668460761545,
      "log10_K": 1.071658180132231,
      "e": 0.6540497828509442,
      "omega": 3.114065740313733
    },
    "0.10": {
      "log10_P": 1.852863464608622,
      "log10_K": 0.7210642050153828,
      "e": 0.6437431975955525,
      "omega": 3.043812346536477
    },
    "0.15": {
      "log10_P": 1.765816756412078,
      "log10_K": 0.6424162407467284,
      "e": 0.6157460934869424,
      "omega": 2.94085499252711
    },
    "0.20": {
      "log10_P": 1.6525451406109184,
      "log10_K": 0.5572087946324866,
      "e": 0.578155144711799,
      "omega": 2.9165948950537084
    },
    "0.30": {
      "log10_P": 1.4053013761312192,
      "log10_K": 0.44530701588935084,
      "e": 0.5313789039812781,
      "omega": 2.805980026384809
    },
    "0.40": {
      "log10_P": 1.2216077948944926,
      "log10_K": 0.3886337770549111,
      "e": 0.506152803441515,
      "omega": 2.718299843987451
    }
  },
  "real_weighted_0.10": {
    "per_coord_coverage": {
      "log10_P": 1.0,
      "log10_K": 0.9824561403508771,
      "e": 1.0,
      "omega": 0.9649122807017544
    },
    "per_coord_median_width": {
      "log10_P": 2.602156315870957,
      "log10_K": 1.2040900820736484,
      "e": 0.8854764774220711,
      "omega": 6.111998329451626
    },
    "joint_coverage": 0.9473684210526315,
    "frac_infinite": 0.0
  },
  "source": "synthetic_generation/regression/mlp_psi/conformal_shift_metrics.json"
}