{
  "psi": "mlp",
  "checkpoint": "checkpoints\\regression_mlp_74.pt",
  "n_cal": 400,
  "strategy": "surrogate",
  "norm": "raw",
  "quantiles": {
    "0.05": {
      "log10_P": 2.384668460761545,
      "log10_K": 1.071658180132231,
      "e": 0.6540497828509442,
      "omega": 3.114065740313733
    },
    "0.10": {
      "log10_P": 1.852863464608622,
      "log10_K": 0.7210642050153828,
      "e": 0.6437431975955525,
      "omega": 3.043812346536477
    },
    "0.15": {
      "log10_P": 1.765816756412078,
      "log10_K": 0.6424162407467284,
      "e": 0.6157460934869424,
      "omega": 2.94085499252711
    },
    "0.20": {
      "log10_P": 1.6525451406109184,
      "log10_K": 0.5572087946324866,
      "e": 0.578155144711799,
      "omega": 2.9165948950537084
    },
    "0.30": {
      "log10_P": 1.4053013761312192,
      "log10_K": 0.44530701588935084,
      "e": 0.5313789039812781,
      "omega": 2.805980026384809
    },
    "0.40": {
      "log10_P": 1.2216077948944926,
      "log10_K": 0.3886337770549111,
      "e": 0.506152803441515,
      "omega": 2.718299843987451
    }
  },
  "paper_widths_real_papernorm": {
    "gamma": 31.458099161767954,
    "q_normalized": {
      "0.10": {
        "log10_P": 0.05558791971406585,
        "log10_K": 0.020170672501366307,
        "e": 0.019452715713040858,
        "omega": 0.09216412760301208
      },
      "0.40": {
        "log10_P": 0.03152134051839911,
        "log10_K": 0.009341336179816891,
        "e": 0.013574438344621688,
        "omega": 0.08026121406330129
      }
    },
    "n_systems": 57,
    "median_halfwidth_0.10": {
      "log10_P": 1.810909927471239,
      "log10_K": 0.6547982344986012,
      "e": 0.6318901868651517,
      "omega": 3.0180514885615364
    },
    "median_halfwidth_0.40": {
      "log10_P": 1.0268833366240613,
      "log10_K": 0.3032467280398152,
      "e": 0.4409437997606779,
      "omega": 2.6282728744625583
    }
  },
  "source": "synthetic_generation/regression/mlp_psi/conformal_shift_metrics.json"
}