{
  "psi": "mlp",
  "checkpoint": "checkpoints\\regression_mlp_74.pt",
  "n_cal": 150,
  "strategy": "surrogate",
  "norm": "raw",
  "quantiles": {
    "0.05": {
      "log10_P": 2.309275751885645,
      "log10_K": 2.3066319176601504,
      "e": 0.6596885033118536,
      "omega": 3.1408220801428985
    },
    "0.10": {
      "log10_P": 2.145006911673237,
      "log10_K": 1.2902521714424484,
      "e": 0.6451936202292105,
      "omega": 3.1022120750300077
    },
    "0.15": {
      "log10_P": 1.6396174607885472,
      "log10_K": 0.8655578617901618,
      "e": 0.5178518412402089,
      "omega": 3.0451826499201147
    },
    "0.20": {
      "log10_P": 1.3702347581542247,
      "log10_K": 0.6611491054624306,
      "e": 0.5089592433832641,
      "omega": 3.0020901597389225
    },
    "0.30": {
      "log10_P": 1.0209305954777463,
      "log10_K": 0.41483407665126526,
      "e": 0.43522504190681616,
      "omega": 2.8968046191554864
    },
    "0.40": {
      "log10_P": 0.947927146397606,
      "log10_K": 0.3793337791799902,
      "e": 0.3997848997410287,
      "omega": 2.7078710800760364
    }
  },
  "source": "synthetic_generation/regression/mlp_psi/conformal_shift_metrics.json"
}