{
  "metrics": {
    "val": {
      "n": 1995,
      "rmse": 66.8116538796744,
      "nll": 4.805315971374512,
      "coverage_68": 0.5864661654135338,
      "coverage_95": 0.8912280701754386,
      "std_r": 65.32330291871538,
      "rmse_over_std": 1.0227843800674168
    },
    "test": {
      "n": 2168,
      "rmse": 35.30642802051446,
      "nll": 4.580069541931152,
      "coverage_68": 0.658210332103321,
      "coverage_95": 0.9105166051660517,
      "std_r": 34.25797331817817,
      "rmse_over_std": 1.030604691427556
    },
    "svgp_vs_exact": {
      "split": "test",
      "corr": 0.17819617175424315,
      "exact_rmse": 34.862926409894584
    },
    "generative": {
      "test": {
        "split": "test",
        "n_systems": 55,
        "std_ratio_median": 1.7620258980812453,
        "std_ratio_iqr": 2.300827089991672,
        "std_log_corr": -0.025792618387681043,
        "real_kurt_median": -0.26733170711498033,
        "gp_kurt_median": 2.0301780700683594,
        "pooled_ks_stat": 0.1378637785401291,
        "pooled_ks_p": 2.438772599923167e-36
      },
      "val": {
        "split": "val",
        "n_systems": 55,
        "std_ratio_median": 1.9296398071813843,
        "std_ratio_iqr": 2.124637296248564,
        "std_log_corr": 0.026258693434074377,
        "real_kurt_median": -0.42068041306515624,
        "gp_kurt_median": 2.839249610900879,
        "pooled_ks_stat": 0.23264019423558902,
        "pooled_ks_p": 3.0784734486434295e-95
      }
    }
  },
  "build_meta": {
    "train": {
      "split": "train",
      "n_systems": 230,
      "n_catalog_tperi": 124,
      "n_phasefit_tperi": 106,
      "n_skipped": 45,
      "n_cut_sigma": 5,
      "n_cut_rms": 12,
      "n_rows": 180200,
      "n_aug": 20,
      "group_hosts": [
        "GJ 3021",
        "HD 2638",
        "HD 3651",
        "HD 3651",
        "HD 3651",
        "HD 3651",
        "HD 3651",
        "HD 3651",
        "HD 3651",
        "HD 3651",
        "HD 4208",
        "HD 4208",
        "HD 4313",
        "HD 5608",
        "HD 6434",
        "HD 8574",
        "HD 8574",
        "HD 8574",
        "HD 8574",
        "HD 8574",
        "HD 10697",
        "HD 10697",
        "HD 10697",
        "HD 10697",
        "HD 16417",
        "HD 16417",
        "81 Cet",
        "HIP 12961",
        "HD 19994",
        "HD 19994",
        "HD 19994",
        "HD 19994",
        "HD 19994",
        "HD 20782",
        "HD 22781",
        "HD 23596",
        "HD 23596",
        "HD 27442",
        "HD 30562",
        "GJ 179",
        "GJ 179",
        "HD 31253",
        "HD 33283",
        "HD 40979",
        "HD 40979",
        "HD 40979",
        "HD 40979",
        "HD 40979",
        "HD 43691",
        "HD 45350",
        "HD 45350",
        "HD 45350",
        "HD 45350",
        "HD 45652",
        "HD 45652",
        "HD 45652",
        "6 Lyn",
        "HD 46375",
        "HD 46375",
        "HD 50554",
        "HD 50554",
        "HD 50554",
        "HD 50554",
        "HD 50554",
        "HD 52265",
        "HD 52265",
        "HD 52265",
        "HD 63454",
        "HD 70642",
        "HD 70642",
        "HD 75289",
        "HD 75289",
        "HD 75289",
        "HD 76700",
        "HD 76700",
        "HD 79498",
        "HD 80606",
        "HD 80606",
        "HD 80606",
        "HD 80606",
        "HD 80606",
        "HD 80606",
        "HD 80606",
        "HD 81688",
        "HD 86728",
        "HD 86728",
        "HD 86728",
        "HD 88133",
        "HD 88133",
        "HD 89307",
        "HD 89307",
        "HD 89744",
        "HD 89744",
        "HD 89744",
        "HD 96167",
        "HD 96127",
        "HD 99109",
        "HD 101930",
        "HD 104985",
        "HD 104985",
        "HD 108147",
        "HD 108147",
        "HD 109749",
        "HD 114729",
        "HD 114729",
        "70 Vir",
        "70 Vir",
        "HD 117618",
        "HD 117618",
        "HD 120084",
        "HD 121504",
        "HD 129445",
        "HD 136418",
        "HD 330075",
        "HD 141937",
        "HD 142415",
        "HD 143361",
        "HD 145377",
        "HIP 79431",
        "HD 149026",
        "HD 153950",
        "GJ 674",
        "HD 164509",
        "HD 167042",
        "HD 167042",
        "HD 168746",
        "HD 168746",
        "HD 170469",
        "HD 175541",
        "HD 179079",
        "HD 180902",
        "HD 181342",
        "HD 185269",
        "16 Cyg B",
        "16 Cyg B",
        "16 Cyg B",
        "16 Cyg B",
        "HD 187085",
        "HD 188015",
        "HD 188015",
        "HD 189733",
        "HD 190228",
        "HD 190228",
        "HD 190647",
        "HD 192263",
        "HD 192263",
        "HD 192263",
        "HD 192699",
        "18 Del",
        "HD 205739",
        "HD 208487",
        "HD 208487",
        "HD 209458",
        "HD 209458",
        "HD 209458",
        "HD 209458",
        "HD 209458",
        "HD 210702",
        "HD 212771",
        "HD 212301",
        "HD 213240",
        "HD 213240",
        "HD 220074",
        "HD 220773",
        "14 And",
        "HD 221287",
        "HD 224693",
        "GJ 1214",
        "GJ 3634",
        "TrES-4",
        "CoRoT-2",
        "CoRoT-2",
        "CoRoT-2",
        "HAT-P-6",
        "WASP-3",
        "WASP-3",
        "WASP-5",
        "HAT-P-7",
        "HAT-P-7",
        "WASP-6",
        "WASP-6",
        "WASP-7",
        "WASP-13",
        "WASP-14",
        "WASP-14",
        "WASP-14",
        "WASP-15",
        "XO-5",
        "XO-5",
        "HAT-P-8",
        "CoRoT-6",
        "HD 240210",
        "WASP-17",
        "Kepler-8",
        "WASP-22",
        "WASP-26",
        "WASP-24",
        "HAT-P-15",
        "CoRoT-8",
        "WASP-36",
        "HAT-P-18",
        "HAT-P-22",
        "HAT-P-23",
        "HAT-P-24",
        "WASP-32",
        "HAT-P-26",
        "HAT-P-27",
        "WASP-44",
        "WASP-45",
        "Kepler-17",
        "Kepler-12",
        "Qatar-2",
        "CoRoT-23",
        "Kepler-77",
        "Kepler-74",
        "HATS-1",
        "WASP-78",
        "HAT-P-39",
        "HAT-P-40",
        "WASP-55",
        "WASP-61",
        "WASP-66",
        "WASP-67",
        "WASP-58",
        "WASP-77 A",
        "WASP-64",
        "WASP-72",
        "HAT-P-49",
        "CoRoT-25",
        "CoRoT-26"
      ]
    },
    "val": {
      "split": "val",
      "n_systems": 55,
      "n_catalog_tperi": 27,
      "n_phasefit_tperi": 28,
      "n_skipped": 19,
      "n_cut_sigma": 1,
      "n_cut_rms": 3,
      "n_rows": 1995,
      "n_aug": 1,
      "group_hosts": [
        "HD 16141",
        "HD 16175",
        "HD 23127",
        "HD 32518",
        "HD 47536",
        "HD 49674",
        "HD 49674",
        "HD 86264",
        "HD 100655",
        "HD 100655",
        "HD 102117",
        "HD 102117",
        "HD 102117",
        "HD 102195",
        "HD 102195",
        "HD 102195",
        "HD 102195",
        "HD 117207",
        "HD 117207",
        "11 UMi",
        "HD 136118",
        "HD 136118",
        "HD 136118",
        "HD 136118",
        "HD 141004",
        "HD 141004",
        "HD 141004",
        "HD 147513",
        "HD 152079",
        "HD 180314",
        "HD 231701",
        "HD 195019",
        "HD 195019",
        "HD 195019",
        "HD 195019",
        "HD 210277",
        "HD 210277",
        "HD 210277",
        "HD 210277",
        "HD 210277",
        "HD 218566",
        "TrES-3",
        "HAT-P-1",
        "HAT-P-1",
        "HAT-P-9",
        "WASP-19",
        "HAT-P-14",
        "WASP-21",
        "WASP-21",
        "WASP-21",
        "WASP-25",
        "CoRoT-19",
        "HAT-P-41",
        "WASP-63",
        "WASP-54"
      ]
    },
    "test": {
      "split": "test",
      "n_systems": 55,
      "n_catalog_tperi": 42,
      "n_phasefit_tperi": 13,
      "n_skipped": 16,
      "n_cut_sigma": 1,
      "n_cut_rms": 2,
      "n_rows": 2168,
      "n_aug": 1,